Month,Day,Hour,PV-1 Solar Power,PV-2 Solar Power,PV-3 Solar Power,Turbine-1 Power,Turbine-2 Power,Turbine-3 Power
1,1,0,0.0,0.0,0.0,2800.0,6600.0,4200.0
1,1,1,0.0,0.0,0.0,2800.0,6600.0,4200.0
1,1,2,0.0,0.0,0.0,2800.0,6600.0,4200.0
1,1,3,0.0,0.0,0.0,2800.0,6600.0,4200.0
1,1,4,0.0,0.0,0.0,2800.0,6600.0,4200.0
1,1,5,0.0,0.0,0.0,2800.0,6600.0,4200.0
1,1,6,0.0,0.0,0.0,2800.0,6600.0,4200.0
1,1,7,0.0,0.0,0.0,2800.0,6600.0,4200.0
1,1,8,27.548435,20.925231,18.020405,2800.0,6600.0,4200.0
1,1,9,200.426409,152.186567,131.105997,2800.0,6600.0,4200.0
1,1,10,182.951143,139.028453,119.674808,2800.0,6600.0,4200.0
1,1,11,400.512533,305.852052,261.989401,2800.0,6600.0,4200.0
1,1,12,281.16459000000003,214.451981,183.919694,2800.0,6600.0,4200.0
1,1,13,420.946463,322.358549,275.355957,2800.0,6600.0,4200.0
1,1,14,370.238896,283.27335600000004,242.186346,2800.0,4954.515830178791,4200.0
1,1,15,278.064367,212.132826,181.891729,2800.0,3663.3164546975977,3545.1449561589657
1,1,16,47.318141000000004,35.975892,30.952468,2800.0,5195.505086201954,4200.0
1,1,17,-0.0,-0.0,-0.0,2800.0,6600.0,4200.0
1,1,18,0.0,0.0,0.0,2800.0,5965.099051003621,4200.0
1,1,19,0.0,0.0,0.0,2800.0,5528.8079782263085,4200.0
1,1,20,0.0,0.0,0.0,2800.0,5033.998538121269,4200.0
1,1,21,0.0,0.0,0.0,2800.0,5700.675903358588,4200.0
1,1,22,0.0,0.0,0.0,2800.0,6330.21083371745,4200.0
1,1,23,0.0,0.0,0.0,2800.0,5033.998538121269,4200.0
1,2,0,0.0,0.0,0.0,2800.0,3728.344236364732,3608.075067449741
1,2,1,0.0,0.0,0.0,2800.0,6600.0,4200.0
1,2,2,0.0,0.0,0.0,2800.0,6600.0,4200.0
1,2,3,0.0,0.0,0.0,2800.0,6600.0,4200.0
1,2,4,0.0,0.0,0.0,2800.0,6600.0,4200.0
1,2,5,0.0,0.0,0.0,2800.0,6600.0,4200.0
1,2,6,0.0,0.0,0.0,2800.0,6600.0,4200.0
1,2,7,0.0,0.0,0.0,2800.0,6600.0,4200.0
1,2,8,1.396021,1.073164,0.913186,2800.0,6600.0,4200.0
1,2,9,1.8205319999999998,1.3997,1.190874,2800.0,6600.0,4200.0
1,2,10,116.844324,88.98838,76.432001,2800.0,6600.0,4200.0
1,2,11,188.25462,143.495549,123.143999,2800.0,6600.0,4200.0
1,2,12,13.320474,10.20801,8.713393,2800.0,6600.0,4200.0
1,2,13,53.786539,41.089067,35.183676,2800.0,6600.0,4200.0
1,2,14,233.63049900000001,178.30029199999998,152.825965,2800.0,6600.0,4200.0
1,2,15,94.988326,72.46026300000001,62.135220999999994,2800.0,6600.0,4200.0
1,2,16,35.909037,27.428919999999998,23.489369999999997,2800.0,6600.0,4200.0
1,2,17,-0.0,-0.0,-0.0,2800.0,6600.0,4200.0
1,2,18,0.0,0.0,0.0,2800.0,6600.0,4200.0
1,2,19,0.0,0.0,0.0,2800.0,6600.0,4200.0
1,2,20,0.0,0.0,0.0,2800.0,6600.0,4200.0
1,2,21,0.0,0.0,0.0,2800.0,6600.0,4200.0
1,2,22,0.0,0.0,0.0,2800.0,6600.0,4200.0
1,2,23,0.0,0.0,0.0,2800.0,6600.0,4200.0
1,3,0,0.0,0.0,0.0,2800.0,6600.0,4200.0
1,3,1,0.0,0.0,0.0,2800.0,6600.0,4200.0
1,3,2,0.0,0.0,0.0,2800.0,6600.0,4200.0
1,3,3,0.0,0.0,0.0,2800.0,6600.0,4200.0
1,3,4,0.0,0.0,0.0,2800.0,6600.0,4200.0
1,3,5,0.0,0.0,0.0,2800.0,6600.0,4200.0
1,3,6,0.0,0.0,0.0,2800.0,6600.0,4200.0
1,3,7,0.0,0.0,0.0,2800.0,6600.0,4200.0
1,3,8,0.08925799999999999,0.06479,0.058387,2800.0,6600.0,4200.0
1,3,9,-0.0,-0.0,-0.0,2800.0,6600.0,4200.0
1,3,10,42.971838000000005,32.666256000000004,28.109398000000002,2800.0,6600.0,4200.0
1,3,11,39.35897,29.952864,25.746093000000002,2800.0,6600.0,4200.0
1,3,12,76.602643,58.302042,50.108496,2800.0,6600.0,4200.0
1,3,13,65.075192,49.547366000000004,42.567982,2800.0,6600.0,4200.0
1,3,14,120.901101,91.962659,79.085683,2800.0,6600.0,4200.0
1,3,15,135.469973,102.981011,88.615696,2800.0,6600.0,4200.0
1,3,16,13.598957,10.370375,8.895558000000001,2800.0,6600.0,4200.0
1,3,17,-0.0,-0.0,-0.0,2800.0,6600.0,4200.0
1,3,18,0.0,0.0,0.0,2800.0,6600.0,4200.0
1,3,19,0.0,0.0,0.0,2800.0,6600.0,4200.0
1,3,20,0.0,0.0,0.0,2800.0,6600.0,4200.0
1,3,21,0.0,0.0,0.0,2800.0,6600.0,4200.0
1,3,22,0.0,0.0,0.0,2800.0,6600.0,4200.0
1,3,23,0.0,0.0,0.0,2800.0,6600.0,4200.0
1,4,0,0.0,0.0,0.0,2800.0,6600.0,4200.0
1,4,1,0.0,0.0,0.0,2800.0,6600.0,4200.0
1,4,2,0.0,0.0,0.0,2800.0,6600.0,4200.0
1,4,3,0.0,0.0,0.0,2800.0,6600.0,4200.0
1,4,4,0.0,0.0,0.0,2800.0,6600.0,4200.0
1,4,5,0.0,0.0,0.0,2800.0,6600.0,4200.0
1,4,6,0.0,0.0,0.0,2800.0,6600.0,4200.0
1,4,7,0.0,0.0,0.0,2800.0,6600.0,4200.0
1,4,8,8.505563,6.461286,5.56379,2800.0,6600.0,4200.0
1,4,9,9.165303,6.96642,5.995349,2800.0,6600.0,4200.0
1,4,10,45.560798999999996,34.571512999999996,29.802929,2800.0,6600.0,4200.0
1,4,11,64.537836,48.948699999999995,42.216479,2800.0,6600.0,4200.0
1,4,12,54.265945,41.167927000000006,35.497271999999995,2800.0,6600.0,4200.0
1,4,13,71.744392,54.410225,46.930542,2800.0,6600.0,4200.0
1,4,14,64.821057,49.166675000000005,42.401744,2800.0,6600.0,4200.0
1,4,15,27.556356,20.927428,18.025586,2800.0,6600.0,4200.0
1,4,16,21.897716,16.636425,14.324069999999999,2800.0,6600.0,4200.0
1,4,17,-0.0,-0.0,-0.0,2800.0,6600.0,4200.0
1,4,18,0.0,0.0,0.0,2800.0,6600.0,4200.0
1,4,19,0.0,0.0,0.0,2800.0,6600.0,4200.0
1,4,20,0.0,0.0,0.0,2800.0,6600.0,4200.0
1,4,21,0.0,0.0,0.0,2800.0,6600.0,4200.0
1,4,22,0.0,0.0,0.0,2800.0,6600.0,4200.0
1,4,23,0.0,0.0,0.0,2800.0,6600.0,4200.0
1,5,0,0.0,0.0,0.0,2800.0,6600.0,4200.0
1,5,1,0.0,0.0,0.0,2800.0,6600.0,4200.0
1,5,2,0.0,0.0,0.0,2800.0,6600.0,4200.0
1,5,3,0.0,0.0,0.0,2800.0,6600.0,4200.0
1,5,4,0.0,0.0,0.0,2800.0,6600.0,4200.0
1,5,5,0.0,0.0,0.0,2800.0,6600.0,4200.0
1,5,6,0.0,0.0,0.0,2800.0,6600.0,4200.0
1,5,7,0.0,0.0,0.0,2800.0,6600.0,4200.0
1,5,8,-0.0,-0.0,-0.0,2800.0,6600.0,4200.0
1,5,9,21.309317,16.158038,13.939176999999999,2800.0,6600.0,4200.0
1,5,10,44.444576999999995,33.704707,29.072768,2800.0,6600.0,4200.0
1,5,11,69.172912,52.453976000000004,45.248446,2800.0,6600.0,4200.0
1,5,12,85.314511,64.70889,55.807237,2800.0,6600.0,4200.0
1,5,13,78.802628,59.771196,51.547584,2800.0,6600.0,4200.0
1,5,14,100.322813,76.082282,65.62469800000001,2800.0,6600.0,4200.0
1,5,15,32.247484,24.486082,21.094219000000002,2800.0,6600.0,4200.0
1,5,16,16.855508,12.804401,11.025784,2800.0,6600.0,4200.0
1,5,17,-0.0,-0.0,-0.0,2800.0,6600.0,4200.0
1,5,18,0.0,0.0,0.0,2800.0,6600.0,4200.0
1,5,19,0.0,0.0,0.0,2800.0,6600.0,4200.0
1,5,20,0.0,0.0,0.0,2800.0,6600.0,4200.0
1,5,21,0.0,0.0,0.0,2800.0,6600.0,4200.0
1,5,22,0.0,0.0,0.0,2800.0,6600.0,4200.0
1,5,23,0.0,0.0,0.0,2800.0,6600.0,4200.0
1,6,0,0.0,0.0,0.0,2800.0,6600.0,4200.0
1,6,1,0.0,0.0,0.0,2800.0,6600.0,4200.0
1,6,2,0.0,0.0,0.0,2800.0,6600.0,4200.0
1,6,3,0.0,0.0,0.0,2800.0,6600.0,4200.0
1,6,4,0.0,0.0,0.0,2800.0,6600.0,4200.0
1,6,5,0.0,0.0,0.0,2800.0,6600.0,4200.0
1,6,6,0.0,0.0,0.0,2800.0,6600.0,4200.0
1,6,7,0.0,0.0,0.0,2800.0,6600.0,4200.0
1,6,8,24.191278999999998,18.366375,15.82437,2800.0,6600.0,4200.0
1,6,9,194.926811,147.816228,127.508515,2800.0,6600.0,4200.0
1,6,10,327.34996,248.63486300000002,214.131177,2800.0,6600.0,4200.0
1,6,11,275.304371,209.09990299999998,180.086318,2800.0,6600.0,4200.0
1,6,12,446.655448,340.260701,292.173112,2800.0,6600.0,4200.0
1,6,13,438.354627,334.114636,286.743252,2800.0,6600.0,4200.0
1,6,14,387.455985,295.317095,253.448652,2800.0,6600.0,4200.0
1,6,15,274.202427,208.60594500000002,179.365498,2800.0,6600.0,4200.0
1,6,16,113.414277,86.104427,74.18828599999999,2800.0,6600.0,4200.0
1,6,17,-0.0,-0.0,-0.0,2800.0,5195.505086201954,4200.0
1,6,18,0.0,0.0,0.0,2800.0,3996.150340809066,3867.242265299096
1,6,19,0.0,0.0,0.0,2645.8334855800563,3229.1668524795964,3125.000179818964
1,6,20,0.0,0.0,0.0,2103.4419801044355,2567.192967843996,2484.3802914619314
1,6,21,0.0,0.0,0.0,1940.6700324713545,2368.5342915988967,2292.129959611836
1,6,22,0.0,0.0,0.0,2319.3884514592746,2830.7496848518704,2739.435178888906
1,6,23,0.0,0.0,0.0,2794.6277004301824,3410.766091076207,3300.741378460845
1,7,0,0.0,0.0,0.0,2800.0,4721.09628485135,4200.0
1,7,1,0.0,0.0,0.0,2800.0,6600.0,4200.0
1,7,2,0.0,0.0,0.0,2800.0,6600.0,4200.0
1,7,3,0.0,0.0,0.0,2800.0,6600.0,4200.0
1,7,4,0.0,0.0,0.0,2800.0,6600.0,4200.0
1,7,5,0.0,0.0,0.0,2800.0,6600.0,4200.0
1,7,6,0.0,0.0,0.0,2800.0,6600.0,4200.0
1,7,7,0.0,0.0,0.0,2800.0,6600.0,4200.0
1,7,8,27.629476999999998,20.95212,18.073418,2800.0,6600.0,4200.0
1,7,9,209.81314600000002,159.013262,137.246193,2800.0,6600.0,4200.0
1,7,10,179.45343599999998,136.02779500000003,117.38683400000001,2800.0,6600.0,4200.0
1,7,11,305.57936,231.969252,199.890258,2800.0,6600.0,4200.0
1,7,12,467.82327899999996,356.31565500000005,306.019739,2800.0,6600.0,4200.0
1,7,13,461.622325,351.674183,301.963476,2800.0,6600.0,4200.0
1,7,14,412.60939,314.267079,269.902383,2800.0,6600.0,4200.0
1,7,15,319.83505699999995,243.427778,209.215413,2800.0,6600.0,4200.0
1,7,16,173.747886,131.975739,113.65463199999999,2800.0,6600.0,4200.0
1,7,17,-0.0,-0.0,-0.0,2800.0,6600.0,4200.0
1,7,18,0.0,0.0,0.0,2800.0,6600.0,4200.0
1,7,19,0.0,0.0,0.0,2800.0,6600.0,4200.0
1,7,20,0.0,0.0,0.0,2800.0,6600.0,4200.0
1,7,21,0.0,0.0,0.0,2800.0,6600.0,4200.0
1,7,22,0.0,0.0,0.0,2800.0,6600.0,4200.0
1,7,23,0.0,0.0,0.0,2800.0,6600.0,4200.0
1,8,0,0.0,0.0,0.0,2800.0,6600.0,4200.0
1,8,1,0.0,0.0,0.0,2800.0,6600.0,4200.0
1,8,2,0.0,0.0,0.0,2800.0,6600.0,4200.0
1,8,3,0.0,0.0,0.0,2800.0,6600.0,4200.0
1,8,4,0.0,0.0,0.0,2800.0,6600.0,4200.0
1,8,5,0.0,0.0,0.0,2800.0,6600.0,4200.0
1,8,6,0.0,0.0,0.0,2800.0,6600.0,4200.0
1,8,7,0.0,0.0,0.0,2800.0,6600.0,4200.0
1,8,8,28.148946,21.355403,18.413220000000003,2800.0,6600.0,4200.0
1,8,9,139.59001,105.789951,91.310758,2800.0,6600.0,4200.0
1,8,10,237.451112,180.134579,155.325163,2800.0,4798.06917736812,4200.0
1,8,11,312.174539,237.229113,204.204397,402.3068740231014,491.0044525478796,475.1655992398835
1,8,12,268.669761,204.149272,175.746385,2103.4419801044355,2567.192967843996,2484.3802914619314
1,8,13,186.61504300000001,141.704793,122.071494,2800.0,6600.0,4200.0
1,8,14,123.341278,93.60272599999999,80.681889,2800.0,6600.0,4200.0
1,8,15,45.38837,34.477815,29.690137,2800.0,6600.0,4200.0
1,8,16,8.431323,6.4176779999999995,5.515226999999999,2800.0,6600.0,4200.0
1,8,17,-0.0,-0.0,-0.0,2800.0,6600.0,4200.0
1,8,18,0.0,0.0,0.0,2800.0,6600.0,4200.0
1,8,19,0.0,0.0,0.0,2800.0,6600.0,4200.0
1,8,20,0.0,0.0,0.0,2800.0,6600.0,4200.0
1,8,21,0.0,0.0,0.0,2800.0,6600.0,4200.0
1,8,22,0.0,0.0,0.0,2800.0,6600.0,4200.0
1,8,23,0.0,0.0,0.0,2800.0,6600.0,4200.0
1,9,0,0.0,0.0,0.0,2800.0,6600.0,4200.0
1,9,1,0.0,0.0,0.0,2800.0,6600.0,4200.0
1,9,2,0.0,0.0,0.0,2800.0,6600.0,4200.0
1,9,3,0.0,0.0,0.0,2800.0,6600.0,4200.0
1,9,4,0.0,0.0,0.0,2800.0,6600.0,4200.0
1,9,5,0.0,0.0,0.0,2800.0,6600.0,4200.0
1,9,6,0.0,0.0,0.0,2800.0,6600.0,4200.0
1,9,7,0.0,0.0,0.0,2800.0,6600.0,4200.0
1,9,8,-0.0,-0.0,-0.0,2800.0,6600.0,4200.0
1,9,9,-0.0,-0.0,-0.0,2800.0,6600.0,4200.0
1,9,10,35.463251,26.953731,23.197765999999998,2800.0,6600.0,4200.0
1,9,11,70.86789,53.872278,46.357191,2800.0,6600.0,4200.0
1,9,12,124.028604,94.31817,81.131493,2800.0,6600.0,4200.0
1,9,13,247.538057,188.601108,161.923391,2800.0,6600.0,4200.0
1,9,14,187.893092,143.059277,122.907512,2800.0,6600.0,4200.0
1,9,15,111.391166,84.745278,72.864898,2800.0,6600.0,4200.0
1,9,16,139.27589600000002,105.925484,91.10528599999999,2800.0,6600.0,4200.0
1,9,17,-0.0,-0.0,-0.0,2800.0,6600.0,4200.0
1,9,18,0.0,0.0,0.0,2800.0,6600.0,4200.0
1,9,19,0.0,0.0,0.0,2800.0,6600.0,4200.0
1,9,20,0.0,0.0,0.0,2800.0,6600.0,4200.0
1,9,21,0.0,0.0,0.0,2800.0,6600.0,4200.0
1,9,22,0.0,0.0,0.0,2800.0,6600.0,4200.0
1,9,23,0.0,0.0,0.0,2800.0,6600.0,4200.0
1,10,0,0.0,0.0,0.0,2800.0,6600.0,4200.0
1,10,1,0.0,0.0,0.0,2800.0,6600.0,4200.0
1,10,2,0.0,0.0,0.0,2800.0,6600.0,4200.0
1,10,3,0.0,0.0,0.0,2800.0,6600.0,4200.0
1,10,4,0.0,0.0,0.0,2800.0,6600.0,4200.0
1,10,5,0.0,0.0,0.0,2800.0,6600.0,4200.0
1,10,6,0.0,0.0,0.0,2800.0,6600.0,4200.0
1,10,7,0.0,0.0,0.0,2800.0,6600.0,4200.0
1,10,8,-0.0,-0.0,-0.0,2800.0,6600.0,4200.0
1,10,9,21.275422,16.189468,13.917005,2800.0,6600.0,4200.0
1,10,10,150.509725,114.33810000000001,98.45373,2800.0,6600.0,4200.0
1,10,11,405.782228,308.987678,265.436495,2800.0,6600.0,4200.0
1,10,12,448.196865,341.61172,293.181408,2800.0,6600.0,4200.0
1,10,13,444.96359,339.299097,291.06640899999996,2800.0,6600.0,4200.0
1,10,14,399.83966399999997,304.900789,261.54925399999996,2800.0,6600.0,4200.0
1,10,15,316.391008,240.990715,206.962539,2800.0,6600.0,4200.0
1,10,16,176.76697099999998,134.346542,115.629523,2800.0,6600.0,4200.0
1,10,17,-0.0,-0.0,-0.0,2800.0,6600.0,4200.0
1,10,18,0.0,0.0,0.0,2800.0,6600.0,4200.0
1,10,19,0.0,0.0,0.0,2800.0,6600.0,4200.0
1,10,20,0.0,0.0,0.0,2800.0,6600.0,4200.0
1,10,21,0.0,0.0,0.0,2800.0,6600.0,4200.0
1,10,22,0.0,0.0,0.0,2800.0,6600.0,4200.0
1,10,23,0.0,0.0,0.0,2800.0,6600.0,4200.0
1,11,0,0.0,0.0,0.0,2800.0,6600.0,4200.0
1,11,1,0.0,0.0,0.0,2800.0,6600.0,4200.0
1,11,2,0.0,0.0,0.0,2800.0,6600.0,4200.0
1,11,3,0.0,0.0,0.0,2800.0,6600.0,4200.0
1,11,4,0.0,0.0,0.0,2800.0,6600.0,4200.0
1,11,5,0.0,0.0,0.0,2800.0,6600.0,4200.0
1,11,6,0.0,0.0,0.0,2800.0,6600.0,4200.0
1,11,7,0.0,0.0,0.0,2800.0,6600.0,4200.0
1,11,8,-0.0,-0.0,-0.0,2800.0,6600.0,4200.0
1,11,9,23.452754000000002,17.813889,15.341275,2800.0,6600.0,4200.0
1,11,10,76.39863700000001,57.927878,49.975048,2800.0,6600.0,4200.0
1,11,11,289.34882,219.567,189.27328899999998,2800.0,6600.0,4200.0
1,11,12,126.66064999999999,96.09141899999999,82.853207,2800.0,6600.0,4200.0
1,11,13,264.898942,201.19327600000003,173.27975899999998,2800.0,6600.0,4200.0
1,11,14,417.448212,317.5537,273.06762699999996,2800.0,6600.0,4200.0
1,11,15,328.467761,249.572274,214.86237,2800.0,6600.0,4200.0
1,11,16,185.03741,140.41661,121.03950900000001,2800.0,6600.0,4200.0
1,11,17,-0.0,-0.0,-0.0,2800.0,6600.0,4200.0
1,11,18,0.0,0.0,0.0,2800.0,6600.0,4200.0
1,11,19,0.0,0.0,0.0,2800.0,6600.0,4200.0
1,11,20,0.0,0.0,0.0,2800.0,6600.0,4200.0
1,11,21,0.0,0.0,0.0,2800.0,6600.0,4200.0
1,11,22,0.0,0.0,0.0,2800.0,6600.0,4200.0
1,11,23,0.0,0.0,0.0,2800.0,3860.699345383164,3736.160656822416
1,12,0,0.0,0.0,0.0,2145.5095856044995,2618.5353210133653,2534.066439690353
1,12,1,0.0,0.0,0.0,2800.0,4065.047980485539,3933.917400469876
1,12,2,0.0,0.0,0.0,2800.0,6145.847517348083,4200.0
1,12,3,0.0,0.0,0.0,2800.0,6600.0,4200.0
1,12,4,0.0,0.0,0.0,2800.0,6600.0,4200.0
1,12,5,0.0,0.0,0.0,2800.0,6600.0,4200.0
1,12,6,0.0,0.0,0.0,2800.0,6600.0,4200.0
1,12,7,0.0,0.0,0.0,2800.0,6600.0,4200.0
1,12,8,27.791626,21.087580000000003,18.179485,2800.0,6600.0,4200.0
1,12,9,136.839008,103.792231,89.511231,2800.0,6600.0,4200.0
1,12,10,334.511217,254.493663,218.815608,2800.0,6600.0,4200.0
1,12,11,413.28111700000005,315.018136,270.341783,2800.0,6600.0,4200.0
1,12,12,342.973967,261.248332,224.351392,2800.0,6600.0,4200.0
1,12,13,339.008497,258.228332,221.757438,2800.0,6600.0,4200.0
1,12,14,315.706263,240.450573,206.514623,2800.0,6600.0,4200.0
1,12,15,110.437587,83.87614599999999,72.241129,2800.0,6600.0,4200.0
1,12,16,95.385728,72.39741099999999,62.395175,2800.0,6600.0,4200.0
1,12,17,0.519963,0.394668,0.340126,2800.0,6600.0,4200.0
1,12,18,0.0,0.0,0.0,2800.0,6600.0,4200.0
1,12,19,0.0,0.0,0.0,2800.0,6600.0,4200.0
1,12,20,0.0,0.0,0.0,2800.0,6600.0,4200.0
1,12,21,0.0,0.0,0.0,2800.0,6600.0,4200.0
1,12,22,0.0,0.0,0.0,2800.0,6600.0,4200.0
1,12,23,0.0,0.0,0.0,2800.0,6600.0,4200.0
1,13,0,0.0,0.0,0.0,2800.0,6600.0,4200.0
1,13,1,0.0,0.0,0.0,2800.0,6600.0,4200.0
1,13,2,0.0,0.0,0.0,2800.0,6600.0,4200.0
1,13,3,0.0,0.0,0.0,2800.0,6600.0,4200.0
1,13,4,0.0,0.0,0.0,2800.0,6600.0,4200.0
1,13,5,0.0,0.0,0.0,2800.0,6600.0,4200.0
1,13,6,0.0,0.0,0.0,2800.0,6600.0,4200.0
1,13,7,0.0,0.0,0.0,2800.0,6600.0,4200.0
1,13,8,7.6671700000000005,5.828743,5.015367,2800.0,6600.0,4200.0
1,13,9,18.156959999999998,13.797485,11.877109,2800.0,6600.0,4200.0
1,13,10,42.13772,31.978661,27.563772,2800.0,6600.0,4200.0
1,13,11,5.852092,4.452707,3.82806,2800.0,6600.0,4200.0
1,13,12,285.39284100000003,216.561565,186.685542,2800.0,6600.0,4200.0
1,13,13,167.264948,126.808409,109.413913,2800.0,6600.0,4200.0
1,13,14,68.95370600000001,52.295263,45.105056,2800.0,6600.0,4200.0
1,13,15,16.039649999999998,12.190848,10.492102000000001,2800.0,6600.0,4200.0
1,13,16,6.322945,4.81085,4.136062,2800.0,6600.0,4200.0
1,13,17,-0.0,-0.0,-0.0,2800.0,6600.0,4200.0
1,13,18,0.0,0.0,0.0,2800.0,6600.0,4200.0
1,13,19,0.0,0.0,0.0,2800.0,6600.0,4200.0
1,13,20,0.0,0.0,0.0,2800.0,6600.0,4200.0
1,13,21,0.0,0.0,0.0,2800.0,6600.0,4200.0
1,13,22,0.0,0.0,0.0,2800.0,6600.0,4200.0
1,13,23,0.0,0.0,0.0,2800.0,6600.0,4200.0
1,14,0,0.0,0.0,0.0,2800.0,6600.0,4200.0
1,14,1,0.0,0.0,0.0,2800.0,6600.0,4200.0
1,14,2,0.0,0.0,0.0,2800.0,6600.0,4200.0
1,14,3,0.0,0.0,0.0,2800.0,6600.0,4200.0
1,14,4,0.0,0.0,0.0,2800.0,6600.0,4200.0
1,14,5,0.0,0.0,0.0,2800.0,6600.0,4200.0
1,14,6,0.0,0.0,0.0,2800.0,6600.0,4200.0
1,14,7,0.0,0.0,0.0,2800.0,6600.0,4200.0
1,14,8,23.704415,17.975317,15.505895,2800.0,6600.0,4200.0
1,14,9,199.51185,151.539805,130.50775199999998,2800.0,6600.0,4200.0
1,14,10,332.982031,253.689315,217.815313,2800.0,6600.0,4200.0
1,14,11,409.88759899999997,312.86061800000004,268.121963,2800.0,5876.06920203001,4200.0
1,14,12,390.76819900000004,297.917643,255.615288,2800.0,6600.0,4200.0
1,14,13,340.875716,259.482168,222.97885200000002,2800.0,6600.0,4200.0
1,14,14,282.118406,214.43162700000002,184.543619,2800.0,6600.0,4200.0
1,14,15,148.12505199999998,112.382567,96.893831,2455.7891050857875,2997.2229235298983,2900.5383130934497
1,14,16,148.641453,112.787857,97.23162699999999,1469.9890187508342,1794.0810858770024,1736.2075024616151
1,14,17,2.78854,2.119796,1.8240830000000001,2020.963642713616,2466.530430083547,2386.964932338916
1,14,18,0.0,0.0,0.0,2800.0,4276.483153260508,4138.532083800491
1,14,19,0.0,0.0,0.0,2800.0,5614.303506012198,4200.0
1,14,20,0.0,0.0,0.0,2800.0,6600.0,4200.0
1,14,21,0.0,0.0,0.0,2800.0,6600.0,4200.0
1,14,22,0.0,0.0,0.0,2800.0,6600.0,4200.0
1,14,23,0.0,0.0,0.0,2800.0,6600.0,4200.0
1,15,0,0.0,0.0,0.0,2800.0,6600.0,4200.0
1,15,1,0.0,0.0,0.0,2800.0,6600.0,4200.0
1,15,2,0.0,0.0,0.0,2800.0,6600.0,4200.0
1,15,3,0.0,0.0,0.0,2800.0,6600.0,4200.0
1,15,4,0.0,0.0,0.0,2800.0,6600.0,4200.0
1,15,5,0.0,0.0,0.0,2800.0,6600.0,4200.0
1,15,6,0.0,0.0,0.0,2800.0,6600.0,4200.0
1,15,7,0.0,0.0,0.0,2800.0,6600.0,4200.0
1,15,8,5.081137,3.857498,3.323751,2800.0,6600.0,4200.0
1,15,9,110.750083,83.935166,72.445543,2800.0,6600.0,4200.0
1,15,10,222.01333400000001,168.461507,145.226767,2800.0,6600.0,4200.0
1,15,11,257.843286,195.88430799999998,168.664405,2800.0,6600.0,4200.0
1,15,12,185.180856,140.675034,121.133342,2800.0,6600.0,4200.0
1,15,13,291.457396,221.756462,190.65258300000002,2800.0,6600.0,4200.0
1,15,14,300.29640500000005,228.561117,196.43448999999998,2800.0,6600.0,4200.0
1,15,15,235.03626300000002,178.682895,153.745525,2800.0,6600.0,4200.0
1,15,16,118.589597,90.056505,77.573646,2800.0,6600.0,4200.0
1,15,17,1.974663,1.505865,1.2916969999999999,2800.0,6600.0,4200.0
1,15,18,0.0,0.0,0.0,2800.0,6600.0,4200.0
1,15,19,0.0,0.0,0.0,2800.0,6600.0,4200.0
1,15,20,0.0,0.0,0.0,2800.0,6600.0,4200.0
1,15,21,0.0,0.0,0.0,2800.0,6600.0,4200.0
1,15,22,0.0,0.0,0.0,2800.0,6600.0,4200.0
1,15,23,0.0,0.0,0.0,2800.0,6600.0,4200.0
1,16,0,0.0,0.0,0.0,2800.0,6600.0,4200.0
1,16,1,0.0,0.0,0.0,2800.0,6600.0,4200.0
1,16,2,0.0,0.0,0.0,2800.0,6600.0,4200.0
1,16,3,0.0,0.0,0.0,2800.0,6600.0,4200.0
1,16,4,0.0,0.0,0.0,2800.0,6600.0,4200.0
1,16,5,0.0,0.0,0.0,2800.0,6600.0,4200.0
1,16,6,0.0,0.0,0.0,2800.0,6600.0,4200.0
1,16,7,0.0,0.0,0.0,2800.0,6600.0,4200.0
1,16,8,6.433558,4.895198000000001,4.208418,2800.0,6600.0,4200.0
1,16,9,76.59919599999999,58.126555999999994,50.106241000000004,2800.0,6600.0,4200.0
1,16,10,183.87305600000002,139.558006,120.27786400000001,2800.0,6600.0,4200.0
1,16,11,206.628165,156.89192,135.162785,2800.0,6600.0,4200.0
1,16,12,304.177822,231.152457,198.97346299999998,2800.0,6600.0,4200.0
1,16,13,307.104581,233.281834,200.887959,2800.0,6600.0,4200.0
1,16,14,285.736033,216.910345,186.91003700000002,2800.0,6600.0,4200.0
1,16,15,266.28995000000003,202.040933,174.189667,2800.0,6600.0,4200.0
1,16,16,128.514268,97.446488,84.065724,2800.0,6600.0,4200.0
1,16,17,3.167065,2.407758,2.0716889999999997,2800.0,6600.0,4200.0
1,16,18,0.0,0.0,0.0,2800.0,6600.0,4200.0
1,16,19,0.0,0.0,0.0,2800.0,6600.0,4200.0
1,16,20,0.0,0.0,0.0,2800.0,6600.0,4200.0
1,16,21,0.0,0.0,0.0,2800.0,6600.0,4200.0
1,16,22,0.0,0.0,0.0,2800.0,6600.0,4200.0
1,16,23,0.0,0.0,0.0,2800.0,6600.0,4200.0
1,17,0,0.0,0.0,0.0,2800.0,6600.0,4200.0
1,17,1,0.0,0.0,0.0,2800.0,6600.0,4200.0
1,17,2,0.0,0.0,0.0,2800.0,6600.0,4200.0
1,17,3,0.0,0.0,0.0,2800.0,6600.0,4200.0
1,17,4,0.0,0.0,0.0,2800.0,6600.0,4200.0
1,17,5,0.0,0.0,0.0,2800.0,6600.0,4200.0
1,17,6,0.0,0.0,0.0,2800.0,6600.0,4200.0
1,17,7,0.0,0.0,0.0,2800.0,6600.0,4200.0
1,17,8,2.3929650000000002,1.808596,1.565323,2800.0,6600.0,4200.0
1,17,9,62.974956,47.656743999999996,41.194144,2800.0,6600.0,4200.0
1,17,10,101.151527,76.551667,66.16678900000001,2800.0,6600.0,4200.0
1,17,11,166.471233,126.03390399999999,108.894716,2800.0,6600.0,4200.0
1,17,12,157.077214,118.96855599999999,102.74975599999999,2800.0,6600.0,4200.0
1,17,13,115.284916,87.359302,75.41193700000001,2800.0,6600.0,4200.0
1,17,14,54.678073,41.462333,35.76686,2800.0,6600.0,4200.0
1,17,15,53.397063,40.493536,34.928906000000005,2800.0,6600.0,4200.0
1,17,16,39.868599,30.247236,26.079459999999997,2800.0,6600.0,4200.0
1,17,17,0.19508,0.143111,0.127609,2800.0,6600.0,4200.0
1,17,18,0.0,0.0,0.0,2800.0,6600.0,4200.0
1,17,19,0.0,0.0,0.0,2800.0,6600.0,4200.0
1,17,20,0.0,0.0,0.0,2800.0,6600.0,4200.0
1,17,21,0.0,0.0,0.0,2800.0,6600.0,4200.0
1,17,22,0.0,0.0,0.0,2800.0,6600.0,4200.0
1,17,23,0.0,0.0,0.0,2800.0,6600.0,4200.0
1,18,0,0.0,0.0,0.0,2800.0,6600.0,4200.0
1,18,1,0.0,0.0,0.0,2800.0,6600.0,4200.0
1,18,2,0.0,0.0,0.0,2800.0,6600.0,4200.0
1,18,3,0.0,0.0,0.0,2800.0,6600.0,4200.0
1,18,4,0.0,0.0,0.0,2800.0,6600.0,4200.0
1,18,5,0.0,0.0,0.0,2800.0,6237.575082367505,4200.0
1,18,6,0.0,0.0,0.0,2694.829168782761,3288.9647335537634,3182.869096987513
1,18,7,0.0,0.0,0.0,1222.1129067458091,1491.5551224063024,1443.4404410383572
1,18,8,19.941789,15.123927,13.044629,113.14210705336222,138.08682356906414,133.63240990554593
1,18,9,56.981533999999996,43.185148999999996,37.273635,289.9235564324093,353.8437106064838,342.42939736111333
1,18,10,155.59216,117.96433900000001,101.77833,2800.0,3472.7785151730586,3360.753401780379
1,18,11,272.10588299999995,206.630362,177.99407399999998,2800.0,6600.0,4200.0
1,18,12,110.38810799999999,83.718847,72.208763,2800.0,6600.0,4200.0
1,18,13,101.648291,77.08241899999999,66.491739,2800.0,6600.0,4200.0
1,18,14,137.971967,104.665487,90.25233999999999,2800.0,6600.0,4200.0
1,18,15,158.845566,120.51220500000001,103.90649800000001,2800.0,6600.0,4200.0
1,18,16,55.15656,41.851932999999995,36.079855,2800.0,6600.0,4200.0
1,18,17,20.878318,15.864378,13.657245999999999,2800.0,6600.0,4200.0
1,18,18,0.0,0.0,0.0,2800.0,6600.0,4200.0
1,18,19,0.0,0.0,0.0,2800.0,6600.0,4200.0
1,18,20,0.0,0.0,0.0,2800.0,6600.0,4200.0
1,18,21,0.0,0.0,0.0,2800.0,6600.0,4200.0
1,18,22,0.0,0.0,0.0,2800.0,6600.0,4200.0
1,18,23,0.0,0.0,0.0,2800.0,6600.0,4200.0
1,19,0,0.0,0.0,0.0,2800.0,6600.0,4200.0
1,19,1,0.0,0.0,0.0,2800.0,6600.0,4200.0
1,19,2,0.0,0.0,0.0,2800.0,6600.0,4200.0
1,19,3,0.0,0.0,0.0,2800.0,6600.0,4200.0
1,19,4,0.0,0.0,0.0,2800.0,6600.0,4200.0
1,19,5,0.0,0.0,0.0,2800.0,6600.0,4200.0
1,19,6,0.0,0.0,0.0,2800.0,6600.0,4200.0
1,19,7,0.0,0.0,0.0,2800.0,6600.0,4200.0
1,19,8,5.352028000000001,4.06079,3.500951,2800.0,6600.0,4200.0
1,19,9,100.413556,76.084248,65.68405499999999,2800.0,6600.0,4200.0
1,19,10,64.624286,48.988239,42.273029,2800.0,6600.0,4200.0
1,19,11,129.824827,98.43392600000001,84.923007,2800.0,6600.0,4200.0
1,19,12,105.568094,80.074215,69.055821,2800.0,6600.0,4200.0
1,19,13,114.274625,86.678302,74.75107000000001,2800.0,6600.0,4200.0
1,19,14,123.801799,93.911366,80.983132,2800.0,6600.0,4200.0
1,19,15,50.279747,38.161347,32.88976,2800.0,6600.0,4200.0
1,19,16,3.106487,2.361774,2.032063,2800.0,6600.0,4200.0
1,19,17,-0.0,-0.0,-0.0,2800.0,6600.0,4200.0
1,19,18,0.0,0.0,0.0,2800.0,6600.0,4200.0
1,19,19,0.0,0.0,0.0,2800.0,6600.0,4200.0
1,19,20,0.0,0.0,0.0,2800.0,6600.0,4200.0
1,19,21,0.0,0.0,0.0,2800.0,6600.0,4200.0
1,19,22,0.0,0.0,0.0,2800.0,6600.0,4200.0
1,19,23,0.0,0.0,0.0,2800.0,6600.0,4200.0
1,20,0,0.0,0.0,0.0,2800.0,6600.0,4200.0
1,20,1,0.0,0.0,0.0,2800.0,6600.0,4200.0
1,20,2,0.0,0.0,0.0,2800.0,6600.0,4200.0
1,20,3,0.0,0.0,0.0,2800.0,6600.0,4200.0
1,20,4,0.0,0.0,0.0,2800.0,6600.0,4200.0
1,20,5,0.0,0.0,0.0,2800.0,6600.0,4200.0
1,20,6,0.0,0.0,0.0,2800.0,6600.0,4200.0
1,20,7,0.0,0.0,0.0,2800.0,6600.0,4200.0
1,20,8,23.740825,17.94068,15.529712,2800.0,6600.0,4200.0
1,20,9,213.413873,161.173719,139.60155600000002,2800.0,6600.0,4200.0
1,20,10,369.47481300000004,279.55303999999995,241.686532,2800.0,6600.0,4200.0
1,20,11,470.36634999999995,356.52532199999996,307.683252,2800.0,6600.0,4200.0
1,20,12,521.236715,395.433475,340.95935499999996,2800.0,6600.0,4200.0
1,20,13,521.717719,396.066697,341.273996,2800.0,6600.0,4200.0
1,20,14,180.653778,136.615972,118.17202,2800.0,6600.0,4200.0
1,20,15,33.708084,25.502988000000002,22.049649000000002,2800.0,6600.0,4200.0
1,20,16,8.037999,6.078774999999999,5.257939,2800.0,6600.0,4200.0
1,20,17,-0.0,-0.0,-0.0,2800.0,6600.0,4200.0
1,20,18,0.0,0.0,0.0,2800.0,6600.0,4200.0
1,20,19,0.0,0.0,0.0,2800.0,6600.0,4200.0
1,20,20,0.0,0.0,0.0,2800.0,6600.0,4200.0
1,20,21,0.0,0.0,0.0,2800.0,6600.0,4200.0
1,20,22,0.0,0.0,0.0,2800.0,6600.0,4200.0
1,20,23,0.0,0.0,0.0,2800.0,6600.0,4200.0
1,21,0,0.0,0.0,0.0,2800.0,6600.0,4200.0
1,21,1,0.0,0.0,0.0,2800.0,6600.0,4200.0
1,21,2,0.0,0.0,0.0,2800.0,6600.0,4200.0
1,21,3,0.0,0.0,0.0,2800.0,6600.0,4200.0
1,21,4,0.0,0.0,0.0,2800.0,5614.303506012198,4200.0
1,21,5,0.0,0.0,0.0,2800.0,5965.099051003621,4200.0
1,21,6,0.0,0.0,0.0,2800.0,6600.0,4200.0
1,21,7,0.0,0.0,0.0,2800.0,6600.0,4200.0
1,21,8,34.85562,26.273208999999998,22.800293,2800.0,6600.0,4200.0
1,21,9,235.467482,177.673067,154.027601,2800.0,6600.0,4200.0
1,21,10,384.75238,290.992398,251.680128,2800.0,6600.0,4200.0
1,21,11,476.91084,361.653749,311.964234,2800.0,6600.0,4200.0
1,21,12,520.597151,395.37688199999997,340.540994,2800.0,6600.0,4200.0
1,21,13,510.11080300000003,387.641565,333.681503,2800.0,6600.0,4200.0
1,21,14,460.45712699999996,349.66245299999997,301.201279,2800.0,6600.0,4200.0
1,21,15,366.244012,277.798479,239.57315100000002,2800.0,6600.0,4200.0
1,21,16,214.88164600000002,162.52035899999998,140.561679,2800.0,6237.575082367505,4200.0
1,21,17,12.967921,9.799463,8.482776,2800.0,6518.224790706034,4200.0
1,21,18,0.0,0.0,0.0,2800.0,4798.06917736812,4200.0
1,21,19,0.0,0.0,0.0,2800.0,5700.675903358588,4200.0
1,21,20,0.0,0.0,0.0,2800.0,6600.0,4200.0
1,21,21,0.0,0.0,0.0,2800.0,6145.847517348083,4200.0
1,21,22,0.0,0.0,0.0,2800.0,5360.429636038867,4200.0
1,21,23,0.0,0.0,0.0,2800.0,4798.06917736812,4200.0
1,22,0,0.0,0.0,0.0,2800.0,4875.874201202505,4200.0
1,22,1,0.0,0.0,0.0,2800.0,6600.0,4200.0
1,22,2,0.0,0.0,0.0,2800.0,6600.0,4200.0
1,22,3,0.0,0.0,0.0,2800.0,6600.0,4200.0
1,22,4,0.0,0.0,0.0,2800.0,6600.0,4200.0
1,22,5,0.0,0.0,0.0,2800.0,6145.847517348083,4200.0
1,22,6,0.0,0.0,0.0,2800.0,6600.0,4200.0
1,22,7,0.0,0.0,0.0,2800.0,6600.0,4200.0
1,22,8,2.8990590000000003,2.1886729999999996,1.896377,2800.0,4954.515830178791,4200.0
1,22,9,23.316052,17.648158,15.251854,575.0133429544752,701.7879382515248,679.149617662766
1,22,10,83.139806,62.882994,54.384685,16.495423101525333,20.132209297137216,19.482783190777948
1,22,11,110.364119,83.53881299999999,72.19307,324.6794129073232,396.2622755955519,383.4796215440825
1,22,12,109.617258,83.012698,71.704522,2800.0,4875.874201202505,4200.0
1,22,13,121.06517,91.728875,79.193006,2800.0,6600.0,4200.0
1,22,14,151.54792,114.851274,99.13285,2800.0,6600.0,4200.0
1,22,15,57.325075,43.458354,37.498357000000006,2800.0,6600.0,4200.0
1,22,16,155.455714,117.88077899999999,101.689076,2800.0,6600.0,4200.0
1,22,17,10.224477,7.762589,6.688192,2800.0,6600.0,4200.0
1,22,18,0.0,0.0,0.0,2800.0,6600.0,4200.0
1,22,19,0.0,0.0,0.0,2800.0,6600.0,4200.0
1,22,20,0.0,0.0,0.0,2800.0,6600.0,4200.0
1,22,21,0.0,0.0,0.0,2800.0,6600.0,4200.0
1,22,22,0.0,0.0,0.0,2800.0,6600.0,4200.0
1,22,23,0.0,0.0,0.0,2800.0,6600.0,4200.0
1,23,0,0.0,0.0,0.0,2800.0,6600.0,4200.0
1,23,1,0.0,0.0,0.0,2800.0,6600.0,4200.0
1,23,2,0.0,0.0,0.0,2800.0,6600.0,4200.0
1,23,3,0.0,0.0,0.0,2800.0,6600.0,4200.0
1,23,4,0.0,0.0,0.0,2800.0,6600.0,4200.0
1,23,5,0.0,0.0,0.0,2800.0,6600.0,4200.0
1,23,6,0.0,0.0,0.0,2800.0,6600.0,4200.0
1,23,7,0.0,0.0,0.0,2800.0,6600.0,4200.0
1,23,8,27.432054,20.78304,17.944276000000002,2800.0,6600.0,4200.0
1,23,9,22.430091,17.004487,14.672315000000001,2800.0,6600.0,4200.0
1,23,10,84.619238,64.057705,55.352434,2800.0,6600.0,4200.0
1,23,11,135.5333,102.634408,88.657121,2800.0,6600.0,4200.0
1,23,12,157.785592,119.48730499999999,103.213132,2800.0,6600.0,4200.0
1,23,13,176.801256,133.891617,115.65194899999999,2800.0,6600.0,4200.0
1,23,14,454.293261,345.185854,297.169276,2800.0,6600.0,4200.0
1,23,15,89.88073399999999,68.034057,58.794163999999995,2800.0,6600.0,4200.0
1,23,16,221.11620499999998,167.338593,144.639923,2800.0,6600.0,4200.0
1,23,17,32.196923,24.352406,21.061145,2800.0,6600.0,4200.0
1,23,18,0.0,0.0,0.0,2800.0,6600.0,4200.0
1,23,19,0.0,0.0,0.0,2800.0,6600.0,4200.0
1,23,20,0.0,0.0,0.0,2800.0,6600.0,4200.0
1,23,21,0.0,0.0,0.0,2800.0,6600.0,4200.0
1,23,22,0.0,0.0,0.0,2800.0,6600.0,4200.0
1,23,23,0.0,0.0,0.0,2800.0,6600.0,4200.0
1,24,0,0.0,0.0,0.0,2800.0,6600.0,4200.0
1,24,1,0.0,0.0,0.0,2800.0,6600.0,4200.0
1,24,2,0.0,0.0,0.0,2800.0,6600.0,4200.0
1,24,3,0.0,0.0,0.0,2800.0,6600.0,4200.0
1,24,4,0.0,0.0,0.0,2800.0,6600.0,4200.0
1,24,5,0.0,0.0,0.0,2800.0,6600.0,4200.0
1,24,6,0.0,0.0,0.0,2800.0,6600.0,4200.0
1,24,7,0.0,0.0,0.0,2800.0,6600.0,4200.0
1,24,8,40.204440000000005,30.296798,26.299145,2800.0,6600.0,4200.0
1,24,9,242.439174,183.203383,158.588031,2800.0,6145.847517348083,4200.0
1,24,10,382.870465,290.395263,250.44910099999998,2800.0,3928.035620383037,3801.324793919068
1,24,11,474.516313,360.763941,310.397889,2800.0,6600.0,4200.0
1,24,12,521.940757,397.07955599999997,341.419894,2800.0,6600.0,4200.0
1,24,13,520.089727,395.787719,340.20907,2800.0,6600.0,4200.0
1,24,14,470.948141,358.308165,308.06382199999996,2800.0,6600.0,4200.0
1,24,15,377.029294,286.42814500000003,246.628185,2188.134369840437,2670.5576954745493,2584.4106730398867
1,24,16,235.02239799999998,177.972324,153.736456,540.5220241907821,659.6922342485923,638.4118395954118
1,24,17,39.181042999999995,29.59742,25.629705,160.15467383430587,195.4643657032867,189.15906358382583
1,24,18,0.0,0.0,0.0,2800.0,6600.0,4200.0
1,24,19,0.0,0.0,0.0,2800.0,6600.0,4200.0
1,24,20,0.0,0.0,0.0,2800.0,6600.0,4200.0
1,24,21,0.0,0.0,0.0,2800.0,6600.0,4200.0
1,24,22,0.0,0.0,0.0,2800.0,6600.0,4200.0
1,24,23,0.0,0.0,0.0,2800.0,6600.0,4200.0
1,25,0,0.0,0.0,0.0,2800.0,6600.0,4200.0
1,25,1,0.0,0.0,0.0,2800.0,6600.0,4200.0
1,25,2,0.0,0.0,0.0,2800.0,6600.0,4200.0
1,25,3,0.0,0.0,0.0,2800.0,6600.0,4200.0
1,25,4,0.0,0.0,0.0,2800.0,6600.0,4200.0
1,25,5,0.0,0.0,0.0,2800.0,6600.0,4200.0
1,25,6,0.0,0.0,0.0,2800.0,6600.0,4200.0
1,25,7,0.0,0.0,0.0,2800.0,6600.0,4200.0
1,25,8,24.488889999999998,18.507866000000003,16.019049000000003,2800.0,6600.0,4200.0
1,25,9,31.145214,23.55484,20.373185000000003,2800.0,6600.0,4200.0
1,25,10,120.403501,91.001708,78.76018499999999,2800.0,6600.0,4200.0
1,25,11,108.38252800000001,81.983886,70.896842,2800.0,6600.0,4200.0
1,25,12,97.042234,73.406128,63.478755,2800.0,6600.0,4200.0
1,25,13,163.257963,123.53909399999999,106.792803,2800.0,6600.0,4200.0
1,25,14,447.313885,339.43861300000003,292.60382,2800.0,6600.0,4200.0
1,25,15,81.904819,61.992232,53.576837,2800.0,6600.0,4200.0
1,25,16,201.55038000000002,152.50282800000002,131.841226,2800.0,6600.0,4200.0
1,25,17,24.552771,18.59192,16.060835,2800.0,6600.0,4200.0
1,25,18,0.0,0.0,0.0,2800.0,6600.0,4200.0
1,25,19,0.0,0.0,0.0,2800.0,6600.0,4200.0
1,25,20,0.0,0.0,0.0,2800.0,6600.0,4200.0
1,25,21,0.0,0.0,0.0,2800.0,6600.0,4200.0
1,25,22,0.0,0.0,0.0,2800.0,6600.0,4200.0
1,25,23,0.0,0.0,0.0,2800.0,6600.0,4200.0
1,26,0,0.0,0.0,0.0,2800.0,6600.0,4200.0
1,26,1,0.0,0.0,0.0,2800.0,6600.0,4200.0
1,26,2,0.0,0.0,0.0,2800.0,6600.0,4200.0
1,26,3,0.0,0.0,0.0,2800.0,6600.0,4200.0
1,26,4,0.0,0.0,0.0,2800.0,6600.0,4200.0
1,26,5,0.0,0.0,0.0,2800.0,6600.0,4200.0
1,26,6,0.0,0.0,0.0,2800.0,6600.0,4200.0
1,26,7,0.0,0.0,0.0,2800.0,6600.0,4200.0
1,26,8,20.048881,15.162614,13.114681000000001,2800.0,6600.0,4200.0
1,26,9,190.111313,143.74473600000002,124.358528,2800.0,6600.0,4200.0
1,26,10,342.165587,259.446367,223.82260200000002,2800.0,6600.0,4200.0
1,26,11,437.784662,332.64743599999997,286.37041800000003,2800.0,6600.0,4200.0
1,26,12,489.50021399999997,372.47457099999997,320.199388,2800.0,6600.0,4200.0
1,26,13,493.387414,375.423562,322.742143,2800.0,6600.0,4200.0
1,26,14,446.256434,339.24100400000003,291.912104,2800.0,6600.0,4200.0
1,26,15,353.566247,268.38987199999997,231.280177,2800.0,6600.0,4200.0
1,26,16,206.961449,156.772366,135.380798,2800.0,6600.0,4200.0
1,26,17,31.118368,23.55272,20.355624,2800.0,6600.0,4200.0
1,26,18,0.0,0.0,0.0,2800.0,6600.0,4200.0
1,26,19,0.0,0.0,0.0,2800.0,6600.0,4200.0
1,26,20,0.0,0.0,0.0,2800.0,6600.0,4200.0
1,26,21,0.0,0.0,0.0,2800.0,6600.0,4200.0
1,26,22,0.0,0.0,0.0,2800.0,6600.0,4200.0
1,26,23,0.0,0.0,0.0,2800.0,6600.0,4200.0
1,27,0,0.0,0.0,0.0,2800.0,6600.0,4200.0
1,27,1,0.0,0.0,0.0,2800.0,6600.0,4200.0
1,27,2,0.0,0.0,0.0,2800.0,6600.0,4200.0
1,27,3,0.0,0.0,0.0,2800.0,6600.0,4200.0
1,27,4,0.0,0.0,0.0,2800.0,6600.0,4200.0
1,27,5,0.0,0.0,0.0,2800.0,6600.0,4200.0
1,27,6,0.0,0.0,0.0,2800.0,6600.0,4200.0
1,27,7,0.0,0.0,0.0,2800.0,6600.0,4200.0
1,27,8,46.599605000000004,35.134704,30.482449,2800.0,6600.0,4200.0
1,27,9,244.755014,185.052585,160.10290400000002,2800.0,6600.0,4200.0
1,27,10,390.03994900000004,295.849505,255.138914,2800.0,6600.0,4200.0
1,27,11,482.996401,367.17142700000005,315.945014,2800.0,6600.0,4200.0
1,27,12,530.2019329999999,403.52925799999997,346.823821,2800.0,6600.0,4200.0
1,27,13,533.656982,406.04467800000003,349.083891,2800.0,6600.0,4200.0
1,27,14,490.301429,372.643729,320.72349099999997,2800.0,6600.0,4200.0
1,27,15,398.15841700000004,302.189464,260.449491,2800.0,6600.0,4200.0
1,27,16,253.557014,191.970058,165.860603,2800.0,6600.0,4200.0
1,27,17,56.356195,42.58584,36.864579,2800.0,6600.0,4200.0
1,27,18,0.0,0.0,0.0,2800.0,6600.0,4200.0
1,27,19,0.0,0.0,0.0,2800.0,6600.0,4200.0
1,27,20,0.0,0.0,0.0,2800.0,6600.0,4200.0
1,27,21,0.0,0.0,0.0,2800.0,6600.0,4200.0
1,27,22,0.0,0.0,0.0,2800.0,6600.0,4200.0
1,27,23,0.0,0.0,0.0,2800.0,6600.0,4200.0
1,28,0,0.0,0.0,0.0,2800.0,6600.0,4200.0
1,28,1,0.0,0.0,0.0,2800.0,6600.0,4200.0
1,28,2,0.0,0.0,0.0,2800.0,6600.0,4200.0
1,28,3,0.0,0.0,0.0,2800.0,6600.0,4200.0
1,28,4,0.0,0.0,0.0,2800.0,4721.09628485135,4200.0
1,28,5,0.0,0.0,0.0,1640.756359055384,2002.4979185321613,1937.9012114827367
1,28,6,0.0,0.0,0.0,119.20203674758558,145.48280075492727,140.78980718218767
1,28,7,0.0,0.0,0.0,278.9149998077284,340.4080706314795,329.42716512723825
1,28,8,3.821513,2.874088,2.499787,2800.0,4721.09628485135,4200.0
1,28,9,127.84941,96.531441,83.630817,2800.0,6600.0,4200.0
1,28,10,209.057582,158.124674,136.751952,2800.0,6600.0,4200.0
1,28,11,225.11149799999998,170.385784,147.253386,2800.0,6600.0,4200.0
1,28,12,531.187139,404.294327,347.468279,2800.0,6600.0,4200.0
1,28,13,527.522788,401.795794,345.071297,2800.0,6600.0,4200.0
1,28,14,380.218619,288.851737,248.714435,2800.0,6600.0,4200.0
1,28,15,251.562218,190.784558,164.555736,2800.0,6600.0,4200.0
1,28,16,77.11753999999999,58.377326999999994,50.445308,2800.0,6600.0,4200.0
1,28,17,10.323111999999998,7.818248,6.752712000000001,2800.0,6600.0,4200.0
1,28,18,0.0,0.0,0.0,2800.0,6600.0,4200.0
1,28,19,0.0,0.0,0.0,2800.0,6600.0,4200.0
1,28,20,0.0,0.0,0.0,2800.0,6600.0,4200.0
1,28,21,0.0,0.0,0.0,2800.0,6600.0,4200.0
1,28,22,0.0,0.0,0.0,2800.0,6600.0,4200.0
1,28,23,0.0,0.0,0.0,2800.0,6600.0,4200.0
1,29,0,0.0,0.0,0.0,2800.0,6600.0,4200.0
1,29,1,0.0,0.0,0.0,2800.0,6600.0,4200.0
1,29,2,0.0,0.0,0.0,2800.0,6600.0,4200.0
1,29,3,0.0,0.0,0.0,2800.0,6600.0,4200.0
1,29,4,0.0,0.0,0.0,2800.0,6600.0,4200.0
1,29,5,0.0,0.0,0.0,2800.0,6600.0,4200.0
1,29,6,0.0,0.0,0.0,2800.0,6600.0,4200.0
1,29,7,0.0,0.0,0.0,2800.0,6600.0,4200.0
1,29,8,3.931685,2.9716590000000003,2.5718539999999996,2800.0,6600.0,4200.0
1,29,9,36.279667,27.44643,23.731812,2800.0,6600.0,4200.0
1,29,10,162.046411,122.59150100000001,106.000284,2800.0,6600.0,4200.0
1,29,11,30.787125,23.317704000000003,20.138946,2800.0,6600.0,4200.0
1,29,12,93.677435,70.900324,61.277721,2800.0,6600.0,4200.0
1,29,13,22.87284,17.338513,14.961933,2800.0,6600.0,4200.0
1,29,14,33.628692,25.479437,21.997716,2800.0,6600.0,4200.0
1,29,15,16.612354,12.597428,10.866727999999998,2800.0,6600.0,4200.0
1,29,16,61.697375,46.713941,40.358433,2800.0,6600.0,4200.0
1,29,17,7.685204,5.830755,5.027164,2800.0,6600.0,4200.0
1,29,18,0.0,0.0,0.0,2800.0,6600.0,4200.0
1,29,19,0.0,0.0,0.0,2800.0,6600.0,4200.0
1,29,20,0.0,0.0,0.0,2800.0,6600.0,4200.0
1,29,21,0.0,0.0,0.0,2800.0,6600.0,4200.0
1,29,22,0.0,0.0,0.0,2800.0,6600.0,4200.0
1,29,23,0.0,0.0,0.0,2800.0,6600.0,4200.0
1,30,0,0.0,0.0,0.0,2800.0,6600.0,4200.0
1,30,1,0.0,0.0,0.0,2800.0,6600.0,4200.0
1,30,2,0.0,0.0,0.0,2800.0,6600.0,4200.0
1,30,3,0.0,0.0,0.0,2800.0,6600.0,4200.0
1,30,4,0.0,0.0,0.0,2800.0,6600.0,4200.0
1,30,5,0.0,0.0,0.0,2800.0,6600.0,4200.0
1,30,6,0.0,0.0,0.0,2800.0,6600.0,4200.0
1,30,7,0.0,0.0,0.0,2800.0,6600.0,4200.0
1,30,8,2.7341529999999996,2.065682,1.7885060000000002,2800.0,6600.0,4200.0
1,30,9,54.22843,41.050219,35.472733,2800.0,6600.0,4200.0
1,30,10,58.684158000000004,44.438275999999995,38.387381999999995,2800.0,6600.0,4200.0
1,30,11,100.721697,76.240604,65.885622,2800.0,6600.0,4200.0
1,30,12,137.72293599999998,104.293604,90.089439,2800.0,6600.0,4200.0
1,30,13,128.21401600000002,97.091011,83.86931799999999,2800.0,6600.0,4200.0
1,30,14,156.811637,118.767868,102.576033,2800.0,6600.0,4200.0
1,30,15,77.486028,58.668467,50.686349,2800.0,6600.0,4200.0
1,30,16,35.650154,27.01527,23.320025,2800.0,6600.0,4200.0
1,30,17,3.5263470000000003,2.67159,2.306708,2800.0,6600.0,4200.0
1,30,18,0.0,0.0,0.0,2800.0,6600.0,4200.0
1,30,19,0.0,0.0,0.0,2800.0,6600.0,4200.0
1,30,20,0.0,0.0,0.0,2800.0,6600.0,4200.0
1,30,21,0.0,0.0,0.0,2800.0,6600.0,4200.0
1,30,22,0.0,0.0,0.0,2800.0,6600.0,4200.0
1,30,23,0.0,0.0,0.0,2800.0,6600.0,4200.0
1,31,0,0.0,0.0,0.0,2800.0,6600.0,4200.0
1,31,1,0.0,0.0,0.0,2800.0,6600.0,4200.0
1,31,2,0.0,0.0,0.0,2800.0,6600.0,4200.0
1,31,3,0.0,0.0,0.0,2800.0,6600.0,4200.0
1,31,4,0.0,0.0,0.0,2800.0,6600.0,4200.0
1,31,5,0.0,0.0,0.0,2800.0,6600.0,4200.0
1,31,6,0.0,0.0,0.0,2800.0,6600.0,4200.0
1,31,7,0.0,0.0,0.0,2800.0,6600.0,4200.0
1,31,8,59.712769,45.114883,39.060232000000006,2800.0,6600.0,4200.0
1,31,9,250.027525,189.055184,163.55184,2645.8334855800563,3229.1668524795964,3125.000179818964
1,31,10,392.260491,297.348049,256.591449,707.2412654778989,863.1684736147585,835.3243293046049
1,31,11,484.766104,368.222899,317.102639,1373.4523042863404,1676.2606863337226,1622.1877609681185
1,31,12,533.727443,405.800631,349.12998200000004,2800.0,4875.874201202505,4200.0
1,31,13,529.858608,402.964087,346.59924,2800.0,6600.0,4200.0
1,31,14,482.280664,366.520287,315.476825,2800.0,6600.0,4200.0
1,31,15,387.307196,294.009452,253.351323,2800.0,6600.0,4200.0
1,31,16,236.799393,179.425932,154.898851,2800.0,6600.0,4200.0
1,31,17,56.214016,42.554404999999996,36.771575,2800.0,6600.0,4200.0
1,31,18,0.0,0.0,0.0,2800.0,6600.0,4200.0
1,31,19,0.0,0.0,0.0,2800.0,6600.0,4200.0
1,31,20,0.0,0.0,0.0,2800.0,6600.0,4200.0
1,31,21,0.0,0.0,0.0,2800.0,6600.0,4200.0
1,31,22,0.0,0.0,0.0,2800.0,6600.0,4200.0
1,31,23,0.0,0.0,0.0,2800.0,6600.0,4200.0
2,1,0,0.0,0.0,0.0,2800.0,6600.0,4200.0
2,1,1,0.0,0.0,0.0,2800.0,6600.0,4200.0
2,1,2,0.0,0.0,0.0,2800.0,5876.06920203001,4200.0
2,1,3,0.0,0.0,0.0,2800.0,3728.344236364732,3608.075067449741
2,1,4,0.0,0.0,0.0,1164.8359102045422,1421.650126627591,1375.790445123475
2,1,5,0.0,0.0,0.0,349.3284625537728,426.3457613845259,412.59267230760565
2,1,6,0.0,0.0,0.0,460.3878697051685,561.8907071204812,543.7652004391754
2,1,7,0.0,0.0,0.0,2800.0,5700.675903358588,4200.0
2,1,8,14.27853,10.857187,9.340091000000001,2800.0,6600.0,4200.0
2,1,9,80.61226300000001,61.188547,52.73133,2800.0,6600.0,4200.0
2,1,10,220.454297,167.76910999999998,144.206946,2800.0,6600.0,4200.0
2,1,11,94.77447500000001,72.06867600000001,61.995333,2800.0,6600.0,4200.0
2,1,12,351.260156,268.44413000000003,229.771681,2800.0,6600.0,4200.0
2,1,13,459.358695,352.382349,300.482756,2800.0,6600.0,4200.0
2,1,14,425.135939,325.687777,278.09644099999997,2800.0,6600.0,4200.0
2,1,15,349.57597200000004,267.367764,228.669997,2800.0,6600.0,4200.0
2,1,16,227.332315,173.271623,148.706101,2800.0,6600.0,4200.0
2,1,17,67.513062,51.309302,44.16268,2800.0,6600.0,4200.0
2,1,18,0.0,0.0,0.0,2800.0,6600.0,4200.0
2,1,19,0.0,0.0,0.0,2800.0,6600.0,4200.0
2,1,20,0.0,0.0,0.0,2800.0,6600.0,4200.0
2,1,21,0.0,0.0,0.0,2800.0,6600.0,4200.0
2,1,22,0.0,0.0,0.0,2800.0,6600.0,4200.0
2,1,23,0.0,0.0,0.0,2800.0,6600.0,4200.0
2,2,0,0.0,0.0,0.0,2800.0,6600.0,4200.0
2,2,1,0.0,0.0,0.0,2800.0,6600.0,4200.0
2,2,2,0.0,0.0,0.0,2800.0,6600.0,4200.0
2,2,3,0.0,0.0,0.0,2800.0,6600.0,4200.0
2,2,4,0.0,0.0,0.0,2800.0,6600.0,4200.0
2,2,5,0.0,0.0,0.0,2800.0,6600.0,4200.0
2,2,6,0.0,0.0,0.0,2800.0,6600.0,4200.0
2,2,7,0.0,0.0,0.0,2800.0,6600.0,4200.0
2,2,8,2.382648,1.814785,1.5585740000000001,2800.0,6600.0,4200.0
2,2,9,21.442093,16.316091,14.026031000000001,2800.0,6600.0,4200.0
2,2,10,56.502809,42.943313,36.960483999999994,2800.0,6600.0,4200.0
2,2,11,1.372743,1.051829,0.8979600000000001,2800.0,6600.0,4200.0
2,2,12,3.409941,2.6122669999999997,2.230563,2800.0,6600.0,4200.0
2,2,13,64.372962,49.01067,42.108629,2800.0,6600.0,4200.0
2,2,14,11.440541999999999,8.742975,7.483663,2800.0,6600.0,4200.0
2,2,15,0.304203,0.239036,0.19899,2800.0,6600.0,4200.0
2,2,16,179.32441699999998,136.57028400000002,117.302438,2800.0,6600.0,4200.0
2,2,17,44.432665,33.923974,29.064977,2800.0,6600.0,4200.0
2,2,18,0.0,0.0,0.0,2800.0,6600.0,4200.0
2,2,19,0.0,0.0,0.0,2800.0,6600.0,4200.0
2,2,20,0.0,0.0,0.0,2800.0,6600.0,4200.0
2,2,21,0.0,0.0,0.0,2800.0,6600.0,4200.0
2,2,22,0.0,0.0,0.0,2800.0,6600.0,4200.0
2,2,23,0.0,0.0,0.0,2800.0,6600.0,4200.0
2,3,0,0.0,0.0,0.0,2800.0,6600.0,4200.0
2,3,1,0.0,0.0,0.0,2800.0,6600.0,4200.0
2,3,2,0.0,0.0,0.0,2800.0,6600.0,4200.0
2,3,3,0.0,0.0,0.0,2800.0,6600.0,4200.0
2,3,4,0.0,0.0,0.0,2800.0,6600.0,4200.0
2,3,5,0.0,0.0,0.0,2800.0,6600.0,4200.0
2,3,6,0.0,0.0,0.0,2800.0,6600.0,4200.0
2,3,7,0.0,0.0,0.0,2800.0,6600.0,4200.0
2,3,8,57.420985,43.606072,37.561095,2800.0,6600.0,4200.0
2,3,9,216.421836,164.329068,141.569171,2800.0,6600.0,4200.0
2,3,10,68.679784,52.181596,44.925873,2800.0,6600.0,4200.0
2,3,11,20.515609,15.629228999999999,13.419985,2800.0,6600.0,4200.0
2,3,12,30.539276,23.246907,19.97682,2800.0,6600.0,4200.0
2,3,13,19.407208999999998,14.77817,12.694941,2800.0,6600.0,4200.0
2,3,14,27.496501,20.912964,17.986433,2800.0,6600.0,4200.0
2,3,15,15.83034,12.045416999999999,10.355184999999999,2800.0,6600.0,4200.0
2,3,16,8.05664,6.132684,5.2701329999999995,2800.0,6600.0,4200.0
2,3,17,-0.0,-0.0,-0.0,2800.0,5528.8079782263085,4200.0
2,3,18,0.0,0.0,0.0,1570.9465066065366,1917.296917511915,1855.44862985024
2,3,19,0.0,0.0,0.0,152.76411334322614,186.4443903007878,180.43005512979465
2,3,20,0.0,0.0,0.0,362.10752792468406,441.94225849075616,427.6860566039575
2,3,21,0.0,0.0,0.0,2145.5095856044995,2618.5353210133653,2534.066439690353
2,3,22,0.0,0.0,0.0,2800.0,5876.06920203001,4200.0
2,3,23,0.0,0.0,0.0,2800.0,6600.0,4200.0
2,4,0,0.0,0.0,0.0,2800.0,6600.0,4200.0
2,4,1,0.0,0.0,0.0,2800.0,6600.0,4200.0
2,4,2,0.0,0.0,0.0,2800.0,6600.0,4200.0
2,4,3,0.0,0.0,0.0,2800.0,6600.0,4200.0
2,4,4,0.0,0.0,0.0,2800.0,6600.0,4200.0
2,4,5,0.0,0.0,0.0,2800.0,6600.0,4200.0
2,4,6,0.0,0.0,0.0,2800.0,6600.0,4200.0
2,4,7,0.0,0.0,0.0,2800.0,6600.0,4200.0
2,4,8,35.107008,26.615081,22.964735,2800.0,6600.0,4200.0
2,4,9,142.44435000000001,107.883241,93.17788300000001,2800.0,6600.0,4200.0
2,4,10,291.572546,221.244187,190.727906,2800.0,6600.0,4200.0
2,4,11,331.769772,252.045517,217.022332,2800.0,6600.0,4200.0
2,4,12,509.257647,388.399875,333.123423,2800.0,6600.0,4200.0
2,4,13,506.235907,386.11334600000004,331.146796,2800.0,6600.0,4200.0
2,4,14,466.972074,355.89916600000004,305.462936,2800.0,6600.0,4200.0
2,4,15,384.83196000000004,292.86515,251.73218400000002,2800.0,6600.0,4200.0
2,4,16,248.264634,188.562943,162.398671,2800.0,6600.0,4200.0
2,4,17,77.63405499999999,58.849379,50.783179,2800.0,6600.0,4200.0
2,4,18,0.0,0.0,0.0,2800.0,6600.0,4200.0
2,4,19,0.0,0.0,0.0,2800.0,6600.0,4200.0
2,4,20,0.0,0.0,0.0,2800.0,6600.0,4200.0
2,4,21,0.0,0.0,0.0,2800.0,6600.0,4200.0
2,4,22,0.0,0.0,0.0,2800.0,6600.0,4200.0
2,4,23,0.0,0.0,0.0,2800.0,6600.0,4200.0
2,5,0,0.0,0.0,0.0,2800.0,6600.0,4200.0
2,5,1,0.0,0.0,0.0,2800.0,6600.0,4200.0
2,5,2,0.0,0.0,0.0,2800.0,6600.0,4200.0
2,5,3,0.0,0.0,0.0,2800.0,6600.0,4200.0
2,5,4,0.0,0.0,0.0,2800.0,6600.0,4200.0
2,5,5,0.0,0.0,0.0,2800.0,6600.0,4200.0
2,5,6,0.0,0.0,0.0,2800.0,6600.0,4200.0
2,5,7,0.0,0.0,0.0,2800.0,6600.0,4200.0
2,5,8,68.004614,51.550413999999996,44.484221,2800.0,6600.0,4200.0
2,5,9,236.517528,179.589559,154.714473,2800.0,6600.0,4200.0
2,5,10,117.009621,88.75731900000001,76.540128,2800.0,6600.0,4200.0
2,5,11,150.09246599999997,113.918871,98.180786,2800.0,6600.0,4200.0
2,5,12,115.952229,88.02688099999999,75.848451,2800.0,6600.0,4200.0
2,5,13,111.51865099999999,84.61762300000001,72.94829,2800.0,6600.0,4200.0
2,5,14,68.795376,52.214568,45.001486,2800.0,6600.0,4200.0
2,5,15,121.368515,92.06737799999999,79.391435,2800.0,6600.0,4200.0
2,5,16,65.367077,49.607441,42.758915,2800.0,6600.0,4200.0
2,5,17,14.250694,10.835827,9.321882,2800.0,6600.0,4200.0
2,5,18,0.0,0.0,0.0,2800.0,6600.0,4200.0
2,5,19,0.0,0.0,0.0,2800.0,6600.0,4200.0
2,5,20,0.0,0.0,0.0,2800.0,6600.0,4200.0
2,5,21,0.0,0.0,0.0,2800.0,6600.0,4200.0
2,5,22,0.0,0.0,0.0,2800.0,6600.0,4200.0
2,5,23,0.0,0.0,0.0,2800.0,6600.0,4200.0
2,6,0,0.0,0.0,0.0,2800.0,6600.0,4200.0
2,6,1,0.0,0.0,0.0,2800.0,6600.0,4200.0
2,6,2,0.0,0.0,0.0,2800.0,6600.0,4200.0
2,6,3,0.0,0.0,0.0,2800.0,6600.0,4200.0
2,6,4,0.0,0.0,0.0,2800.0,6600.0,4200.0
2,6,5,0.0,0.0,0.0,2800.0,6600.0,4200.0
2,6,6,0.0,0.0,0.0,2800.0,6600.0,4200.0
2,6,7,0.0,0.0,0.0,2800.0,6600.0,4200.0
2,6,8,60.390669,45.765615,39.503671000000004,2800.0,6600.0,4200.0
2,6,9,225.089686,170.816206,147.239118,2800.0,6600.0,4200.0
2,6,10,363.699409,276.721645,237.908636,2800.0,6600.0,4200.0
2,6,11,447.47296600000004,341.35366700000003,292.70788,2800.0,6600.0,4200.0
2,6,12,489.97695799999997,374.200767,320.51124300000004,2800.0,6600.0,4200.0
2,6,13,488.68179100000003,373.35314,319.66402899999997,2800.0,6600.0,4200.0
2,6,14,445.39975799999996,340.13622499999997,291.351722,2800.0,6600.0,4200.0
2,6,15,361.331298,275.52934899999997,236.359571,2800.0,6600.0,4200.0
2,6,16,233.808121,177.868404,152.94215400000002,2800.0,6600.0,4200.0
2,6,17,74.00677800000001,56.172742,48.410449,2800.0,6600.0,4200.0
2,6,18,0.0,0.0,0.0,2800.0,6600.0,4200.0
2,6,19,0.0,0.0,0.0,2800.0,6600.0,4200.0
2,6,20,0.0,0.0,0.0,2800.0,6600.0,4200.0
2,6,21,0.0,0.0,0.0,2800.0,6600.0,4200.0
2,6,22,0.0,0.0,0.0,2800.0,6600.0,4200.0
2,6,23,0.0,0.0,0.0,2800.0,6600.0,4200.0
2,7,0,0.0,0.0,0.0,2800.0,6600.0,4200.0
2,7,1,0.0,0.0,0.0,2800.0,6600.0,4200.0
2,7,2,0.0,0.0,0.0,2800.0,6600.0,4200.0
2,7,3,0.0,0.0,0.0,2800.0,6600.0,4200.0
2,7,4,0.0,0.0,0.0,2800.0,6600.0,4200.0
2,7,5,0.0,0.0,0.0,2800.0,6600.0,4200.0
2,7,6,0.0,0.0,0.0,2800.0,6600.0,4200.0
2,7,7,0.0,0.0,0.0,2800.0,6600.0,4200.0
2,7,8,57.004349000000005,43.27124,37.288559,2800.0,6600.0,4200.0
2,7,9,202.39686600000002,153.66035300000001,132.39494200000001,2800.0,6600.0,4200.0
2,7,10,276.723992,210.41289799999998,181.01494200000002,2800.0,6600.0,4200.0
2,7,11,305.516713,232.553913,199.849278,2800.0,6600.0,4200.0
2,7,12,280.028685,213.168181,183.176659,2800.0,6600.0,4200.0
2,7,13,478.97691100000003,365.766788,313.315724,2800.0,6600.0,4200.0
2,7,14,351.25883500000003,267.72071500000004,229.77081700000002,2800.0,6600.0,4200.0
2,7,15,360.022067,274.36572600000005,235.50315700000002,2800.0,6600.0,4200.0
2,7,16,237.812507,180.899906,155.561565,2800.0,6600.0,4200.0
2,7,17,77.551598,58.894152000000005,50.729241,2800.0,6600.0,4200.0
2,7,18,0.0,0.0,0.0,2800.0,6600.0,4200.0
2,7,19,0.0,0.0,0.0,2800.0,6600.0,4200.0
2,7,20,0.0,0.0,0.0,2800.0,6600.0,4200.0
2,7,21,0.0,0.0,0.0,2800.0,6600.0,4200.0
2,7,22,0.0,0.0,0.0,2800.0,6600.0,4200.0
2,7,23,0.0,0.0,0.0,2800.0,6600.0,4200.0
2,8,0,0.0,0.0,0.0,2800.0,6600.0,4200.0
2,8,1,0.0,0.0,0.0,2800.0,6600.0,4200.0
2,8,2,0.0,0.0,0.0,2800.0,6600.0,4200.0
2,8,3,0.0,0.0,0.0,2800.0,6518.224790706034,4200.0
2,8,4,0.0,0.0,0.0,2409.744269793466,2941.0264710077745,2846.1546493623623
2,8,5,0.0,0.0,0.0,460.3878697051685,561.8907071204812,543.7652004391754
2,8,6,0.0,0.0,0.0,312.8020973326286,381.76633926423176,369.45129606215977
2,8,7,0.0,0.0,0.0,748.4297260208111,913.4378545923286,883.9721173474147
2,8,8,59.32711,45.015606,38.807959000000004,2800.0,6600.0,4200.0
2,8,9,219.21442100000002,166.319426,143.39589999999998,2800.0,6600.0,4200.0
2,8,10,33.210085,25.214068,21.72389,2800.0,6600.0,4200.0
2,8,11,44.541178,33.802094,29.135958,2800.0,6600.0,4200.0
2,8,12,110.247335,83.591339,72.116678,2800.0,6600.0,4200.0
2,8,13,114.497227,86.811506,74.896682,2800.0,6600.0,4200.0
2,8,14,114.419635,86.753713,74.845926,2800.0,5444.184846176627,4200.0
2,8,15,51.219565,38.862809999999996,33.504528,2800.0,6600.0,4200.0
2,8,16,29.994400000000002,22.764675,19.620397,2800.0,6600.0,4200.0
2,8,17,7.177832,5.453257,4.695274,2800.0,6600.0,4200.0
2,8,18,0.0,0.0,0.0,2800.0,6600.0,4200.0
2,8,19,0.0,0.0,0.0,2800.0,6600.0,4200.0
2,8,20,0.0,0.0,0.0,2800.0,6600.0,4200.0
2,8,21,0.0,0.0,0.0,2800.0,6600.0,4200.0
2,8,22,0.0,0.0,0.0,2800.0,6600.0,4200.0
2,8,23,0.0,0.0,0.0,2800.0,6600.0,4200.0
2,9,0,0.0,0.0,0.0,2800.0,6600.0,4200.0
2,9,1,0.0,0.0,0.0,2800.0,6600.0,4200.0
2,9,2,0.0,0.0,0.0,2800.0,6600.0,4200.0
2,9,3,0.0,0.0,0.0,2800.0,6600.0,4200.0
2,9,4,0.0,0.0,0.0,2800.0,6600.0,4200.0
2,9,5,0.0,0.0,0.0,2800.0,6600.0,4200.0
2,9,6,0.0,0.0,0.0,2800.0,6600.0,4200.0
2,9,7,0.0,0.0,0.0,2800.0,6600.0,4200.0
2,9,8,7.353222,5.575125,4.810002000000001,2800.0,6600.0,4200.0
2,9,9,34.892927,26.424506,22.824696,2800.0,6600.0,4200.0
2,9,10,172.692741,130.671415,112.964425,2800.0,6600.0,4200.0
2,9,11,231.91430499999998,175.55510999999998,151.703342,2800.0,6600.0,4200.0
2,9,12,301.716992,228.543286,197.363747,2800.0,6600.0,4200.0
2,9,13,441.263592,334.87264600000003,288.646109,2800.0,6600.0,4200.0
2,9,14,304.729119,230.814956,199.334086,2800.0,6600.0,4200.0
2,9,15,341.36173599999995,258.68204199999997,223.296775,2800.0,6600.0,4200.0
2,9,16,213.073971,161.180778,139.37921400000002,2800.0,6600.0,4200.0
2,9,17,86.594481,65.460399,56.644510000000004,2800.0,6600.0,4200.0
2,9,18,0.0,0.0,0.0,2800.0,6600.0,4200.0
2,9,19,0.0,0.0,0.0,2800.0,6600.0,4200.0
2,9,20,0.0,0.0,0.0,2800.0,6600.0,4200.0
2,9,21,0.0,0.0,0.0,2800.0,6600.0,4200.0
2,9,22,0.0,0.0,0.0,2800.0,6600.0,4200.0
2,9,23,0.0,0.0,0.0,2800.0,6600.0,4200.0
2,10,0,0.0,0.0,0.0,2800.0,6600.0,4200.0
2,10,1,0.0,0.0,0.0,2800.0,6600.0,4200.0
2,10,2,0.0,0.0,0.0,2800.0,6600.0,4200.0
2,10,3,0.0,0.0,0.0,2800.0,6600.0,4200.0
2,10,4,0.0,0.0,0.0,2800.0,6600.0,4200.0
2,10,5,0.0,0.0,0.0,2800.0,6600.0,4200.0
2,10,6,0.0,0.0,0.0,2800.0,6600.0,4200.0
2,10,7,0.0,0.0,0.0,2800.0,6600.0,4200.0
2,10,8,95.559068,72.13882000000001,62.508563,2800.0,6600.0,4200.0
2,10,9,287.673245,217.481791,188.177236,2800.0,6600.0,4200.0
2,10,10,431.790325,327.243288,282.44931,2800.0,6600.0,4200.0
2,10,11,288.764581,218.542486,188.891117,2800.0,6600.0,4200.0
2,10,12,395.89377399999995,300.226829,258.96810800000003,2800.0,6600.0,4200.0
2,10,13,299.66505800000004,226.95331,196.021504,2800.0,6600.0,4200.0
2,10,14,273.60708600000004,207.166834,178.976064,2800.0,6600.0,4200.0
2,10,15,341.659829,258.935633,223.491768,2800.0,6600.0,4200.0
2,10,16,230.61540599999998,174.546381,150.853687,2800.0,6600.0,4200.0
2,10,17,80.642071,61.002295,52.750828,2800.0,6600.0,4200.0
2,10,18,0.0,0.0,0.0,2800.0,6600.0,4200.0
2,10,19,0.0,0.0,0.0,2800.0,6600.0,4200.0
2,10,20,0.0,0.0,0.0,2800.0,6600.0,4200.0
2,10,21,0.0,0.0,0.0,2800.0,6600.0,4200.0
2,10,22,0.0,0.0,0.0,2800.0,6600.0,4200.0
2,10,23,0.0,0.0,0.0,2800.0,6600.0,4200.0
2,11,0,0.0,0.0,0.0,2800.0,6600.0,4200.0
2,11,1,0.0,0.0,0.0,2800.0,6600.0,4200.0
2,11,2,0.0,0.0,0.0,2800.0,5700.675903358588,4200.0
2,11,3,0.0,0.0,0.0,2800.0,4495.12565696385,4200.0
2,11,4,0.0,0.0,0.0,2800.0,4421.436551474658,4200.0
2,11,5,0.0,0.0,0.0,2800.0,3996.150340809066,3867.242265299096
2,11,6,0.0,0.0,0.0,2364.2786071344885,2885.536882723194,2792.4550477966395
2,11,7,0.0,0.0,0.0,2800.0,3928.035620383037,3801.324793919068
2,11,8,98.93556600000001,74.717099,64.71725,1824.2618316438895,2226.4612905889994,2154.639958634516
2,11,9,284.943263,215.772272,186.391458,2061.927887690667,2516.5261621421523,2435.347898847244
2,11,10,421.305816,320.165954,275.591023,2800.0,3728.344236364732,3608.075067449741
2,11,11,505.57974,385.538244,330.717574,2800.0,3472.7785151730586,3360.753401780379
2,11,12,546.291247,417.20069900000004,357.34841,2800.0,3599.0492231594667,3482.9508611220645
2,11,13,546.597269,417.489921,357.54859000000005,2794.6277004301824,3410.766091076207,3300.741378460845
2,11,14,506.984118,386.811256,331.636228,2020.963642713616,2466.530430083547,2386.964932338916
2,11,15,420.05852500000003,319.839143,274.775125,1222.1129067458091,1491.5551224063024,1443.4404410383572
2,11,16,287.45193900000004,218.25009599999998,188.032471,2800.0,5114.326798854228,4200.0
2,11,17,107.805973,81.66302099999999,70.519697,2800.0,6600.0,4200.0
2,11,18,0.0,0.0,0.0,2800.0,6600.0,4200.0
2,11,19,0.0,0.0,0.0,2800.0,6600.0,4200.0
2,11,20,0.0,0.0,0.0,2800.0,6600.0,4200.0
2,11,21,0.0,0.0,0.0,2800.0,4798.06917736812,4200.0
2,11,22,0.0,0.0,0.0,2800.0,5528.8079782263085,4200.0
2,11,23,0.0,0.0,0.0,2800.0,6600.0,4200.0
2,12,0,0.0,0.0,0.0,2800.0,4421.436551474658,4200.0
2,12,1,0.0,0.0,0.0,1536.7967041952045,1875.6180248051708,1815.114217553391
2,12,2,0.0,0.0,0.0,209.55296754900695,255.75362181178016,247.5035049791421
2,12,3,0.0,0.0,0.0,301.21803372418333,367.6283088759718,355.7693311702953
2,12,4,0.0,0.0,0.0,2020.963642713616,2466.530430083547,2386.964932338916
2,12,5,0.0,0.0,0.0,2800.0,6600.0,4200.0
2,12,6,0.0,0.0,0.0,2800.0,6600.0,4200.0
2,12,7,0.0,0.0,0.0,1640.756359055384,2002.4979185321613,1937.9012114827367
2,12,8,21.123793000000003,16.007434,13.817819,0.2095529675490071,0.2557536218117803,0.2475035049791422
2,12,9,81.896806,61.998005,53.571595,301.21803372418333,367.6283088759718,355.7693311702953
2,12,10,61.58289499999999,46.649167,40.283548,362.10752792468406,441.94225849075616,427.6860566039575
2,12,11,63.808436,48.33107,41.739353,2800.0,5444.184846176627,4200.0
2,12,12,222.02729000000002,168.14992900000001,145.235896,2800.0,6600.0,4200.0
2,12,13,134.321247,101.681321,87.86427499999999,2800.0,6600.0,4200.0
2,12,14,257.547813,195.064695,168.471126,2800.0,6600.0,4200.0
2,12,15,106.22798900000001,80.379562,69.487482,2800.0,6600.0,4200.0
2,12,16,67.17272,50.847902000000005,43.94005,2800.0,6600.0,4200.0
2,12,17,115.500274,87.36434600000001,75.552811,2800.0,6600.0,4200.0
2,12,18,0.0,0.0,0.0,2800.0,6600.0,4200.0
2,12,19,0.0,0.0,0.0,2800.0,6600.0,4200.0
2,12,20,0.0,0.0,0.0,2800.0,6600.0,4200.0
2,12,21,0.0,0.0,0.0,2800.0,6600.0,4200.0
2,12,22,0.0,0.0,0.0,2800.0,6600.0,4200.0
2,12,23,0.0,0.0,0.0,2800.0,6600.0,4200.0
2,13,0,0.0,0.0,0.0,2800.0,6600.0,4200.0
2,13,1,0.0,0.0,0.0,2800.0,6600.0,4200.0
2,13,2,0.0,0.0,0.0,2800.0,6600.0,4200.0
2,13,3,0.0,0.0,0.0,2800.0,6600.0,4200.0
2,13,4,0.0,0.0,0.0,2800.0,6600.0,4200.0
2,13,5,0.0,0.0,0.0,2800.0,6600.0,4200.0
2,13,6,0.0,0.0,0.0,2800.0,6600.0,4200.0
2,13,7,0.0,0.0,0.0,2800.0,6600.0,4200.0
2,13,8,110.764788,83.48544500000001,72.455162,2800.0,6600.0,4200.0
2,13,9,297.93486099999996,225.054512,194.88972099999998,2800.0,6600.0,4200.0
2,13,10,432.150447,327.446148,282.684879,2800.0,6600.0,4200.0
2,13,11,427.483051,324.06590600000004,279.63177,2800.0,6600.0,4200.0
2,13,12,554.166667,425.0,362.5,2800.0,6600.0,4200.0
2,13,13,554.166667,425.0,362.5,2800.0,6600.0,4200.0
2,13,14,517.058664,393.079577,338.226344,2800.0,6600.0,4200.0
2,13,15,428.786592,325.55586,280.484463,2800.0,6600.0,4200.0
2,13,16,296.85755800000004,225.005394,194.185019,2800.0,6600.0,4200.0
2,13,17,115.75873399999999,87.523853,75.721879,2800.0,6600.0,4200.0
2,13,18,0.0,0.0,0.0,2800.0,6600.0,4200.0
2,13,19,0.0,0.0,0.0,2275.070137118247,2776.660403569514,2687.090713131788
2,13,20,0.0,0.0,0.0,905.1368564268978,1104.694588552513,1069.0592792443674
2,13,21,0.0,0.0,0.0,2800.0,6237.575082367505,4200.0
2,13,22,0.0,0.0,0.0,2800.0,6600.0,4200.0
2,13,23,0.0,0.0,0.0,2800.0,6600.0,4200.0
2,14,0,0.0,0.0,0.0,2800.0,6600.0,4200.0
2,14,1,0.0,0.0,0.0,2800.0,6600.0,4200.0
2,14,2,0.0,0.0,0.0,2800.0,6600.0,4200.0
2,14,3,0.0,0.0,0.0,2800.0,6600.0,4200.0
2,14,4,0.0,0.0,0.0,2800.0,6600.0,4200.0
2,14,5,0.0,0.0,0.0,2800.0,6600.0,4200.0
2,14,6,0.0,0.0,0.0,2800.0,6600.0,4200.0
2,14,7,0.0,0.0,0.0,2800.0,6600.0,4200.0
2,14,8,96.91805000000001,73.196417,63.397521,2800.0,6600.0,4200.0
2,14,9,118.733542,89.695769,77.667806,2800.0,6600.0,4200.0
2,14,10,86.424054,65.326173,56.533028,2800.0,6600.0,4200.0
2,14,11,60.223614000000005,45.535958,39.394394,2800.0,6600.0,4200.0
2,14,12,99.08801600000001,74.89457399999999,64.816973,2800.0,6600.0,4200.0
2,14,13,99.981852,75.60521,65.401663,2800.0,6600.0,4200.0
2,14,14,43.283877999999994,32.754412,28.313513999999998,2800.0,6600.0,4200.0
2,14,15,37.561553999999994,28.429119,24.57034,2800.0,6600.0,4200.0
2,14,16,22.16084,16.782657999999998,14.496189000000001,2800.0,6600.0,4200.0
2,14,17,5.436335,4.118048,3.556099,2800.0,6600.0,4200.0
2,14,18,0.0,0.0,0.0,2800.0,6600.0,4200.0
2,14,19,0.0,0.0,0.0,2800.0,6600.0,4200.0
2,14,20,0.0,0.0,0.0,2800.0,6600.0,4200.0
2,14,21,0.0,0.0,0.0,2800.0,6600.0,4200.0
2,14,22,0.0,0.0,0.0,2800.0,6600.0,4200.0
2,14,23,0.0,0.0,0.0,2800.0,6600.0,4200.0
2,15,0,0.0,0.0,0.0,2800.0,6600.0,4200.0
2,15,1,0.0,0.0,0.0,2800.0,6600.0,4200.0
2,15,2,0.0,0.0,0.0,2800.0,6600.0,4200.0
2,15,3,0.0,0.0,0.0,2800.0,6600.0,4200.0
2,15,4,0.0,0.0,0.0,2800.0,6600.0,4200.0
2,15,5,0.0,0.0,0.0,2800.0,6600.0,4200.0
2,15,6,0.0,0.0,0.0,2800.0,6600.0,4200.0
2,15,7,0.0,0.0,0.0,2800.0,6600.0,4200.0
2,15,8,73.924477,55.955551,48.356612999999996,2800.0,6600.0,4200.0
2,15,9,18.993866,14.402610000000001,12.424558999999999,2800.0,6600.0,4200.0
2,15,10,64.889857,49.183612000000004,42.446749000000004,2800.0,6600.0,4200.0
2,15,11,91.854196,69.668091,60.085074999999996,2800.0,6600.0,4200.0
2,15,12,247.866054,188.165867,162.137945,2800.0,6600.0,4200.0
2,15,13,219.66757199999998,166.71863000000002,143.692322,2800.0,6600.0,4200.0
2,15,14,270.758485,205.791631,177.112693,2800.0,6600.0,4200.0
2,15,15,296.550663,225.58673199999998,193.98426800000001,2800.0,6600.0,4200.0
2,15,16,183.25092800000002,139.182788,119.870908,2800.0,6600.0,4200.0
2,15,17,64.43208,48.92039,42.147301,2800.0,6600.0,4200.0
2,15,18,0.0,0.0,0.0,2800.0,6600.0,4200.0
2,15,19,0.0,0.0,0.0,2800.0,6600.0,4200.0
2,15,20,0.0,0.0,0.0,2800.0,6600.0,4200.0
2,15,21,0.0,0.0,0.0,2800.0,6600.0,4200.0
2,15,22,0.0,0.0,0.0,2800.0,6600.0,4200.0
2,15,23,0.0,0.0,0.0,2800.0,6600.0,4200.0
2,16,0,0.0,0.0,0.0,2800.0,6600.0,4200.0
2,16,1,0.0,0.0,0.0,2800.0,6600.0,4200.0
2,16,2,0.0,0.0,0.0,2800.0,6600.0,4200.0
2,16,3,0.0,0.0,0.0,2800.0,6600.0,4200.0
2,16,4,0.0,0.0,0.0,2800.0,6600.0,4200.0
2,16,5,0.0,0.0,0.0,2800.0,6600.0,4200.0
2,16,6,0.0,0.0,0.0,2800.0,6600.0,4200.0
2,16,7,0.0,0.0,0.0,2800.0,6600.0,4200.0
2,16,8,8.036818,6.106125,5.257167000000001,2800.0,6600.0,4200.0
2,16,9,29.724715,22.577774,19.443987,2800.0,6600.0,4200.0
2,16,10,155.78628,118.281055,101.905311,2800.0,6600.0,4200.0
2,16,11,125.713701,95.481939,82.23377400000001,237.66666698837332,290.0656171905344,280.7086617972913
2,16,12,181.241836,137.837359,118.55669,2800.0,6600.0,4200.0
2,16,13,208.801534,158.827886,136.584462,1281.237390674447,1563.7149256262935,1513.2725086706066
2,16,14,94.037891,71.45519,61.513508,2800.0,6600.0,4200.0
2,16,15,106.533131,80.941331,69.687086,2800.0,6600.0,4200.0
2,16,16,67.07143099999999,50.927518,43.873793,2800.0,6600.0,4200.0
2,16,17,22.670167000000003,17.227674,14.829358000000001,2800.0,6600.0,4200.0
2,16,18,0.0,0.0,0.0,2800.0,6600.0,4200.0
2,16,19,0.0,0.0,0.0,2800.0,6600.0,4200.0
2,16,20,0.0,0.0,0.0,2800.0,6600.0,4200.0
2,16,21,0.0,0.0,0.0,2800.0,6600.0,4200.0
2,16,22,0.0,0.0,0.0,2800.0,6600.0,4200.0
2,16,23,0.0,0.0,0.0,2800.0,6600.0,4200.0
2,17,0,0.0,0.0,0.0,2800.0,6600.0,4200.0
2,17,1,0.0,0.0,0.0,2800.0,6600.0,4200.0
2,17,2,0.0,0.0,0.0,2800.0,6600.0,4200.0
2,17,3,0.0,0.0,0.0,2800.0,6600.0,4200.0
2,17,4,0.0,0.0,0.0,2800.0,6600.0,4200.0
2,17,5,0.0,0.0,0.0,2800.0,6600.0,4200.0
2,17,6,0.0,0.0,0.0,2800.0,6600.0,4200.0
2,17,7,0.0,0.0,0.0,2800.0,6600.0,4200.0
2,17,8,57.821521999999995,43.862027999999995,37.823101,2800.0,6600.0,4200.0
2,17,9,168.47667,127.867664,110.206544,2800.0,6600.0,4200.0
2,17,10,408.633983,311.561265,267.30192900000003,2800.0,6600.0,4200.0
2,17,11,433.42392099999995,330.744728,283.517903,2800.0,6600.0,4200.0
2,17,12,420.88147100000003,321.17625,275.313443,2800.0,6600.0,4200.0
2,17,13,252.40567199999998,192.067693,165.10747,2800.0,6600.0,4200.0
2,17,14,172.354644,130.962636,112.743264,2800.0,6600.0,4200.0
2,17,15,205.2739,155.993642,134.276912,2800.0,6600.0,4200.0
2,17,16,79.515164,60.375458,52.013678999999996,2800.0,6600.0,4200.0
2,17,17,27.191094,20.659273000000002,17.786655,2800.0,6600.0,4200.0
2,17,18,0.0,0.0,0.0,2800.0,6600.0,4200.0
2,17,19,0.0,0.0,0.0,2800.0,6600.0,4200.0
2,17,20,0.0,0.0,0.0,2800.0,6600.0,4200.0
2,17,21,0.0,0.0,0.0,2800.0,6600.0,4200.0
2,17,22,0.0,0.0,0.0,2800.0,6600.0,4200.0
2,17,23,0.0,0.0,0.0,2800.0,6600.0,4200.0
2,18,0,0.0,0.0,0.0,2800.0,6600.0,4200.0
2,18,1,0.0,0.0,0.0,2800.0,6600.0,4200.0
2,18,2,0.0,0.0,0.0,2800.0,6600.0,4200.0
2,18,3,0.0,0.0,0.0,2800.0,6600.0,4200.0
2,18,4,0.0,0.0,0.0,2800.0,6600.0,4200.0
2,18,5,0.0,0.0,0.0,2800.0,6600.0,4200.0
2,18,6,0.0,0.0,0.0,2800.0,6600.0,4200.0
2,18,7,0.0,0.0,0.0,2800.0,6600.0,4200.0
2,18,8,55.897309,42.395999,36.564405,2800.0,6600.0,4200.0
2,18,9,159.98164300000002,121.359078,104.64964599999999,2800.0,6600.0,4200.0
2,18,10,292.806299,222.47805400000001,191.534947,2800.0,6600.0,4200.0
2,18,11,426.157893,324.464838,278.76493800000003,2800.0,6600.0,4200.0
2,18,12,409.089624,311.486945,267.59997999999996,2800.0,6600.0,4200.0
2,18,13,472.043455,359.97956300000004,308.780305,2800.0,6600.0,4200.0
2,18,14,482.11235100000005,367.720961,315.366726,2800.0,6600.0,4200.0
2,18,15,362.35337,275.68181300000003,237.028144,2800.0,6600.0,4200.0
2,18,16,104.199825,79.111838,68.160788,2800.0,6600.0,4200.0
2,18,17,36.552811,27.774403999999997,23.910485,2800.0,6600.0,4200.0
2,18,18,0.0,0.0,0.0,2800.0,6600.0,4200.0
2,18,19,0.0,0.0,0.0,2800.0,6600.0,4200.0
2,18,20,0.0,0.0,0.0,2800.0,6600.0,4200.0
2,18,21,0.0,0.0,0.0,2800.0,6600.0,4200.0
2,18,22,0.0,0.0,0.0,2800.0,6600.0,4200.0
2,18,23,0.0,0.0,0.0,2800.0,6600.0,4200.0
2,19,0,0.0,0.0,0.0,2800.0,6600.0,4200.0
2,19,1,0.0,0.0,0.0,2800.0,6600.0,4200.0
2,19,2,0.0,0.0,0.0,2800.0,6600.0,4200.0
2,19,3,0.0,0.0,0.0,2800.0,6600.0,4200.0
2,19,4,0.0,0.0,0.0,2800.0,6600.0,4200.0
2,19,5,0.0,0.0,0.0,2800.0,6600.0,4200.0
2,19,6,0.0,0.0,0.0,2800.0,6600.0,4200.0
2,19,7,0.0,0.0,0.0,2800.0,6600.0,4200.0
2,19,8,61.21025,46.581345,40.039788,2800.0,6600.0,4200.0
2,19,9,182.966636,139.16314799999998,119.684943,2800.0,6600.0,4200.0
2,19,10,175.59689799999998,133.674859,114.864137,2800.0,6600.0,4200.0
2,19,11,237.762245,181.21188,155.52868700000002,2800.0,6600.0,4200.0
2,19,12,340.08557900000005,259.678422,222.461995,2800.0,6600.0,4200.0
2,19,13,349.828666,267.428496,228.835293,2800.0,6600.0,4200.0
2,19,14,370.01604100000003,282.946556,242.040568,2800.0,6600.0,4200.0
2,19,15,394.588615,301.696258,258.114357,2800.0,6600.0,4200.0
2,19,16,278.734042,212.762355,182.329787,2800.0,6600.0,4200.0
2,19,17,114.72347,87.454768,75.04467600000001,2800.0,6600.0,4200.0
2,19,18,0.0,0.0,0.0,2800.0,6600.0,4200.0
2,19,19,0.0,0.0,0.0,2800.0,6600.0,4200.0
2,19,20,0.0,0.0,0.0,2800.0,6600.0,4200.0
2,19,21,0.0,0.0,0.0,2800.0,6600.0,4200.0
2,19,22,0.0,0.0,0.0,2800.0,6600.0,4200.0
2,19,23,0.0,0.0,0.0,2800.0,6600.0,4200.0
2,20,0,0.0,0.0,0.0,2800.0,6600.0,4200.0
2,20,1,0.0,0.0,0.0,2800.0,6600.0,4200.0
2,20,2,0.0,0.0,0.0,2800.0,6600.0,4200.0
2,20,3,0.0,0.0,0.0,2800.0,6600.0,4200.0
2,20,4,0.0,0.0,0.0,2800.0,6600.0,4200.0
2,20,5,0.0,0.0,0.0,2800.0,6600.0,4200.0
2,20,6,0.0,0.0,0.0,2800.0,6600.0,4200.0
2,20,7,0.0,0.0,0.0,2800.0,6600.0,4200.0
2,20,8,110.26721400000001,83.840952,72.12968099999999,2800.0,6600.0,4200.0
2,20,9,274.353317,209.076481,179.4642,2800.0,6600.0,4200.0
2,20,10,388.830108,297.421913,254.347514,2800.0,6600.0,4200.0
2,20,11,464.39157900000004,356.19230699999997,303.774943,2800.0,5033.998538121269,4200.0
2,20,12,503.656896,386.773729,329.459774,1901.3333359069868,2320.524937524275,2245.6692943783305
2,20,13,501.35044,385.34141700000004,327.95104,2800.0,6600.0,4200.0
2,20,14,462.33619400000003,355.086909,302.430443,2800.0,6600.0,4200.0
2,20,15,383.51568,294.20040500000005,250.871159,2800.0,6600.0,4200.0
2,20,16,266.882655,204.310059,174.577376,2800.0,6600.0,4200.0
2,20,17,111.18891099999999,84.806644,72.732596,2800.0,6600.0,4200.0
2,20,18,0.0,0.0,0.0,2800.0,6600.0,4200.0
2,20,19,0.0,0.0,0.0,2800.0,6600.0,4200.0
2,20,20,0.0,0.0,0.0,2800.0,6600.0,4200.0
2,20,21,0.0,0.0,0.0,2800.0,6600.0,4200.0
2,20,22,0.0,0.0,0.0,2800.0,6600.0,4200.0
2,20,23,0.0,0.0,0.0,2800.0,6600.0,4200.0
2,21,0,0.0,0.0,0.0,2800.0,6600.0,4200.0
2,21,1,0.0,0.0,0.0,2800.0,6600.0,4200.0
2,21,2,0.0,0.0,0.0,2800.0,6600.0,4200.0
2,21,3,0.0,0.0,0.0,2800.0,6600.0,4200.0
2,21,4,0.0,0.0,0.0,2800.0,6600.0,4200.0
2,21,5,0.0,0.0,0.0,2800.0,6600.0,4200.0
2,21,6,0.0,0.0,0.0,2800.0,6600.0,4200.0
2,21,7,0.0,0.0,0.0,2800.0,6600.0,4200.0
2,21,8,96.33392500000001,73.17527899999999,63.015425,2800.0,6600.0,4200.0
2,21,9,255.317396,194.350402,167.01213099999998,2800.0,6600.0,4200.0
2,21,10,375.355779,286.581779,245.53348,2800.0,6600.0,4200.0
2,21,11,456.091537,348.93846399999995,298.345592,2800.0,6600.0,4200.0
2,21,12,499.035542,382.29564799999997,326.436783,2800.0,6600.0,4200.0
2,21,13,397.223135,303.712327,259.83769,2800.0,6600.0,4200.0
2,21,14,232.91999600000003,177.59605100000002,152.36120000000003,2800.0,6600.0,4200.0
2,21,15,105.566545,80.39671000000001,69.05480800000001,2800.0,6600.0,4200.0
2,21,16,130.51887200000002,99.35735000000001,85.37700699999999,2364.2786071344885,2885.536882723194,2792.4550477966395
2,21,17,49.832505,37.911750999999995,32.597203,33.523587275070305,40.91461439083383,39.59478812016177
2,21,18,0.0,0.0,0.0,2800.0,4421.436551474658,4200.0
2,21,19,0.0,0.0,0.0,2800.0,6600.0,4200.0
2,21,20,0.0,0.0,0.0,2800.0,6600.0,4200.0
2,21,21,0.0,0.0,0.0,2800.0,6600.0,4200.0
2,21,22,0.0,0.0,0.0,2800.0,6600.0,4200.0
2,21,23,0.0,0.0,0.0,2800.0,6600.0,4200.0
2,22,0,0.0,0.0,0.0,2800.0,6600.0,4200.0
2,22,1,0.0,0.0,0.0,2800.0,6600.0,4200.0
2,22,2,0.0,0.0,0.0,2800.0,6600.0,4200.0
2,22,3,0.0,0.0,0.0,2800.0,6600.0,4200.0
2,22,4,0.0,0.0,0.0,2800.0,6600.0,4200.0
2,22,5,0.0,0.0,0.0,2800.0,6600.0,4200.0
2,22,6,0.0,0.0,0.0,2800.0,6600.0,4200.0
2,22,7,0.0,0.0,0.0,2800.0,6600.0,4200.0
2,22,8,110.107913,83.542443,72.025477,2800.0,6600.0,4200.0
2,22,9,96.73703599999999,73.466954,63.279114,2800.0,6600.0,4200.0
2,22,10,154.55529,117.552966,101.100077,2800.0,6600.0,4200.0
2,22,11,225.272468,171.658015,147.358682,2800.0,6600.0,4200.0
2,22,12,496.980452,381.995216,325.09247600000003,2800.0,6600.0,4200.0
2,22,13,496.82370899999995,382.101645,324.98994500000003,2800.0,6600.0,4200.0
2,22,14,247.366608,188.864736,161.81124,2800.0,6600.0,4200.0
2,22,15,390.920179,299.27835,255.71470300000001,2800.0,6600.0,4200.0
2,22,16,275.646862,210.416308,180.310353,2800.0,6600.0,4200.0
2,22,17,118.86012,90.38286599999999,77.750605,2800.0,6600.0,4200.0
2,22,18,-0.0,-0.0,-0.0,2800.0,6600.0,4200.0
2,22,19,0.0,0.0,0.0,2800.0,6600.0,4200.0
2,22,20,0.0,0.0,0.0,2800.0,6600.0,4200.0
2,22,21,0.0,0.0,0.0,2800.0,6600.0,4200.0
2,22,22,0.0,0.0,0.0,2800.0,6600.0,4200.0
2,22,23,0.0,0.0,0.0,2800.0,6600.0,4200.0
2,23,0,0.0,0.0,0.0,2800.0,6600.0,4200.0
2,23,1,0.0,0.0,0.0,2800.0,6600.0,4200.0
2,23,2,0.0,0.0,0.0,2800.0,6600.0,4200.0
2,23,3,0.0,0.0,0.0,2800.0,6600.0,4200.0
2,23,4,0.0,0.0,0.0,2800.0,6600.0,4200.0
2,23,5,0.0,0.0,0.0,2800.0,6600.0,4200.0
2,23,6,0.0,0.0,0.0,2800.0,6600.0,4200.0
2,23,7,0.0,0.0,0.0,2800.0,6600.0,4200.0
2,23,8,91.050928,69.062618,59.55963,2800.0,6600.0,4200.0
2,23,9,232.236506,176.33427700000001,151.914106,2800.0,6600.0,4200.0
2,23,10,405.841087,309.300316,265.474997,2800.0,6600.0,4200.0
2,23,11,486.243206,371.435243,318.068864,2800.0,6600.0,4200.0
2,23,12,522.579572,399.66737800000004,341.837765,2800.0,6600.0,4200.0
2,23,13,516.517093,395.26198100000005,337.872084,2800.0,6600.0,4200.0
2,23,14,471.665068,360.629801,308.532789,2800.0,6600.0,4200.0
2,23,15,387.310266,295.566089,253.353332,2800.0,6600.0,4200.0
2,23,16,216.66779300000002,164.902155,141.73006,2800.0,6600.0,4200.0
2,23,17,88.73638700000001,67.436351,58.045606,2800.0,6600.0,4200.0
2,23,18,-0.0,-0.0,-0.0,2800.0,6600.0,4200.0
2,23,19,0.0,0.0,0.0,2800.0,6600.0,4200.0
2,23,20,0.0,0.0,0.0,2800.0,6600.0,4200.0
2,23,21,0.0,0.0,0.0,2800.0,6600.0,4200.0
2,23,22,0.0,0.0,0.0,2800.0,6600.0,4200.0
2,23,23,0.0,0.0,0.0,2800.0,6600.0,4200.0
2,24,0,0.0,0.0,0.0,2800.0,6600.0,4200.0
2,24,1,0.0,0.0,0.0,2800.0,6600.0,4200.0
2,24,2,0.0,0.0,0.0,2800.0,6600.0,4200.0
2,24,3,0.0,0.0,0.0,2800.0,6600.0,4200.0
2,24,4,0.0,0.0,0.0,2800.0,6600.0,4200.0
2,24,5,0.0,0.0,0.0,2800.0,6600.0,4200.0
2,24,6,0.0,0.0,0.0,2800.0,6600.0,4200.0
2,24,7,-0.0,-0.0,-0.0,2800.0,6600.0,4200.0
2,24,8,22.606422,17.171703,14.78766,2800.0,6600.0,4200.0
2,24,9,62.52094,47.414935,40.897156,2800.0,6600.0,4200.0
2,24,10,10.464945,7.957917999999999,6.84549,2800.0,6600.0,4200.0
2,24,11,61.797572,46.890131000000004,40.423976,2800.0,6600.0,4200.0
2,24,12,50.016388,37.962985,32.717487,2800.0,6600.0,4200.0
2,24,13,52.011424,39.456094,34.022511,2800.0,6600.0,4200.0
2,24,14,88.877544,67.378166,58.137943,2800.0,6600.0,4200.0
2,24,15,10.459318999999999,7.953726,6.841810000000001,2800.0,6600.0,4200.0
2,24,16,26.854436,20.393029,17.566436000000003,2800.0,6600.0,4200.0
2,24,17,9.275713,7.054640999999999,6.067572,2800.0,6600.0,4200.0
2,24,18,-0.0,-0.0,-0.0,2800.0,6600.0,4200.0
2,24,19,0.0,0.0,0.0,2800.0,6600.0,4200.0
2,24,20,0.0,0.0,0.0,2800.0,6600.0,4200.0
2,24,21,0.0,0.0,0.0,2800.0,6600.0,4200.0
2,24,22,0.0,0.0,0.0,2800.0,6600.0,4200.0
2,24,23,0.0,0.0,0.0,2800.0,6600.0,4200.0
2,25,0,0.0,0.0,0.0,2800.0,6600.0,4200.0
2,25,1,0.0,0.0,0.0,2800.0,6600.0,4200.0
2,25,2,0.0,0.0,0.0,2800.0,6600.0,4200.0
2,25,3,0.0,0.0,0.0,2800.0,6600.0,4200.0
2,25,4,0.0,0.0,0.0,2800.0,6600.0,4200.0
2,25,5,0.0,0.0,0.0,2800.0,6600.0,4200.0
2,25,6,0.0,0.0,0.0,2800.0,6600.0,4200.0
2,25,7,-0.0,-0.0,-0.0,2800.0,6600.0,4200.0
2,25,8,35.965588000000004,27.302248,23.526362000000002,2800.0,6600.0,4200.0
2,25,9,99.165839,75.18862,64.86788,2800.0,6600.0,4200.0
2,25,10,22.514459,17.103437000000003,14.727504000000001,2800.0,6600.0,4200.0
2,25,11,118.823425,90.092703,77.72660099999999,2800.0,6600.0,4200.0
2,25,12,74.112909,56.236672,48.479873,2800.0,6600.0,4200.0
2,25,13,218.79507199999998,166.056839,143.121588,2800.0,6600.0,4200.0
2,25,14,147.66445000000002,112.027484,96.592535,2800.0,6600.0,4200.0
2,25,15,144.378582,109.54494,94.44313199999999,2800.0,6600.0,4200.0
2,25,16,45.48398,34.521702,29.752679,2800.0,6600.0,4200.0
2,25,17,17.81795,13.542473,11.655351000000001,2800.0,6600.0,4200.0
2,25,18,-0.0,-0.0,-0.0,2800.0,6600.0,4200.0
2,25,19,0.0,0.0,0.0,2800.0,6600.0,4200.0
2,25,20,0.0,0.0,0.0,2800.0,6600.0,4200.0
2,25,21,0.0,0.0,0.0,2800.0,6600.0,4200.0
2,25,22,0.0,0.0,0.0,2800.0,6600.0,4200.0
2,25,23,0.0,0.0,0.0,2800.0,6600.0,4200.0
2,26,0,0.0,0.0,0.0,2800.0,6600.0,4200.0
2,26,1,0.0,0.0,0.0,2800.0,6600.0,4200.0
2,26,2,0.0,0.0,0.0,2800.0,6600.0,4200.0
2,26,3,0.0,0.0,0.0,2800.0,6600.0,4200.0
2,26,4,0.0,0.0,0.0,2800.0,6600.0,4200.0
2,26,5,0.0,0.0,0.0,2800.0,6600.0,4200.0
2,26,6,0.0,0.0,0.0,2800.0,6600.0,4200.0
2,26,7,-0.0,-0.0,-0.0,2800.0,6600.0,4200.0
2,26,8,76.18930800000001,57.732811,49.838119,2800.0,6600.0,4200.0
2,26,9,181.979644,138.121699,119.039316,2800.0,6600.0,4200.0
2,26,10,334.469774,254.421707,218.788499,2800.0,6600.0,4200.0
2,26,11,355.07973200000004,270.214432,232.27020000000002,2800.0,6600.0,4200.0
2,26,12,554.166667,425.0,362.5,2800.0,6600.0,4200.0
2,26,13,419.577194,319.781409,274.46027000000004,2800.0,5876.06920203001,4200.0
2,26,14,102.04935400000001,77.4426,66.75408900000001,1536.7967041952045,1875.6180248051708,1815.114217553391
2,26,15,147.243498,111.70348299999999,96.317175,491.4151496175413,599.758647171015,580.4115940364661
2,26,16,19.187476999999998,14.581738,12.551207,200.6998128762587,244.94859051826847,237.0470230821953
2,26,17,6.477296999999999,4.92871,4.237029000000001,1503.1454301264964,1834.5475722016292,1775.3686182596414
2,26,18,-0.0,-0.0,-0.0,2800.0,6600.0,4200.0
2,26,19,0.0,0.0,0.0,2800.0,6600.0,4200.0
2,26,20,0.0,0.0,0.0,2800.0,6600.0,4200.0
2,26,21,0.0,0.0,0.0,2800.0,6600.0,4200.0
2,26,22,0.0,0.0,0.0,2800.0,6600.0,4200.0
2,26,23,0.0,0.0,0.0,2800.0,6600.0,4200.0
2,27,0,0.0,0.0,0.0,2800.0,6600.0,4200.0
2,27,1,0.0,0.0,0.0,2800.0,6600.0,4200.0
2,27,2,0.0,0.0,0.0,2800.0,6600.0,4200.0
2,27,3,0.0,0.0,0.0,2800.0,6600.0,4200.0
2,27,4,0.0,0.0,0.0,2800.0,6600.0,4200.0
2,27,5,0.0,0.0,0.0,2800.0,6600.0,4200.0
2,27,6,0.0,0.0,0.0,2800.0,6600.0,4200.0
2,27,7,-0.0,-0.0,-0.0,2800.0,6600.0,4200.0
2,27,8,131.034016,99.315523,85.71397999999999,2800.0,6600.0,4200.0
2,27,9,302.053678,229.40247,197.58398499999998,2800.0,6600.0,4200.0
2,27,10,433.63606400000003,330.161238,283.656673,2800.0,6600.0,4200.0
2,27,11,519.460842,396.428666,339.79769300000004,2800.0,6600.0,4200.0
2,27,12,554.166667,425.0,362.5,2800.0,6600.0,4200.0
2,27,13,443.39372499999996,338.306368,290.039504,2800.0,6600.0,4200.0
2,27,14,466.18803499999996,356.086918,304.95006800000004,2800.0,6600.0,4200.0
2,27,15,360.71693300000004,275.157956,235.957693,2800.0,6600.0,4200.0
2,27,16,298.204,227.297979,195.065775,2800.0,6600.0,4200.0
2,27,17,130.21363300000002,98.973168,85.177339,2800.0,6600.0,4200.0
2,27,18,-0.0,-0.0,-0.0,2800.0,6600.0,4200.0
2,27,19,0.0,0.0,0.0,2800.0,6600.0,4200.0
2,27,20,0.0,0.0,0.0,2800.0,6600.0,4200.0
2,27,21,0.0,0.0,0.0,2800.0,6600.0,4200.0
2,27,22,0.0,0.0,0.0,2800.0,6600.0,4200.0
2,27,23,0.0,0.0,0.0,2800.0,6600.0,4200.0
2,28,0,0.0,0.0,0.0,2800.0,6600.0,4200.0
2,28,1,0.0,0.0,0.0,2800.0,6600.0,4200.0
2,28,2,0.0,0.0,0.0,2800.0,6600.0,4200.0
2,28,3,0.0,0.0,0.0,2800.0,6600.0,4200.0
2,28,4,0.0,0.0,0.0,2800.0,6600.0,4200.0
2,28,5,0.0,0.0,0.0,2800.0,6600.0,4200.0
2,28,6,0.0,0.0,0.0,2800.0,6600.0,4200.0
2,28,7,-0.0,-0.0,-0.0,2800.0,6600.0,4200.0
2,28,8,125.32862,95.18622900000001,81.981879,2800.0,6600.0,4200.0
2,28,9,208.909079,158.902937,136.654811,2800.0,6600.0,4200.0
2,28,10,335.743626,256.00181,219.62177,2800.0,6600.0,4200.0
2,28,11,409.26232500000003,312.742208,267.71294900000004,2800.0,5195.505086201954,4200.0
2,28,12,521.477439,399.510379,341.116821,1136.8810555802274,1387.531996967994,1342.7729002916071
2,28,13,516.095648,395.49273800000003,337.596401,2145.5095856044995,2618.5353210133653,2534.066439690353
2,28,14,467.84726,358.376981,306.035426,2800.0,6600.0,4200.0
2,28,15,337.442764,257.91659,220.733237,2800.0,6600.0,4200.0
2,28,16,170.740869,130.302838,111.687636,2800.0,6600.0,4200.0
2,28,17,62.022102,47.364382,40.570849,2800.0,6600.0,4200.0
2,28,18,-0.0,-0.0,-0.0,2800.0,6600.0,4200.0
2,28,19,0.0,0.0,0.0,2800.0,6600.0,4200.0
2,28,20,0.0,0.0,0.0,2800.0,6600.0,4200.0
2,28,21,0.0,0.0,0.0,2800.0,6600.0,4200.0
2,28,22,0.0,0.0,0.0,2800.0,6600.0,4200.0
2,28,23,0.0,0.0,0.0,2800.0,6600.0,4200.0
3,1,0,0.0,0.0,0.0,2800.0,6600.0,4200.0
3,1,1,0.0,0.0,0.0,2800.0,6600.0,4200.0
3,1,2,0.0,0.0,0.0,2800.0,6600.0,4200.0
3,1,3,0.0,0.0,0.0,2800.0,6600.0,4200.0
3,1,4,0.0,0.0,0.0,2800.0,6600.0,4200.0
3,1,5,0.0,0.0,0.0,2800.0,6600.0,4200.0
3,1,6,0.0,0.0,0.0,2800.0,6600.0,4200.0
3,1,7,-0.0,-0.0,-0.0,2800.0,6600.0,4200.0
3,1,8,139.88031,106.06291,91.500654,2800.0,6600.0,4200.0
3,1,9,305.865887,232.473644,200.077686,2800.0,6600.0,4200.0
3,1,10,425.114831,323.853594,278.08263400000004,2800.0,6600.0,4200.0
3,1,11,507.020753,387.171847,331.660192,2800.0,6600.0,4200.0
3,1,12,545.436088,416.989282,356.78902,2800.0,6600.0,4200.0
3,1,13,533.38202,407.848255,348.904028,2800.0,6600.0,4200.0
3,1,14,489.601703,374.225176,320.265776,2800.0,6600.0,4200.0
3,1,15,408.672582,311.833995,267.327177,2800.0,6600.0,4200.0
3,1,16,294.180923,224.003574,192.434137,2800.0,6600.0,4200.0
3,1,17,127.207571,96.59110700000001,83.210968,2800.0,6600.0,4200.0
3,1,18,-0.0,-0.0,-0.0,2800.0,6600.0,4200.0
3,1,19,0.0,0.0,0.0,2800.0,6600.0,4200.0
3,1,20,0.0,0.0,0.0,2800.0,6600.0,4200.0
3,1,21,0.0,0.0,0.0,2800.0,6600.0,4200.0
3,1,22,0.0,0.0,0.0,2800.0,6600.0,4200.0
3,1,23,0.0,0.0,0.0,2800.0,6600.0,4200.0
3,2,0,0.0,0.0,0.0,2800.0,6600.0,4200.0
3,2,1,0.0,0.0,0.0,2800.0,6600.0,4200.0
3,2,2,0.0,0.0,0.0,2800.0,6600.0,4200.0
3,2,3,0.0,0.0,0.0,2800.0,6600.0,4200.0
3,2,4,0.0,0.0,0.0,2800.0,6600.0,4200.0
3,2,5,0.0,0.0,0.0,2800.0,6600.0,4200.0
3,2,6,0.0,0.0,0.0,2800.0,6600.0,4200.0
3,2,7,-0.0,-0.0,-0.0,2800.0,6600.0,4200.0
3,2,8,74.995717,56.885122,49.057349,2800.0,6600.0,4200.0
3,2,9,314.845523,239.356307,205.951583,2800.0,6600.0,4200.0
3,2,10,433.558395,330.426664,283.60586700000005,2800.0,6600.0,4200.0
3,2,11,513.073874,391.916788,335.619752,2800.0,6600.0,4200.0
3,2,12,552.52166,422.69165000000004,361.423943,2800.0,6600.0,4200.0
3,2,13,544.92212,416.853851,356.452816,2800.0,6600.0,4200.0
3,2,14,502.579978,384.132638,328.75532400000003,2800.0,6600.0,4200.0
3,2,15,417.905622,318.740723,273.36683500000004,2800.0,6600.0,4200.0
3,2,16,307.632365,234.150689,201.233201,2800.0,6600.0,4200.0
3,2,17,144.508396,109.662019,94.528049,2800.0,6600.0,4200.0
3,2,18,3.155993,2.399364,2.064447,2800.0,6600.0,4200.0
3,2,19,0.0,0.0,0.0,2800.0,6600.0,4200.0
3,2,20,0.0,0.0,0.0,2800.0,6600.0,4200.0
3,2,21,0.0,0.0,0.0,2800.0,6600.0,4200.0
3,2,22,0.0,0.0,0.0,2800.0,6600.0,4200.0
3,2,23,0.0,0.0,0.0,2800.0,6600.0,4200.0
3,3,0,0.0,0.0,0.0,2800.0,6600.0,4200.0
3,3,1,0.0,0.0,0.0,2800.0,6600.0,4200.0
3,3,2,0.0,0.0,0.0,2800.0,6600.0,4200.0
3,3,3,0.0,0.0,0.0,2800.0,6600.0,4200.0
3,3,4,0.0,0.0,0.0,2800.0,6600.0,4200.0
3,3,5,0.0,0.0,0.0,2800.0,6600.0,4200.0
3,3,6,0.0,0.0,0.0,2800.0,6600.0,4200.0
3,3,7,0.9368540000000001,0.708212,0.612829,2800.0,6600.0,4200.0
3,3,8,111.83054200000001,84.789722,73.15230899999999,2800.0,6600.0,4200.0
3,3,9,219.688582,166.68252600000002,143.706065,2800.0,6600.0,4200.0
3,3,10,335.843774,255.24959099999998,219.68728099999998,2800.0,6600.0,4200.0
3,3,11,402.65284,306.489748,263.389452,2800.0,6600.0,4200.0
3,3,12,409.178238,311.675359,267.657945,2800.0,6600.0,4200.0
3,3,13,422.894608,322.42659100000003,276.63030699999996,2800.0,6600.0,4200.0
3,3,14,349.713322,266.401571,228.759842,2800.0,6600.0,4200.0
3,3,15,366.179886,279.118343,239.531204,2800.0,6600.0,4200.0
3,3,16,287.472746,218.786093,188.04608199999998,2800.0,6600.0,4200.0
3,3,17,62.826260000000005,47.712334999999996,41.096877,2800.0,6600.0,4200.0
3,3,18,-0.0,-0.0,-0.0,2800.0,6600.0,4200.0
3,3,19,0.0,0.0,0.0,2800.0,6600.0,4200.0
3,3,20,0.0,0.0,0.0,2800.0,6600.0,4200.0
3,3,21,0.0,0.0,0.0,2800.0,6600.0,4200.0
3,3,22,0.0,0.0,0.0,2800.0,6600.0,4200.0
3,3,23,0.0,0.0,0.0,2800.0,6600.0,4200.0
3,4,0,0.0,0.0,0.0,2800.0,6600.0,4200.0
3,4,1,0.0,0.0,0.0,2800.0,6600.0,4200.0
3,4,2,0.0,0.0,0.0,2800.0,6600.0,4200.0
3,4,3,0.0,0.0,0.0,2800.0,6600.0,4200.0
3,4,4,0.0,0.0,0.0,2800.0,6600.0,4200.0
3,4,5,0.0,0.0,0.0,2800.0,6600.0,4200.0
3,4,6,0.0,0.0,0.0,2800.0,5195.505086201954,4200.0
3,4,7,-0.0,-0.0,-0.0,2800.0,5876.06920203001,4200.0
3,4,8,49.289721,37.587514999999996,32.242148,2800.0,6600.0,4200.0
3,4,9,34.355788000000004,26.246048,22.473335,2800.0,6600.0,4200.0
3,4,10,93.837125,71.626785,61.38218,2800.0,5277.537873988738,4200.0
3,4,11,174.466608,133.197246,114.124774,2800.0,6600.0,4200.0
3,4,12,268.741228,205.40395900000001,175.79313399999998,2800.0,6600.0,4200.0
3,4,13,124.27133,94.930156,81.290268,2800.0,6600.0,4200.0
3,4,14,66.143485,50.542697999999994,43.266791,2800.0,6600.0,4200.0
3,4,15,161.221033,123.055739,105.460375,2800.0,6600.0,4200.0
3,4,16,4.890885,3.759243,3.1993009999999997,2800.0,6600.0,4200.0
3,4,17,20.006379000000003,15.296792,13.086879999999999,2800.0,6600.0,4200.0
3,4,18,-0.0,-0.0,-0.0,2800.0,6600.0,4200.0
3,4,19,0.0,0.0,0.0,2800.0,6600.0,4200.0
3,4,20,0.0,0.0,0.0,2800.0,6600.0,4200.0
3,4,21,0.0,0.0,0.0,2800.0,6600.0,4200.0
3,4,22,0.0,0.0,0.0,2800.0,6600.0,4200.0
3,4,23,0.0,0.0,0.0,2800.0,6600.0,4200.0
3,5,0,0.0,0.0,0.0,2800.0,6600.0,4200.0
3,5,1,0.0,0.0,0.0,2800.0,6600.0,4200.0
3,5,2,0.0,0.0,0.0,2800.0,6600.0,4200.0
3,5,3,0.0,0.0,0.0,2800.0,6600.0,4200.0
3,5,4,0.0,0.0,0.0,2800.0,6600.0,4200.0
3,5,5,0.0,0.0,0.0,2800.0,6600.0,4200.0
3,5,6,0.0,0.0,0.0,2800.0,6600.0,4200.0
3,5,7,-0.0,-0.0,-0.0,2800.0,6600.0,4200.0
3,5,8,5.77321,4.399363999999999,3.776461,2800.0,6600.0,4200.0
3,5,9,19.230755000000002,14.628193999999999,12.579517,2800.0,6600.0,4200.0
3,5,10,42.792398999999996,32.522749,27.992021,2800.0,6600.0,4200.0
3,5,11,109.717517,83.291106,71.770105,2800.0,6600.0,4200.0
3,5,12,92.118545,69.972411,60.257996,2800.0,6600.0,4200.0
3,5,13,38.373126,29.169314,25.101218,2800.0,6600.0,4200.0
3,5,14,88.740865,67.37817299999999,58.048536,2800.0,6600.0,4200.0
3,5,15,47.610451,36.160737,31.143679,2800.0,6600.0,4200.0
3,5,16,40.73227,30.929003,26.644418,2800.0,6600.0,4200.0
3,5,17,11.986379999999999,9.113799,7.840714,2800.0,6600.0,4200.0
3,5,18,-0.0,-0.0,-0.0,2800.0,6600.0,4200.0
3,5,19,0.0,0.0,0.0,2800.0,6600.0,4200.0
3,5,20,0.0,0.0,0.0,2800.0,6600.0,4200.0
3,5,21,0.0,0.0,0.0,2800.0,6600.0,4200.0
3,5,22,0.0,0.0,0.0,2800.0,6600.0,4200.0
3,5,23,0.0,0.0,0.0,2800.0,6600.0,4200.0
3,6,0,0.0,0.0,0.0,2800.0,6600.0,4200.0
3,6,1,0.0,0.0,0.0,2800.0,6600.0,4200.0
3,6,2,0.0,0.0,0.0,2800.0,6600.0,4200.0
3,6,3,0.0,0.0,0.0,2800.0,6600.0,4200.0
3,6,4,0.0,0.0,0.0,2800.0,6600.0,4200.0
3,6,5,0.0,0.0,0.0,2800.0,6600.0,4200.0
3,6,6,0.0,0.0,0.0,2800.0,6600.0,4200.0
3,6,7,5.39614,4.096832,3.529806,2800.0,6600.0,4200.0
3,6,8,37.568237,28.504499,24.574711,2800.0,6600.0,4200.0
3,6,9,55.434398,42.060588,36.261599000000004,2800.0,6600.0,4200.0
3,6,10,98.02706500000001,74.349223,64.122967,2800.0,6600.0,4200.0
3,6,11,218.709547,166.16616399999998,143.06564300000002,2800.0,6600.0,4200.0
3,6,12,263.583068,200.48618599999998,172.418999,2800.0,6600.0,4200.0
3,6,13,312.210597,237.79041899999999,204.227984,2800.0,6600.0,4200.0
3,6,14,364.64097100000004,278.066266,238.52454500000002,2800.0,6600.0,4200.0
3,6,15,275.449905,209.629155,180.18151699999999,2800.0,6600.0,4200.0
3,6,16,144.27452100000002,109.587704,94.375062,2800.0,6600.0,4200.0
3,6,17,26.148436,19.876352999999998,17.104616,2800.0,6600.0,4200.0
3,6,18,-0.0,-0.0,-0.0,2800.0,6600.0,4200.0
3,6,19,0.0,0.0,0.0,2800.0,6600.0,4200.0
3,6,20,0.0,0.0,0.0,2800.0,6600.0,4200.0
3,6,21,0.0,0.0,0.0,2800.0,6600.0,4200.0
3,6,22,0.0,0.0,0.0,2800.0,6600.0,4200.0
3,6,23,0.0,0.0,0.0,2800.0,6600.0,4200.0
3,7,0,0.0,0.0,0.0,2800.0,6600.0,4200.0
3,7,1,0.0,0.0,0.0,2800.0,6600.0,4200.0
3,7,2,0.0,0.0,0.0,2800.0,6600.0,4200.0
3,7,3,0.0,0.0,0.0,2800.0,6600.0,4200.0
3,7,4,0.0,0.0,0.0,2800.0,6600.0,4200.0
3,7,5,0.0,0.0,0.0,2800.0,6600.0,4200.0
3,7,6,0.0,0.0,0.0,2800.0,6600.0,4200.0
3,7,7,8.825273,6.704732,5.772923,2800.0,6600.0,4200.0
3,7,8,29.908082,22.715172,19.563934,2800.0,6600.0,4200.0
3,7,9,58.709574999999994,44.574815,38.404008000000005,2800.0,6600.0,4200.0
3,7,10,84.530388,64.193838,55.294314,2800.0,6600.0,4200.0
3,7,11,191.547594,145.626274,125.298051,2800.0,6600.0,4200.0
3,7,12,252.151672,191.953123,164.94132000000002,2800.0,6600.0,4200.0
3,7,13,428.409725,327.323445,280.237941,2800.0,6600.0,4200.0
3,7,14,374.72128000000004,285.97508799999997,245.118432,2800.0,6600.0,4200.0
3,7,15,207.830271,158.10368,135.949125,2800.0,6600.0,4200.0
3,7,16,180.143106,137.00451500000003,117.83797100000001,2800.0,6600.0,4200.0
3,7,17,51.231327,38.897777000000005,33.512221,2800.0,6600.0,4200.0
3,7,18,0.088424,0.064201,0.057841000000000004,2800.0,6600.0,4200.0
3,7,19,0.0,0.0,0.0,2800.0,6600.0,4200.0
3,7,20,0.0,0.0,0.0,2800.0,6600.0,4200.0
3,7,21,0.0,0.0,0.0,2800.0,6600.0,4200.0
3,7,22,0.0,0.0,0.0,2800.0,6600.0,4200.0
3,7,23,0.0,0.0,0.0,2800.0,6600.0,4200.0
3,8,0,0.0,0.0,0.0,2800.0,6600.0,4200.0
3,8,1,0.0,0.0,0.0,2800.0,6600.0,4200.0
3,8,2,0.0,0.0,0.0,2800.0,6600.0,4200.0
3,8,3,0.0,0.0,0.0,2800.0,6600.0,4200.0
3,8,4,0.0,0.0,0.0,2800.0,6600.0,4200.0
3,8,5,0.0,0.0,0.0,2800.0,6600.0,4200.0
3,8,6,0.0,0.0,0.0,2800.0,6600.0,4200.0
3,8,7,-0.0,-0.0,-0.0,2800.0,6600.0,4200.0
3,8,8,81.313303,61.68396,53.189904999999996,2800.0,6600.0,4200.0
3,8,9,284.999473,216.728521,186.42822700000002,2800.0,6600.0,4200.0
3,8,10,363.16720000000004,276.754235,237.56049900000002,2800.0,6600.0,4200.0
3,8,11,403.792719,308.375749,264.135087,2800.0,6600.0,4200.0
3,8,12,293.519786,223.823669,192.001665,2800.0,6600.0,4200.0
3,8,13,209.540285,159.70608199999998,137.067705,2800.0,6600.0,4200.0
3,8,14,213.872554,162.95047200000002,139.90159500000001,2800.0,6600.0,4200.0
3,8,15,73.81408400000001,56.209053,48.284400999999995,2800.0,6600.0,4200.0
3,8,16,97.60088,74.304814,63.844184999999996,2800.0,6600.0,4200.0
3,8,17,36.956938,28.146809,24.174839,2800.0,6600.0,4200.0
3,8,18,-0.0,-0.0,-0.0,2800.0,6600.0,4200.0
3,8,19,0.0,0.0,0.0,2800.0,6600.0,4200.0
3,8,20,0.0,0.0,0.0,2800.0,6600.0,4200.0
3,8,21,0.0,0.0,0.0,2800.0,6600.0,4200.0
3,8,22,0.0,0.0,0.0,2800.0,6600.0,4200.0
3,8,23,0.0,0.0,0.0,2800.0,6600.0,4200.0
3,9,0,0.0,0.0,0.0,2800.0,6600.0,4200.0
3,9,1,0.0,0.0,0.0,2800.0,6600.0,4200.0
3,9,2,0.0,0.0,0.0,2800.0,6600.0,4200.0
3,9,3,0.0,0.0,0.0,2800.0,6600.0,4200.0
3,9,4,0.0,0.0,0.0,2800.0,6600.0,4200.0
3,9,5,0.0,0.0,0.0,2800.0,6600.0,4200.0
3,9,6,0.0,0.0,0.0,2800.0,6600.0,4200.0
3,9,7,-0.0,-0.0,-0.0,2800.0,6600.0,4200.0
3,9,8,25.411189999999998,19.332496,16.622357,2800.0,6600.0,4200.0
3,9,9,107.267463,81.54578500000001,70.16743799999999,2800.0,6600.0,4200.0
3,9,10,51.623084999999996,39.311439,33.768483999999994,2800.0,6600.0,4200.0
3,9,11,89.499266,68.180543,58.544633000000005,2800.0,6600.0,4200.0
3,9,12,92.787645,70.720882,60.695677,2800.0,6600.0,4200.0
3,9,13,190.4299,145.195179,124.56692699999999,2800.0,6600.0,4200.0
3,9,14,119.25887399999999,90.88755400000001,78.011444,2800.0,6600.0,4200.0
3,9,15,383.28414000000004,292.938488,250.71970000000002,2800.0,6600.0,4200.0
3,9,16,267.68181400000003,204.052269,175.100134,2800.0,6600.0,4200.0
3,9,17,124.843707,95.00372,81.66467999999999,2800.0,6600.0,4200.0
3,9,18,4.337242,3.3149,2.837143,2800.0,6600.0,4200.0
3,9,19,0.0,0.0,0.0,2800.0,6600.0,4200.0
3,9,20,0.0,0.0,0.0,2800.0,6600.0,4200.0
3,9,21,0.0,0.0,0.0,2800.0,6600.0,4200.0
3,9,22,0.0,0.0,0.0,2800.0,6600.0,4200.0
3,9,23,0.0,0.0,0.0,2800.0,6600.0,4200.0
3,10,0,0.0,0.0,0.0,2800.0,6600.0,4200.0
3,10,1,0.0,0.0,0.0,2800.0,6600.0,4200.0
3,10,2,0.0,0.0,0.0,2455.7891050857875,2997.2229235298983,2900.5383130934497
3,10,3,0.0,0.0,0.0,257.74098596133337,314.56577026776904,304.4184873559055
3,10,4,0.0,0.0,0.0,2800.0,6600.0,4200.0
3,10,5,0.0,0.0,0.0,2800.0,6600.0,4200.0
3,10,6,0.0,0.0,0.0,2800.0,6600.0,4200.0
3,10,7,-0.0,-0.0,-0.0,2800.0,6600.0,4200.0
3,10,8,4.215396,3.20781,2.75744,2800.0,6600.0,4200.0
3,10,9,18.144968000000002,13.796113,11.869264999999999,2800.0,6600.0,4200.0
3,10,10,25.752431,19.579551,16.845575,2800.0,6600.0,4200.0
3,10,11,59.386322,45.09248,38.846692000000004,2800.0,6600.0,4200.0
3,10,12,114.839227,87.187803,75.120396,2800.0,6600.0,4200.0
3,10,13,57.790199,43.902627,37.802612,2800.0,6600.0,4200.0
3,10,14,58.606584000000005,44.521026,38.336637,2800.0,6600.0,4200.0
3,10,15,34.161716999999996,25.973597,22.346387,2800.0,6600.0,4200.0
3,10,16,29.486335,22.413389,19.288054,2800.0,6600.0,4200.0
3,10,17,11.392213,8.668169,7.452049,2800.0,6600.0,4200.0
3,10,18,4.492808,3.419056,2.938904,2800.0,6600.0,4200.0
3,10,19,0.0,0.0,0.0,2800.0,6600.0,4200.0
3,10,20,0.0,0.0,0.0,2800.0,6600.0,4200.0
3,10,21,0.0,0.0,0.0,2800.0,6600.0,4200.0
3,10,22,0.0,0.0,0.0,2800.0,6600.0,4200.0
3,10,23,0.0,0.0,0.0,2800.0,6600.0,4200.0
3,11,0,0.0,0.0,0.0,2800.0,6600.0,4200.0
3,11,1,0.0,0.0,0.0,2800.0,6600.0,4200.0
3,11,2,0.0,0.0,0.0,2800.0,6600.0,4200.0
3,11,3,0.0,0.0,0.0,2800.0,6600.0,4200.0
3,11,4,0.0,0.0,0.0,2800.0,6600.0,4200.0
3,11,5,0.0,0.0,0.0,2800.0,6600.0,4200.0
3,11,6,0.0,0.0,0.0,2800.0,5360.429636038867,4200.0
3,11,7,15.261856,11.58813,9.983319,2800.0,6600.0,4200.0
3,11,8,177.065491,134.316166,115.824795,2800.0,6600.0,4200.0
3,11,9,342.615034,260.617049,224.116601,2800.0,6600.0,4200.0
3,11,10,458.26206099999996,349.622815,299.765409,2800.0,6600.0,4200.0
3,11,11,532.7944399999999,407.54893,348.51967099999996,2800.0,6600.0,4200.0
3,11,12,554.166667,425.0,362.5,2800.0,6600.0,4200.0
3,11,13,554.166667,425.0,362.5,2800.0,6600.0,4200.0
3,11,14,513.318794,392.983878,335.779963,2800.0,6600.0,4200.0
3,11,15,423.925041,324.100547,277.30435,2800.0,6600.0,4200.0
3,11,16,246.63432699999998,188.014041,161.33222899999998,2800.0,6600.0,4200.0
3,11,17,129.408298,98.47858500000001,84.650541,2800.0,6600.0,4200.0
3,11,18,5.515973,4.2076199999999995,3.6081930000000004,2800.0,6600.0,4200.0
3,11,19,0.0,0.0,0.0,2800.0,6600.0,4200.0
3,11,20,0.0,0.0,0.0,2800.0,6600.0,4200.0
3,11,21,0.0,0.0,0.0,2800.0,6600.0,4200.0
3,11,22,0.0,0.0,0.0,2800.0,6600.0,4200.0
3,11,23,0.0,0.0,0.0,2800.0,6600.0,4200.0
3,12,0,0.0,0.0,0.0,2800.0,6600.0,4200.0
3,12,1,0.0,0.0,0.0,2800.0,6600.0,4200.0
3,12,2,0.0,0.0,0.0,2800.0,6600.0,4200.0
3,12,3,0.0,0.0,0.0,2800.0,6600.0,4200.0
3,12,4,0.0,0.0,0.0,2800.0,6600.0,4200.0
3,12,5,0.0,0.0,0.0,2800.0,6600.0,4200.0
3,12,6,0.0,0.0,0.0,2800.0,6600.0,4200.0
3,12,7,18.420516,14.021614,12.049511,2800.0,6600.0,4200.0
3,12,8,173.626983,131.933793,113.575545,2800.0,6600.0,4200.0
3,12,9,333.7649,254.11377900000002,218.327416,2800.0,6600.0,4200.0
3,12,10,220.94608300000002,168.119859,144.528641,2800.0,6600.0,4200.0
3,12,11,208.646884,158.82482199999998,136.48329999999999,648.3361095823518,791.2763542146813,765.7513105303368
3,12,12,226.096566,172.125811,147.897754,2800.0,5876.06920203001,4200.0
3,12,13,224.03843799999999,170.63583300000002,146.551459,2800.0,6600.0,4200.0
3,12,14,519.0060030000001,396.702891,339.50016700000003,2800.0,6600.0,4200.0
3,12,15,299.017092,227.79262899999998,195.597646,2800.0,6600.0,4200.0
3,12,16,200.683323,152.706897,131.274053,2800.0,6600.0,4200.0
3,12,17,62.74687,47.734218999999996,41.044945,2800.0,6600.0,4200.0
3,12,18,9.178068999999999,6.999466999999999,6.003698999999999,2800.0,6600.0,4200.0
3,12,19,0.0,0.0,0.0,2800.0,6600.0,4200.0
3,12,20,0.0,0.0,0.0,2800.0,6600.0,4200.0
3,12,21,0.0,0.0,0.0,2800.0,6600.0,4200.0
3,12,22,0.0,0.0,0.0,2800.0,6600.0,4200.0
3,12,23,0.0,0.0,0.0,2800.0,6600.0,4200.0
3,13,0,0.0,0.0,0.0,2800.0,6600.0,4200.0
3,13,1,0.0,0.0,0.0,2800.0,6600.0,4200.0
3,13,2,0.0,0.0,0.0,2800.0,6600.0,4200.0
3,13,3,0.0,0.0,0.0,2800.0,6600.0,4200.0
3,13,4,0.0,0.0,0.0,2800.0,6600.0,4200.0
3,13,5,0.0,0.0,0.0,2800.0,6600.0,4200.0
3,13,6,0.0,0.0,0.0,2800.0,6600.0,4200.0
3,13,7,2.631469,1.998103,1.721337,2800.0,6600.0,4200.0
3,13,8,29.361622,22.288717000000002,19.206474999999998,2800.0,6600.0,4200.0
3,13,9,75.723981,57.459777,49.533732,2800.0,6600.0,4200.0
3,13,10,183.043416,139.150566,119.735167,2800.0,6600.0,4200.0
3,13,11,218.188316,166.142449,142.724688,2800.0,6600.0,4200.0
3,13,12,288.735764,220.24081099999998,188.872266,2800.0,6600.0,4200.0
3,13,13,365.533062,279.31178000000006,239.108093,2800.0,6600.0,4200.0
3,13,14,332.82292099999995,254.028704,217.711234,2800.0,6600.0,4200.0
3,13,15,412.591599,315.346948,269.890745,2800.0,6600.0,4200.0
3,13,16,173.91954,132.299036,113.766917,2800.0,6600.0,4200.0
3,13,17,119.47696400000001,90.832041,78.154104,2800.0,6600.0,4200.0
3,13,18,6.008917,4.579461,3.930645,2800.0,6600.0,4200.0
3,13,19,0.0,0.0,0.0,2800.0,6600.0,4200.0
3,13,20,0.0,0.0,0.0,2800.0,6600.0,4200.0
3,13,21,0.0,0.0,0.0,2800.0,6600.0,4200.0
3,13,22,0.0,0.0,0.0,2800.0,6600.0,4200.0
3,13,23,0.0,0.0,0.0,2800.0,6600.0,4200.0
3,14,0,0.0,0.0,0.0,2800.0,6600.0,4200.0
3,14,1,0.0,0.0,0.0,2800.0,6600.0,4200.0
3,14,2,0.0,0.0,0.0,2800.0,6600.0,4200.0
3,14,3,0.0,0.0,0.0,2800.0,6600.0,4200.0
3,14,4,0.0,0.0,0.0,2800.0,6600.0,4200.0
3,14,5,0.0,0.0,0.0,2800.0,6600.0,4200.0
3,14,6,0.0,0.0,0.0,2800.0,6600.0,4200.0
3,14,7,8.18422,6.221721,5.353587,2800.0,6600.0,4200.0
3,14,8,88.94160000000001,67.45532899999999,58.179843,2800.0,6600.0,4200.0
3,14,9,178.74069699999998,135.640701,116.920606,2800.0,6600.0,4200.0
3,14,10,285.084289,216.693671,186.483708,2800.0,6600.0,4200.0
3,14,11,339.457668,258.42508,222.051256,2800.0,6600.0,4200.0
3,14,12,337.13305099999997,256.723533,220.530643,2800.0,6600.0,4200.0
3,14,13,362.62531,276.15017800000004,237.20603,2800.0,6600.0,4200.0
3,14,14,354.887437,270.337975,232.14441399999998,2800.0,6600.0,4200.0
3,14,15,229.58032,174.71659400000001,150.1766,2800.0,6600.0,4200.0
3,14,16,176.73263500000002,134.424329,115.607062,2800.0,6600.0,4200.0
3,14,17,116.55839999999999,88.569307,76.244969,2800.0,6600.0,4200.0
3,14,18,7.895905,6.015356,5.164991,2800.0,6600.0,4200.0
3,14,19,0.0,0.0,0.0,2800.0,6600.0,4200.0
3,14,20,0.0,0.0,0.0,2800.0,6600.0,4200.0
3,14,21,0.0,0.0,0.0,2800.0,5528.8079782263085,4200.0
3,14,22,0.0,0.0,0.0,2597.435303258585,3170.098204764415,3067.83697235266
3,14,23,0.0,0.0,0.0,1437.3238044186396,1754.214092007001,1697.6265406519365
3,15,0,0.0,0.0,0.0,1003.7965929387176,1225.1060779960724,1185.5865270929733
3,15,1,0.0,0.0,0.0,1109.377075854021,1353.9641476958525,1310.287884866954
3,15,2,0.0,0.0,0.0,2103.4419801044355,2567.192967843996,2484.3802914619314
3,15,3,0.0,0.0,0.0,2800.0,4954.515830178791,4200.0
3,15,4,0.0,0.0,0.0,2800.0,6600.0,4200.0
3,15,5,0.0,0.0,0.0,2800.0,6600.0,4200.0
3,15,6,0.0,0.0,0.0,2800.0,6600.0,4200.0
3,15,7,-0.0,-0.0,-0.0,2800.0,6600.0,4200.0
3,15,8,32.827282,24.926868,21.473485,2800.0,6600.0,4200.0
3,15,9,16.95453,12.89397,11.090557,2800.0,6600.0,4200.0
3,15,10,207.498791,157.68197899999998,135.73229199999997,2800.0,6600.0,4200.0
3,15,11,131.104299,99.668034,85.759955,2800.0,6600.0,4200.0
3,15,12,82.270678,62.582945,53.816158,2800.0,6600.0,4200.0
3,15,13,89.14116899999999,67.86569,58.310389,2800.0,6600.0,4200.0
3,15,14,46.543907,35.449332999999996,30.446013999999998,2800.0,6600.0,4200.0
3,15,15,17.459289000000002,13.317233,11.420738,2800.0,6600.0,4200.0
3,15,16,27.273653999999997,20.773991000000002,17.840661,2800.0,6600.0,4200.0
3,15,17,3.015347,2.304052,1.972445,2800.0,6600.0,4200.0
3,15,18,7.263164,5.538275,4.751092,2800.0,6600.0,4200.0
3,15,19,0.0,0.0,0.0,2800.0,6600.0,4200.0
3,15,20,0.0,0.0,0.0,2800.0,6600.0,4200.0
3,15,21,0.0,0.0,0.0,2800.0,6600.0,4200.0
3,15,22,0.0,0.0,0.0,2800.0,6600.0,4200.0
3,15,23,0.0,0.0,0.0,2800.0,6600.0,4200.0
3,16,0,0.0,0.0,0.0,2800.0,6600.0,4200.0
3,16,1,0.0,0.0,0.0,2800.0,6600.0,4200.0
3,16,2,0.0,0.0,0.0,2800.0,6600.0,4200.0
3,16,3,0.0,0.0,0.0,2800.0,6600.0,4200.0
3,16,4,0.0,0.0,0.0,2800.0,6600.0,4200.0
3,16,5,0.0,0.0,0.0,2800.0,6600.0,4200.0
3,16,6,0.0,0.0,0.0,2800.0,6600.0,4200.0
3,16,7,27.834587,21.142361,18.207587,2800.0,6600.0,4200.0
3,16,8,175.031742,132.956525,114.494447,2800.0,6600.0,4200.0
3,16,9,327.494603,249.71157300000002,214.225793,2800.0,6600.0,4200.0
3,16,10,430.939018,329.779898,281.89244,2800.0,6600.0,4200.0
3,16,11,506.483075,388.65708,331.308478,2800.0,6600.0,4200.0
3,16,12,542.6839259999999,416.972022,354.988733,2800.0,6600.0,4200.0
3,16,13,535.253279,411.320839,350.128085,2800.0,6600.0,4200.0
3,16,14,490.670537,376.651758,320.964938,2800.0,6600.0,4200.0
3,16,15,324.36938799999996,248.190182,212.181479,2800.0,6600.0,4200.0
3,16,16,295.350398,225.872037,193.199133,2800.0,6600.0,4200.0
3,16,17,49.479144,37.765397,32.366056,2800.0,6600.0,4200.0
3,16,18,3.581031,2.745963,2.342479,2800.0,6600.0,4200.0
3,16,19,0.0,0.0,0.0,2800.0,6600.0,4200.0
3,16,20,0.0,0.0,0.0,2800.0,6600.0,4200.0
3,16,21,0.0,0.0,0.0,2800.0,6600.0,4200.0
3,16,22,0.0,0.0,0.0,2800.0,6600.0,4200.0
3,16,23,0.0,0.0,0.0,2800.0,6600.0,4200.0
3,17,0,0.0,0.0,0.0,2800.0,6600.0,4200.0
3,17,1,0.0,0.0,0.0,2800.0,6600.0,4200.0
3,17,2,0.0,0.0,0.0,2800.0,6600.0,4200.0
3,17,3,0.0,0.0,0.0,2800.0,6600.0,4200.0
3,17,4,0.0,0.0,0.0,2800.0,6600.0,4200.0
3,17,5,0.0,0.0,0.0,2800.0,6600.0,4200.0
3,17,6,0.0,0.0,0.0,2800.0,6600.0,4200.0
3,17,7,27.258958,20.768727,17.831048,2800.0,6600.0,4200.0
3,17,8,115.39083900000001,87.815948,75.48122599999999,2800.0,6600.0,4200.0
3,17,9,195.22334400000003,148.78552100000002,127.702488,2800.0,6600.0,4200.0
3,17,10,314.25944599999997,240.095484,205.568209,2800.0,6600.0,4200.0
3,17,11,419.914555,321.57957799999997,274.68095,2800.0,6600.0,4200.0
3,17,12,460.501652,353.389458,301.23040399999996,2800.0,6600.0,4200.0
3,17,13,430.01655999999997,329.94619900000004,281.289028,2800.0,6600.0,4200.0
3,17,14,383.54561700000005,294.222729,250.890742,2800.0,6600.0,4200.0
3,17,15,282.90383,216.756329,185.05739300000002,2800.0,6600.0,4200.0
3,17,16,188.66286300000002,144.389047,123.411046,2800.0,6600.0,4200.0
3,17,17,108.495231,83.011838,70.970564,2800.0,6600.0,4200.0
3,17,18,9.06844,6.984122,5.931987,2800.0,6600.0,4200.0
3,17,19,0.0,0.0,0.0,2800.0,6600.0,4200.0
3,17,20,0.0,0.0,0.0,2800.0,6600.0,4200.0
3,17,21,0.0,0.0,0.0,2800.0,6600.0,4200.0
3,17,22,0.0,0.0,0.0,2800.0,6600.0,4200.0
3,17,23,0.0,0.0,0.0,2800.0,6600.0,4200.0
3,18,0,0.0,0.0,0.0,2800.0,6600.0,4200.0
3,18,1,0.0,0.0,0.0,2800.0,6600.0,4200.0
3,18,2,0.0,0.0,0.0,2800.0,6600.0,4200.0
3,18,3,0.0,0.0,0.0,2800.0,6600.0,4200.0
3,18,4,0.0,0.0,0.0,2800.0,6600.0,4200.0
3,18,5,0.0,0.0,0.0,2800.0,6600.0,4200.0
3,18,6,0.0,0.0,0.0,2800.0,6600.0,4200.0
3,18,7,18.257463,13.939974,11.942852,2800.0,6600.0,4200.0
3,18,8,109.79846099999999,83.68907,71.823053,2800.0,6600.0,4200.0
3,18,9,286.069576,218.694202,187.128219,2800.0,6600.0,4200.0
3,18,10,287.07428600000003,219.59065900000002,187.785435,2800.0,6600.0,4200.0
3,18,11,51.151241,39.098867,33.459834,2800.0,6600.0,4200.0
3,18,12,43.167872,33.024247,28.23763,2800.0,6600.0,4200.0
3,18,13,187.686569,143.38738,122.772417,2800.0,6600.0,4200.0
3,18,14,47.913951999999995,36.624722,31.342209,2800.0,6600.0,4200.0
3,18,15,290.893795,222.34007300000002,190.283911,2800.0,6600.0,4200.0
3,18,16,129.684328,98.881451,84.831102,2800.0,6600.0,4200.0
3,18,17,143.21973300000002,109.177848,93.685089,2800.0,6600.0,4200.0
3,18,18,16.717166000000002,12.761626,10.935289000000001,2800.0,6600.0,4200.0
3,18,19,0.0,0.0,0.0,2800.0,6600.0,4200.0
3,18,20,0.0,0.0,0.0,2800.0,6600.0,4200.0
3,18,21,0.0,0.0,0.0,2800.0,6600.0,4200.0
3,18,22,0.0,0.0,0.0,2800.0,6600.0,4200.0
3,18,23,0.0,0.0,0.0,2800.0,6600.0,4200.0
3,19,0,0.0,0.0,0.0,2800.0,6600.0,4200.0
3,19,1,0.0,0.0,0.0,2800.0,6600.0,4200.0
3,19,2,0.0,0.0,0.0,2800.0,6600.0,4200.0
3,19,3,0.0,0.0,0.0,2800.0,6600.0,4200.0
3,19,4,0.0,0.0,0.0,2800.0,6600.0,4200.0
3,19,5,0.0,0.0,0.0,2800.0,6600.0,4200.0
3,19,6,0.0,0.0,0.0,2800.0,6600.0,4200.0
3,19,7,35.965301,27.325275,23.526173999999997,2800.0,6600.0,4200.0
3,19,8,188.684502,143.429863,123.4252,2800.0,6600.0,4200.0
3,19,9,340.633149,259.929707,222.82018,2800.0,6600.0,4200.0
3,19,10,394.905581,302.18675,258.321696,2800.0,6600.0,4200.0
3,19,11,517.4649469999999,397.482488,338.49210800000003,2800.0,6600.0,4200.0
3,19,12,551.6357240000001,424.338013,360.84442099999995,2800.0,6600.0,4200.0
3,19,13,547.597157,421.26718900000003,358.202651,2800.0,6600.0,4200.0
3,19,14,507.234197,389.62969699999996,331.79981300000003,2800.0,6600.0,4200.0
3,19,15,411.096767,314.974333,268.91292200000004,2800.0,6600.0,4200.0
3,19,16,232.946205,177.82403200000002,152.378345,2800.0,6600.0,4200.0
3,19,17,95.357154,72.66105400000001,62.376484,2800.0,6600.0,4200.0
3,19,18,11.774829,8.988262,7.702332,2800.0,6600.0,4200.0
3,19,19,0.0,0.0,0.0,2800.0,6600.0,4200.0
3,19,20,0.0,0.0,0.0,2800.0,6600.0,4200.0
3,19,21,0.0,0.0,0.0,2800.0,6600.0,4200.0
3,19,22,0.0,0.0,0.0,2800.0,6600.0,4200.0
3,19,23,0.0,0.0,0.0,2800.0,6600.0,4200.0
3,20,0,0.0,0.0,0.0,2800.0,6600.0,4200.0
3,20,1,0.0,0.0,0.0,2800.0,6600.0,4200.0
3,20,2,0.0,0.0,0.0,2800.0,6600.0,4200.0
3,20,3,0.0,0.0,0.0,2800.0,6600.0,4200.0
3,20,4,0.0,0.0,0.0,2800.0,6600.0,4200.0
3,20,5,0.0,0.0,0.0,2800.0,6600.0,4200.0
3,20,6,0.0,0.0,0.0,2800.0,6600.0,4200.0
3,20,7,7.994721999999999,6.094067,5.22963,2800.0,6600.0,4200.0
3,20,8,43.392735,33.011803,28.384721000000003,2800.0,6600.0,4200.0
3,20,9,39.610211,30.154098,25.910439,2800.0,6600.0,4200.0
3,20,10,326.976304,249.124659,213.886755,2800.0,6600.0,4200.0
3,20,11,197.789131,150.737933,129.38086,2800.0,6600.0,4200.0
3,20,12,197.79665100000003,150.89837,129.38577899999999,2800.0,6600.0,4200.0
3,20,13,265.967827,203.232341,173.978954,2800.0,6600.0,4200.0
3,20,14,258.175798,197.36652299999997,168.881913,2800.0,6600.0,4200.0
3,20,15,228.047682,174.389604,149.174047,2800.0,6600.0,4200.0
3,20,16,158.916348,121.44577000000001,103.952799,2800.0,6600.0,4200.0
3,20,17,126.02344500000001,96.292463,82.43638899999999,2800.0,6600.0,4200.0
3,20,18,13.877386,10.642022,9.077689,2800.0,6600.0,4200.0
3,20,19,0.0,0.0,0.0,2800.0,6600.0,4200.0
3,20,20,0.0,0.0,0.0,2800.0,6600.0,4200.0
3,20,21,0.0,0.0,0.0,2800.0,6600.0,4200.0
3,20,22,0.0,0.0,0.0,2800.0,6600.0,4200.0
3,20,23,0.0,0.0,0.0,2800.0,6600.0,4200.0
3,21,0,0.0,0.0,0.0,2800.0,6600.0,4200.0
3,21,1,0.0,0.0,0.0,2800.0,6600.0,4200.0
3,21,2,0.0,0.0,0.0,2800.0,6600.0,4200.0
3,21,3,0.0,0.0,0.0,2800.0,6600.0,4200.0
3,21,4,0.0,0.0,0.0,2800.0,6600.0,4200.0
3,21,5,0.0,0.0,0.0,2800.0,6600.0,4200.0
3,21,6,0.0,0.0,0.0,2800.0,6600.0,4200.0
3,21,7,15.999609,12.251176,10.46591,2800.0,6600.0,4200.0
3,21,8,50.31776,38.457164,32.914625,2800.0,6600.0,4200.0
3,21,9,159.311971,121.89621700000001,104.21159,2800.0,6600.0,4200.0
3,21,10,266.270256,204.307425,174.17678400000003,2800.0,6600.0,4200.0
3,21,11,380.752586,293.058184,249.063722,2800.0,6600.0,4200.0
3,21,12,487.307881,376.153069,318.765305,2800.0,6600.0,4200.0
3,21,13,410.74672499999997,316.40267800000004,268.683948,2800.0,6600.0,4200.0
3,21,14,373.348463,287.316828,244.220423,2800.0,6600.0,4200.0
3,21,15,237.688354,182.44313,155.480352,2800.0,6600.0,4200.0
3,21,16,218.515238,167.62669200000002,142.938539,2800.0,6600.0,4200.0
3,21,17,121.482236,92.966019,79.465823,2800.0,6600.0,4200.0
3,21,18,15.109102,11.576988,9.883398,2800.0,6600.0,4200.0
3,21,19,0.0,0.0,0.0,2800.0,6600.0,4200.0
3,21,20,0.0,0.0,0.0,2800.0,6600.0,4200.0
3,21,21,0.0,0.0,0.0,2800.0,6600.0,4200.0
3,21,22,0.0,0.0,0.0,2800.0,6600.0,4200.0
3,21,23,0.0,0.0,0.0,2800.0,6600.0,4200.0
3,22,0,0.0,0.0,0.0,2800.0,6600.0,4200.0
3,22,1,0.0,0.0,0.0,2800.0,6600.0,4200.0
3,22,2,0.0,0.0,0.0,2800.0,6600.0,4200.0
3,22,3,0.0,0.0,0.0,2800.0,6600.0,4200.0
3,22,4,0.0,0.0,0.0,2800.0,6600.0,4200.0
3,22,5,0.0,0.0,0.0,2800.0,6600.0,4200.0
3,22,6,0.0,0.0,0.0,2800.0,6600.0,4200.0
3,22,7,12.209712999999999,9.318327,7.986805,2800.0,6600.0,4200.0
3,22,8,98.428224,74.891248,64.385379,2800.0,6600.0,4200.0
3,22,9,246.34786,187.730997,161.14484099999999,2800.0,6600.0,4200.0
3,22,10,270.64200400000004,206.49649499999998,177.03649900000002,2800.0,6600.0,4200.0
3,22,11,208.342581,159.03220499999998,136.284245,2800.0,6600.0,4200.0
3,22,12,224.789405,171.83791399999998,147.04269399999998,2800.0,6600.0,4200.0
3,22,13,351.588776,269.779273,229.98664300000002,2800.0,6600.0,4200.0
3,22,14,381.272833,293.202147,249.40403400000002,2800.0,6600.0,4200.0
3,22,15,226.85747700000002,173.856517,148.395492,2800.0,6600.0,4200.0
3,22,16,45.528913,34.853413999999994,29.782071,2800.0,6600.0,4200.0
3,22,17,46.623315000000005,35.667683,30.497957999999997,2800.0,6600.0,4200.0
3,22,18,1.77773,1.3790820000000001,1.162876,2800.0,6600.0,4200.0
3,22,19,0.0,0.0,0.0,2800.0,6600.0,4200.0
3,22,20,0.0,0.0,0.0,2800.0,6600.0,4200.0
3,22,21,0.0,0.0,0.0,2800.0,6600.0,4200.0
3,22,22,0.0,0.0,0.0,2800.0,6600.0,4200.0
3,22,23,0.0,0.0,0.0,2800.0,6600.0,4200.0
3,23,0,0.0,0.0,0.0,2800.0,6600.0,4200.0
3,23,1,0.0,0.0,0.0,2800.0,6600.0,4200.0
3,23,2,0.0,0.0,0.0,2800.0,6600.0,4200.0
3,23,3,0.0,0.0,0.0,2800.0,6600.0,4200.0
3,23,4,0.0,0.0,0.0,2800.0,6600.0,4200.0
3,23,5,0.0,0.0,0.0,2800.0,6600.0,4200.0
3,23,6,0.0,0.0,0.0,2800.0,6600.0,4200.0
3,23,7,28.200757000000003,21.580658,18.447112,2800.0,6600.0,4200.0
3,23,8,161.879154,123.68596400000001,105.890875,2800.0,6600.0,4200.0
3,23,9,313.37817700000005,239.846454,204.99174,2800.0,6600.0,4200.0
3,23,10,185.689984,142.00202,121.466381,2800.0,6600.0,4200.0
3,23,11,402.390397,308.467429,263.217779,2800.0,6600.0,4200.0
3,23,12,549.195611,422.42882299999997,359.24825699999997,2800.0,6600.0,4200.0
3,23,13,543.671468,418.218517,355.63471999999996,2800.0,6600.0,4200.0
3,23,14,502.55853,386.093874,328.741294,2800.0,6600.0,4200.0
3,23,15,341.64090000000004,261.60931700000003,223.479386,2800.0,6600.0,4200.0
3,23,16,266.61408,203.866694,174.401692,2800.0,6600.0,4200.0
3,23,17,82.52141499999999,62.976481,53.980174,2800.0,6600.0,4200.0
3,23,18,12.486046,9.546441000000002,8.167564,2800.0,6600.0,4200.0
3,23,19,0.0,0.0,0.0,2800.0,6600.0,4200.0
3,23,20,0.0,0.0,0.0,2800.0,6600.0,4200.0
3,23,21,0.0,0.0,0.0,2800.0,6600.0,4200.0
3,23,22,0.0,0.0,0.0,507.4383148650858,619.3144787723488,599.3365923603375
3,23,23,0.0,0.0,0.0,2800.0,6145.847517348083,4200.0
3,24,0,0.0,0.0,0.0,2800.0,6600.0,4200.0
3,24,1,0.0,0.0,0.0,2800.0,6600.0,4200.0
3,24,2,0.0,0.0,0.0,2800.0,6600.0,4200.0
3,24,3,0.0,0.0,0.0,2800.0,6600.0,4200.0
3,24,4,0.0,0.0,0.0,2800.0,6600.0,4200.0
3,24,5,0.0,0.0,0.0,2800.0,6600.0,4200.0
3,24,6,0.0,0.0,0.0,2800.0,6600.0,4200.0
3,24,7,-0.0,-0.0,-0.0,2800.0,6600.0,4200.0
3,24,8,20.615206999999998,15.663045,13.485135,2800.0,6600.0,4200.0
3,24,9,73.97884699999999,56.109902000000005,48.392178,2800.0,6600.0,4200.0
3,24,10,86.980583,65.99815799999999,56.897073,2800.0,6600.0,4200.0
3,24,11,191.952404,145.773635,125.562851,2800.0,6600.0,4200.0
3,24,12,287.707597,218.86586,188.199706,2800.0,6600.0,4200.0
3,24,13,554.166667,425.0,362.5,2800.0,6600.0,4200.0
3,24,14,531.92858,406.89266499999997,347.953282,2800.0,6600.0,4200.0
3,24,15,182.912841,139.012631,119.649753,2800.0,6600.0,4200.0
3,24,16,138.156057,104.92080499999999,90.372759,2800.0,6600.0,4200.0
3,24,17,58.424133000000005,44.372339999999994,38.21729,2800.0,6600.0,4200.0
3,24,18,16.546373,12.577251,10.823566999999999,2800.0,6600.0,4200.0
3,24,19,0.0,0.0,0.0,2800.0,6600.0,4200.0
3,24,20,0.0,0.0,0.0,2800.0,6600.0,4200.0
3,24,21,0.0,0.0,0.0,2800.0,6600.0,4200.0
3,24,22,0.0,0.0,0.0,2800.0,6600.0,4200.0
3,24,23,0.0,0.0,0.0,2800.0,6600.0,4200.0
3,25,0,0.0,0.0,0.0,2800.0,6600.0,4200.0
3,25,1,0.0,0.0,0.0,2800.0,6600.0,4200.0
3,25,2,0.0,0.0,0.0,2800.0,6600.0,4200.0
3,25,3,0.0,0.0,0.0,107.29111938509163,130.9458543676315,126.72179454932082
3,25,4,0.0,0.0,0.0,2409.744269793466,2941.0264710077745,2846.1546493623623
3,25,5,0.0,0.0,0.0,2800.0,6600.0,4200.0
3,25,6,0.0,0.0,0.0,2800.0,6600.0,4200.0
3,25,7,3.549023,2.696107,2.321542,2800.0,6600.0,4200.0
3,25,8,42.883622,32.544383,28.051693,2800.0,6600.0,4200.0
3,25,9,130.785549,99.27871,85.55144899999999,2800.0,6600.0,4200.0
3,25,10,313.72805200000005,238.890674,205.220605,2800.0,6600.0,4200.0
3,25,11,294.173981,223.97757199999998,192.429597,2800.0,6600.0,4200.0
3,25,12,554.166667,425.0,362.5,2800.0,6600.0,4200.0
3,25,13,554.166667,425.0,362.5,2800.0,6600.0,4200.0
3,25,14,516.153551,395.268565,337.634278,2800.0,6600.0,4200.0
3,25,15,438.206992,334.78047499999997,286.646679,2800.0,6600.0,4200.0
3,25,16,323.227447,246.15062400000002,211.43449600000002,2800.0,6600.0,4200.0
3,25,17,59.915746,45.510966,39.193006000000004,2800.0,6600.0,4200.0
3,25,18,14.530237,11.046957,9.504742,2800.0,6600.0,4200.0
3,25,19,0.0,0.0,0.0,2800.0,6600.0,4200.0
3,25,20,0.0,0.0,0.0,2800.0,6600.0,4200.0
3,25,21,0.0,0.0,0.0,2800.0,6600.0,4200.0
3,25,22,0.0,0.0,0.0,2800.0,6600.0,4200.0
3,25,23,0.0,0.0,0.0,2800.0,6600.0,4200.0
3,26,0,0.0,0.0,0.0,2800.0,6600.0,4200.0
3,26,1,0.0,0.0,0.0,2800.0,6600.0,4200.0
3,26,2,0.0,0.0,0.0,2800.0,6600.0,4200.0
3,26,3,0.0,0.0,0.0,2800.0,6600.0,4200.0
3,26,4,0.0,0.0,0.0,2800.0,6600.0,4200.0
3,26,5,0.0,0.0,0.0,2800.0,6600.0,4200.0
3,26,6,0.0,0.0,0.0,2800.0,6600.0,4200.0
3,26,7,52.724767,39.988416,34.489133,2800.0,6600.0,4200.0
3,26,8,211.174709,160.1919,138.13684,2800.0,6600.0,4200.0
3,26,9,358.708837,272.611081,234.644126,2800.0,6600.0,4200.0
3,26,10,427.25733299999996,325.212223,279.48412,2800.0,6600.0,4200.0
3,26,11,444.349071,338.349223,290.66443,2800.0,6600.0,4200.0
3,26,12,426.608151,324.908859,279.059467,2800.0,6600.0,4200.0
3,26,13,454.050106,346.176861,297.010219,2800.0,6600.0,4200.0
3,26,14,322.395268,245.17857800000002,210.890138,2800.0,6600.0,4200.0
3,26,15,230.527033,175.10792999999998,150.79587899999999,2800.0,6600.0,4200.0
3,26,16,126.490011,95.973624,82.741586,2800.0,6600.0,4200.0
3,26,17,69.23520500000001,52.522902,45.289195,2800.0,6600.0,4200.0
3,26,18,7.97855,6.069666,5.219051,2800.0,6600.0,4200.0
3,26,19,0.0,0.0,0.0,2800.0,6600.0,4200.0
3,26,20,0.0,0.0,0.0,2800.0,6600.0,4200.0
3,26,21,0.0,0.0,0.0,2800.0,6600.0,4200.0
3,26,22,0.0,0.0,0.0,2800.0,6600.0,4200.0
3,26,23,0.0,0.0,0.0,2800.0,6600.0,4200.0
3,27,0,0.0,0.0,0.0,2800.0,6600.0,4200.0
3,27,1,0.0,0.0,0.0,2800.0,6600.0,4200.0
3,27,2,0.0,0.0,0.0,2800.0,6600.0,4200.0
3,27,3,0.0,0.0,0.0,2800.0,6600.0,4200.0
3,27,4,0.0,0.0,0.0,2800.0,6600.0,4200.0
3,27,5,0.0,0.0,0.0,2800.0,6600.0,4200.0
3,27,6,0.0,0.0,0.0,2800.0,6600.0,4200.0
3,27,7,59.947769,45.417303999999994,39.213954,2800.0,6600.0,4200.0
3,27,8,229.498323,174.041345,150.122963,2800.0,6600.0,4200.0
3,27,9,385.732573,293.25392999999997,252.321307,2800.0,6600.0,4200.0
3,27,10,497.805968,379.454406,325.632475,2800.0,6600.0,4200.0
3,27,11,554.166667,425.0,362.5,2800.0,6600.0,4200.0
3,27,12,554.166667,425.0,362.5,2800.0,6600.0,4200.0
3,27,13,540.9079690000001,413.588439,353.827017,2800.0,6600.0,4200.0
3,27,14,539.837795,412.75089,353.126979,2800.0,6600.0,4200.0
3,27,15,452.554049,345.35386200000005,296.03159600000004,2800.0,6600.0,4200.0
3,27,16,324.258133,246.77668599999998,212.108704,2800.0,6600.0,4200.0
3,27,17,153.853481,116.775696,100.640999,2800.0,6600.0,4200.0
3,27,18,21.442396000000002,16.29272,14.026228999999999,2800.0,6600.0,4200.0
3,27,19,0.0,0.0,0.0,2800.0,6600.0,4200.0
3,27,20,0.0,0.0,0.0,2800.0,6600.0,4200.0
3,27,21,0.0,0.0,0.0,2800.0,6600.0,4200.0
3,27,22,0.0,0.0,0.0,2800.0,6600.0,4200.0
3,27,23,0.0,0.0,0.0,2800.0,6600.0,4200.0
3,28,0,0.0,0.0,0.0,2800.0,6600.0,4200.0
3,28,1,0.0,0.0,0.0,2800.0,6600.0,4200.0
3,28,2,0.0,0.0,0.0,2800.0,6600.0,4200.0
3,28,3,0.0,0.0,0.0,2800.0,6600.0,4200.0
3,28,4,0.0,0.0,0.0,2800.0,6600.0,4200.0
3,28,5,0.0,0.0,0.0,2800.0,6600.0,4200.0
3,28,6,0.0,0.0,0.0,2800.0,6600.0,4200.0
3,28,7,61.21743,46.427853999999996,40.044484,2800.0,6600.0,4200.0
3,28,8,157.01701300000002,119.109292,102.710377,2800.0,6600.0,4200.0
3,28,9,343.96138,261.89205799999996,224.99729399999998,2800.0,6600.0,4200.0
3,28,10,480.347392,367.221851,314.21220400000004,2800.0,6600.0,4200.0
3,28,11,547.080019,419.50255200000004,357.864373,2800.0,6600.0,4200.0
3,28,12,554.166667,425.0,362.5,2800.0,6600.0,4200.0
3,28,13,554.166667,425.0,362.5,2800.0,6600.0,4200.0
3,28,14,532.214698,408.13270400000005,348.140441,2800.0,6600.0,4200.0
3,28,15,454.719676,347.807413,297.44820899999996,2800.0,6600.0,4200.0
3,28,16,332.150109,253.237364,217.27112400000001,2800.0,6600.0,4200.0
3,28,17,183.540256,139.537019,120.060167,2800.0,6600.0,4200.0
3,28,18,32.014279,24.328489,20.941671,2800.0,6600.0,4200.0
3,28,19,0.0,0.0,0.0,2800.0,6600.0,4200.0
3,28,20,0.0,0.0,0.0,2800.0,6600.0,4200.0
3,28,21,0.0,0.0,0.0,2800.0,6600.0,4200.0
3,28,22,0.0,0.0,0.0,2800.0,6600.0,4200.0
3,28,23,0.0,0.0,0.0,2800.0,6600.0,4200.0
3,29,0,0.0,0.0,0.0,2800.0,6600.0,4200.0
3,29,1,0.0,0.0,0.0,2800.0,6600.0,4200.0
3,29,2,0.0,0.0,0.0,2800.0,6600.0,4200.0
3,29,3,0.0,0.0,0.0,2800.0,6600.0,4200.0
3,29,4,0.0,0.0,0.0,2800.0,6600.0,4200.0
3,29,5,0.0,0.0,0.0,2800.0,6600.0,4200.0
3,29,6,0.0,0.0,0.0,2800.0,6600.0,4200.0
3,29,7,-0.0,-0.0,-0.0,2800.0,6600.0,4200.0
3,29,8,22.767615000000003,17.307071,14.893101,2800.0,6600.0,4200.0
3,29,9,112.313284,85.363314,73.46808800000001,2800.0,6600.0,4200.0
3,29,10,324.457087,247.472073,212.23884700000002,2800.0,6600.0,4200.0
3,29,11,302.17998700000004,230.52256500000001,197.666608,2800.0,6600.0,4200.0
3,29,12,554.166667,425.0,362.5,2800.0,6600.0,4200.0
3,29,13,540.336281,415.218371,353.453056,2800.0,6600.0,4200.0
3,29,14,463.894654,355.588075,303.449886,2800.0,6600.0,4200.0
3,29,15,306.80161,234.132691,200.689775,2800.0,6600.0,4200.0
3,29,16,178.21812,135.678273,116.57877,2800.0,6600.0,4200.0
3,29,17,123.710387,94.12370299999999,80.92333599999999,2800.0,6600.0,4200.0
3,29,18,20.124087,15.320057,13.163876,2800.0,6600.0,4200.0
3,29,19,0.0,0.0,0.0,2800.0,6600.0,4200.0
3,29,20,0.0,0.0,0.0,2800.0,6600.0,4200.0
3,29,21,0.0,0.0,0.0,2800.0,6600.0,4200.0
3,29,22,0.0,0.0,0.0,2800.0,6600.0,4200.0
3,29,23,0.0,0.0,0.0,2800.0,6600.0,4200.0
3,30,0,0.0,0.0,0.0,2800.0,6600.0,4200.0
3,30,1,0.0,0.0,0.0,2800.0,6600.0,4200.0
3,30,2,0.0,0.0,0.0,2800.0,6600.0,4200.0
3,30,3,0.0,0.0,0.0,2800.0,6600.0,4200.0
3,30,4,0.0,0.0,0.0,2800.0,6600.0,4200.0
3,30,5,0.0,0.0,0.0,2800.0,6600.0,4200.0
3,30,6,0.0,0.0,0.0,2800.0,6600.0,4200.0
3,30,7,2.492014,1.8961430000000001,1.630114,2800.0,6600.0,4200.0
3,30,8,93.998508,71.30644199999999,61.487746,2800.0,6600.0,4200.0
3,30,9,261.762741,198.911597,171.22825899999998,2800.0,6600.0,4200.0
3,30,10,469.159494,357.89123700000005,306.893805,2800.0,6600.0,4200.0
3,30,11,542.3366550000001,414.689469,354.761571,2800.0,6600.0,4200.0
3,30,12,554.166667,425.0,362.5,2800.0,6600.0,4200.0
3,30,13,554.166667,425.0,362.5,2800.0,6600.0,4200.0
3,30,14,527.7298440000001,404.34107,345.20673999999997,2800.0,6600.0,4200.0
3,30,15,445.251342,340.625624,291.254637,2800.0,6600.0,4200.0
3,30,16,331.476186,252.895995,216.830287,2800.0,6600.0,4200.0
3,30,17,178.33202799999998,135.741886,116.653281,2800.0,6600.0,4200.0
3,30,18,32.840593,24.972258999999998,21.482193,2800.0,6600.0,4200.0
3,30,19,0.0,0.0,0.0,2800.0,6600.0,4200.0
3,30,20,0.0,0.0,0.0,2800.0,6600.0,4200.0
3,30,21,0.0,0.0,0.0,2800.0,6600.0,4200.0
3,30,22,0.0,0.0,0.0,2800.0,6600.0,4200.0
3,30,23,0.0,0.0,0.0,2800.0,6600.0,4200.0
3,31,0,0.0,0.0,0.0,2800.0,6600.0,4200.0
3,31,1,0.0,0.0,0.0,2800.0,6600.0,4200.0
3,31,2,0.0,0.0,0.0,2800.0,6600.0,4200.0
3,31,3,0.0,0.0,0.0,2800.0,6600.0,4200.0
3,31,4,0.0,0.0,0.0,2800.0,6600.0,4200.0
3,31,5,0.0,0.0,0.0,2800.0,6600.0,4200.0
3,31,6,0.0,0.0,0.0,2800.0,6600.0,4200.0
3,31,7,58.154934000000004,44.172398,38.041197999999994,2800.0,6600.0,4200.0
3,31,8,193.796201,147.467396,126.768944,2800.0,6600.0,4200.0
3,31,9,318.688203,243.258772,208.465216,2800.0,6600.0,4200.0
3,31,10,419.33988400000004,321.27269,274.305037,2800.0,6600.0,4200.0
3,31,11,460.77770799999996,353.846864,301.410982,2800.0,6600.0,4200.0
3,31,12,456.038186,350.36432900000005,298.310693,2800.0,6600.0,4200.0
3,31,13,461.88731800000005,355.030534,302.136817,2800.0,6600.0,4200.0
3,31,14,432.444005,331.863419,282.876905,2800.0,6600.0,4200.0
3,31,15,313.998246,240.083355,205.397349,2800.0,6600.0,4200.0
3,31,16,272.789348,208.223744,178.44115299999999,2800.0,6600.0,4200.0
3,31,17,115.16619,87.674664,75.33427499999999,2800.0,6600.0,4200.0
3,31,18,33.57821499999999,25.546049,21.964697,2800.0,6600.0,4200.0
3,31,19,0.0,0.0,0.0,2800.0,6600.0,4200.0
3,31,20,0.0,0.0,0.0,2800.0,6600.0,4200.0
3,31,21,0.0,0.0,0.0,2800.0,6600.0,4200.0
3,31,22,0.0,0.0,0.0,2800.0,6600.0,4200.0
3,31,23,0.0,0.0,0.0,2800.0,6600.0,4200.0
4,1,0,0.0,0.0,0.0,2800.0,6600.0,4200.0
4,1,1,0.0,0.0,0.0,2800.0,6600.0,4200.0
4,1,2,0.0,0.0,0.0,2800.0,6600.0,4200.0
4,1,3,0.0,0.0,0.0,2800.0,6600.0,4200.0
4,1,4,0.0,0.0,0.0,2800.0,6600.0,4200.0
4,1,5,0.0,0.0,0.0,2800.0,6600.0,4200.0
4,1,6,0.0,0.0,0.0,2800.0,6600.0,4200.0
4,1,7,30.803124,23.524775,20.149412,2800.0,6600.0,4200.0
4,1,8,140.428441,107.099942,91.859206,2800.0,6600.0,4200.0
4,1,9,87.07267999999999,66.53106600000001,56.957317,2800.0,6600.0,4200.0
4,1,10,382.32858799999997,293.017567,250.09464000000003,2800.0,6600.0,4200.0
4,1,11,335.347152,257.25410999999997,219.362423,2800.0,6600.0,4200.0
4,1,12,387.56766999999996,297.702489,253.52170900000002,2800.0,6600.0,4200.0
4,1,13,376.52479100000005,289.330066,246.298172,2800.0,6600.0,4200.0
4,1,14,344.92064600000003,265.07604,225.624783,2800.0,6600.0,4200.0
4,1,15,289.38139399999994,222.139264,189.29459599999998,2800.0,6600.0,4200.0
4,1,16,310.503518,238.33076300000002,203.111324,2800.0,6600.0,4200.0
4,1,17,167.25403500000002,128.046422,109.406775,2800.0,6600.0,4200.0
4,1,18,31.198989,23.923026,20.408361,2800.0,6600.0,4200.0
4,1,19,0.0,0.0,0.0,2800.0,6600.0,4200.0
4,1,20,0.0,0.0,0.0,2800.0,6600.0,4200.0
4,1,21,0.0,0.0,0.0,2800.0,6600.0,4200.0
4,1,22,0.0,0.0,0.0,2800.0,6600.0,4200.0
4,1,23,0.0,0.0,0.0,2800.0,6600.0,4200.0
4,2,0,0.0,0.0,0.0,2800.0,6600.0,4200.0
4,2,1,0.0,0.0,0.0,2502.4167786610287,3054.130714113854,2955.610368497278
4,2,2,0.0,0.0,0.0,1136.8810555802274,1387.531996967994,1342.7729002916071
4,2,3,0.0,0.0,0.0,1712.6043126696648,2090.186365856677,2022.7609992161392
4,2,4,0.0,0.0,0.0,2800.0,4721.09628485135,4200.0
4,2,5,0.0,0.0,0.0,2800.0,6600.0,4200.0
4,2,6,-0.0,-0.0,-0.0,2800.0,6600.0,4200.0
4,2,7,66.364007,50.637001,43.411042,2800.0,6600.0,4200.0
4,2,8,217.93776300000002,166.44919000000002,142.56079300000002,2800.0,6600.0,4200.0
4,2,9,353.636055,270.880286,231.325841,2800.0,6600.0,4200.0
4,2,10,445.843156,342.46331599999996,291.641764,2800.0,6600.0,4200.0
4,2,11,514.450483,396.233347,336.520241,2800.0,6600.0,4200.0
4,2,12,542.358022,418.201774,354.775548,2800.0,6600.0,4200.0
4,2,13,535.119288,412.646738,350.040437,2800.0,6600.0,4200.0
4,2,14,493.811339,380.149888,323.019447,2800.0,6600.0,4200.0
4,2,15,414.5007,318.612782,271.13955599999997,2800.0,6600.0,4200.0
4,2,16,306.219138,234.927851,200.30875899999998,2800.0,6600.0,4200.0
4,2,17,165.348489,126.606972,108.16028999999999,2800.0,6600.0,4200.0
4,2,18,32.378133,24.812725999999998,21.179681000000002,2800.0,6600.0,4200.0
4,2,19,0.0,0.0,0.0,2800.0,6600.0,4200.0
4,2,20,0.0,0.0,0.0,2800.0,6600.0,4200.0
4,2,21,0.0,0.0,0.0,2800.0,6600.0,4200.0
4,2,22,0.0,0.0,0.0,2800.0,6600.0,4200.0
4,2,23,0.0,0.0,0.0,2800.0,6600.0,4200.0
4,3,0,0.0,0.0,0.0,2800.0,6600.0,4200.0
4,3,1,0.0,0.0,0.0,2800.0,6600.0,4200.0
4,3,2,0.0,0.0,0.0,2800.0,6600.0,4200.0
4,3,3,0.0,0.0,0.0,2800.0,6600.0,4200.0
4,3,4,0.0,0.0,0.0,2800.0,6600.0,4200.0
4,3,5,0.0,0.0,0.0,2800.0,6600.0,4200.0
4,3,6,-0.0,-0.0,-0.0,2800.0,6600.0,4200.0
4,3,7,16.288701,12.491564,10.655014999999999,2800.0,6600.0,4200.0
4,3,8,126.841184,96.998147,82.97130100000001,2800.0,6600.0,4200.0
4,3,9,296.341801,227.090831,193.847644,2800.0,6600.0,4200.0
4,3,10,431.245994,331.501555,282.093244,2800.0,6600.0,4200.0
4,3,11,494.28900799999997,380.90976,323.331908,2800.0,6600.0,4200.0
4,3,12,521.2618219999999,402.242061,340.975779,2800.0,6600.0,4200.0
4,3,13,507.34241,391.406749,331.87059899999997,2800.0,6600.0,4200.0
4,3,14,468.49571299999997,360.99663400000003,306.459602,2800.0,6600.0,4200.0
4,3,15,395.66166499999997,304.228342,258.816277,2800.0,6600.0,4200.0
4,3,16,287.79249599999997,220.795432,188.255242,2800.0,6600.0,4200.0
4,3,17,121.49981600000001,93.039573,79.477323,2800.0,6600.0,4200.0
4,3,18,8.898389,6.859334,5.82075,2800.0,6600.0,4200.0
4,3,19,0.0,0.0,0.0,2800.0,6600.0,4200.0
4,3,20,0.0,0.0,0.0,2800.0,6600.0,4200.0
4,3,21,0.0,0.0,0.0,2800.0,6600.0,4200.0
4,3,22,0.0,0.0,0.0,2800.0,6600.0,4200.0
4,3,23,0.0,0.0,0.0,2800.0,6600.0,4200.0
4,4,0,0.0,0.0,0.0,2800.0,6600.0,4200.0
4,4,1,0.0,0.0,0.0,2800.0,6600.0,4200.0
4,4,2,0.0,0.0,0.0,2800.0,6600.0,4200.0
4,4,3,0.0,0.0,0.0,2800.0,6600.0,4200.0
4,4,4,0.0,0.0,0.0,2800.0,6600.0,4200.0
4,4,5,0.0,0.0,0.0,1862.5318241810248,2273.168761795739,2199.840737221683
4,4,6,-0.0,-0.0,-0.0,2020.963642713616,2466.530430083547,2386.964932338916
4,4,7,17.892683,13.719712,11.704236000000002,2800.0,6600.0,4200.0
4,4,8,50.376367,38.550108,32.952962,2800.0,6600.0,4200.0
4,4,9,38.470572999999995,29.473167,25.164960999999998,2800.0,6600.0,4200.0
4,4,10,56.223284,43.066904,36.777637000000006,2800.0,6600.0,4200.0
4,4,11,144.966445,111.03728100000001,94.827674,2800.0,6600.0,4200.0
4,4,12,93.999897,72.02153200000001,61.488654000000004,2800.0,6600.0,4200.0
4,4,13,22.206339,17.067923999999998,14.525951,2800.0,6600.0,4200.0
4,4,14,50.391314,38.625716,32.96274,2800.0,6600.0,4200.0
4,4,15,40.527808,31.079368,26.510671,2800.0,6600.0,4200.0
4,4,16,84.071955,64.346855,54.994437,2800.0,6600.0,4200.0
4,4,17,53.023665,40.610033,34.684653,2800.0,6600.0,4200.0
4,4,18,15.704398999999999,12.061217000000001,10.272802,2800.0,6600.0,4200.0
4,4,19,0.0,0.0,0.0,2800.0,6600.0,4200.0
4,4,20,0.0,0.0,0.0,2800.0,6600.0,4200.0
4,4,21,0.0,0.0,0.0,2800.0,6600.0,4200.0
4,4,22,0.0,0.0,0.0,2800.0,6600.0,4200.0
4,4,23,0.0,0.0,0.0,2800.0,6600.0,4200.0
4,5,0,0.0,0.0,0.0,2800.0,6600.0,4200.0
4,5,1,0.0,0.0,0.0,2800.0,6600.0,4200.0
4,5,2,0.0,0.0,0.0,2800.0,6600.0,4200.0
4,5,3,0.0,0.0,0.0,2800.0,6600.0,4200.0
4,5,4,0.0,0.0,0.0,2800.0,6600.0,4200.0
4,5,5,0.0,0.0,0.0,2800.0,6600.0,4200.0
4,5,6,-0.0,-0.0,-0.0,2800.0,6600.0,4200.0
4,5,7,0.929816,0.705767,0.608226,2800.0,6600.0,4200.0
4,5,8,22.868031,17.370849999999997,14.958787000000001,2800.0,6600.0,4200.0
4,5,9,53.803472,40.816108,35.194753,2800.0,6600.0,4200.0
4,5,10,109.66462399999999,83.21065300000001,71.735506,2800.0,6600.0,4200.0
4,5,11,155.120519,117.75422,101.46981299999999,2800.0,6600.0,4200.0
4,5,12,152.753948,116.01833599999999,99.92175599999999,2800.0,6600.0,4200.0
4,5,13,149.66935,113.682211,97.904011,2800.0,6600.0,4200.0
4,5,14,137.21353200000001,104.275239,89.75622,2800.0,6600.0,4200.0
4,5,15,167.954969,127.59837399999999,109.865281,2800.0,6600.0,4200.0
4,5,16,71.601045,54.387115,46.836774,2800.0,6600.0,4200.0
4,5,17,34.786595999999996,26.438097000000003,22.755142,2800.0,6600.0,4200.0
4,5,18,17.12298,13.014822,11.200745999999999,2800.0,6600.0,4200.0
4,5,19,0.0,0.0,0.0,2800.0,6600.0,4200.0
4,5,20,0.0,0.0,0.0,2800.0,6600.0,4200.0
4,5,21,0.0,0.0,0.0,2800.0,6600.0,4200.0
4,5,22,0.0,0.0,0.0,2800.0,6600.0,4200.0
4,5,23,0.0,0.0,0.0,2800.0,6600.0,4200.0
4,6,0,0.0,0.0,0.0,2800.0,6600.0,4200.0
4,6,1,0.0,0.0,0.0,2800.0,6600.0,4200.0
4,6,2,0.0,0.0,0.0,2800.0,6600.0,4200.0
4,6,3,0.0,0.0,0.0,2800.0,6600.0,4200.0
4,6,4,0.0,0.0,0.0,2800.0,6600.0,4200.0
4,6,5,0.0,0.0,0.0,2800.0,6600.0,4200.0
4,6,6,-0.0,-0.0,-0.0,2800.0,6600.0,4200.0
4,6,7,28.043223,21.286233,18.344063,2800.0,6600.0,4200.0
4,6,8,64.14634,48.658806,41.960388,2800.0,6600.0,4200.0
4,6,9,125.563521,95.20505899999999,82.13553599999999,2800.0,6600.0,4200.0
4,6,10,324.91924800000004,246.755469,212.541162,2800.0,6600.0,4200.0
4,6,11,314.367431,238.917509,205.638846,2800.0,6600.0,4200.0
4,6,12,334.429869,254.343694,218.762395,2800.0,6600.0,4200.0
4,6,13,231.446849,175.950675,151.397563,2800.0,6600.0,4200.0
4,6,14,147.32868100000002,111.999977,96.372896,2800.0,6600.0,4200.0
4,6,15,143.717512,109.302527,94.010704,2800.0,6600.0,4200.0
4,6,16,57.948392,44.085913,37.906091,2800.0,6600.0,4200.0
4,6,17,1.934024,1.480585,1.2651130000000002,2800.0,5876.06920203001,4200.0
4,6,18,0.282051,0.216862,0.1845,2800.0,6600.0,4200.0
4,6,19,0.0,0.0,0.0,2800.0,6600.0,4200.0
4,6,20,0.0,0.0,0.0,2800.0,6600.0,4200.0
4,6,21,0.0,0.0,0.0,2800.0,6600.0,4200.0
4,6,22,0.0,0.0,0.0,2800.0,6600.0,4200.0
4,6,23,0.0,0.0,0.0,2800.0,6600.0,4200.0
4,7,0,0.0,0.0,0.0,2800.0,6600.0,4200.0
4,7,1,0.0,0.0,0.0,2800.0,6600.0,4200.0
4,7,2,0.0,0.0,0.0,2800.0,6600.0,4200.0
4,7,3,0.0,0.0,0.0,2800.0,6600.0,4200.0
4,7,4,0.0,0.0,0.0,2800.0,6600.0,4200.0
4,7,5,0.0,0.0,0.0,2800.0,6600.0,4200.0
4,7,6,-0.0,-0.0,-0.0,2800.0,6600.0,4200.0
4,7,7,72.647818,55.105866999999996,47.521505,2800.0,6600.0,4200.0
4,7,8,209.25211199999998,158.84806400000002,136.879201,2800.0,6600.0,4200.0
4,7,9,38.058891,28.936169999999997,24.895666000000002,2800.0,6600.0,4200.0
4,7,10,67.147866,51.042839,43.923792,2800.0,6600.0,4200.0
4,7,11,74.462168,56.632134,48.708336,2800.0,6600.0,4200.0
4,7,12,82.44434299999999,62.741962,53.929758,2800.0,6600.0,4200.0
4,7,13,88.713764,67.56400199999999,58.030808,2800.0,6600.0,4200.0
4,7,14,75.27031699999999,57.334814,49.236974000000004,2800.0,6600.0,4200.0
4,7,15,63.063828,48.011250999999994,41.252278,2800.0,6600.0,4200.0
4,7,16,287.86244400000004,219.582712,188.300997,2800.0,6600.0,4200.0
4,7,17,156.84966500000002,119.275877,102.600909,2800.0,6600.0,4200.0
4,7,18,35.692493999999996,27.144311000000002,23.347721,2800.0,6600.0,4200.0
4,7,19,0.0,0.0,0.0,2800.0,6600.0,4200.0
4,7,20,0.0,0.0,0.0,2800.0,6600.0,4200.0
4,7,21,0.0,0.0,0.0,2800.0,6600.0,4200.0
4,7,22,0.0,0.0,0.0,2800.0,6600.0,4200.0
4,7,23,0.0,0.0,0.0,2800.0,6600.0,4200.0
4,8,0,0.0,0.0,0.0,2800.0,6600.0,4200.0
4,8,1,0.0,0.0,0.0,2800.0,6600.0,4200.0
4,8,2,0.0,0.0,0.0,2800.0,6600.0,4200.0
4,8,3,0.0,0.0,0.0,2800.0,6600.0,4200.0
4,8,4,0.0,0.0,0.0,2800.0,6600.0,4200.0
4,8,5,0.0,0.0,0.0,2800.0,6600.0,4200.0
4,8,6,-0.0,-0.0,-0.0,2800.0,6600.0,4200.0
4,8,7,0.407614,0.307647,0.266635,2800.0,6600.0,4200.0
4,8,8,63.011862,47.836388,41.218286,2800.0,6600.0,4200.0
4,8,9,67.103011,50.964403,43.894451000000004,2800.0,6600.0,4200.0
4,8,10,75.99258599999999,57.740093,49.709436000000004,2800.0,6600.0,4200.0
4,8,11,79.337225,60.307797,51.897282,2800.0,6600.0,4200.0
4,8,12,92.77899099999999,70.547484,60.690017,2800.0,6600.0,4200.0
4,8,13,106.38865700000001,80.920354,69.59258,2800.0,6600.0,4200.0
4,8,14,83.849016,63.809691,54.848605000000006,2800.0,6600.0,4200.0
4,8,15,53.115117,40.421559,34.744475,2800.0,6600.0,4200.0
4,8,16,36.769343,27.984376,24.052127,2800.0,6600.0,4200.0
4,8,17,14.591508,11.118334,9.544821,2800.0,6600.0,4200.0
4,8,18,41.304578,31.400472,27.018784,2800.0,6600.0,4200.0
4,8,19,0.0,0.0,0.0,2800.0,6600.0,4200.0
4,8,20,0.0,0.0,0.0,2800.0,6600.0,4200.0
4,8,21,0.0,0.0,0.0,2800.0,6600.0,4200.0
4,8,22,0.0,0.0,0.0,2800.0,6600.0,4200.0
4,8,23,0.0,0.0,0.0,2800.0,6600.0,4200.0
4,9,0,0.0,0.0,0.0,2800.0,6600.0,4200.0
4,9,1,0.0,0.0,0.0,2800.0,6600.0,4200.0
4,9,2,0.0,0.0,0.0,2800.0,6600.0,4200.0
4,9,3,0.0,0.0,0.0,2800.0,6600.0,4200.0
4,9,4,0.0,0.0,0.0,2800.0,6600.0,4200.0
4,9,5,0.0,0.0,0.0,2800.0,6600.0,4200.0
4,9,6,0.565057,0.425022,0.369623,2800.0,6600.0,4200.0
4,9,7,10.348102999999998,7.864834,6.7690600000000005,2800.0,6600.0,4200.0
4,9,8,29.74807,22.589061,19.459263999999997,2800.0,6600.0,4200.0
4,9,9,71.45221099999999,54.243256,46.739416,2800.0,6600.0,4200.0
4,9,10,270.38819900000004,205.680748,176.870476,2800.0,6600.0,4200.0
4,9,11,481.74431,367.853078,315.12597700000003,2800.0,6600.0,4200.0
4,9,12,554.166667,425.0,362.5,2800.0,6600.0,4200.0
4,9,13,422.39858899999996,322.730142,276.305844,2800.0,6600.0,4200.0
4,9,14,531.590444,407.235614,347.73209499999996,2800.0,6600.0,4200.0
4,9,15,450.514665,344.550892,294.697563,2800.0,6600.0,4200.0
4,9,16,338.037198,257.893544,221.122077,2800.0,6600.0,4200.0
4,9,17,187.715597,142.925098,122.79140600000001,2800.0,6600.0,4200.0
4,9,18,42.676497000000005,32.477154,27.916205,2800.0,6600.0,4200.0
4,9,19,0.0,0.0,0.0,2800.0,6600.0,4200.0
4,9,20,0.0,0.0,0.0,2800.0,6600.0,4200.0
4,9,21,0.0,0.0,0.0,2800.0,6600.0,4200.0
4,9,22,0.0,0.0,0.0,2800.0,6600.0,4200.0
4,9,23,0.0,0.0,0.0,2800.0,6600.0,4200.0
4,10,0,0.0,0.0,0.0,2800.0,6600.0,4200.0
4,10,1,0.0,0.0,0.0,2800.0,6600.0,4200.0
4,10,2,0.0,0.0,0.0,2800.0,6600.0,4200.0
4,10,3,0.0,0.0,0.0,2800.0,6600.0,4200.0
4,10,4,0.0,0.0,0.0,2800.0,6600.0,4200.0
4,10,5,0.0,0.0,0.0,2800.0,6600.0,4200.0
4,10,6,2.059201,1.562673,1.346996,2800.0,6600.0,4200.0
4,10,7,96.327701,73.066619,63.011353,2800.0,6600.0,4200.0
4,10,8,266.377266,202.54715299999998,174.246783,2800.0,6600.0,4200.0
4,10,9,405.753614,309.593012,265.417777,2800.0,6600.0,4200.0
4,10,10,508.306484,389.16153,332.501234,2800.0,6600.0,4200.0
4,10,11,554.166667,425.0,362.5,2800.0,6600.0,4200.0
4,10,12,554.166667,425.0,362.5,2800.0,6600.0,4200.0
4,10,13,554.166667,425.0,362.5,2800.0,6600.0,4200.0
4,10,14,534.873185,411.403283,349.879452,2800.0,6600.0,4200.0
4,10,15,452.778705,347.681915,296.17855099999997,2800.0,5277.537873988738,4200.0
4,10,16,341.526141,261.60533300000003,223.404318,2800.0,4276.483153260508,4138.532083800491
4,10,17,191.567554,146.35695,125.311107,2800.0,3794.137041985159,3671.7455245017663
4,10,18,42.536753,32.448594,27.824794,2800.0,4875.874201202505,4200.0
4,10,19,0.0,0.0,0.0,2800.0,5700.675903358588,4200.0
4,10,20,0.0,0.0,0.0,2800.0,6600.0,4200.0
4,10,21,0.0,0.0,0.0,2800.0,6600.0,4200.0
4,10,22,0.0,0.0,0.0,2800.0,6600.0,4200.0
4,10,23,0.0,0.0,0.0,2800.0,6600.0,4200.0
4,11,0,0.0,0.0,0.0,2800.0,6600.0,4200.0
4,11,1,0.0,0.0,0.0,2800.0,6600.0,4200.0
4,11,2,0.0,0.0,0.0,2800.0,6600.0,4200.0
4,11,3,0.0,0.0,0.0,2800.0,6600.0,4200.0
4,11,4,0.0,0.0,0.0,2800.0,6600.0,4200.0
4,11,5,0.0,0.0,0.0,2800.0,6600.0,4200.0
4,11,6,1.9930530000000002,1.518155,1.3037260000000002,2800.0,6600.0,4200.0
4,11,7,92.755605,70.54229099999999,60.674718999999996,2800.0,6600.0,4200.0
4,11,8,249.408653,190.47780799999998,163.14701399999998,2800.0,6600.0,4200.0
4,11,9,378.846087,290.58781400000004,247.81661300000002,2800.0,6600.0,4200.0
4,11,10,471.68045400000005,362.883225,308.542854,2800.0,6600.0,4200.0
4,11,11,530.092806,408.978044,346.752437,2800.0,6600.0,4200.0
4,11,12,554.166667,425.0,362.5,2800.0,6600.0,4200.0
4,11,13,542.874301,419.207185,355.113265,2800.0,6600.0,4200.0
4,11,14,499.018374,384.699357,326.42555300000004,2800.0,6600.0,4200.0
4,11,15,416.913004,320.693848,272.71752899999996,2800.0,6600.0,4200.0
4,11,16,307.30255200000005,235.77624,201.017459,2800.0,6600.0,4200.0
4,11,17,166.860443,127.705529,109.14931200000001,2800.0,6600.0,4200.0
4,11,18,40.45254,30.930715,26.461436000000003,2800.0,6600.0,4200.0
4,11,19,0.0,0.0,0.0,2800.0,6600.0,4200.0
4,11,20,0.0,0.0,0.0,2800.0,6600.0,4200.0
4,11,21,0.0,0.0,0.0,2800.0,6600.0,4200.0
4,11,22,0.0,0.0,0.0,2800.0,6600.0,4200.0
4,11,23,0.0,0.0,0.0,2800.0,6600.0,4200.0
4,12,0,0.0,0.0,0.0,2800.0,6600.0,4200.0
4,12,1,0.0,0.0,0.0,2800.0,6600.0,4200.0
4,12,2,0.0,0.0,0.0,2800.0,6600.0,4200.0
4,12,3,0.0,0.0,0.0,2800.0,6600.0,4200.0
4,12,4,0.0,0.0,0.0,2800.0,6600.0,4200.0
4,12,5,0.0,0.0,0.0,2800.0,6600.0,4200.0
4,12,6,1.633674,1.245865,1.068644,2800.0,6600.0,4200.0
4,12,7,94.67675100000001,71.991542,61.931409,2800.0,6600.0,4200.0
4,12,8,256.463946,195.496171,167.76213,2800.0,6600.0,4200.0
4,12,9,389.780044,298.259115,254.96890100000002,2800.0,6600.0,4200.0
4,12,10,486.98501600000003,373.681281,318.554108,2800.0,6600.0,4200.0
4,12,11,552.7181840000001,424.801491,361.55249599999996,2800.0,6600.0,4200.0
4,12,12,554.166667,425.0,362.5,2800.0,6600.0,4200.0
4,12,13,554.166667,425.0,362.5,2800.0,6600.0,4200.0
4,12,14,530.744039,407.49064899999996,347.178432,2800.0,6600.0,4200.0
4,12,15,452.161289,346.411733,295.774678,2800.0,6600.0,4200.0
4,12,16,341.450738,260.974676,223.354994,2800.0,6600.0,4200.0
4,12,17,192.385202,146.670288,125.84595900000001,2800.0,6600.0,4200.0
4,12,18,44.074486,33.588362000000004,28.830679,2800.0,6600.0,4200.0
4,12,19,0.0,0.0,0.0,2800.0,6600.0,4200.0
4,12,20,0.0,0.0,0.0,2800.0,6600.0,4200.0
4,12,21,0.0,0.0,0.0,2800.0,6600.0,4200.0
4,12,22,0.0,0.0,0.0,2800.0,6600.0,4200.0
4,12,23,0.0,0.0,0.0,2800.0,6600.0,4200.0
4,13,0,0.0,0.0,0.0,2800.0,6600.0,4200.0
4,13,1,0.0,0.0,0.0,2800.0,6600.0,4200.0
4,13,2,0.0,0.0,0.0,2800.0,6600.0,4200.0
4,13,3,0.0,0.0,0.0,2800.0,6600.0,4200.0
4,13,4,0.0,0.0,0.0,2800.0,6600.0,4200.0
4,13,5,0.0,0.0,0.0,2800.0,6600.0,4200.0
4,13,6,2.5750509999999998,1.961566,1.684432,2800.0,6600.0,4200.0
4,13,7,97.31600900000001,73.93576700000001,63.657841,2800.0,6600.0,4200.0
4,13,8,255.61812400000002,194.79969699999998,167.208848,2800.0,6600.0,4200.0
4,13,9,386.055816,295.409407,252.53275200000002,2800.0,6600.0,4200.0
4,13,10,478.153027,367.37544799999995,312.776792,2800.0,6600.0,4200.0
4,13,11,535.366337,412.37722499999995,350.20203999999995,2800.0,6600.0,4200.0
4,13,12,554.166667,425.0,362.5,2800.0,6600.0,4200.0
4,13,13,545.57663,421.331485,356.88095400000003,2800.0,6600.0,4200.0
4,13,14,503.071244,388.356158,329.076679,2800.0,6600.0,4200.0
4,13,15,426.695451,328.649085,279.11657299999996,2800.0,6600.0,4200.0
4,13,16,321.895496,247.109761,210.563219,2800.0,6600.0,4200.0
4,13,17,182.002521,139.265831,119.054281,2800.0,6600.0,4200.0
4,13,18,43.771177,33.445569000000006,28.632274000000002,2800.0,6600.0,4200.0
4,13,19,0.0,0.0,0.0,2800.0,6600.0,4200.0
4,13,20,0.0,0.0,0.0,2800.0,6600.0,4200.0
4,13,21,0.0,0.0,0.0,2800.0,6600.0,4200.0
4,13,22,0.0,0.0,0.0,2800.0,6600.0,4200.0
4,13,23,0.0,0.0,0.0,2800.0,6600.0,4200.0
4,14,0,0.0,0.0,0.0,2800.0,6600.0,4200.0
4,14,1,0.0,0.0,0.0,2800.0,6600.0,4200.0
4,14,2,0.0,0.0,0.0,2800.0,6600.0,4200.0
4,14,3,0.0,0.0,0.0,2800.0,6600.0,4200.0
4,14,4,0.0,0.0,0.0,2800.0,6600.0,4200.0
4,14,5,0.0,0.0,0.0,2800.0,6600.0,4200.0
4,14,6,2.2370140000000003,1.714164,1.4633099999999999,2800.0,6600.0,4200.0
4,14,7,91.0765,69.344692,59.576357,2800.0,6600.0,4200.0
4,14,8,231.152671,176.47346,151.205131,2800.0,6600.0,4200.0
4,14,9,356.04315,272.849029,232.90040599999998,2800.0,6600.0,4200.0
4,14,10,432.92500900000005,332.866926,283.191547,2800.0,5277.537873988738,4200.0
4,14,11,494.914983,381.667748,323.74138,2800.0,6600.0,4200.0
4,14,12,525.605349,405.892278,343.817033,2800.0,6600.0,4200.0
4,14,13,515.435771,398.13488299999995,337.16475199999996,2800.0,6600.0,4200.0
4,14,14,473.508552,365.553229,309.73867700000005,2800.0,6600.0,4200.0
4,14,15,397.743932,306.539973,260.178361,2800.0,6600.0,4200.0
4,14,16,286.368197,220.203383,187.323557,2800.0,6600.0,4200.0
4,14,17,144.869606,111.084906,94.764329,2800.0,6600.0,4200.0
4,14,18,38.751975,29.735429,25.349036,2800.0,6600.0,4200.0
4,14,19,0.0,0.0,0.0,2800.0,6600.0,4200.0
4,14,20,0.0,0.0,0.0,2800.0,6600.0,4200.0
4,14,21,0.0,0.0,0.0,2800.0,6600.0,4200.0
4,14,22,0.0,0.0,0.0,2800.0,6600.0,4200.0
4,14,23,0.0,0.0,0.0,2800.0,6600.0,4200.0
4,15,0,0.0,0.0,0.0,2800.0,6600.0,4200.0
4,15,1,0.0,0.0,0.0,2800.0,6600.0,4200.0
4,15,2,0.0,0.0,0.0,2800.0,6600.0,4200.0
4,15,3,0.0,0.0,0.0,2800.0,6600.0,4200.0
4,15,4,0.0,0.0,0.0,2800.0,6600.0,4200.0
4,15,5,0.0,0.0,0.0,2800.0,6600.0,4200.0
4,15,6,3.2576370000000003,2.511533,2.130936,2800.0,6600.0,4200.0
4,15,7,94.040644,71.83400900000001,61.515308,2800.0,6600.0,4200.0
4,15,8,241.62040900000002,184.896729,158.052448,2800.0,6600.0,4200.0
4,15,9,367.44683399999997,281.98021,240.359959,2800.0,6600.0,4200.0
4,15,10,462.045117,355.60944,302.24003899999997,2800.0,6600.0,4200.0
4,15,11,525.201773,404.881561,343.553039,2800.0,6600.0,4200.0
4,15,12,549.3023939999999,423.896995,359.318108,2800.0,6600.0,4200.0
4,15,13,541.0277510000001,417.66384999999997,353.905371,2800.0,6600.0,4200.0
4,15,14,500.263461,385.631374,327.24000900000004,2800.0,6600.0,4200.0
4,15,15,365.298358,280.94872,238.954565,2800.0,6600.0,4200.0
4,15,16,268.314816,206.01626000000002,175.514203,2800.0,6600.0,4200.0
4,15,17,151.467554,116.11524,99.08028,2800.0,6600.0,4200.0
4,15,18,36.538629,28.035057000000002,23.901208,2800.0,6600.0,4200.0
4,15,19,0.0,0.0,0.0,2800.0,6600.0,4200.0
4,15,20,0.0,0.0,0.0,2800.0,6600.0,4200.0
4,15,21,0.0,0.0,0.0,2800.0,6600.0,4200.0
4,15,22,0.0,0.0,0.0,2800.0,6600.0,4200.0
4,15,23,0.0,0.0,0.0,2800.0,6600.0,4200.0
4,16,0,0.0,0.0,0.0,2800.0,6600.0,4200.0
4,16,1,0.0,0.0,0.0,2800.0,6600.0,4200.0
4,16,2,0.0,0.0,0.0,2800.0,6600.0,4200.0
4,16,3,0.0,0.0,0.0,2800.0,6600.0,4200.0
4,16,4,0.0,0.0,0.0,2800.0,6600.0,4200.0
4,16,5,0.0,0.0,0.0,2800.0,6600.0,4200.0
4,16,6,3.8174639999999997,2.9434229999999997,2.497138,2800.0,6600.0,4200.0
4,16,7,93.537442,71.493932,61.186146,2800.0,6600.0,4200.0
4,16,8,232.97699,178.376223,152.398482,2800.0,6600.0,4200.0
4,16,9,308.650349,236.74338699999998,201.8991,2800.0,6600.0,4200.0
4,16,10,371.07784200000003,285.06815600000004,242.73512899999997,2800.0,6600.0,4200.0
4,16,11,467.25221700000003,359.81549800000005,305.646187,2800.0,6600.0,4200.0
4,16,12,403.517436,310.471539,263.955014,2800.0,6600.0,4200.0
4,16,13,381.174386,293.240796,249.33963599999998,2800.0,6600.0,4200.0
4,16,14,376.617953,289.659267,246.35911199999998,2800.0,6600.0,4200.0
4,16,15,177.734045,136.342762,116.26212,2800.0,6600.0,4200.0
4,16,16,258.42742000000004,198.380032,169.046508,2800.0,6600.0,4200.0
4,16,17,142.368918,109.13144899999999,93.12853999999999,2800.0,6600.0,4200.0
4,16,18,-0.0,-0.0,-0.0,2800.0,6600.0,4200.0
4,16,19,0.0,0.0,0.0,2800.0,6600.0,4200.0
4,16,20,0.0,0.0,0.0,2800.0,6600.0,4200.0
4,16,21,0.0,0.0,0.0,2800.0,6600.0,4200.0
4,16,22,0.0,0.0,0.0,2800.0,6600.0,4200.0
4,16,23,0.0,0.0,0.0,2800.0,6600.0,4200.0
4,17,0,0.0,0.0,0.0,2800.0,6600.0,4200.0
4,17,1,0.0,0.0,0.0,2800.0,6600.0,4200.0
4,17,2,0.0,0.0,0.0,2800.0,6600.0,4200.0
4,17,3,0.0,0.0,0.0,2800.0,6600.0,4200.0
4,17,4,0.0,0.0,0.0,2800.0,6600.0,4200.0
4,17,5,0.0,0.0,0.0,2800.0,6600.0,4200.0
4,17,6,1.0420440000000002,0.802399,0.6816380000000001,2800.0,6600.0,4200.0
4,17,7,45.484239,34.635985,29.752848,2800.0,6600.0,4200.0
4,17,8,18.627799,14.219375,12.185102,2800.0,6600.0,4200.0
4,17,9,175.464718,133.675475,114.777673,2800.0,6600.0,4200.0
4,17,10,276.785771,211.292845,181.055354,2800.0,6600.0,4200.0
4,17,11,312.41008600000004,239.03122,204.35847700000002,2800.0,6600.0,4200.0
4,17,12,125.669103,96.09340300000001,82.204601,2800.0,6600.0,4200.0
4,17,13,64.49135,49.376872999999996,42.186071000000005,2800.0,6600.0,4200.0
4,17,14,158.597457,121.34636900000001,103.744201,2800.0,6600.0,4200.0
4,17,15,56.456108,43.219497000000004,36.929935,2800.0,6600.0,4200.0
4,17,16,220.091831,168.560809,143.96984400000002,2800.0,6600.0,4200.0
4,17,17,163.24698800000002,124.861449,106.785624,2800.0,6600.0,4200.0
4,17,18,45.500352,34.808976,29.763388,2800.0,6600.0,4200.0
4,17,19,0.0,0.0,0.0,2800.0,6600.0,4200.0
4,17,20,0.0,0.0,0.0,2800.0,6600.0,4200.0
4,17,21,0.0,0.0,0.0,2800.0,6600.0,4200.0
4,17,22,0.0,0.0,0.0,2800.0,6600.0,4200.0
4,17,23,0.0,0.0,0.0,2800.0,6600.0,4200.0
4,18,0,0.0,0.0,0.0,2800.0,6600.0,4200.0
4,18,1,0.0,0.0,0.0,2800.0,6600.0,4200.0
4,18,2,0.0,0.0,0.0,2800.0,6600.0,4200.0
4,18,3,0.0,0.0,0.0,2800.0,6600.0,4200.0
4,18,4,0.0,0.0,0.0,2800.0,6600.0,4200.0
4,18,5,0.0,0.0,0.0,2800.0,6600.0,4200.0
4,18,6,3.3401439999999996,2.556735,2.184906,2800.0,6600.0,4200.0
4,18,7,23.384888,17.824581,15.296880999999999,2800.0,6600.0,4200.0
4,18,8,92.78459600000001,70.634862,60.693683,2800.0,6600.0,4200.0
4,18,9,158.163613,120.57552700000001,103.460409,2800.0,6600.0,4200.0
4,18,10,278.424548,213.151888,182.127336,2800.0,6600.0,4200.0
4,18,11,316.36926500000004,242.914388,206.948317,2800.0,6600.0,4200.0
4,18,12,508.23101,393.28747999999996,332.451864,2800.0,6600.0,4200.0
4,18,13,505.94007400000004,391.03788299999997,330.953281,2800.0,6600.0,4200.0
4,18,14,422.548707,325.589132,276.404041,2800.0,6600.0,4200.0
4,18,15,286.99116499999997,220.614123,187.731063,2800.0,6600.0,4200.0
4,18,16,172.706561,132.325164,112.97346499999999,2800.0,6600.0,4200.0
4,18,17,74.866351,57.234885999999996,48.972726,2744.426018516277,3349.496321811205,3241.448053365682
4,18,18,1.696567,1.314903,1.109785,1373.4523042863404,1676.2606863337226,1622.1877609681185
4,18,19,-0.0,-0.0,-0.0,2800.0,5277.537873988738,4200.0
4,18,20,0.0,0.0,0.0,2800.0,6600.0,4200.0
4,18,21,0.0,0.0,0.0,2800.0,6600.0,4200.0
4,18,22,0.0,0.0,0.0,2800.0,6600.0,4200.0
4,18,23,0.0,0.0,0.0,2800.0,6600.0,4200.0
4,19,0,0.0,0.0,0.0,2800.0,6600.0,4200.0
4,19,1,0.0,0.0,0.0,2800.0,6600.0,4200.0
4,19,2,0.0,0.0,0.0,2800.0,6600.0,4200.0
4,19,3,0.0,0.0,0.0,2800.0,6600.0,4200.0
4,19,4,0.0,0.0,0.0,2800.0,6600.0,4200.0
4,19,5,0.0,0.0,0.0,2800.0,6600.0,4200.0
4,19,6,4.023054,3.0950889999999998,2.6316219999999997,2800.0,6600.0,4200.0
4,19,7,76.101516,58.120929,49.780691,2800.0,6600.0,4200.0
4,19,8,177.273043,135.54171100000002,115.96056200000001,2800.0,6600.0,4200.0
4,19,9,300.46225400000003,230.343559,196.542978,2800.0,6600.0,4200.0
4,19,10,349.726492,268.61182,228.76845699999998,2800.0,6600.0,4200.0
4,19,11,433.912914,333.984515,283.83777100000003,2800.0,6600.0,4200.0
4,19,12,462.08787,356.011122,302.268005,2800.0,6600.0,4200.0
4,19,13,452.52201899999994,348.645018,296.01064399999996,2800.0,6600.0,4200.0
4,19,14,199.268856,152.907286,130.348801,2800.0,6600.0,4200.0
4,19,15,131.217938,100.63781900000001,85.83429,2800.0,6600.0,4200.0
4,19,16,152.390052,116.851548,99.683718,2800.0,6600.0,4200.0
4,19,17,97.946785,75.048754,64.070453,2800.0,6600.0,4200.0
4,19,18,29.672048,22.771819999999998,19.409534999999998,2800.0,6600.0,4200.0
4,19,19,-0.0,-0.0,-0.0,2800.0,6600.0,4200.0
4,19,20,0.0,0.0,0.0,2800.0,6600.0,4200.0
4,19,21,0.0,0.0,0.0,2800.0,6600.0,4200.0
4,19,22,0.0,0.0,0.0,2800.0,6600.0,4200.0
4,19,23,0.0,0.0,0.0,2800.0,6600.0,4200.0
4,20,0,0.0,0.0,0.0,2800.0,6600.0,4200.0
4,20,1,0.0,0.0,0.0,2800.0,6600.0,4200.0
4,20,2,0.0,0.0,0.0,2800.0,6600.0,4200.0
4,20,3,0.0,0.0,0.0,2800.0,6600.0,4200.0
4,20,4,0.0,0.0,0.0,2800.0,6600.0,4200.0
4,20,5,0.0,0.0,0.0,2800.0,6600.0,4200.0
4,20,6,-0.0,-0.0,-0.0,2800.0,6600.0,4200.0
4,20,7,1.1719179999999998,0.9192910000000001,0.766593,2800.0,6600.0,4200.0
4,20,8,137.511783,105.170227,89.95131699999999,2800.0,6600.0,4200.0
4,20,9,283.720461,217.267973,185.59158,2800.0,6600.0,4200.0
4,20,10,455.21180300000003,349.707942,297.770127,2800.0,6600.0,4200.0
4,20,11,280.596847,215.13435099999998,183.548313,2800.0,6600.0,4200.0
4,20,12,553.3813590000001,425.0,361.986302,2800.0,6600.0,4200.0
4,20,13,459.206865,353.041888,300.383438,2800.0,6600.0,4200.0
4,20,14,488.59349599999996,375.637186,319.606272,2800.0,6600.0,4200.0
4,20,15,328.308018,251.64737899999997,214.75787599999998,2800.0,6600.0,4200.0
4,20,16,309.84520299999997,237.346711,202.68069699999998,2800.0,6600.0,4200.0
4,20,17,177.46314,135.729582,116.08491099999999,2800.0,6600.0,4200.0
4,20,18,48.84206,37.348766000000005,31.949317,2800.0,6600.0,4200.0
4,20,19,-0.0,-0.0,-0.0,2800.0,6600.0,4200.0
4,20,20,0.0,0.0,0.0,2800.0,6600.0,4200.0
4,20,21,0.0,0.0,0.0,2800.0,6600.0,4200.0
4,20,22,0.0,0.0,0.0,2800.0,6600.0,4200.0
4,20,23,0.0,0.0,0.0,2800.0,6600.0,4200.0
4,21,0,0.0,0.0,0.0,2800.0,6600.0,4200.0
4,21,1,0.0,0.0,0.0,2800.0,6600.0,4200.0
4,21,2,0.0,0.0,0.0,2800.0,6600.0,4200.0
4,21,3,0.0,0.0,0.0,2800.0,6600.0,4200.0
4,21,4,0.0,0.0,0.0,2800.0,6600.0,4200.0
4,21,5,0.0,0.0,0.0,2800.0,6600.0,4200.0
4,21,6,0.779586,0.601628,0.5099549999999999,2800.0,6600.0,4200.0
4,21,7,85.201187,64.897178,55.733107000000004,1676.4237403920558,2046.0289744942413,1980.0280398331363
4,21,8,190.934304,145.550071,124.896876,125.47457411733969,153.13825974950905,148.19831588662166
4,21,9,134.348037,102.441096,87.881799,388.5930680097703,474.2671302481448,458.9681905627208
4,21,10,123.175468,93.967779,80.57342600000001,2645.8334855800563,3229.1668524795964,3125.000179818964
4,21,11,83.563027,63.800002,54.661529,2800.0,6600.0,4200.0
4,21,12,85.80828,65.510015,56.130228,2800.0,6600.0,4200.0
4,21,13,50.892593,38.887557,33.290644,2800.0,6600.0,4200.0
4,21,14,71.195415,54.339856,46.571436999999996,2800.0,6600.0,4200.0
4,21,15,55.956228,42.727214,36.602946,2800.0,6600.0,4200.0
4,21,16,53.952988,41.180244,35.292556,2800.0,5876.06920203001,4200.0
4,21,17,34.515091999999996,26.355356,22.577541,2800.0,3472.7785151730586,3360.753401780379
4,21,18,7.002252,5.366401,4.580421,2800.0,6600.0,4200.0
4,21,19,-0.0,-0.0,-0.0,2800.0,6600.0,4200.0
4,21,20,0.0,0.0,0.0,2800.0,6600.0,4200.0
4,21,21,0.0,0.0,0.0,2275.070137118247,2776.660403569514,2687.090713131788
4,21,22,0.0,0.0,0.0,2800.0,5195.505086201954,4200.0
4,21,23,0.0,0.0,0.0,2800.0,6600.0,4200.0
4,22,0,0.0,0.0,0.0,2800.0,6600.0,4200.0
4,22,1,0.0,0.0,0.0,2800.0,6600.0,4200.0
4,22,2,0.0,0.0,0.0,2800.0,6600.0,4200.0
4,22,3,0.0,0.0,0.0,2800.0,6600.0,4200.0
4,22,4,0.0,0.0,0.0,2800.0,6600.0,4200.0
4,22,5,0.0,0.0,0.0,2800.0,6600.0,4200.0
4,22,6,10.525668,8.020304,6.885211,2800.0,6600.0,4200.0
4,22,7,34.332139000000005,26.132568,22.457865,2800.0,6600.0,4200.0
4,22,8,74.228957,56.461254999999994,48.555784,2800.0,6600.0,4200.0
4,22,9,123.037716,93.64440499999999,80.483318,2800.0,6600.0,4200.0
4,22,10,131.19314300000002,99.898296,85.818071,2800.0,6600.0,4200.0
4,22,11,347.427627,265.355486,227.264688,2800.0,6600.0,4200.0
4,22,12,274.51220400000005,209.538995,179.568134,2800.0,6600.0,4200.0
4,22,13,554.166667,425.0,362.5,2800.0,6600.0,4200.0
4,22,14,529.4382360000001,406.001676,346.32426,2800.0,6600.0,4200.0
4,22,15,449.123969,343.953543,293.78785999999997,2800.0,6600.0,4200.0
4,22,16,337.18273200000004,257.656416,220.563141,2800.0,6600.0,4200.0
4,22,17,197.056335,150.301259,128.901512,2800.0,6600.0,4200.0
4,22,18,54.761372,41.729775000000004,35.821349000000005,2800.0,6600.0,4200.0
4,22,19,-0.0,-0.0,-0.0,2800.0,6600.0,4200.0
4,22,20,0.0,0.0,0.0,2800.0,6600.0,4200.0
4,22,21,0.0,0.0,0.0,2800.0,6600.0,4200.0
4,22,22,0.0,0.0,0.0,2800.0,6600.0,4200.0
4,22,23,0.0,0.0,0.0,2800.0,6600.0,4200.0
4,23,0,0.0,0.0,0.0,2800.0,6600.0,4200.0
4,23,1,0.0,0.0,0.0,2800.0,6600.0,4200.0
4,23,2,0.0,0.0,0.0,2800.0,6600.0,4200.0
4,23,3,0.0,0.0,0.0,2800.0,6600.0,4200.0
4,23,4,0.0,0.0,0.0,2800.0,6600.0,4200.0
4,23,5,0.0,0.0,0.0,2800.0,6600.0,4200.0
4,23,6,11.585353999999999,8.810855,7.5783890000000005,2800.0,6600.0,4200.0
4,23,7,120.886217,91.826245,79.075946,2800.0,6600.0,4200.0
4,23,8,277.449117,211.564411,181.489272,2800.0,6600.0,4200.0
4,23,9,401.100342,307.288848,262.373908,2800.0,6600.0,4200.0
4,23,10,490.61976799999997,377.41785600000003,320.931728,2800.0,6600.0,4200.0
4,23,11,545.5141990000001,420.906235,356.84011499999997,2800.0,6600.0,4200.0
4,23,12,554.166667,425.0,362.5,2800.0,6600.0,4200.0
4,23,13,554.166667,425.0,362.5,2800.0,6600.0,4200.0
4,23,14,512.127904,395.73313900000005,335.00096,2800.0,6600.0,4200.0
4,23,15,435.361207,335.9136,284.78515000000004,2800.0,6600.0,4200.0
4,23,16,331.79882799999996,254.96146299999998,217.041339,2800.0,6600.0,4200.0
4,23,17,153.97655300000002,117.81919599999999,100.72150500000001,2800.0,6600.0,4200.0
4,23,18,54.184238,41.39625,35.443825,2800.0,6600.0,4200.0
4,23,19,-0.0,-0.0,-0.0,2800.0,6600.0,4200.0
4,23,20,0.0,0.0,0.0,2800.0,6600.0,4200.0
4,23,21,0.0,0.0,0.0,2800.0,6600.0,4200.0
4,23,22,0.0,0.0,0.0,2800.0,6600.0,4200.0
4,23,23,0.0,0.0,0.0,2800.0,6600.0,4200.0
4,24,0,0.0,0.0,0.0,2800.0,6600.0,4200.0
4,24,1,0.0,0.0,0.0,2800.0,6600.0,4200.0
4,24,2,0.0,0.0,0.0,2800.0,6600.0,4200.0
4,24,3,0.0,0.0,0.0,2800.0,6600.0,4200.0
4,24,4,0.0,0.0,0.0,2800.0,6600.0,4200.0
4,24,5,0.0,0.0,0.0,2800.0,6600.0,4200.0
4,24,6,12.131566000000001,9.247556000000001,7.935686,2800.0,6600.0,4200.0
4,24,7,71.179077,54.127095999999995,46.56075,2800.0,6600.0,4200.0
4,24,8,106.314636,80.899994,69.54416099999999,2800.0,6600.0,4200.0
4,24,9,237.93608799999998,181.350828,155.642403,2800.0,6600.0,4200.0
4,24,10,314.752422,240.28966699999998,205.890682,2800.0,6600.0,4200.0
4,24,11,253.700818,193.73037200000002,165.954671,2800.0,6600.0,4200.0
4,24,12,306.738494,234.46935399999998,200.64848800000001,2800.0,6600.0,4200.0
4,24,13,392.50451,300.758351,256.751071,2800.0,6600.0,4200.0
4,24,14,100.44239999999999,76.701707,65.702923,2800.0,6600.0,4200.0
4,24,15,246.21731599999998,188.31822200000002,161.05944699999998,2800.0,6600.0,4200.0
4,24,16,58.638497,44.831666,38.357513,2800.0,6600.0,4200.0
4,24,17,65.649164,50.16161,42.943438,2800.0,4954.515830178791,4200.0
4,24,18,25.130071,19.218192,16.438467,460.3878697051685,561.8907071204812,543.7652004391754
4,24,19,-0.0,-0.0,-0.0,2744.426018516277,3349.496321811205,3241.448053365682
4,24,20,0.0,0.0,0.0,2800.0,6600.0,4200.0
4,24,21,0.0,0.0,0.0,2800.0,6600.0,4200.0
4,24,22,0.0,0.0,0.0,2800.0,6600.0,4200.0
4,24,23,0.0,0.0,0.0,2800.0,6600.0,4200.0
4,25,0,0.0,0.0,0.0,2800.0,6600.0,4200.0
4,25,1,0.0,0.0,0.0,2800.0,6600.0,4200.0
4,25,2,0.0,0.0,0.0,2800.0,6600.0,4200.0
4,25,3,0.0,0.0,0.0,2800.0,6600.0,4200.0
4,25,4,0.0,0.0,0.0,2800.0,6600.0,4200.0
4,25,5,0.0,0.0,0.0,2800.0,6600.0,4200.0
4,25,6,1.0578779999999999,0.814585,0.691995,2800.0,6600.0,4200.0
4,25,7,25.012001,19.070853,16.361234,2800.0,6600.0,4200.0
4,25,8,13.086964,9.998395,8.560646,2800.0,6600.0,4200.0
4,25,9,89.10248200000001,67.889179,58.285082,2800.0,6600.0,4200.0
4,25,10,31.975938999999997,24.419322,20.916592,2800.0,6600.0,4200.0
4,25,11,88.092292,67.18634,57.624281,2800.0,6600.0,4200.0
4,25,12,140.807243,107.360136,92.106993,2800.0,6600.0,4200.0
4,25,13,109.154264,83.271219,71.40166099999999,2800.0,6600.0,4200.0
4,25,14,143.470223,109.438963,93.848943,2800.0,6600.0,4200.0
4,25,15,151.36529000000002,115.465481,99.013385,2800.0,6600.0,4200.0
4,25,16,101.11684600000001,77.152642,66.144102,2800.0,6600.0,4200.0
4,25,17,8.59775,6.594337,5.624091999999999,2800.0,6600.0,4200.0
4,25,18,15.575792,11.917367,10.188676,2800.0,6600.0,4200.0
4,25,19,-0.0,-0.0,-0.0,2800.0,6600.0,4200.0
4,25,20,0.0,0.0,0.0,2800.0,6600.0,4200.0
4,25,21,0.0,0.0,0.0,2800.0,6600.0,4200.0
4,25,22,0.0,0.0,0.0,2800.0,6600.0,4200.0
4,25,23,0.0,0.0,0.0,2800.0,6600.0,4200.0
4,26,0,0.0,0.0,0.0,2800.0,6600.0,4200.0
4,26,1,0.0,0.0,0.0,2800.0,6600.0,4200.0
4,26,2,0.0,0.0,0.0,2800.0,6600.0,4200.0
4,26,3,0.0,0.0,0.0,2800.0,6600.0,4200.0
4,26,4,0.0,0.0,0.0,2800.0,6600.0,4200.0
4,26,5,0.0,0.0,0.0,2800.0,6600.0,4200.0
4,26,6,16.465028999999998,12.536964,10.770358,2800.0,6600.0,4200.0
4,26,7,122.801644,93.37938199999999,80.328895,2800.0,6600.0,4200.0
4,26,8,274.632709,209.51832000000002,179.64695999999998,2800.0,6600.0,4200.0
4,26,9,399.58009999999996,305.92606900000004,261.379464,2800.0,6600.0,4200.0
4,26,10,494.498995,379.97347499999995,323.469268,2800.0,6600.0,4200.0
4,26,11,550.9201260000001,424.323351,360.37632299999996,2800.0,6600.0,4200.0
4,26,12,554.166667,425.0,362.5,2800.0,6600.0,4200.0
4,26,13,554.166667,425.0,362.5,2800.0,6600.0,4200.0
4,26,14,516.356274,397.966996,337.766886,2800.0,6600.0,4200.0
4,26,15,435.518531,335.015043,284.888062,2800.0,6600.0,4200.0
4,26,16,327.18409,250.97634200000002,214.022675,2800.0,6600.0,4200.0
4,26,17,190.048206,145.369717,124.31724700000001,2800.0,6600.0,4200.0
4,26,18,55.965182,42.74517899999999,36.608803,2800.0,6600.0,4200.0
4,26,19,-0.0,-0.0,-0.0,2800.0,6600.0,4200.0
4,26,20,0.0,0.0,0.0,2800.0,6600.0,4200.0
4,26,21,0.0,0.0,0.0,2800.0,6600.0,4200.0
4,26,22,0.0,0.0,0.0,2800.0,6600.0,4200.0
4,26,23,0.0,0.0,0.0,2800.0,6600.0,4200.0
4,27,0,0.0,0.0,0.0,2800.0,6600.0,4200.0
4,27,1,0.0,0.0,0.0,2800.0,6600.0,4200.0
4,27,2,0.0,0.0,0.0,2800.0,6600.0,4200.0
4,27,3,0.0,0.0,0.0,2800.0,6600.0,4200.0
4,27,4,0.0,0.0,0.0,2800.0,6600.0,4200.0
4,27,5,0.0,0.0,0.0,2800.0,6600.0,4200.0
4,27,6,15.622571,11.91867,10.219276,2800.0,6600.0,4200.0
4,27,7,120.86538499999999,92.095144,79.062319,2800.0,6600.0,4200.0
4,27,8,266.229945,203.61323499999997,174.150415,2800.0,6600.0,4200.0
4,27,9,384.97512800000004,295.68701899999996,251.825836,2800.0,6600.0,4200.0
4,27,10,469.377943,361.892147,307.036699,2800.0,6600.0,4200.0
4,27,11,527.8328220000001,407.81300699999997,345.274102,2800.0,6600.0,4200.0
4,27,12,553.01797,425.0,361.748597,2800.0,6600.0,4200.0
4,27,13,545.4018980000001,421.42782,356.766655,2800.0,6600.0,4200.0
4,27,14,500.703562,386.4968,327.52789399999995,2800.0,6600.0,4200.0
4,27,15,426.195676,328.29389899999995,278.789653,2800.0,6600.0,4200.0
4,27,16,324.925937,249.6043,212.545538,2800.0,6600.0,4200.0
4,27,17,190.43647700000002,145.925856,124.571229,2800.0,6600.0,4200.0
4,27,18,54.865413000000004,41.991773,35.889405,2800.0,6600.0,4200.0
4,27,19,-0.0,-0.0,-0.0,2800.0,6600.0,4200.0
4,27,20,0.0,0.0,0.0,2800.0,6600.0,4200.0
4,27,21,0.0,0.0,0.0,2800.0,6600.0,4200.0
4,27,22,0.0,0.0,0.0,2800.0,6600.0,4200.0
4,27,23,0.0,0.0,0.0,2800.0,6600.0,4200.0
4,28,0,0.0,0.0,0.0,2800.0,6600.0,4200.0
4,28,1,0.0,0.0,0.0,2800.0,6600.0,4200.0
4,28,2,0.0,0.0,0.0,2800.0,6600.0,4200.0
4,28,3,0.0,0.0,0.0,2800.0,6600.0,4200.0
4,28,4,0.0,0.0,0.0,2800.0,6600.0,4200.0
4,28,5,0.0,0.0,0.0,2800.0,6600.0,4200.0
4,28,6,16.894937000000002,12.916999,11.051575999999999,2800.0,6600.0,4200.0
4,28,7,114.458018,87.32486,74.871034,2800.0,6600.0,4200.0
4,28,8,250.10839,191.419108,163.604736,2800.0,6600.0,4200.0
4,28,9,275.010755,210.97563699999998,179.894253,2800.0,6600.0,4200.0
4,28,10,294.353607,226.145573,192.54709599999998,2800.0,6600.0,4200.0
4,28,11,256.913836,197.37729099999999,168.056419,2800.0,6600.0,4200.0
4,28,12,389.28995199999997,300.00629100000003,254.648315,2800.0,6600.0,4200.0
4,28,13,361.489191,278.511994,236.46285500000002,2800.0,6600.0,4200.0
4,28,14,365.65098,281.628973,239.18522700000003,2800.0,6600.0,4200.0
4,28,15,216.29291,166.09297899999999,141.484836,2800.0,6600.0,4200.0
4,28,16,35.100059,26.957155,22.960189,2800.0,6600.0,4200.0
4,28,17,29.414672,22.57545,19.241176,2800.0,6600.0,4200.0
4,28,18,0.650289,0.518042,0.425377,2800.0,6600.0,4200.0
4,28,19,-0.0,-0.0,-0.0,2800.0,6600.0,4200.0
4,28,20,0.0,0.0,0.0,2800.0,6600.0,4200.0
4,28,21,0.0,0.0,0.0,2800.0,6600.0,4200.0
4,28,22,0.0,0.0,0.0,2800.0,6600.0,4200.0
4,28,23,0.0,0.0,0.0,2800.0,6600.0,4200.0
4,29,0,0.0,0.0,0.0,2800.0,6600.0,4200.0
4,29,1,0.0,0.0,0.0,2800.0,4205.209912886971,4069.5579802131983
4,29,2,0.0,0.0,0.0,1342.23868718708,1638.1653268818693,1585.3212840792282
4,29,3,0.0,0.0,0.0,592.796019999516,723.4912055112203,700.1527795269874
4,29,4,0.0,0.0,0.0,1222.1129067458091,1491.5551224063024,1443.4404410383572
4,29,5,0.0,0.0,0.0,2800.0,6600.0,4200.0
4,29,6,15.207894,11.623709999999999,9.948021,2800.0,6600.0,4200.0
4,29,7,120.821414,92.200302,79.03355599999999,2800.0,6600.0,4200.0
4,29,8,266.497882,204.03216500000002,174.325682,2800.0,6600.0,4200.0
4,29,9,341.77031300000004,262.550853,223.56403899999998,2800.0,6600.0,4200.0
4,29,10,403.49539799999997,311.51946100000004,263.94059899999996,2800.0,6600.0,4200.0
4,29,11,424.643017,329.152274,277.774004,2800.0,6600.0,4200.0
4,29,12,436.05536800000004,339.472784,285.23922600000003,2800.0,6600.0,4200.0
4,29,13,414.18894,322.681725,270.93562199999997,2800.0,6600.0,4200.0
4,29,14,415.86296500000003,323.57867,272.030661,2800.0,6600.0,4200.0
4,29,15,304.87793,235.89050500000002,199.431428,2800.0,6600.0,4200.0
4,29,16,219.662131,169.250883,143.688763,2800.0,6600.0,4200.0
4,29,17,123.903241,95.170973,81.04948900000001,2800.0,6600.0,4200.0
4,29,18,39.608427000000006,30.382814,25.909272,2800.0,6600.0,4200.0
4,29,19,-0.0,-0.0,-0.0,2800.0,6600.0,4200.0
4,29,20,0.0,0.0,0.0,2800.0,6600.0,4200.0
4,29,21,0.0,0.0,0.0,2800.0,6600.0,4200.0
4,29,22,0.0,0.0,0.0,2800.0,6600.0,4200.0
4,29,23,0.0,0.0,0.0,2800.0,6600.0,4200.0
4,30,0,0.0,0.0,0.0,2800.0,6600.0,4200.0
4,30,1,0.0,0.0,0.0,2800.0,6600.0,4200.0
4,30,2,0.0,0.0,0.0,2800.0,6600.0,4200.0
4,30,3,0.0,0.0,0.0,2800.0,6600.0,4200.0
4,30,4,0.0,0.0,0.0,2800.0,6600.0,4200.0
4,30,5,0.0,0.0,0.0,2800.0,6600.0,4200.0
4,30,6,14.970559999999999,11.472115,9.792772000000001,2800.0,6600.0,4200.0
4,30,7,61.97399,47.385421,40.539377,2800.0,6600.0,4200.0
4,30,8,79.92692600000001,61.147957000000005,52.283026,2800.0,6600.0,4200.0
4,30,9,184.707277,141.457677,120.823557,2800.0,6600.0,4200.0
4,30,10,339.715162,261.060981,222.219692,2800.0,6600.0,4200.0
4,30,11,437.53342499999997,337.105082,286.206075,2800.0,6600.0,4200.0
4,30,12,466.325641,359.767826,305.040081,2800.0,6600.0,4200.0
4,30,13,430.406025,331.912994,281.543791,2800.0,6600.0,4200.0
4,30,14,433.007002,333.862135,283.245182,2800.0,6600.0,4200.0
4,30,15,318.563938,244.898899,208.38393,2800.0,6600.0,4200.0
4,30,16,232.485386,178.434276,152.076907,2800.0,6600.0,4200.0
4,30,17,171.646133,131.596046,112.279801,2800.0,6600.0,4200.0
4,30,18,44.661138,34.258145,29.214429,2800.0,6600.0,4200.0
4,30,19,-0.0,-0.0,-0.0,2800.0,6600.0,4200.0
4,30,20,0.0,0.0,0.0,2800.0,6600.0,4200.0
4,30,21,0.0,0.0,0.0,2800.0,6600.0,4200.0
4,30,22,0.0,0.0,0.0,2800.0,6600.0,4200.0
4,30,23,0.0,0.0,0.0,2800.0,6600.0,4200.0
5,1,0,0.0,0.0,0.0,2800.0,6600.0,4200.0
5,1,1,0.0,0.0,0.0,2800.0,6600.0,4200.0
5,1,2,0.0,0.0,0.0,2800.0,6600.0,4200.0
5,1,3,0.0,0.0,0.0,2800.0,6600.0,4200.0
5,1,4,0.0,0.0,0.0,2800.0,6600.0,4200.0
5,1,5,0.0,0.0,0.0,2800.0,6600.0,4200.0
5,1,6,16.552896,12.662795000000001,10.827834000000001,2800.0,6600.0,4200.0
5,1,7,126.65572900000001,96.579769,82.849988,2800.0,6600.0,4200.0
5,1,8,65.17386,49.749919999999996,42.632525,2800.0,6600.0,4200.0
5,1,9,26.487944,20.259445,17.326701,2800.0,6600.0,4200.0
5,1,10,28.430790000000002,21.741328000000003,18.597583999999998,2800.0,6600.0,4200.0
5,1,11,40.71689,31.109162,26.634356,2800.0,6600.0,4200.0
5,1,12,121.17605400000001,92.465075,79.265539,2800.0,6600.0,4200.0
5,1,13,34.050671,26.040329,22.273747,2800.0,6600.0,4200.0
5,1,14,50.661857000000005,38.686592,33.139711000000005,2800.0,6600.0,4200.0
5,1,15,202.796492,154.588788,132.65635200000003,2800.0,6600.0,4200.0
5,1,16,65.687667,50.111205,42.968624000000005,2800.0,6600.0,4200.0
5,1,17,115.691168,88.155565,75.67768099999999,2800.0,6600.0,4200.0
5,1,18,45.007978,34.327110999999995,29.441309,2800.0,6600.0,4200.0
5,1,19,0.048136000000000005,0.044109,0.031487,2800.0,6600.0,4200.0
5,1,20,0.0,0.0,0.0,2800.0,6600.0,4200.0
5,1,21,0.0,0.0,0.0,2800.0,6600.0,4200.0
5,1,22,0.0,0.0,0.0,2800.0,6600.0,4200.0
5,1,23,0.0,0.0,0.0,2800.0,6600.0,4200.0
5,2,0,0.0,0.0,0.0,2800.0,6600.0,4200.0
5,2,1,0.0,0.0,0.0,2800.0,6600.0,4200.0
5,2,2,0.0,0.0,0.0,2800.0,6600.0,4200.0
5,2,3,0.0,0.0,0.0,2800.0,6600.0,4200.0
5,2,4,0.0,0.0,0.0,2800.0,6600.0,4200.0
5,2,5,0.0,0.0,0.0,2800.0,6600.0,4200.0
5,2,6,19.208597,14.636259,12.565022,2800.0,6600.0,4200.0
5,2,7,86.600425,65.878369,56.648398,2800.0,6600.0,4200.0
5,2,8,226.61611499999998,172.453457,148.237609,2800.0,6600.0,4200.0
5,2,9,297.641366,226.848742,194.697736,2800.0,6600.0,4200.0
5,2,10,332.733358,253.800413,217.652648,2800.0,6600.0,4200.0
5,2,11,474.383911,362.689629,310.31128,2800.0,6600.0,4200.0
5,2,12,158.684979,121.005901,103.801453,2800.0,6600.0,4200.0
5,2,13,175.093506,133.526142,114.53485,2800.0,6600.0,4200.0
5,2,14,88.32910799999999,67.388142,57.779191,2800.0,6600.0,4200.0
5,2,15,192.429078,146.706908,125.87466,2800.0,6600.0,4200.0
5,2,16,63.061767999999994,48.091010000000004,41.250930999999994,2800.0,6600.0,4200.0
5,2,17,69.59895200000001,53.044343,45.527134,2800.0,6600.0,4200.0
5,2,18,29.476049,22.491159,19.281325000000002,2800.0,6600.0,4200.0
5,2,19,2.2293380000000003,1.710427,1.458289,2800.0,6600.0,4200.0
5,2,20,0.0,0.0,0.0,2800.0,6600.0,4200.0
5,2,21,0.0,0.0,0.0,2800.0,6600.0,4200.0
5,2,22,0.0,0.0,0.0,2800.0,6600.0,4200.0
5,2,23,0.0,0.0,0.0,2800.0,6600.0,4200.0
5,3,0,0.0,0.0,0.0,2800.0,6600.0,4200.0
5,3,1,0.0,0.0,0.0,2800.0,6600.0,4200.0
5,3,2,0.0,0.0,0.0,2800.0,6600.0,4200.0
5,3,3,0.0,0.0,0.0,2800.0,6600.0,4200.0
5,3,4,0.0,0.0,0.0,2800.0,6600.0,4200.0
5,3,5,0.0,0.0,0.0,2800.0,6600.0,4200.0
5,3,6,19.865021000000002,15.132007,12.994412,2800.0,6600.0,4200.0
5,3,7,134.942325,102.690131,88.270543,2800.0,6600.0,4200.0
5,3,8,232.01526199999998,176.751306,151.769382,2800.0,6600.0,4200.0
5,3,9,327.013968,249.762931,213.911393,2800.0,6600.0,4200.0
5,3,10,402.675242,308.383874,263.404106,2800.0,6600.0,4200.0
5,3,11,330.4295,252.59279999999998,216.14561300000003,2800.0,6600.0,4200.0
5,3,12,216.581436,165.28802100000001,141.673571,2800.0,6600.0,4200.0
5,3,13,360.00332199999997,275.488066,235.490895,2800.0,6600.0,4200.0
5,3,14,261.07267,199.433818,170.776859,2800.0,6600.0,4200.0
5,3,15,178.53517300000001,136.234645,116.786166,2800.0,6600.0,4200.0
5,3,16,138.819368,105.865241,90.806654,2800.0,6600.0,4200.0
5,3,17,21.741618,16.613616999999998,14.22196,2800.0,6600.0,4200.0
5,3,18,7.6347439999999995,5.846091,4.994156,2800.0,6600.0,4200.0
5,3,19,-0.0,-0.0,-0.0,2800.0,6600.0,4200.0
5,3,20,0.0,0.0,0.0,2800.0,6600.0,4200.0
5,3,21,0.0,0.0,0.0,2800.0,6600.0,4200.0
5,3,22,0.0,0.0,0.0,2800.0,6600.0,4200.0
5,3,23,0.0,0.0,0.0,2800.0,3928.035620383037,3801.324793919068
5,4,0,0.0,0.0,0.0,1193.2453053765432,1456.323010498931,1409.344848869933
5,4,1,0.0,0.0,0.0,507.4383148650858,619.3144787723488,599.3365923603375
5,4,2,0.0,0.0,0.0,540.5220241907821,659.6922342485923,638.4118395954118
5,4,3,0.0,0.0,0.0,727.6412163217148,888.0660514162661,859.4187594350961
5,4,4,0.0,0.0,0.0,1029.5337295682716,1256.5175439612765,1215.984719962525
5,4,5,0.0,0.0,0.0,1373.4523042863404,1676.2606863337226,1622.1877609681185
5,4,6,8.595708,6.5602030000000005,5.622757,2549.630956168769,3111.754316583931,3011.3751450812238
5,4,7,37.225082,28.327174,24.350241,289.9235564324093,353.8437106064838,342.42939736111333
5,4,8,10.511845,8.019278,6.876169,592.796019999516,723.4912055112203,700.1527795269874
5,4,9,48.841767,37.148651,31.949126,1281.237390674447,1563.7149256262935,1513.2725086706066
5,4,10,25.475468,19.410364,16.664403999999998,727.6412163217148,888.0660514162661,859.4187594350961
5,4,11,113.170618,86.028094,74.028901,349.3284625537728,426.3457613845259,412.59267230760565
5,4,12,187.543365,142.63886499999998,122.678742,430.6948862392302,525.6512391108714,508.6947475266498
5,4,13,150.365374,114.34466,98.35930499999999,416.3395915497286,508.1309975606924,491.7396750587345
5,4,14,95.756834,72.867478,62.637929,402.3068740231014,491.0044525478796,475.1655992398835
5,4,15,102.127309,77.71283199999999,66.805082,1164.8359102045422,1421.650126627591,1375.790445123475
5,4,16,53.603849000000004,40.825644,35.064172,2800.0,4954.515830178791,4200.0
5,4,17,101.684499,77.379823,66.515424,2800.0,6600.0,4200.0
5,4,18,41.986470999999995,31.976738,27.464834,2800.0,6600.0,4200.0
5,4,19,-0.0,-0.0,-0.0,2800.0,6600.0,4200.0
5,4,20,0.0,0.0,0.0,2800.0,6600.0,4200.0
5,4,21,0.0,0.0,0.0,2800.0,6600.0,4200.0
5,4,22,0.0,0.0,0.0,2800.0,6600.0,4200.0
5,4,23,0.0,0.0,0.0,2800.0,6600.0,4200.0
5,5,0,0.0,0.0,0.0,2800.0,6600.0,4200.0
5,5,1,0.0,0.0,0.0,2800.0,6600.0,4200.0
5,5,2,0.0,0.0,0.0,2800.0,6600.0,4200.0
5,5,3,0.0,0.0,0.0,2800.0,6600.0,4200.0
5,5,4,0.0,0.0,0.0,2800.0,6600.0,4200.0
5,5,5,0.0,0.0,0.0,2800.0,6600.0,4200.0
5,5,6,23.515345,17.900418000000002,15.382218,2800.0,6600.0,4200.0
5,5,7,113.21105,86.058187,74.055349,2800.0,6600.0,4200.0
5,5,8,170.247408,129.524889,111.364846,2800.0,6600.0,4200.0
5,5,9,296.842095,226.270859,194.174904,2800.0,6600.0,4200.0
5,5,10,304.066956,231.913986,198.900941,2800.0,6600.0,4200.0
5,5,11,479.123268,366.51932500000004,313.41146100000003,2800.0,6600.0,4200.0
5,5,12,505.017615,386.500789,330.349868,2800.0,6600.0,4200.0
5,5,13,554.166667,425.0,362.5,2800.0,6600.0,4200.0
5,5,14,343.21176,262.146738,224.50694099999998,2800.0,6600.0,4200.0
5,5,15,457.526817,350.058676,299.28446,2800.0,6600.0,4200.0
5,5,16,348.140712,265.824521,227.731143,2800.0,6600.0,4200.0
5,5,17,208.178593,158.68357999999998,136.176975,2800.0,6600.0,4200.0
5,5,18,65.32723200000001,49.777122000000006,42.732851000000004,2800.0,6600.0,4200.0
5,5,19,2.148054,1.6482860000000001,1.4051179999999999,2800.0,6600.0,4200.0
5,5,20,0.0,0.0,0.0,2800.0,6600.0,4200.0
5,5,21,0.0,0.0,0.0,2800.0,6600.0,4200.0
5,5,22,0.0,0.0,0.0,2800.0,6600.0,4200.0
5,5,23,0.0,0.0,0.0,2800.0,6600.0,4200.0
5,6,0,0.0,0.0,0.0,2800.0,6600.0,4200.0
5,6,1,0.0,0.0,0.0,2800.0,6600.0,4200.0
5,6,2,0.0,0.0,0.0,2800.0,6600.0,4200.0
5,6,3,0.0,0.0,0.0,2800.0,6600.0,4200.0
5,6,4,0.0,0.0,0.0,2800.0,6600.0,4200.0
5,6,5,0.0,0.0,0.0,2800.0,6600.0,4200.0
5,6,6,26.323441,20.049644,17.219093,2800.0,6600.0,4200.0
5,6,7,131.36685200000002,99.938665,85.93169999999999,2800.0,6600.0,4200.0
5,6,8,279.219558,212.87509899999998,182.64738,2800.0,6600.0,4200.0
5,6,9,405.09070299999996,309.67815,264.98414399999996,2800.0,6600.0,4200.0
5,6,10,501.83059399999996,384.643367,328.265126,2800.0,6600.0,4200.0
5,6,11,554.166667,425.0,362.5,2800.0,6600.0,4200.0
5,6,12,554.166667,425.0,362.5,2800.0,6600.0,4200.0
5,6,13,554.166667,425.0,362.5,2800.0,6600.0,4200.0
5,6,14,546.0673149999999,418.526922,357.201928,2800.0,6600.0,4200.0
5,6,15,468.459042,358.55417800000004,306.435614,2800.0,6600.0,4200.0
5,6,16,356.758195,272.484618,233.368142,2800.0,6600.0,4200.0
5,6,17,212.484769,162.00013099999998,138.993796,2800.0,6600.0,4200.0
5,6,18,65.252842,49.703131,42.68419,2800.0,6600.0,4200.0
5,6,19,2.462494,1.8865560000000001,1.6108040000000001,2800.0,6600.0,4200.0
5,6,20,0.0,0.0,0.0,2800.0,6600.0,4200.0
5,6,21,0.0,0.0,0.0,2800.0,6600.0,4200.0
5,6,22,0.0,0.0,0.0,2800.0,6600.0,4200.0
5,6,23,0.0,0.0,0.0,2800.0,6600.0,4200.0
5,7,0,0.0,0.0,0.0,2800.0,6600.0,4200.0
5,7,1,0.0,0.0,0.0,2800.0,6600.0,4200.0
5,7,2,0.0,0.0,0.0,2800.0,6600.0,4200.0
5,7,3,0.0,0.0,0.0,2800.0,6600.0,4200.0
5,7,4,0.0,0.0,0.0,2800.0,6600.0,4200.0
5,7,5,0.0,0.0,0.0,2800.0,6600.0,4200.0
5,7,6,22.413408,17.058747,14.661402,2800.0,6600.0,4200.0
5,7,7,143.331316,109.05777099999999,93.758079,2800.0,6600.0,4200.0
5,7,8,299.172821,228.380942,195.69951500000002,2800.0,6600.0,4200.0
5,7,9,419.27153999999996,321.028318,274.260331,2800.0,6600.0,4200.0
5,7,10,509.696189,391.13604,333.410289,2800.0,6600.0,4200.0
5,7,11,554.166667,425.0,362.5,2800.0,6600.0,4200.0
5,7,12,554.166667,425.0,362.5,2800.0,6600.0,4200.0
5,7,13,554.166667,425.0,362.5,2800.0,6600.0,4200.0
5,7,14,532.298944,409.314069,348.19554999999997,2800.0,6600.0,4200.0
5,7,15,455.020079,349.075176,297.64471399999996,2800.0,6600.0,4200.0
5,7,16,348.337997,266.700135,227.86019399999998,2800.0,6600.0,4200.0
5,7,17,209.358171,159.91854,136.948578,2800.0,6600.0,4200.0
5,7,18,65.341798,49.83594,42.742379,2800.0,6600.0,4200.0
5,7,19,2.423414,1.858879,1.585241,2800.0,6600.0,4200.0
5,7,20,0.0,0.0,0.0,2800.0,6600.0,4200.0
5,7,21,0.0,0.0,0.0,2800.0,6600.0,4200.0
5,7,22,0.0,0.0,0.0,2800.0,6600.0,4200.0
5,7,23,0.0,0.0,0.0,2800.0,6600.0,4200.0
5,8,0,0.0,0.0,0.0,2800.0,6600.0,4200.0
5,8,1,0.0,0.0,0.0,2800.0,6600.0,4200.0
5,8,2,0.0,0.0,0.0,2800.0,6600.0,4200.0
5,8,3,0.0,0.0,0.0,2800.0,6600.0,4200.0
5,8,4,0.0,0.0,0.0,2800.0,6600.0,4200.0
5,8,5,0.0,0.0,0.0,2800.0,5787.929644089762,4200.0
5,8,6,20.76346,15.797255,13.582113,2800.0,6600.0,4200.0
5,8,7,141.391681,107.596678,92.489295,2800.0,6600.0,4200.0
5,8,8,287.29796799999997,219.684663,187.93175399999998,2800.0,6600.0,4200.0
5,8,9,391.879386,301.415571,256.342155,2800.0,6600.0,4200.0
5,8,10,459.375437,355.136029,300.493707,2800.0,6600.0,4200.0
5,8,11,436.448557,337.140825,285.496424,2800.0,6600.0,4200.0
5,8,12,472.602555,365.527355,309.146032,2800.0,6600.0,4200.0
5,8,13,467.657116,361.452697,305.911046,1251.4423799619176,1527.350936173994,1478.0815511361232
5,8,14,193.805603,148.515379,126.775093,52.04244894371608,63.51637469508655,61.467459382341815
5,8,15,413.61962900000003,318.69941700000004,270.563216,575.0133429544752,701.7879382515248,679.149617662766
5,8,16,308.92649800000004,237.36937700000001,202.079739,2800.0,3472.7785151730586,3360.753401780379
5,8,17,134.55366899999999,102.96512200000001,88.01631,2800.0,6055.023664834879,4200.0
5,8,18,65.171897,49.843745000000006,42.631241,2800.0,6600.0,4200.0
5,8,19,2.9927170000000003,2.3064850000000003,1.957642,2800.0,6600.0,4200.0
5,8,20,0.0,0.0,0.0,2800.0,6600.0,4200.0
5,8,21,0.0,0.0,0.0,2800.0,6600.0,4200.0
5,8,22,0.0,0.0,0.0,2800.0,6600.0,4200.0
5,8,23,0.0,0.0,0.0,2800.0,6600.0,4200.0
5,9,0,0.0,0.0,0.0,2800.0,6600.0,4200.0
5,9,1,0.0,0.0,0.0,2800.0,6600.0,4200.0
5,9,2,0.0,0.0,0.0,2800.0,6600.0,4200.0
5,9,3,0.0,0.0,0.0,2800.0,6600.0,4200.0
5,9,4,0.0,0.0,0.0,2800.0,6600.0,4200.0
5,9,5,0.0,0.0,0.0,2800.0,6600.0,4200.0
5,9,6,-0.0,-0.0,-0.0,2800.0,6600.0,4200.0
5,9,7,3.449377,2.6452269999999998,2.256359,2800.0,6600.0,4200.0
5,9,8,98.58942900000001,75.141487,64.49082899999999,2800.0,6600.0,4200.0
5,9,9,237.10718100000003,181.068385,155.10018599999998,2800.0,6600.0,4200.0
5,9,10,174.264508,133.128346,113.99257300000001,2800.0,6600.0,4200.0
5,9,11,325.02182799999997,249.063147,212.608264,2800.0,6600.0,4200.0
5,9,12,354.93774099999996,272.376971,232.17732,2800.0,6600.0,4200.0
5,9,13,340.75969,261.615863,222.902955,2800.0,6600.0,4200.0
5,9,14,128.325496,98.243723,83.942242,2800.0,6600.0,4200.0
5,9,15,65.639702,50.269362,42.937249,2800.0,6600.0,4200.0
5,9,16,298.763947,229.157903,195.432055,2800.0,6600.0,4200.0
5,9,17,182.183994,139.350631,119.172988,2800.0,6600.0,4200.0
5,9,18,67.691715,51.751371,44.279543,2800.0,6600.0,4200.0
5,9,19,2.9907489999999997,2.307207,1.956355,2800.0,6600.0,4200.0
5,9,20,0.0,0.0,0.0,2800.0,6600.0,4200.0
5,9,21,0.0,0.0,0.0,2800.0,6600.0,4200.0
5,9,22,0.0,0.0,0.0,2800.0,6600.0,4200.0
5,9,23,0.0,0.0,0.0,2800.0,6600.0,4200.0
5,10,0,0.0,0.0,0.0,2800.0,6600.0,4200.0
5,10,1,0.0,0.0,0.0,2800.0,6600.0,4200.0
5,10,2,0.0,0.0,0.0,2800.0,6600.0,4200.0
5,10,3,0.0,0.0,0.0,2800.0,6600.0,4200.0
5,10,4,0.0,0.0,0.0,2800.0,6600.0,4200.0
5,10,5,0.0,0.0,0.0,2800.0,6600.0,4200.0
5,10,6,28.347806000000002,21.664239000000002,18.543302,2800.0,6600.0,4200.0
5,10,7,126.001162,96.18535899999999,82.421812,2800.0,6600.0,4200.0
5,10,8,251.81783,192.70915900000003,164.722941,2800.0,6600.0,4200.0
5,10,9,360.182819,276.515001,235.60831,2800.0,6600.0,4200.0
5,10,10,440.87349,339.494738,288.39092999999997,2800.0,6600.0,4200.0
5,10,11,377.042119,290.060308,246.636574,2800.0,6600.0,4200.0
5,10,12,388.469266,299.492512,254.111475,2800.0,6600.0,4200.0
5,10,13,488.71520000000004,379.296245,319.685883,2800.0,6600.0,4200.0
5,10,14,440.505755,341.876484,288.150381,2800.0,6600.0,4200.0
5,10,15,372.032149,288.16398399999997,243.359376,2800.0,6600.0,4200.0
5,10,16,150.238438,115.61232700000001,98.27627199999999,2800.0,6600.0,4200.0
5,10,17,60.599686999999996,46.585294000000005,39.640396,2800.0,6600.0,4200.0
5,10,18,26.314400000000003,20.237016,17.213179,2800.0,6600.0,4200.0
5,10,19,-0.0,-0.0,-0.0,2800.0,6600.0,4200.0
5,10,20,0.0,0.0,0.0,2800.0,6600.0,4200.0
5,10,21,0.0,0.0,0.0,2800.0,6600.0,4200.0
5,10,22,0.0,0.0,0.0,2800.0,6600.0,4200.0
5,10,23,0.0,0.0,0.0,2800.0,6600.0,4200.0
5,11,0,0.0,0.0,0.0,2800.0,6600.0,4200.0
5,11,1,0.0,0.0,0.0,2800.0,6600.0,4200.0
5,11,2,0.0,0.0,0.0,2800.0,6600.0,4200.0
5,11,3,0.0,0.0,0.0,2800.0,6600.0,4200.0
5,11,4,0.0,0.0,0.0,2800.0,6600.0,4200.0
5,11,5,0.0,0.0,0.0,2800.0,6600.0,4200.0
5,11,6,27.298621999999998,20.848135,17.856993,2800.0,6600.0,4200.0
5,11,7,99.62706299999999,75.983741,65.169582,2800.0,6600.0,4200.0
5,11,8,127.876018,97.554614,83.64822199999999,2800.0,6600.0,4200.0
5,11,9,107.256743,81.900448,70.160426,2800.0,6600.0,4200.0
5,11,10,166.354376,127.110887,108.818276,2800.0,6600.0,4200.0
5,11,11,209.192179,159.998976,136.839997,2800.0,6600.0,4200.0
5,11,12,280.03898499999997,214.533739,183.18339600000002,2800.0,6600.0,4200.0
5,11,13,205.68926000000002,157.49281,134.54861400000001,2800.0,6600.0,4200.0
5,11,14,214.22516399999998,164.063354,140.13225,2800.0,6600.0,4200.0
5,11,15,108.043174,82.68745200000001,70.67485799999999,2800.0,6600.0,4200.0
5,11,16,73.36565300000001,56.167930999999996,47.991066,2800.0,6600.0,4200.0
5,11,17,103.970695,79.538522,68.010906,2800.0,6600.0,4200.0
5,11,18,68.092217,52.059453000000005,44.541525,2800.0,6600.0,4200.0
5,11,19,3.519855,2.7155650000000002,2.3024609999999996,2800.0,6600.0,4200.0
5,11,20,0.0,0.0,0.0,2800.0,6600.0,4200.0
5,11,21,0.0,0.0,0.0,2800.0,6600.0,4200.0
5,11,22,0.0,0.0,0.0,2800.0,6600.0,4200.0
5,11,23,0.0,0.0,0.0,2800.0,6600.0,4200.0
5,12,0,0.0,0.0,0.0,2800.0,6600.0,4200.0
5,12,1,0.0,0.0,0.0,2800.0,6600.0,4200.0
5,12,2,0.0,0.0,0.0,2800.0,6600.0,4200.0
5,12,3,0.0,0.0,0.0,2800.0,6600.0,4200.0
5,12,4,0.0,0.0,0.0,2800.0,6600.0,4200.0
5,12,5,0.0,0.0,0.0,2800.0,6600.0,4200.0
5,12,6,28.296787000000002,21.610217000000002,18.509929,2800.0,6600.0,4200.0
5,12,7,133.014543,101.511672,87.00951300000001,2800.0,6600.0,4200.0
5,12,8,280.236195,214.372306,183.31239799999997,2800.0,6600.0,4200.0
5,12,9,346.248315,265.339152,226.493258,2800.0,6600.0,4200.0
5,12,10,485.995659,373.705456,317.906935,2800.0,6600.0,4200.0
5,12,11,543.530309,418.76059499999997,355.542383,2800.0,6600.0,4200.0
5,12,12,554.166667,425.0,362.5,2800.0,6600.0,4200.0
5,12,13,554.166667,425.0,362.5,2800.0,6600.0,4200.0
5,12,14,510.349441,393.649962,333.837604,2800.0,6600.0,4200.0
5,12,15,437.73580400000003,336.887772,286.338458,2800.0,6600.0,4200.0
5,12,16,335.325172,257.547393,219.348045,2800.0,6600.0,4200.0
5,12,17,203.78214799999998,156.17029300000002,133.30110399999998,2800.0,6600.0,4200.0
5,12,18,66.58077300000001,50.944326999999994,43.552836000000006,2800.0,5787.929644089762,4200.0
5,12,19,3.375714,2.605078,2.208174,2800.0,6600.0,4200.0
5,12,20,0.0,0.0,0.0,2800.0,6600.0,4200.0
5,12,21,0.0,0.0,0.0,2800.0,6600.0,4200.0
5,12,22,0.0,0.0,0.0,2800.0,6600.0,4200.0
5,12,23,0.0,0.0,0.0,2800.0,6600.0,4200.0
5,13,0,0.0,0.0,0.0,2800.0,5700.675903358588,4200.0
5,13,1,0.0,0.0,0.0,2800.0,3599.0492231594667,3482.9508611220645
5,13,2,0.0,0.0,0.0,929.1658003530496,1134.0212523993912,1097.4399216768302
5,13,3,0.0,0.0,0.0,21.955408148130225,26.795970574489644,25.93158442692546
5,13,4,0.0,0.0,0.0,113.14210705336222,138.08682356906414,133.63240990554593
5,13,5,0.0,0.0,0.0,707.2412654778989,863.1684736147585,835.3243293046049
5,13,6,25.97388,19.84606,16.990433,2800.0,5787.929644089762,4200.0
5,13,7,138.723482,105.998199,90.743932,2800.0,6600.0,4200.0
5,13,8,277.03871000000004,212.44320000000002,181.22081,2800.0,6145.847517348083,4200.0
5,13,9,384.28509399999996,295.773407,251.37446,2800.0,5965.099051003621,4200.0
5,13,10,461.624393,356.635284,301.964829,2800.0,6600.0,4200.0
5,13,11,510.526816,395.287814,333.953631,2800.0,6600.0,4200.0
5,13,12,530.042591,410.647241,346.719589,2800.0,6600.0,4200.0
5,13,13,525.705008,407.00744799999995,343.882223,2800.0,6600.0,4200.0
5,13,14,487.809433,376.86147600000004,319.093388,2800.0,6600.0,4200.0
5,13,15,337.791051,259.859873,220.961063,2800.0,6600.0,4200.0
5,13,16,233.71552799999998,179.480315,152.881586,2800.0,6600.0,4200.0
5,13,17,192.794206,147.95592800000003,126.113503,2800.0,6600.0,4200.0
5,13,18,65.98756399999999,50.569064,43.164797,2800.0,6600.0,4200.0
5,13,19,3.5646869999999997,2.758397,2.331788,2800.0,6600.0,4200.0
5,13,20,0.0,0.0,0.0,2800.0,6600.0,4200.0
5,13,21,0.0,0.0,0.0,2800.0,6600.0,4200.0
5,13,22,0.0,0.0,0.0,2800.0,6600.0,4200.0
5,13,23,0.0,0.0,0.0,2800.0,6600.0,4200.0
5,14,0,0.0,0.0,0.0,2800.0,6600.0,4200.0
5,14,1,0.0,0.0,0.0,2800.0,6600.0,4200.0
5,14,2,0.0,0.0,0.0,2800.0,6600.0,4200.0
5,14,3,0.0,0.0,0.0,2800.0,6600.0,4200.0
5,14,4,0.0,0.0,0.0,2800.0,6600.0,4200.0
5,14,5,0.0,0.0,0.0,2800.0,6600.0,4200.0
5,14,6,25.397023,19.444834,16.61309,2800.0,6600.0,4200.0
5,14,7,135.348062,103.526728,88.53595,2800.0,6600.0,4200.0
5,14,8,271.717762,208.515736,177.74019,2800.0,6600.0,4200.0
5,14,9,381.226453,293.46226299999995,249.373695,2800.0,6600.0,4200.0
5,14,10,464.771576,358.622826,304.023512,2800.0,6600.0,4200.0
5,14,11,514.796908,398.03342200000003,336.74685,2800.0,6600.0,4200.0
5,14,12,534.100057,413.463687,349.373722,2800.0,6600.0,4200.0
5,14,13,371.216051,286.20983,242.825537,2800.0,6600.0,4200.0
5,14,14,487.65043699999995,376.963868,318.989383,2800.0,6600.0,4200.0
5,14,15,415.385713,320.60467700000004,271.718474,2800.0,6600.0,4200.0
5,14,16,315.2851,242.849091,206.239125,2800.0,6600.0,4200.0
5,14,17,190.662995,146.584798,124.719403,2800.0,6600.0,4200.0
5,14,18,64.946795,49.876484,42.483993999999996,2800.0,6600.0,4200.0
5,14,19,4.708938,3.644088,3.080282,2800.0,6600.0,4200.0
5,14,20,0.0,0.0,0.0,2800.0,6600.0,4200.0
5,14,21,0.0,0.0,0.0,2800.0,6600.0,4200.0
5,14,22,0.0,0.0,0.0,2800.0,6600.0,4200.0
5,14,23,0.0,0.0,0.0,2800.0,6600.0,4200.0
5,15,0,0.0,0.0,0.0,2800.0,6600.0,4200.0
5,15,1,0.0,0.0,0.0,2800.0,6600.0,4200.0
5,15,2,0.0,0.0,0.0,2800.0,6600.0,4200.0
5,15,3,0.0,0.0,0.0,2800.0,6600.0,4200.0
5,15,4,0.0,0.0,0.0,2800.0,6600.0,4200.0
5,15,5,0.0,0.0,0.0,2800.0,6600.0,4200.0
5,15,6,25.508153999999998,19.541138,16.685785,2800.0,6600.0,4200.0
5,15,7,135.07256700000002,103.34486199999999,88.35574000000001,2800.0,6600.0,4200.0
5,15,8,271.967021,208.688094,177.903239,2800.0,6600.0,4200.0
5,15,9,377.190258,290.694557,246.73347700000002,2800.0,6600.0,4200.0
5,15,10,413.45309100000003,319.501146,270.454278,2800.0,6600.0,4200.0
5,15,11,501.553917,389.025021,328.084141,2800.0,6600.0,4200.0
5,15,12,521.428165,404.815471,341.084589,2800.0,6600.0,4200.0
5,15,13,510.587722,396.30938799999996,333.993472,2800.0,6600.0,4200.0
5,15,14,473.78987800000004,367.185684,309.922702,2800.0,6600.0,4200.0
5,15,15,404.378822,312.695432,264.518477,2800.0,6600.0,4200.0
5,15,16,271.172174,208.89774799999998,177.383302,2800.0,6600.0,4200.0
5,15,17,177.569545,136.553401,116.15451399999999,2800.0,4954.515830178791,4200.0
5,15,18,65.92771400000001,50.646199,43.125648,2800.0,4495.12565696385,4200.0
5,15,19,4.957027,3.841506,3.2425659999999996,2800.0,6600.0,4200.0
5,15,20,0.0,0.0,0.0,2800.0,6600.0,4200.0
5,15,21,0.0,0.0,0.0,2800.0,6600.0,4200.0
5,15,22,0.0,0.0,0.0,2800.0,6600.0,4200.0
5,15,23,0.0,0.0,0.0,2800.0,6600.0,4200.0
5,16,0,0.0,0.0,0.0,1503.1454301264964,1834.5475722016292,1775.3686182596414
5,16,1,0.0,0.0,0.0,237.66666698837332,290.0656171905344,280.7086617972913
5,16,2,0.0,0.0,0.0,610.9415963527902,745.6373813754526,721.5845626214057
5,16,3,0.0,0.0,0.0,2800.0,3728.344236364732,3608.075067449741
5,16,4,0.0,0.0,0.0,2800.0,6600.0,4200.0
5,16,5,-0.0,-0.0,-0.0,2800.0,3794.137041985159,3671.7455245017663
5,16,6,26.454865,20.285580999999997,17.305062000000003,2800.0,5528.8079782263085,4200.0
5,16,7,135.998173,104.11946,88.96121099999999,1109.377075854021,1353.9641476958525,1310.287884866954
5,16,8,230.807267,177.067168,150.97919,1055.7070784976213,1288.4613950167818,1246.8981242097886
5,16,9,347.196563,267.05330699999996,227.113541,2800.0,3663.3164546975977,3545.1449561589657
5,16,10,464.19277600000004,358.06852000000003,303.64489899999995,2800.0,6600.0,4200.0
5,16,11,520.530185,402.16778600000004,340.497189,2800.0,6600.0,4200.0
5,16,12,544.730426,421.222516,356.327422,2800.0,6600.0,4200.0
5,16,13,536.454573,414.66574699999995,350.91389399999997,2800.0,6600.0,4200.0
5,16,14,496.34383299999996,383.269799,324.67604100000005,2800.0,6600.0,4200.0
5,16,15,421.89058,325.28234399999997,275.973537,2800.0,6600.0,4200.0
5,16,16,323.138741,248.59675700000003,211.37647,2800.0,6600.0,4200.0
5,16,17,198.127805,152.143222,129.602399,2800.0,6600.0,4200.0
5,16,18,67.668053,51.939981,44.264065,2800.0,6600.0,4200.0
5,16,19,5.304713,4.111943,3.47,2800.0,6600.0,4200.0
5,16,20,0.0,0.0,0.0,2800.0,6600.0,4200.0
5,16,21,0.0,0.0,0.0,2800.0,6600.0,4200.0
5,16,22,0.0,0.0,0.0,2800.0,6600.0,4200.0
5,16,23,0.0,0.0,0.0,2800.0,6600.0,4200.0
5,17,0,0.0,0.0,0.0,2800.0,6600.0,4200.0
5,17,1,0.0,0.0,0.0,2800.0,6600.0,4200.0
5,17,2,0.0,0.0,0.0,2800.0,6600.0,4200.0
5,17,3,0.0,0.0,0.0,2800.0,6600.0,4200.0
5,17,4,0.0,0.0,0.0,2800.0,6600.0,4200.0
5,17,5,-0.0,-0.0,-0.0,2800.0,6600.0,4200.0
5,17,6,28.160037,21.626044999999998,18.420475999999997,2800.0,6600.0,4200.0
5,17,7,134.16669,102.834408,87.763173,2800.0,6600.0,4200.0
5,17,8,270.254205,207.36944699999998,176.782826,2800.0,6600.0,4200.0
5,17,9,340.779295,261.774326,222.91577900000001,2800.0,6600.0,4200.0
5,17,10,429.047805,330.117549,280.655331,2800.0,6600.0,4200.0
5,17,11,387.66646000000003,298.088613,253.586331,2800.0,6600.0,4200.0
5,17,12,381.066886,293.017579,249.269317,2800.0,6600.0,4200.0
5,17,13,417.724623,321.431741,273.248438,2800.0,6600.0,4200.0
5,17,14,323.144393,248.21039000000002,211.380167,2800.0,6600.0,4200.0
5,17,15,143.798538,110.30286,94.063705,2800.0,6600.0,4200.0
5,17,16,42.493836,32.664407,27.79672,2800.0,6600.0,4200.0
5,17,17,139.197416,106.768056,91.05394899999999,2800.0,6600.0,4200.0
5,17,18,57.83762599999999,44.398192,37.833635,2800.0,6600.0,4200.0
5,17,19,6.182016,4.786546,4.043875,2800.0,6600.0,4200.0
5,17,20,0.0,0.0,0.0,2800.0,6600.0,4200.0
5,17,21,0.0,0.0,0.0,2800.0,6600.0,4200.0
5,17,22,0.0,0.0,0.0,2800.0,6600.0,4200.0
5,17,23,0.0,0.0,0.0,2800.0,6600.0,4200.0
5,18,0,0.0,0.0,0.0,2800.0,6600.0,4200.0
5,18,1,0.0,0.0,0.0,2800.0,6600.0,4200.0
5,18,2,0.0,0.0,0.0,2800.0,6600.0,4200.0
5,18,3,0.0,0.0,0.0,2800.0,6600.0,4200.0
5,18,4,0.0,0.0,0.0,2800.0,6600.0,4200.0
5,18,5,-0.0,-0.0,-0.0,2800.0,6600.0,4200.0
5,18,6,26.471082,20.331298,17.315669999999997,2800.0,6600.0,4200.0
5,18,7,135.18776,103.601405,88.431091,2800.0,6600.0,4200.0
5,18,8,271.828639,208.574496,177.81271900000002,2800.0,6600.0,4200.0
5,18,9,380.088258,292.44036700000004,248.62916099999998,2800.0,6600.0,4200.0
5,18,10,463.785929,357.661755,303.378765,2800.0,6600.0,4200.0
5,18,11,514.386597,397.430866,336.47845,2800.0,6600.0,4200.0
5,18,12,533.38606,412.665223,348.90667099999996,2800.0,6600.0,4200.0
5,18,13,521.467665,403.399131,341.110428,2800.0,6600.0,4200.0
5,18,14,480.33500300000003,371.528678,314.2041,2800.0,6600.0,4200.0
5,18,15,409.29505,316.048631,267.73435600000005,2800.0,6600.0,4200.0
5,18,16,257.181491,198.01387400000002,168.23150099999998,2800.0,6600.0,4200.0
5,18,17,5.847220999999999,4.545795,3.824874,2800.0,6600.0,4200.0
5,18,18,1.516737,1.1989839999999998,0.992151,2800.0,6600.0,4200.0
5,18,19,-0.0,-0.0,-0.0,2800.0,6600.0,4200.0
5,18,20,0.0,0.0,0.0,2800.0,6600.0,4200.0
5,18,21,0.0,0.0,0.0,2800.0,6600.0,4200.0
5,18,22,0.0,0.0,0.0,2800.0,6600.0,4200.0
5,18,23,0.0,0.0,0.0,2800.0,6600.0,4200.0
5,19,0,0.0,0.0,0.0,2800.0,6600.0,4200.0
5,19,1,0.0,0.0,0.0,2800.0,6600.0,4200.0
5,19,2,0.0,0.0,0.0,2800.0,6600.0,4200.0
5,19,3,0.0,0.0,0.0,2800.0,6600.0,4200.0
5,19,4,0.0,0.0,0.0,2800.0,6600.0,4200.0
5,19,5,-0.0,-0.0,-0.0,2800.0,6600.0,4200.0
5,19,6,5.909604,4.5315460000000005,3.865681,2800.0,6600.0,4200.0
5,19,7,20.643387999999998,15.782894,13.50357,2800.0,6600.0,4200.0
5,19,8,82.512933,62.980306,53.974625,2800.0,6600.0,4200.0
5,19,9,27.218393,20.843033,17.804513,2800.0,6600.0,4200.0
5,19,10,298.774703,228.865793,195.43909200000002,2800.0,6600.0,4200.0
5,19,11,42.674347000000004,32.718638,27.914797999999998,2800.0,6600.0,4200.0
5,19,12,456.735409,352.66642099999996,298.766772,2800.0,6600.0,4200.0
5,19,13,359.463775,277.709895,235.13795800000003,2800.0,6600.0,4200.0
5,19,14,169.884764,130.60798699999998,111.12762699999999,2800.0,6600.0,4200.0
5,19,15,199.15912899999998,153.016384,130.277024,2800.0,6600.0,4200.0
5,19,16,109.298247,83.785894,71.495846,2800.0,6600.0,4200.0
5,19,17,127.098689,97.293101,83.13974400000001,2800.0,6600.0,4200.0
5,19,18,57.125828999999996,43.718004,37.368024,2800.0,6600.0,4200.0
5,19,19,7.474232,5.748593,4.889158999999999,2800.0,6600.0,4200.0
5,19,20,0.0,0.0,0.0,2800.0,6600.0,4200.0
5,19,21,0.0,0.0,0.0,2800.0,4348.55720818164,4200.0
5,19,22,0.0,0.0,0.0,2800.0,5614.303506012198,4200.0
5,19,23,0.0,0.0,0.0,2800.0,6600.0,4200.0
5,20,0,0.0,0.0,0.0,2800.0,6600.0,4200.0
5,20,1,0.0,0.0,0.0,2800.0,6600.0,4200.0
5,20,2,0.0,0.0,0.0,2800.0,6600.0,4200.0
5,20,3,0.0,0.0,0.0,2800.0,6600.0,4200.0
5,20,4,0.0,0.0,0.0,2800.0,6600.0,4200.0
5,20,5,-0.0,-0.0,-0.0,2800.0,6600.0,4200.0
5,20,6,6.443098,4.939114,4.214658,2800.0,6600.0,4200.0
5,20,7,23.521239,17.966276999999998,15.386073,2800.0,6600.0,4200.0
5,20,8,2.75359,2.122748,1.80122,2800.0,6600.0,4200.0
5,20,9,45.257802000000005,34.591550000000005,29.604727,2800.0,6600.0,4200.0
5,20,10,99.471282,76.008628,65.067681,2800.0,6600.0,4200.0
5,20,11,79.024918,60.472057,51.692992,2800.0,6600.0,4200.0
5,20,12,290.689495,223.017854,190.150271,2800.0,6600.0,4200.0
5,20,13,421.63523100000003,324.77338000000003,275.806505,2800.0,6600.0,4200.0
5,20,14,458.354962,353.815694,299.826178,2800.0,6600.0,4200.0
5,20,15,328.155464,252.705765,214.658086,2800.0,6600.0,4200.0
5,20,16,242.876207,186.78812100000002,158.87391,2800.0,6600.0,4200.0
5,20,17,89.32680400000001,68.559496,58.431819000000004,2800.0,6600.0,4200.0
5,20,18,44.07761,33.844802,28.832722,2800.0,6600.0,4200.0
5,20,19,4.881194000000001,3.779649,3.192962,2800.0,6600.0,4200.0
5,20,20,0.0,0.0,0.0,2800.0,6600.0,4200.0
5,20,21,0.0,0.0,0.0,2800.0,6330.21083371745,4200.0
5,20,22,0.0,0.0,0.0,2549.630956168769,3111.754316583931,3011.3751450812238
5,20,23,0.0,0.0,0.0,610.9415963527902,745.6373813754526,721.5845626214057
5,21,0,0.0,0.0,0.0,183.74862734385428,224.2601357346253,217.0259378077019
5,21,1,0.0,0.0,0.0,858.3289550807331,1047.566834941052,1013.7743563945666
5,21,2,0.0,0.0,0.0,2794.6277004301824,3410.766091076207,3300.741378460845
5,21,3,0.0,0.0,0.0,2800.0,6600.0,4200.0
5,21,4,0.0,0.0,0.0,2800.0,6600.0,4200.0
5,21,5,-0.0,-0.0,-0.0,2800.0,6600.0,4200.0
5,21,6,28.101888,21.543168,18.382437999999997,2800.0,6600.0,4200.0
5,21,7,81.963323,62.694285,53.615106,2800.0,6600.0,4200.0
5,21,8,160.818425,122.986521,105.197015,2800.0,6600.0,4200.0
5,21,9,275.619565,211.12267,180.292497,2800.0,6600.0,4200.0
5,21,10,400.339698,307.41929700000003,261.876344,2800.0,6600.0,4200.0
5,21,11,461.72513799999996,355.13198100000005,302.030729,2800.0,6600.0,4200.0
5,21,12,455.497897,350.217837,297.957271,2800.0,6600.0,4200.0
5,21,13,382.649107,293.772544,250.304303,2800.0,6600.0,4200.0
5,21,14,275.71533,211.32759,180.355141,2800.0,6600.0,4200.0
5,21,15,149.9547,114.756788,98.09066800000001,2800.0,6600.0,4200.0
5,21,16,290.256927,222.31167000000002,189.867313,2800.0,5444.184846176627,4200.0
5,21,17,214.012307,163.706195,139.99301300000002,1676.4237403920558,2046.0289744942413,1980.0280398331363
5,21,18,75.420973,57.640527999999996,49.335524,978.4920029593812,1194.2225232968824,1155.6992160937573
5,21,19,8.760345,6.723757,5.730451,2744.426018516277,3349.496321811205,3241.448053365682
5,21,20,0.0,0.0,0.0,2800.0,6600.0,4200.0
5,21,21,0.0,0.0,0.0,2800.0,6600.0,4200.0
5,21,22,0.0,0.0,0.0,2800.0,6600.0,4200.0
5,21,23,0.0,0.0,0.0,2800.0,6600.0,4200.0
5,22,0,0.0,0.0,0.0,2800.0,6600.0,4200.0
5,22,1,0.0,0.0,0.0,2800.0,6600.0,4200.0
5,22,2,0.0,0.0,0.0,2800.0,6600.0,4200.0
5,22,3,0.0,0.0,0.0,2800.0,6600.0,4200.0
5,22,4,0.0,0.0,0.0,2800.0,6600.0,4200.0
5,22,5,-0.0,-0.0,-0.0,2800.0,6600.0,4200.0
5,22,6,28.835092,22.007192,18.862052,2800.0,6600.0,4200.0
5,22,7,149.137815,113.810347,97.556315,2800.0,5195.505086201954,4200.0
5,22,8,292.497057,223.85190400000002,191.332661,2800.0,3663.3164546975977,3545.1449561589657
5,22,9,400.455701,307.618539,261.952226,1469.9890187508342,1794.0810858770024,1736.2075024616151
5,22,10,476.647259,367.49533399999996,311.791816,1003.7965929387176,1225.1060779960724,1185.5865270929733
5,22,11,523.9015449999999,405.103484,342.702514,813.163264745564,992.4433546107276,960.4290528490912
5,22,12,543.715929,420.792308,355.66380300000003,687.226207839785,838.7406473635172,811.6844974485649
5,22,13,536.057132,414.465265,350.653913,1029.5337295682716,1256.5175439612765,1215.984719962525
5,22,14,497.75723700000003,384.30533,325.600599,2597.435303258585,3170.098204764415,3067.83697235266
5,22,15,427.04824699999995,328.80604100000005,279.347349,2800.0,6600.0,4200.0
5,22,16,289.689115,222.410172,189.49588699999998,2800.0,6600.0,4200.0
5,22,17,144.141288,110.436061,94.28791,2800.0,6600.0,4200.0
5,22,18,63.340387,48.514504,41.433186,2800.0,6600.0,4200.0
5,22,19,9.859477,7.581316,6.449432,2800.0,6600.0,4200.0
5,22,20,0.0,0.0,0.0,2800.0,6600.0,4200.0
5,22,21,0.0,0.0,0.0,2800.0,6600.0,4200.0
5,22,22,0.0,0.0,0.0,2800.0,6600.0,4200.0
5,22,23,0.0,0.0,0.0,2800.0,6600.0,4200.0
5,23,0,0.0,0.0,0.0,2800.0,6600.0,4200.0
5,23,1,0.0,0.0,0.0,2800.0,6600.0,4200.0
5,23,2,0.0,0.0,0.0,2800.0,6600.0,4200.0
5,23,3,0.0,0.0,0.0,2800.0,6600.0,4200.0
5,23,4,0.0,0.0,0.0,2800.0,5876.06920203001,4200.0
5,23,5,-0.0,-0.0,-0.0,2549.630956168769,3111.754316583931,3011.3751450812238
5,23,6,21.133689999999998,16.174229999999998,13.824292999999999,2800.0,3794.137041985159,3671.7455245017663
5,23,7,58.191812,44.490563,38.065321000000004,978.4920029593812,1194.2225232968824,1155.6992160937573
5,23,8,147.77644899999999,113.101066,96.66579700000001,813.163264745564,992.4433546107276,960.4290528490912
5,23,9,285.998636,219.84278400000002,187.081815,2800.0,5614.303506012198,4200.0
5,23,10,274.4081,211.040769,179.500035,2800.0,6600.0,4200.0
5,23,11,503.21256300000005,389.815756,329.16912,2800.0,6600.0,4200.0
5,23,12,286.116063,219.759017,187.158628,2800.0,6600.0,4200.0
5,23,13,392.09911200000005,302.040441,256.485885,2800.0,6600.0,4200.0
5,23,14,340.420836,261.859327,222.681299,2800.0,6600.0,4200.0
5,23,15,289.01271,222.20997200000002,189.053427,2800.0,6600.0,4200.0
5,23,16,214.82035000000002,164.91266399999998,140.52158300000002,2800.0,6145.847517348083,4200.0
5,23,17,172.411097,132.350416,112.780191,2800.0,5528.8079782263085,4200.0
5,23,18,69.4879,53.290817000000004,45.454491000000004,2800.0,5360.429636038867,4200.0
5,23,19,10.302897000000002,7.9282129999999995,6.739489,2800.0,6600.0,4200.0
5,23,20,0.0,0.0,0.0,2800.0,6600.0,4200.0
5,23,21,0.0,0.0,0.0,2800.0,6600.0,4200.0
5,23,22,0.0,0.0,0.0,2800.0,6600.0,4200.0
5,23,23,0.0,0.0,0.0,2800.0,6600.0,4200.0
5,24,0,0.0,0.0,0.0,2800.0,6600.0,4200.0
5,24,1,0.0,0.0,0.0,2800.0,6600.0,4200.0
5,24,2,0.0,0.0,0.0,2800.0,6600.0,4200.0
5,24,3,0.0,0.0,0.0,2800.0,5876.06920203001,4200.0
5,24,4,0.0,0.0,0.0,2319.3884514592746,2830.7496848518704,2739.435178888906
5,24,5,-0.0,-0.0,-0.0,388.5930680097703,474.2671302481448,458.9681905627208
5,24,6,32.726615,25.030216,21.407635,107.29111938509163,130.9458543676315,126.72179454932082
5,24,7,97.43416,74.42779700000001,63.735127,687.226207839785,838.7406473635172,811.6844974485649
5,24,8,97.859565,74.813123,64.01339899999999,2800.0,5114.326798854228,4200.0
5,24,9,101.43350699999999,77.606641,66.35124099999999,2800.0,6600.0,4200.0
5,24,10,137.731307,105.497107,90.094915,2800.0,6600.0,4200.0
5,24,11,153.406962,117.541278,100.34891499999999,2800.0,6600.0,4200.0
5,24,12,186.16888699999998,142.668028,121.779648,2800.0,6600.0,4200.0
5,24,13,113.66204300000001,86.956535,74.350359,2800.0,6600.0,4200.0
5,24,14,111.03685899999999,84.973727,72.63313400000001,2800.0,6600.0,4200.0
5,24,15,111.49834299999999,85.270122,72.935007,2800.0,6600.0,4200.0
5,24,16,154.081305,117.77947400000001,100.790027,2800.0,6600.0,4200.0
5,24,17,150.82150700000003,115.263114,98.657678,2800.0,6600.0,4200.0
5,24,18,66.857922,51.081319,43.734129,2800.0,6600.0,4200.0
5,24,19,11.133329,8.543966000000001,7.282704,2800.0,6600.0,4200.0
5,24,20,0.0,0.0,0.0,2800.0,6600.0,4200.0
5,24,21,0.0,0.0,0.0,2800.0,6600.0,4200.0
5,24,22,0.0,0.0,0.0,2800.0,6600.0,4200.0
5,24,23,0.0,0.0,0.0,2800.0,6600.0,4200.0
5,25,0,0.0,0.0,0.0,2800.0,6600.0,4200.0
5,25,1,0.0,0.0,0.0,2800.0,6600.0,4200.0
5,25,2,0.0,0.0,0.0,2800.0,6600.0,4200.0
5,25,3,0.0,0.0,0.0,2800.0,6600.0,4200.0
5,25,4,0.0,0.0,0.0,2800.0,6600.0,4200.0
5,25,5,-0.0,-0.0,-0.0,2800.0,6600.0,4200.0
5,25,6,12.817404,9.811967000000001,8.384317,2800.0,6600.0,4200.0
5,25,7,38.251239,29.217354,25.021487,2800.0,6600.0,4200.0
5,25,8,107.396879,81.983221,70.252094,2800.0,6600.0,4200.0
5,25,9,98.22825900000001,75.025986,64.254576,2800.0,6600.0,4200.0
5,25,10,131.55066399999998,100.512723,86.05193799999999,2800.0,6600.0,4200.0
5,25,11,172.034326,131.530301,112.533732,2800.0,6600.0,4200.0
5,25,12,207.731369,158.960737,135.884429,2800.0,6600.0,4200.0
5,25,13,188.149806,144.03635200000002,123.07543700000001,2800.0,6600.0,4200.0
5,25,14,67.07485799999999,51.398153,43.876035,2800.0,6600.0,4200.0
5,25,15,99.21583100000001,75.987068,64.900581,2800.0,6600.0,4200.0
5,25,16,60.037375999999995,45.991896000000004,39.27257,2800.0,6600.0,4200.0
5,25,17,49.422745000000006,37.85925099999999,32.329164,2800.0,6600.0,4200.0
5,25,18,78.929668,60.411474000000005,51.630685,2800.0,6600.0,4200.0
5,25,19,11.071007,8.50958,7.241937,2800.0,6600.0,4200.0
5,25,20,0.0,0.0,0.0,2800.0,6600.0,4200.0
5,25,21,0.0,0.0,0.0,2800.0,6600.0,4200.0
5,25,22,0.0,0.0,0.0,2800.0,6600.0,4200.0
5,25,23,0.0,0.0,0.0,2800.0,6600.0,4200.0
5,26,0,0.0,0.0,0.0,2800.0,6600.0,4200.0
5,26,1,0.0,0.0,0.0,2800.0,6600.0,4200.0
5,26,2,0.0,0.0,0.0,2800.0,6600.0,4200.0
5,26,3,0.0,0.0,0.0,2800.0,6600.0,4200.0
5,26,4,0.0,0.0,0.0,2800.0,6600.0,4200.0
5,26,5,-0.0,-0.0,-0.0,2800.0,6600.0,4200.0
5,26,6,31.600599,24.17869,20.671069,2800.0,6600.0,4200.0
5,26,7,116.212326,88.879585,76.018589,2800.0,6600.0,4200.0
5,26,8,242.34061300000002,185.75461199999998,158.523559,2800.0,6600.0,4200.0
5,26,9,373.860965,288.001577,244.555669,2800.0,6600.0,4200.0
5,26,10,378.137656,291.528278,247.353203,2800.0,6600.0,4200.0
5,26,11,498.082304,385.435023,325.813237,2800.0,6600.0,4200.0
5,26,12,332.043277,255.677356,217.201242,2800.0,6600.0,4200.0
5,26,13,515.636401,399.252882,337.295992,2800.0,6600.0,4200.0
5,26,14,397.46470500000004,306.8008,259.995709,2800.0,6600.0,4200.0
5,26,15,280.003688,215.546219,183.160307,2800.0,6600.0,4200.0
5,26,16,241.409042,185.66623800000002,157.914185,2800.0,6600.0,4200.0
5,26,17,25.663639,19.742842,16.787492999999998,2800.0,6600.0,4200.0
5,26,18,11.25003,8.676244,7.3590420000000005,2800.0,6600.0,4200.0
5,26,19,-0.0,-0.0,-0.0,2800.0,6600.0,4200.0
5,26,20,0.0,0.0,0.0,2800.0,6600.0,4200.0
5,26,21,0.0,0.0,0.0,2800.0,6600.0,4200.0
5,26,22,0.0,0.0,0.0,2800.0,6600.0,4200.0
5,26,23,0.0,0.0,0.0,2800.0,6600.0,4200.0
5,27,0,0.0,0.0,0.0,2800.0,6600.0,4200.0
5,27,1,0.0,0.0,0.0,2800.0,6600.0,4200.0
5,27,2,0.0,0.0,0.0,2800.0,6600.0,4200.0
5,27,3,0.0,0.0,0.0,2800.0,6600.0,4200.0
5,27,4,0.0,0.0,0.0,2800.0,6600.0,4200.0
5,27,5,-0.0,-0.0,-0.0,2800.0,6600.0,4200.0
5,27,6,32.559074,24.942995,21.298041,2800.0,6600.0,4200.0
5,27,7,40.335128,30.917124,26.384633,2800.0,6600.0,4200.0
5,27,8,66.851539,51.247510999999996,43.729954,2800.0,6600.0,4200.0
5,27,9,264.848705,203.432898,173.246898,2800.0,6600.0,4200.0
5,27,10,324.553065,249.8355,212.301629,2800.0,6600.0,4200.0
5,27,11,112.265422,86.175618,73.43678,2800.0,6600.0,4200.0
5,27,12,160.498843,123.29945,104.987965,2800.0,6600.0,4200.0
5,27,13,198.62580799999998,152.805633,129.92816,2800.0,6600.0,4200.0
5,27,14,296.94036800000003,229.317437,194.23918799999998,2800.0,6600.0,4200.0
5,27,15,291.80179300000003,225.403932,190.877864,2800.0,6600.0,4200.0
5,27,16,315.971255,244.195167,206.687964,2800.0,6600.0,4200.0
5,27,17,171.456416,131.90967,112.15570100000001,2800.0,6600.0,4200.0
5,27,18,71.106938,54.639655,46.513561,2800.0,6600.0,4200.0
5,27,19,11.363572,8.758637,7.433314,2800.0,6600.0,4200.0
5,27,20,0.0,0.0,0.0,2800.0,6600.0,4200.0
5,27,21,0.0,0.0,0.0,2800.0,6600.0,4200.0
5,27,22,0.0,0.0,0.0,2800.0,6600.0,4200.0
5,27,23,0.0,0.0,0.0,2800.0,6600.0,4200.0
5,28,0,0.0,0.0,0.0,2800.0,6600.0,4200.0
5,28,1,0.0,0.0,0.0,2800.0,6600.0,4200.0
5,28,2,0.0,0.0,0.0,2800.0,6600.0,4200.0
5,28,3,0.0,0.0,0.0,2800.0,6600.0,4200.0
5,28,4,0.0,0.0,0.0,2800.0,6600.0,4200.0
5,28,5,-0.0,-0.0,-0.0,2800.0,6600.0,4200.0
5,28,6,34.303221,26.292617999999997,22.438949,2800.0,6600.0,4200.0
5,28,7,118.236918,90.583328,77.342946,2103.4419801044355,2567.192967843996,2484.3802914619314
5,28,8,207.838184,159.479124,135.95430100000002,2800.0,3794.137041985159,3671.7455245017663
5,28,9,281.29939,216.378254,184.007872,2800.0,6600.0,4200.0
5,28,10,342.233228,263.87104100000005,223.866848,2800.0,6600.0,4200.0
5,28,11,256.41956899999997,197.461746,167.733102,2800.0,6600.0,4200.0
5,28,12,413.017257,320.46919099999997,270.16918300000003,2800.0,6600.0,4200.0
5,28,13,267.346667,206.07227,174.880902,2800.0,6600.0,4200.0
5,28,14,338.43137800000005,260.322097,221.379924,2800.0,6600.0,4200.0
5,28,15,375.839675,288.910192,245.85001300000002,2800.0,6600.0,4200.0
5,28,16,214.567363,164.513861,140.356095,2800.0,6600.0,4200.0
5,28,17,206.02705799999998,158.036857,134.769579,2800.0,6600.0,4200.0
5,28,18,77.93534600000001,59.767503,50.980264000000005,2800.0,6600.0,4200.0
5,28,19,11.060473,8.518799000000001,7.2350460000000005,2800.0,6600.0,4200.0
5,28,20,0.0,0.0,0.0,2800.0,6600.0,4200.0
5,28,21,0.0,0.0,0.0,2800.0,6600.0,4200.0
5,28,22,0.0,0.0,0.0,2800.0,6600.0,4200.0
5,28,23,0.0,0.0,0.0,2800.0,6600.0,4200.0
5,29,0,0.0,0.0,0.0,2800.0,6600.0,4200.0
5,29,1,0.0,0.0,0.0,2800.0,6600.0,4200.0
5,29,2,0.0,0.0,0.0,2800.0,6600.0,4200.0
5,29,3,0.0,0.0,0.0,2800.0,6600.0,4200.0
5,29,4,0.0,0.0,0.0,2800.0,6600.0,4200.0
5,29,5,-0.0,-0.0,-0.0,2800.0,6600.0,4200.0
5,29,6,31.181725999999998,23.874791000000002,20.397069,2800.0,6600.0,4200.0
5,29,7,144.927548,110.863356,94.80223,2800.0,6600.0,4200.0
5,29,8,281.647377,216.113373,184.235503,2800.0,6600.0,4200.0
5,29,9,386.343068,297.458879,252.720653,2800.0,6600.0,4200.0
5,29,10,465.551463,359.194799,304.533664,2800.0,6600.0,4200.0
5,29,11,516.764833,399.351151,338.03413900000004,2800.0,6600.0,4200.0
5,29,12,539.244791,416.880648,352.739074,2800.0,6600.0,4200.0
5,29,13,480.88034999999996,371.17657299999996,314.560831,2800.0,6600.0,4200.0
5,29,14,494.06687300000004,381.54063299999996,323.186601,2800.0,6600.0,4200.0
5,29,15,327.002992,251.516959,213.904213,2800.0,6600.0,4200.0
5,29,16,200.445964,153.856778,131.118789,2800.0,6600.0,4200.0
5,29,17,204.54012400000002,157.014916,133.79692300000002,2800.0,5277.537873988738,4200.0
5,29,18,79.355232,60.868667,51.909062,2800.0,6518.224790706034,4200.0
5,29,19,12.370102999999999,9.523071,8.091721,2800.0,6600.0,4200.0
5,29,20,0.0,0.0,0.0,2800.0,6600.0,4200.0
5,29,21,0.0,0.0,0.0,2800.0,6600.0,4200.0
5,29,22,0.0,0.0,0.0,2800.0,6600.0,4200.0
5,29,23,0.0,0.0,0.0,2800.0,6600.0,4200.0
5,30,0,0.0,0.0,0.0,2800.0,6600.0,4200.0
5,30,1,0.0,0.0,0.0,2800.0,6600.0,4200.0
5,30,2,0.0,0.0,0.0,2800.0,6600.0,4200.0
5,30,3,0.0,0.0,0.0,2800.0,6600.0,4200.0
5,30,4,0.0,0.0,0.0,2800.0,6600.0,4200.0
5,30,5,-0.0,-0.0,-0.0,2800.0,6600.0,4200.0
5,30,6,31.442609,24.059809,20.567722,2800.0,6600.0,4200.0
5,30,7,145.645398,111.364188,95.271802,2800.0,6600.0,4200.0
5,30,8,284.15297,217.810993,185.87449900000001,2800.0,6600.0,4200.0
5,30,9,393.13083,302.187556,257.160769,2800.0,6600.0,4200.0
5,30,10,473.994887,365.099795,310.056806,2800.0,6600.0,4200.0
5,30,11,255.042891,195.593357,166.832568,2800.0,6600.0,4200.0
5,30,12,377.16100900000004,289.981424,246.714344,2800.0,6600.0,4200.0
5,30,13,546.774149,422.007471,357.664293,2800.0,6600.0,4200.0
5,30,14,426.27676299999996,328.094636,278.842695,2800.0,6600.0,4200.0
5,30,15,129.959555,99.62456,85.011137,2800.0,6600.0,4200.0
5,30,16,341.483144,262.311265,223.376192,2800.0,6600.0,4200.0
5,30,17,214.68738399999998,164.598185,140.43460399999998,2800.0,6600.0,4200.0
5,30,18,80.429295,61.592764,52.611644,2800.0,6600.0,4200.0
5,30,19,10.898956,8.377325,7.129392,2800.0,6600.0,4200.0
5,30,20,0.0,0.0,0.0,2800.0,6600.0,4200.0
5,30,21,0.0,0.0,0.0,2800.0,6600.0,4200.0
5,30,22,0.0,0.0,0.0,2800.0,6600.0,4200.0
5,30,23,0.0,0.0,0.0,2800.0,6600.0,4200.0
5,31,0,0.0,0.0,0.0,2800.0,6600.0,4200.0
5,31,1,0.0,0.0,0.0,2800.0,6600.0,4200.0
5,31,2,0.0,0.0,0.0,2800.0,6600.0,4200.0
5,31,3,0.0,0.0,0.0,2800.0,6600.0,4200.0
5,31,4,0.0,0.0,0.0,2800.0,6600.0,4200.0
5,31,5,-0.0,-0.0,-0.0,2800.0,6600.0,4200.0
5,31,6,30.616259,23.431157,20.027177,2800.0,6600.0,4200.0
5,31,7,145.467805,111.247865,95.155632,2800.0,6600.0,4200.0
5,31,8,285.574652,218.93851500000002,186.804472,2800.0,6600.0,4200.0
5,31,9,397.74005900000003,305.646349,260.175828,2800.0,6600.0,4200.0
5,31,10,483.608924,372.41333000000003,316.345687,2800.0,6600.0,4200.0
5,31,11,539.201325,415.9221,352.710641,2800.0,6600.0,4200.0
5,31,12,554.166667,425.0,362.5,2800.0,6600.0,4200.0
5,31,13,554.166667,425.0,362.5,2800.0,6600.0,4200.0
5,31,14,518.3217040000001,399.792477,339.052543,2800.0,6600.0,4200.0
5,31,15,447.37921500000004,344.542732,292.646554,2800.0,6600.0,4200.0
5,31,16,347.265413,266.802022,227.158578,2800.0,6600.0,4200.0
5,31,17,220.736252,169.240152,144.391383,2800.0,6600.0,4200.0
5,31,18,80.896823,61.948961000000004,52.917471,2800.0,6600.0,4200.0
5,31,19,13.659407,10.517534,8.935101000000001,2800.0,6600.0,4200.0
5,31,20,0.0,0.0,0.0,2800.0,6600.0,4200.0
5,31,21,0.0,0.0,0.0,2800.0,6600.0,4200.0
5,31,22,0.0,0.0,0.0,2800.0,6600.0,4200.0
5,31,23,0.0,0.0,0.0,2800.0,6600.0,4200.0
6,1,0,0.0,0.0,0.0,2800.0,6600.0,4200.0
6,1,1,0.0,0.0,0.0,2800.0,6600.0,4200.0
6,1,2,0.0,0.0,0.0,2800.0,6600.0,4200.0
6,1,3,0.0,0.0,0.0,2800.0,6600.0,4200.0
6,1,4,0.0,0.0,0.0,2800.0,6600.0,4200.0
6,1,5,-0.0,-0.0,-0.0,2800.0,6600.0,4200.0
6,1,6,33.506231,25.707794000000003,21.91761,2800.0,6600.0,4200.0
6,1,7,38.796267,29.787022,25.378009,2800.0,3928.035620383037,3801.324793919068
6,1,8,99.721533,76.51862,65.231379,1749.3017415377876,2134.9745664437564,2066.104419139119
6,1,9,372.647734,287.164516,243.76205199999998,2800.0,6600.0,4200.0
6,1,10,451.300909,348.713449,295.211873,2800.0,6600.0,4200.0
6,1,11,415.704343,321.065799,271.926901,2800.0,6600.0,4200.0
6,1,12,469.047114,362.930996,306.820292,2800.0,6600.0,4200.0
6,1,13,393.68847600000004,303.93657299999995,257.525545,2800.0,6600.0,4200.0
6,1,14,250.261879,192.517987,163.705139,2800.0,6600.0,4200.0
6,1,15,141.69571599999998,108.856671,92.688175,2800.0,6600.0,4200.0
6,1,16,269.005339,207.12380100000001,175.96589799999998,2800.0,6600.0,4200.0
6,1,17,108.62356299999999,83.401641,71.054511,2800.0,6600.0,4200.0
6,1,18,78.375277,60.143101,51.268038,2800.0,4205.209912886971,4069.5579802131983
6,1,19,11.491168,8.860657999999999,7.5167790000000005,2744.426018516277,3349.496321811205,3241.448053365682
6,1,20,0.0,0.0,0.0,2800.0,3472.7785151730586,3360.753401780379
6,1,21,0.0,0.0,0.0,2800.0,5700.675903358588,4200.0
6,1,22,0.0,0.0,0.0,2800.0,6600.0,4200.0
6,1,23,0.0,0.0,0.0,2800.0,6600.0,4200.0
6,2,0,0.0,0.0,0.0,2800.0,6600.0,4200.0
6,2,1,0.0,0.0,0.0,2800.0,6600.0,4200.0
6,2,2,0.0,0.0,0.0,2800.0,6600.0,4200.0
6,2,3,0.0,0.0,0.0,2800.0,6600.0,4200.0
6,2,4,0.0,0.0,0.0,2800.0,6600.0,4200.0
6,2,5,-0.0,-0.0,-0.0,2800.0,6600.0,4200.0
6,2,6,20.486815,15.710657,13.40115,2800.0,6600.0,4200.0
6,2,7,70.075226,53.636797,45.838680999999994,2800.0,6600.0,4200.0
6,2,8,155.048889,118.725265,101.422957,2800.0,6600.0,4200.0
6,2,9,262.963164,201.630236,172.013498,2800.0,6600.0,4200.0
6,2,10,191.07055499999998,146.4613,124.986002,2800.0,6600.0,4200.0
6,2,11,186.29595600000002,142.873552,121.862768,2800.0,6600.0,4200.0
6,2,12,165.392667,126.909949,108.189188,2800.0,6600.0,4200.0
6,2,13,283.84997200000004,218.120722,185.676297,2800.0,6600.0,4200.0
6,2,14,397.873293,306.500944,260.262981,2800.0,6600.0,4200.0
6,2,15,265.42413400000004,203.91436199999998,173.623306,2800.0,6600.0,4200.0
6,2,16,210.718671,161.709731,137.83852900000002,2800.0,6600.0,4200.0
6,2,17,142.033737,108.896994,92.909286,2800.0,6600.0,4200.0
6,2,18,81.104084,62.172991,53.053047,2800.0,6600.0,4200.0
6,2,19,6.689137,5.1646090000000004,4.375601,2800.0,6600.0,4200.0
6,2,20,0.0,0.0,0.0,2800.0,6600.0,4200.0
6,2,21,0.0,0.0,0.0,2800.0,6600.0,4200.0
6,2,22,0.0,0.0,0.0,2800.0,6600.0,4200.0
6,2,23,0.0,0.0,0.0,2800.0,6600.0,4200.0
6,3,0,0.0,0.0,0.0,2800.0,6600.0,4200.0
6,3,1,0.0,0.0,0.0,2800.0,6600.0,4200.0
6,3,2,0.0,0.0,0.0,2800.0,6600.0,4200.0
6,3,3,0.0,0.0,0.0,2800.0,6600.0,4200.0
6,3,4,0.0,0.0,0.0,2800.0,6600.0,4200.0
6,3,5,-0.0,-0.0,-0.0,2800.0,6600.0,4200.0
6,3,6,33.101422,25.330919,21.652810000000002,2800.0,6600.0,4200.0
6,3,7,140.86639300000002,107.789279,92.145686,2800.0,6600.0,4200.0
6,3,8,240.096114,184.10724,157.055353,2800.0,6600.0,4200.0
6,3,9,189.21076000000002,145.041796,123.76944400000001,2800.0,6600.0,4200.0
6,3,10,329.479055,253.585647,215.52389300000002,2800.0,6600.0,4200.0
6,3,11,312.04030900000004,240.14376199999998,204.116593,2800.0,6600.0,4200.0
6,3,12,351.386468,270.853771,229.854306,2800.0,6600.0,4200.0
6,3,13,513.044752,398.048261,335.600702,2800.0,6600.0,4200.0
6,3,14,478.684272,370.981577,313.124298,2800.0,6600.0,4200.0
6,3,15,416.263101,321.76183399999996,272.292404,2800.0,6600.0,4200.0
6,3,16,328.050782,252.713262,214.58961,2800.0,6600.0,4200.0
6,3,17,211.861761,162.705608,138.586264,2800.0,6600.0,4200.0
6,3,18,84.28472500000001,64.597055,55.133617,2800.0,6600.0,4200.0
6,3,19,13.937989,10.711079,9.117331,2800.0,6600.0,4200.0
6,3,20,0.0,0.0,0.0,2800.0,6600.0,4200.0
6,3,21,0.0,0.0,0.0,2800.0,6600.0,4200.0
6,3,22,0.0,0.0,0.0,2800.0,6600.0,4200.0
6,3,23,0.0,0.0,0.0,2800.0,6600.0,4200.0
6,4,0,0.0,0.0,0.0,2800.0,6600.0,4200.0
6,4,1,0.0,0.0,0.0,2800.0,6600.0,4200.0
6,4,2,0.0,0.0,0.0,2800.0,6600.0,4200.0
6,4,3,0.0,0.0,0.0,2800.0,6600.0,4200.0
6,4,4,0.0,0.0,0.0,2800.0,6600.0,4200.0
6,4,5,0.338889,0.272615,0.22167900000000001,2800.0,6600.0,4200.0
6,4,6,33.247144,25.451978999999998,21.748132000000002,2800.0,6600.0,4200.0
6,4,7,144.40043,110.463996,94.457424,2800.0,6600.0,4200.0
6,4,8,278.420218,213.610443,182.12450399999997,2800.0,6600.0,4200.0
6,4,9,382.624223,294.518592,250.288025,2800.0,6600.0,4200.0
6,4,10,461.35237199999995,356.147335,301.78689,2800.0,6600.0,4200.0
6,4,11,468.692315,362.186353,306.588206,2800.0,6600.0,4200.0
6,4,12,527.185414,408.37989799999997,344.850609,2800.0,6600.0,4200.0
6,4,13,515.69729,399.58787,337.335821,2800.0,6600.0,4200.0
6,4,14,480.51559399999996,371.90513400000003,314.32223100000004,2800.0,6600.0,4200.0
6,4,15,353.465468,272.617385,231.21425299999999,2800.0,6600.0,4200.0
6,4,16,246.890958,189.87238699999997,161.500101,2800.0,6600.0,4200.0
6,4,17,175.54314799999997,134.819285,114.828976,2800.0,6600.0,4200.0
6,4,18,59.293641,45.54007,38.786066,2800.0,6600.0,4200.0
6,4,19,12.825132,9.885108,8.389372,2800.0,6600.0,4200.0
6,4,20,0.0,0.0,0.0,2800.0,6600.0,4200.0
6,4,21,0.0,0.0,0.0,2800.0,6600.0,4200.0
6,4,22,0.0,0.0,0.0,2800.0,6600.0,4200.0
6,4,23,0.0,0.0,0.0,2800.0,6600.0,4200.0
6,5,0,0.0,0.0,0.0,2800.0,6600.0,4200.0
6,5,1,0.0,0.0,0.0,2800.0,6600.0,4200.0
6,5,2,0.0,0.0,0.0,2800.0,6600.0,4200.0
6,5,3,0.0,0.0,0.0,2800.0,6600.0,4200.0
6,5,4,0.0,0.0,0.0,2800.0,6600.0,4200.0
6,5,5,-0.0,-0.0,-0.0,2800.0,6600.0,4200.0
6,5,6,32.748748,25.161604,21.422114,2800.0,6600.0,4200.0
6,5,7,137.72764600000002,105.673234,90.09252000000001,2800.0,6600.0,4200.0
6,5,8,208.824804,160.486151,136.599684,2800.0,6600.0,4200.0
6,5,9,322.714657,248.794207,211.09906099999998,2800.0,6600.0,4200.0
6,5,10,407.449768,314.97073700000004,266.527292,2800.0,6600.0,4200.0
6,5,11,457.10055,354.109946,299.005623,2800.0,6600.0,4200.0
6,5,12,460.118294,356.42836200000005,300.97963599999997,2800.0,6600.0,4200.0
6,5,13,429.028712,332.09378999999996,280.64284200000003,2800.0,6600.0,4200.0
6,5,14,405.493833,313.549479,265.24784600000004,2800.0,6600.0,4200.0
6,5,15,349.039994,269.331417,228.319394,2800.0,6600.0,4200.0
6,5,16,268.974765,207.241433,175.945899,2800.0,6600.0,4200.0
6,5,17,172.429045,132.622796,112.791932,2800.0,6600.0,4200.0
6,5,18,82.30617699999999,63.249165999999995,53.839379,2800.0,6600.0,4200.0
6,5,19,15.173238999999999,11.709843999999999,9.925352,2800.0,6600.0,4200.0
6,5,20,0.0,0.0,0.0,2800.0,6600.0,4200.0
6,5,21,0.0,0.0,0.0,2800.0,6600.0,4200.0
6,5,22,0.0,0.0,0.0,2694.829168782761,3288.9647335537634,3182.869096987513
6,5,23,0.0,0.0,0.0,835.542666361563,1019.7567975278918,986.8614169624758
6,6,0,0.0,0.0,0.0,375.1945078601572,457.9145568371997,443.1431195198707
6,6,1,0.0,0.0,0.0,905.1368564268978,1104.694588552513,1069.0592792443674
6,6,2,0.0,0.0,0.0,2061.927887690667,2516.5261621421523,2435.347898847244
6,6,3,0.0,0.0,0.0,2800.0,4134.733013236745,4001.3545289387857
6,6,4,0.0,0.0,0.0,2800.0,5528.8079782263085,4200.0
6,6,5,0.218141,0.191091,0.142694,2800.0,4348.55720818164,4200.0
6,6,6,31.859321,24.490136,20.840308,2800.0,6600.0,4200.0
6,6,7,136.32305100000002,104.657439,89.173725,2800.0,6600.0,4200.0
6,6,8,262.450148,201.929617,171.677916,2800.0,6600.0,4200.0
6,6,9,366.289125,282.52216200000004,239.60266099999998,2800.0,6600.0,4200.0
6,6,10,443.28506699999997,342.806884,289.968427,2800.0,6600.0,4200.0
6,6,11,493.699204,382.58424699999995,322.946096,2800.0,6600.0,4200.0
6,6,12,515.82353,400.14148800000004,337.41839899999997,2800.0,6600.0,4200.0
6,6,13,509.531628,395.129392,333.302644,2800.0,6600.0,4200.0
6,6,14,356.993712,275.732236,233.522202,2800.0,6600.0,4200.0
6,6,15,407.250243,314.927065,266.396776,2800.0,6600.0,4200.0
6,6,16,317.47289,244.938259,207.670237,2800.0,6600.0,4200.0
6,6,17,203.72274,156.865257,133.262244,2800.0,6600.0,4200.0
6,6,18,81.89102199999999,63.011965,53.567811,2800.0,6600.0,4200.0
6,6,19,13.786980999999999,10.652503000000001,9.018550999999999,2800.0,6600.0,4200.0
6,6,20,0.0,0.0,0.0,2800.0,6600.0,4200.0
6,6,21,0.0,0.0,0.0,2800.0,6600.0,4200.0
6,6,22,0.0,0.0,0.0,2800.0,4569.628998473504,4200.0
6,6,23,0.0,0.0,0.0,2800.0,4495.12565696385,4200.0
6,7,0,0.0,0.0,0.0,2800.0,6330.21083371745,4200.0
6,7,1,0.0,0.0,0.0,2800.0,6600.0,4200.0
6,7,2,0.0,0.0,0.0,2800.0,6600.0,4200.0
6,7,3,0.0,0.0,0.0,2800.0,5360.429636038867,4200.0
6,7,4,0.0,0.0,0.0,2275.070137118247,2776.660403569514,2687.090713131788
6,7,5,0.23358299999999999,0.20153200000000002,0.152795,1193.2453053765432,1456.323010498931,1409.344848869933
6,7,6,32.719489,25.147728,21.402973999999997,2800.0,6600.0,4200.0
6,7,7,136.869601,105.04985,89.531243,2800.0,6600.0,4200.0
6,7,8,266.542816,204.87416000000002,174.355075,2800.0,6600.0,4200.0
6,7,9,372.19053,286.75845400000003,243.462978,2800.0,6600.0,4200.0
6,7,10,453.825191,350.500984,296.863095,2800.0,6600.0,4200.0
6,7,11,506.13982500000003,391.712885,331.08394599999997,2800.0,6600.0,4200.0
6,7,12,529.954803,410.727825,346.66216399999996,2800.0,6600.0,4200.0
6,7,13,523.453841,405.664565,342.40965600000004,2800.0,6600.0,4200.0
6,7,14,483.637396,374.62359200000003,316.364311,2800.0,6600.0,4200.0
6,7,15,417.22891100000004,322.689075,272.924175,2800.0,6600.0,4200.0
6,7,16,234.837228,180.90755,153.61533,2800.0,6600.0,4200.0
6,7,17,207.51372,159.772843,135.742057,2800.0,6600.0,4200.0
6,7,18,81.096786,62.402190000000004,53.048273,2800.0,6600.0,4200.0
6,7,19,13.354356,10.320172000000001,8.735556,2800.0,6600.0,4200.0
6,7,20,0.0,0.0,0.0,2800.0,6600.0,4200.0
6,7,21,0.0,0.0,0.0,2800.0,6600.0,4200.0
6,7,22,0.0,0.0,0.0,2800.0,6600.0,4200.0
6,7,23,0.0,0.0,0.0,2800.0,6600.0,4200.0
6,8,0,0.0,0.0,0.0,2800.0,6600.0,4200.0
6,8,1,0.0,0.0,0.0,2800.0,6600.0,4200.0
6,8,2,0.0,0.0,0.0,2800.0,6600.0,4200.0
6,8,3,0.0,0.0,0.0,2800.0,6600.0,4200.0
6,8,4,0.0,0.0,0.0,2800.0,6600.0,4200.0
6,8,5,0.9058160000000001,0.719982,0.592526,2800.0,6600.0,4200.0
6,8,6,29.650468,22.788501,19.395419,2800.0,6600.0,4200.0
6,8,7,138.49647399999998,106.368391,90.595438,2800.0,6600.0,4200.0
6,8,8,265.515546,204.67099100000001,173.68310200000002,2800.0,6600.0,4200.0
6,8,9,364.046359,281.782332,238.13558799999998,2800.0,6600.0,4200.0
6,8,10,434.922389,338.005187,284.498104,2800.0,6600.0,4200.0
6,8,11,476.049298,371.428185,311.400669,2800.0,6600.0,4200.0
6,8,12,485.909106,380.491435,317.850318,2800.0,6600.0,4200.0
6,8,13,418.850618,327.469446,273.984991,2800.0,6600.0,4200.0
6,8,14,347.988351,271.57516100000004,227.63147700000002,2800.0,6600.0,4200.0
6,8,15,363.45038900000003,284.076505,237.74574299999998,2800.0,6600.0,4200.0
6,8,16,295.695155,229.814682,193.42464999999999,2800.0,6600.0,4200.0
6,8,17,202.053522,156.22530799999998,132.170349,2800.0,6600.0,4200.0
6,8,18,77.419527,59.666790999999996,50.642849000000005,2800.0,6600.0,4200.0
6,8,19,12.425040000000001,9.614192999999998,8.127657000000001,2800.0,6600.0,4200.0
6,8,20,0.0,0.0,0.0,2800.0,6600.0,4200.0
6,8,21,0.0,0.0,0.0,2800.0,6600.0,4200.0
6,8,22,0.0,0.0,0.0,2800.0,6600.0,4200.0
6,8,23,0.0,0.0,0.0,2800.0,6600.0,4200.0
6,9,0,0.0,0.0,0.0,2800.0,6600.0,4200.0
6,9,1,0.0,0.0,0.0,2800.0,6600.0,4200.0
6,9,2,0.0,0.0,0.0,2800.0,6600.0,4200.0
6,9,3,0.0,0.0,0.0,2800.0,6600.0,4200.0
6,9,4,0.0,0.0,0.0,2800.0,6600.0,4200.0
6,9,5,0.567168,0.458978,0.371004,2800.0,6600.0,4200.0
6,9,6,31.022016,23.848284,20.292597,2800.0,6600.0,4200.0
6,9,7,108.534601,83.347785,70.996318,2800.0,6600.0,4200.0
6,9,8,256.89751,197.881404,168.04574,2800.0,6600.0,4200.0
6,9,9,355.244576,274.49839000000003,232.378031,2800.0,6600.0,4200.0
6,9,10,430.97884899999997,334.006576,281.918495,2800.0,6600.0,4200.0
6,9,11,479.984489,372.883316,313.974816,2800.0,6600.0,4200.0
6,9,12,499.776148,388.875233,326.921239,2800.0,6600.0,4200.0
6,9,13,492.351615,383.239503,322.06459,2800.0,6600.0,4200.0
6,9,14,457.00607,355.414168,298.94382,2800.0,6600.0,4200.0
6,9,15,395.588412,306.958858,258.76836,2800.0,6600.0,4200.0
6,9,16,295.497683,228.537739,193.295477,2800.0,6600.0,4200.0
6,9,17,195.785918,150.977137,128.070488,2800.0,6600.0,4200.0
6,9,18,82.756349,63.720585,54.133852,2800.0,6600.0,4200.0
6,9,19,16.759762,12.941062,10.963153,2800.0,6600.0,4200.0
6,9,20,0.0,0.0,0.0,2800.0,6600.0,4200.0
6,9,21,0.0,0.0,0.0,2800.0,6600.0,4200.0
6,9,22,0.0,0.0,0.0,2800.0,6600.0,4200.0
6,9,23,0.0,0.0,0.0,2800.0,6600.0,4200.0
6,10,0,0.0,0.0,0.0,2800.0,6600.0,4200.0
6,10,1,0.0,0.0,0.0,2800.0,6600.0,4200.0
6,10,2,0.0,0.0,0.0,2800.0,6600.0,4200.0
6,10,3,0.0,0.0,0.0,2800.0,6600.0,4200.0
6,10,4,0.0,0.0,0.0,2800.0,6600.0,4200.0
6,10,5,-0.0,-0.0,-0.0,2800.0,6600.0,4200.0
6,10,6,34.65725,26.641711,22.670531999999998,2800.0,6600.0,4200.0
6,10,7,134.172734,103.091614,87.76712699999999,2800.0,6600.0,4200.0
6,10,8,255.363864,196.826661,167.042528,2800.0,6600.0,4200.0
6,10,9,352.687782,272.836392,230.70554199999998,2800.0,6600.0,4200.0
6,10,10,427.46196999999995,331.60384799999997,279.61798,2800.0,6600.0,4200.0
6,10,11,475.82066499999996,369.61273,311.25111200000003,2800.0,6600.0,4200.0
6,10,12,495.088651,385.137132,323.854982,2800.0,6600.0,4200.0
6,10,13,474.67920799999996,368.971554,310.50444400000003,2800.0,6600.0,4200.0
6,10,14,438.05064600000003,339.884549,286.544407,2800.0,6600.0,4200.0
6,10,15,373.56086,289.375616,244.35935999999998,2800.0,6600.0,4200.0
6,10,16,289.34984000000003,223.568046,189.273955,2800.0,6600.0,4200.0
6,10,17,144.531041,111.28419,94.542862,2800.0,6600.0,4200.0
6,10,18,71.360124,54.923120000000004,46.679179,2800.0,6600.0,4200.0
6,10,19,15.373154000000001,11.875234,10.056124,2800.0,6600.0,4200.0
6,10,20,0.0,0.0,0.0,2800.0,6600.0,4200.0
6,10,21,0.0,0.0,0.0,2800.0,6600.0,4200.0
6,10,22,0.0,0.0,0.0,2800.0,6600.0,4200.0
6,10,23,0.0,0.0,0.0,2800.0,6600.0,4200.0
6,11,0,0.0,0.0,0.0,2800.0,6600.0,4200.0
6,11,1,0.0,0.0,0.0,2800.0,6600.0,4200.0
6,11,2,0.0,0.0,0.0,2800.0,6600.0,4200.0
6,11,3,0.0,0.0,0.0,2800.0,5444.184846176627,4200.0
6,11,4,0.0,0.0,0.0,2800.0,4276.483153260508,4138.532083800491
6,11,5,-0.0,-0.0,-0.0,2794.6277004301824,3410.766091076207,3300.741378460845
6,11,6,38.371936999999996,29.486393,25.10044,2800.0,5277.537873988738,4200.0
6,11,7,132.419969,101.666932,86.620581,2800.0,6600.0,4200.0
6,11,8,246.11227499999998,189.522557,160.990736,2800.0,6600.0,4200.0
6,11,9,341.28393,263.808539,223.24587899999997,2800.0,6600.0,4200.0
6,11,10,414.069121,321.077678,270.857245,2800.0,6600.0,4200.0
6,11,11,460.459524,357.946664,301.202846,2800.0,6600.0,4200.0
6,11,12,482.903869,375.638572,315.884486,2800.0,6600.0,4200.0
6,11,13,270.606024,208.997281,177.01296299999998,2800.0,6600.0,4200.0
6,11,14,86.910739,66.91822,56.851386,2800.0,6600.0,4200.0
6,11,15,98.94706,76.144201,64.724768,2800.0,6600.0,4200.0
6,11,16,114.13273,87.786101,74.65825199999999,2800.0,6600.0,4200.0
6,11,17,135.95113,104.556958,88.930438,2800.0,6600.0,4200.0
6,11,18,59.53863,45.781076,38.946322,2800.0,6600.0,4200.0
6,11,19,16.772266,12.933715,10.971332,2800.0,6600.0,4200.0
6,11,20,0.0,0.0,0.0,2800.0,6600.0,4200.0
6,11,21,0.0,0.0,0.0,2800.0,6600.0,4200.0
6,11,22,0.0,0.0,0.0,2800.0,6600.0,4200.0
6,11,23,0.0,0.0,0.0,2800.0,6600.0,4200.0
6,12,0,0.0,0.0,0.0,2800.0,6600.0,4200.0
6,12,1,0.0,0.0,0.0,2800.0,6600.0,4200.0
6,12,2,0.0,0.0,0.0,2800.0,6600.0,4200.0
6,12,3,0.0,0.0,0.0,2800.0,6600.0,4200.0
6,12,4,0.0,0.0,0.0,2800.0,6600.0,4200.0
6,12,5,-0.0,-0.0,-0.0,2800.0,6600.0,4200.0
6,12,6,31.176243,23.960916,20.393482,2800.0,6600.0,4200.0
6,12,7,102.34429899999999,78.523095,66.947023,2800.0,6600.0,4200.0
6,12,8,202.393699,155.59542199999999,132.392871,2800.0,6600.0,4200.0
6,12,9,281.246089,216.76882500000002,183.973005,2800.0,6600.0,4200.0
6,12,10,350.489224,270.80526899999995,229.26738699999999,2800.0,6600.0,4200.0
6,12,11,429.110984,332.66141899999997,280.696659,2800.0,6600.0,4200.0
6,12,12,468.619061,364.414565,306.540288,2800.0,6600.0,4200.0
6,12,13,457.715645,356.196531,299.407979,2800.0,6600.0,4200.0
6,12,14,339.797708,263.29903499999995,222.273688,2800.0,6600.0,4200.0
6,12,15,359.31426899999997,278.85627,235.04016099999998,2800.0,6600.0,4200.0
6,12,16,278.30929,215.222994,182.051942,2800.0,6600.0,4200.0
6,12,17,131.288092,101.036439,85.880181,2800.0,6600.0,4200.0
6,12,18,74.392348,57.209931,48.662664,2800.0,6600.0,4200.0
6,12,19,16.00818,12.347597,10.471516,2800.0,6600.0,4200.0
6,12,20,0.0,0.0,0.0,2800.0,6600.0,4200.0
6,12,21,0.0,0.0,0.0,2800.0,6600.0,4200.0
6,12,22,0.0,0.0,0.0,2800.0,6600.0,4200.0
6,12,23,0.0,0.0,0.0,2800.0,6600.0,4200.0
6,13,0,0.0,0.0,0.0,2800.0,6600.0,4200.0
6,13,1,0.0,0.0,0.0,2800.0,6600.0,4200.0
6,13,2,0.0,0.0,0.0,2800.0,6600.0,4200.0
6,13,3,0.0,0.0,0.0,2800.0,6600.0,4200.0
6,13,4,0.0,0.0,0.0,2800.0,6600.0,4200.0
6,13,5,-0.0,-0.0,-0.0,2800.0,6600.0,4200.0
6,13,6,32.792578,25.180034,21.450784,2800.0,6600.0,4200.0
6,13,7,38.719755,29.733925,25.327959999999997,2800.0,6600.0,4200.0
6,13,8,100.890996,77.411018,65.996366,2800.0,6600.0,4200.0
6,13,9,155.219236,119.13395600000001,101.534388,2800.0,6600.0,4200.0
6,13,10,147.107296,112.961294,96.228081,2800.0,6600.0,4200.0
6,13,11,238.639798,183.488832,156.102725,2800.0,6600.0,4200.0
6,13,12,262.442423,201.830749,171.672863,2800.0,6600.0,4200.0
6,13,13,200.836031,154.349819,131.37394500000002,2800.0,6600.0,4200.0
6,13,14,310.923173,239.318438,203.385835,2800.0,6600.0,4200.0
6,13,15,250.462048,192.563584,163.836077,2800.0,6600.0,4200.0
6,13,16,277.34204800000003,213.41123499999998,181.419234,2800.0,6600.0,4200.0
6,13,17,102.608587,78.735701,67.11990300000001,2800.0,6600.0,4200.0
6,13,18,46.048804,35.371495,30.12215,2800.0,6600.0,4200.0
6,13,19,13.174895000000001,10.15397,8.618164,2800.0,6600.0,4200.0
6,13,20,0.0,0.0,0.0,2800.0,6600.0,4200.0
6,13,21,0.0,0.0,0.0,2800.0,6600.0,4200.0
6,13,22,0.0,0.0,0.0,2800.0,6600.0,4200.0
6,13,23,0.0,0.0,0.0,2800.0,6600.0,4200.0
6,14,0,0.0,0.0,0.0,2800.0,6600.0,4200.0
6,14,1,0.0,0.0,0.0,2800.0,6600.0,4200.0
6,14,2,0.0,0.0,0.0,2800.0,6600.0,4200.0
6,14,3,0.0,0.0,0.0,2800.0,6600.0,4200.0
6,14,4,0.0,0.0,0.0,2800.0,6600.0,4200.0
6,14,5,0.669877,0.52836,0.43819,2800.0,6600.0,4200.0
6,14,6,28.191165,21.601768,18.440837,2800.0,6600.0,4200.0
6,14,7,141.118579,107.99286500000001,92.310649,2800.0,6600.0,4200.0
6,14,8,279.096903,214.00240599999998,182.567147,2800.0,6600.0,4200.0
6,14,9,384.642713,295.979334,251.608391,2800.0,4276.483153260508,4138.532083800491
6,14,10,465.317746,359.137552,304.380781,2800.0,6600.0,4200.0
6,14,11,516.40302,399.371354,337.797464,2800.0,6600.0,4200.0
6,14,12,538.3187369999999,416.731651,352.133309,2800.0,6600.0,4200.0
6,14,13,347.544827,267.457282,227.341353,2800.0,6600.0,4200.0
6,14,14,407.675218,314.16063,266.674766,2800.0,6600.0,4200.0
6,14,15,427.235391,329.457378,279.469767,2800.0,6600.0,4200.0
6,14,16,249.641364,191.720103,163.299238,2800.0,6600.0,4200.0
6,14,17,220.666861,169.38382199999998,144.345992,2800.0,6600.0,4200.0
6,14,18,90.59284600000001,69.45426300000001,59.259982,2800.0,3663.3164546975977,3545.1449561589657
6,14,19,15.63552,12.018966,10.227746,2800.0,4348.55720818164,4200.0
6,14,20,0.0,0.0,0.0,2800.0,5277.537873988738,4200.0
6,14,21,0.0,0.0,0.0,2800.0,6145.847517348083,4200.0
6,14,22,0.0,0.0,0.0,2800.0,6600.0,4200.0
6,14,23,0.0,0.0,0.0,2800.0,6600.0,4200.0
6,15,0,0.0,0.0,0.0,2800.0,6600.0,4200.0
6,15,1,0.0,0.0,0.0,2800.0,6600.0,4200.0
6,15,2,0.0,0.0,0.0,2800.0,6600.0,4200.0
6,15,3,0.0,0.0,0.0,2800.0,6600.0,4200.0
6,15,4,0.0,0.0,0.0,2800.0,6600.0,4200.0
6,15,5,1.090824,0.8448049999999999,0.713547,2800.0,6600.0,4200.0
6,15,6,30.018409,22.918763,19.636101999999998,2800.0,6600.0,4200.0
6,15,7,149.41248499999998,113.973367,97.73598600000001,2800.0,6600.0,4200.0
6,15,8,292.21728499999995,223.479853,191.149652,2800.0,6600.0,4200.0
6,15,9,402.507637,308.749362,263.294469,2800.0,6600.0,4200.0
6,15,10,485.501688,373.53599699999995,317.58381099999997,2800.0,6600.0,4200.0
6,15,11,467.27052100000003,359.668939,305.65815999999995,2800.0,6600.0,4200.0
6,15,12,406.99244799999997,312.998826,266.228143,2800.0,6600.0,4200.0
6,15,13,552.177201,425.0,361.19862,2800.0,6600.0,4200.0
6,15,14,514.792811,397.480595,336.74417,2800.0,6600.0,4200.0
6,15,15,447.7782,345.135891,292.90754499999997,2800.0,6600.0,4200.0
6,15,16,355.446593,273.145807,232.510177,2800.0,6600.0,4200.0
6,15,17,233.889186,179.219902,152.995182,2800.0,6600.0,4200.0
6,15,18,92.592091,70.842898,60.567758999999995,2800.0,6600.0,4200.0
6,15,19,12.042182,9.240630999999999,7.877217,2800.0,6600.0,4200.0
6,15,20,0.0,0.0,0.0,2800.0,6600.0,4200.0
6,15,21,0.0,0.0,0.0,2800.0,6600.0,4200.0
6,15,22,0.0,0.0,0.0,2800.0,6600.0,4200.0
6,15,23,0.0,0.0,0.0,2800.0,6600.0,4200.0
6,16,0,0.0,0.0,0.0,2800.0,6600.0,4200.0
6,16,1,0.0,0.0,0.0,2800.0,6600.0,4200.0
6,16,2,0.0,0.0,0.0,2800.0,6600.0,4200.0
6,16,3,0.0,0.0,0.0,2800.0,6600.0,4200.0
6,16,4,0.0,0.0,0.0,2800.0,6600.0,4200.0
6,16,5,0.398852,0.31304899999999997,0.260903,2800.0,6600.0,4200.0
6,16,6,18.911279999999998,14.455548,12.370537,2800.0,6600.0,4200.0
6,16,7,108.661265,82.936454,71.079173,2800.0,6600.0,4200.0
6,16,8,207.17649600000001,158.33097099999998,135.521467,2800.0,6600.0,4200.0
6,16,9,115.980069,88.59222,75.86666199999999,2800.0,6600.0,4200.0
6,16,10,194.60075899999998,148.788558,127.295233,2800.0,6600.0,4200.0
6,16,11,263.114444,201.353908,172.112456,2800.0,6600.0,4200.0
6,16,12,189.947396,145.359304,124.251304,2800.0,6600.0,4200.0
6,16,13,393.738837,302.666131,257.558488,2800.0,6600.0,4200.0
6,16,14,432.927271,333.211294,283.19302700000003,2800.0,6600.0,4200.0
6,16,15,239.873791,183.851481,156.909924,2800.0,6600.0,4200.0
6,16,16,292.996475,224.709197,191.659349,2800.0,6600.0,4200.0
6,16,17,133.51973900000002,102.17183800000001,87.33998,2800.0,6600.0,4200.0
6,16,18,35.751574,27.384308,23.386367999999997,2800.0,6600.0,4200.0
6,16,19,5.072319,3.90562,3.3179830000000003,2800.0,6600.0,4200.0
6,16,20,0.0,0.0,0.0,2800.0,6600.0,4200.0
6,16,21,0.0,0.0,0.0,2800.0,6600.0,4200.0
6,16,22,0.0,0.0,0.0,2800.0,6600.0,4200.0
6,16,23,0.0,0.0,0.0,2800.0,6600.0,4200.0
6,17,0,0.0,0.0,0.0,2800.0,6600.0,4200.0
6,17,1,0.0,0.0,0.0,2800.0,6600.0,4200.0
6,17,2,0.0,0.0,0.0,2800.0,5700.675903358588,4200.0
6,17,3,0.0,0.0,0.0,2800.0,4495.12565696385,4200.0
6,17,4,0.0,0.0,0.0,2549.630956168769,3111.754316583931,3011.3751450812238
6,17,5,0.7529589999999999,0.584369,0.492537,2409.744269793466,2941.0264710077745,2846.1546493623623
6,17,6,32.100488,24.521518,20.998064,523.8060511729734,639.2908498567786,618.6685643775277
6,17,7,111.373694,85.060158,72.853469,0.8131632647455637,0.9924433546107272,0.9604290528490907
6,17,8,280.823917,214.937339,183.696848,24.01244850305007,29.306531637580797,28.36115964927173
6,17,9,392.365897,301.098501,256.660399,9.545962443012346,11.650584083991449,11.274758790959464
6,17,10,480.365609,369.594222,314.22411999999997,12.02516344101197,14.676380577613031,14.202948946077129
6,17,11,536.8999660000001,413.92577500000004,351.205241,8.44565662798097,10.307691160134254,9.97518499367831
6,17,12,554.166667,425.0,362.5,96.20130752809575,117.41104462090426,113.62359156861704
6,17,13,554.166667,425.0,362.5,324.6794129073232,396.2622755955519,383.4796215440825
6,17,14,524.958525,404.649979,343.39392200000003,430.6948862392302,525.6512391108714,508.6947475266498
6,17,15,457.06415999999996,351.69027600000004,298.98181900000003,540.5220241907821,659.6922342485923,638.4118395954118
6,17,16,362.799131,278.454131,237.319732,629.4537376638762,768.2309396685104,743.4492964533971
6,17,17,238.567342,182.645168,156.055329,610.9415963527902,745.6373813754526,721.5845626214057
6,17,18,95.553773,73.034841,62.5051,1003.7965929387176,1225.1060779960724,1185.5865270929733
6,17,19,10.658657999999999,8.170378,6.972205,2645.8334855800563,3229.1668524795964,3125.000179818964
6,17,20,0.0,0.0,0.0,2800.0,5360.429636038867,4200.0
6,17,21,0.0,0.0,0.0,2800.0,6600.0,4200.0
6,17,22,0.0,0.0,0.0,2800.0,6600.0,4200.0
6,17,23,0.0,0.0,0.0,2800.0,6600.0,4200.0
6,18,0,0.0,0.0,0.0,2800.0,6600.0,4200.0
6,18,1,0.0,0.0,0.0,2800.0,6600.0,4200.0
6,18,2,0.0,0.0,0.0,2800.0,6600.0,4200.0
6,18,3,0.0,0.0,0.0,2800.0,6600.0,4200.0
6,18,4,0.0,0.0,0.0,2800.0,6600.0,4200.0
6,18,5,0.060387,0.052341,0.039500999999999994,2800.0,6330.21083371745,4200.0
6,18,6,33.451706,25.538883000000002,21.881943,2800.0,6600.0,4200.0
6,18,7,114.376018,87.34495299999999,74.817395,2800.0,6600.0,4200.0
6,18,8,239.83346400000002,183.691291,156.883544,2800.0,6600.0,4200.0
6,18,9,356.044432,273.617704,232.901245,2800.0,6600.0,4200.0
6,18,10,475.499864,366.893,311.041264,2800.0,6600.0,4200.0
6,18,11,528.870385,408.982032,345.952808,2800.0,6600.0,4200.0
6,18,12,551.31678,425.0,360.635788,2800.0,6600.0,4200.0
6,18,13,544.244599,421.55192,356.009625,2800.0,6600.0,4200.0
6,18,14,505.86586700000004,391.46592,330.90474,2800.0,6600.0,4200.0
6,18,15,439.76860600000003,339.623536,287.668186,2800.0,6600.0,4200.0
6,18,16,348.904278,268.60833399999996,228.230618,2800.0,6600.0,4200.0
6,18,17,230.233008,176.72584700000002,150.603547,2800.0,6600.0,4200.0
6,18,18,87.64158900000001,67.130576,57.32946,2800.0,6600.0,4200.0
6,18,19,15.395129,11.81213,10.070497999999999,2800.0,6600.0,4200.0
6,18,20,0.0,0.0,0.0,2800.0,6600.0,4200.0
6,18,21,0.0,0.0,0.0,2800.0,6600.0,4200.0
6,18,22,0.0,0.0,0.0,2800.0,6600.0,4200.0
6,18,23,0.0,0.0,0.0,2800.0,6600.0,4200.0
6,19,0,0.0,0.0,0.0,2800.0,6600.0,4200.0
6,19,1,0.0,0.0,0.0,2800.0,6600.0,4200.0
6,19,2,0.0,0.0,0.0,2800.0,6600.0,4200.0
6,19,3,0.0,0.0,0.0,2800.0,6600.0,4200.0
6,19,4,0.0,0.0,0.0,2800.0,6600.0,4200.0
6,19,5,-0.0,-0.0,-0.0,2800.0,6600.0,4200.0
6,19,6,33.81997,25.831591,22.122837999999998,2800.0,6600.0,4200.0
6,19,7,69.42196000000001,53.017799,45.411357,2800.0,6600.0,4200.0
6,19,8,173.754739,132.81384,113.659115,2800.0,6600.0,4200.0
6,19,9,233.539027,178.89118100000002,152.76613,2800.0,6600.0,4200.0
6,19,10,330.337031,253.95965900000002,216.085125,2800.0,6600.0,4200.0
6,19,11,424.21571,327.209502,277.49448700000005,2800.0,6600.0,4200.0
6,19,12,486.56902299999996,376.092853,318.281992,2800.0,6600.0,4200.0
6,19,13,482.730797,373.310316,315.771273,2800.0,6600.0,4200.0
6,19,14,488.624476,377.834766,319.626537,2800.0,6600.0,4200.0
6,19,15,356.614531,274.4622,233.27416699999998,2800.0,6600.0,4200.0
6,19,16,303.19099900000003,233.04672,198.327946,2800.0,6600.0,4200.0
6,19,17,162.175361,124.296789,106.08463499999999,2800.0,6600.0,4200.0
6,19,18,85.005989,65.11708,55.605421,2800.0,6600.0,4200.0
6,19,19,16.303045,12.506956,10.664397999999998,2800.0,6600.0,4200.0
6,19,20,0.0,0.0,0.0,2800.0,6600.0,4200.0
6,19,21,0.0,0.0,0.0,2800.0,6600.0,4200.0
6,19,22,0.0,0.0,0.0,2800.0,6600.0,4200.0
6,19,23,0.0,0.0,0.0,2800.0,6600.0,4200.0
6,20,0,0.0,0.0,0.0,2800.0,6600.0,4200.0
6,20,1,0.0,0.0,0.0,2800.0,6600.0,4200.0
6,20,2,0.0,0.0,0.0,2800.0,6600.0,4200.0
6,20,3,0.0,0.0,0.0,2800.0,6600.0,4200.0
6,20,4,0.0,0.0,0.0,2800.0,6600.0,4200.0
6,20,5,-0.0,-0.0,-0.0,2800.0,6600.0,4200.0
6,20,6,5.241608,4.03874,3.428721,2800.0,6600.0,4200.0
6,20,7,73.143756,55.965410000000006,47.845915,2800.0,6600.0,4200.0
6,20,8,171.253658,131.244571,112.02307,2800.0,6600.0,4200.0
6,20,9,248.52719699999997,190.910273,162.57042199999998,2800.0,6600.0,4200.0
6,20,10,188.960068,145.01020499999998,123.605458,2800.0,6600.0,4200.0
6,20,11,200.476,153.913629,131.13843599999998,2800.0,6600.0,4200.0
6,20,12,364.377242,280.84187199999997,238.35202999999998,2800.0,6600.0,4200.0
6,20,13,316.140484,243.396556,206.798663,2800.0,6600.0,4200.0
6,20,14,195.456024,150.224003,127.854692,2800.0,6600.0,4200.0
6,20,15,142.698737,109.564081,93.344287,2800.0,6600.0,4200.0
6,20,16,174.546272,134.106693,114.176885,2800.0,6600.0,4200.0
6,20,17,89.062318,68.39823299999999,58.25881,2800.0,6600.0,4200.0
6,20,18,42.407511,32.589225,27.740252,2800.0,6600.0,4200.0
6,20,19,16.933628000000002,13.031735000000001,11.076884,2800.0,6600.0,4200.0
6,20,20,0.0,0.0,0.0,2800.0,6600.0,4200.0
6,20,21,0.0,0.0,0.0,2800.0,6600.0,4200.0
6,20,22,0.0,0.0,0.0,2800.0,6600.0,4200.0
6,20,23,0.0,0.0,0.0,2800.0,6600.0,4200.0
6,21,0,0.0,0.0,0.0,2800.0,6600.0,4200.0
6,21,1,0.0,0.0,0.0,2800.0,6600.0,4200.0
6,21,2,0.0,0.0,0.0,2800.0,6600.0,4200.0
6,21,3,0.0,0.0,0.0,2800.0,6600.0,4200.0
6,21,4,0.0,0.0,0.0,2800.0,6600.0,4200.0
6,21,5,-0.0,-0.0,-0.0,2800.0,6600.0,4200.0
6,21,6,16.120428,12.381831,10.544941999999999,2800.0,6600.0,4200.0
6,21,7,132.995674,101.859169,86.99717,2800.0,6600.0,4200.0
6,21,8,188.051235,144.301055,123.010958,2800.0,6600.0,4200.0
6,21,9,312.19023599999997,240.617822,204.214666,2800.0,6600.0,4200.0
6,21,10,406.18105699999995,313.872592,265.69738299999995,2800.0,6600.0,4200.0
6,21,11,432.26993,334.406276,282.763037,2800.0,6600.0,4200.0
6,21,12,456.79862199999997,353.908661,298.80812099999997,2800.0,6600.0,4200.0
6,21,13,447.63086,346.99569099999997,292.81116399999996,2800.0,6600.0,4200.0
6,21,14,378.752681,293.034624,247.755513,2800.0,6600.0,4200.0
6,21,15,330.845099,255.671015,216.41747099999998,2800.0,6600.0,4200.0
6,21,16,214.33259099999998,165.09427100000002,140.202522,2800.0,6600.0,4200.0
6,21,17,197.967321,152.48826699999998,129.49742,2800.0,6600.0,4200.0
6,21,18,90.959265,69.918204,59.499669999999995,2800.0,6600.0,4200.0
6,21,19,19.250286,14.826600000000001,12.592291999999999,2800.0,6600.0,4200.0
6,21,20,0.0,0.0,0.0,2800.0,6600.0,4200.0
6,21,21,0.0,0.0,0.0,2800.0,6600.0,4200.0
6,21,22,0.0,0.0,0.0,2800.0,6600.0,4200.0
6,21,23,0.0,0.0,0.0,2800.0,6600.0,4200.0
6,22,0,0.0,0.0,0.0,2800.0,6600.0,4200.0
6,22,1,0.0,0.0,0.0,2800.0,6600.0,4200.0
6,22,2,0.0,0.0,0.0,2800.0,6600.0,4200.0
6,22,3,0.0,0.0,0.0,2800.0,6600.0,4200.0
6,22,4,0.0,0.0,0.0,2800.0,6600.0,4200.0
6,22,5,-0.0,-0.0,-0.0,2800.0,6330.21083371745,4200.0
6,22,6,30.615813,23.482201,20.026885,2800.0,6600.0,4200.0
6,22,7,3.099979,2.40943,2.027806,2800.0,6600.0,4200.0
6,22,8,64.652553,49.617945,42.29152,2800.0,6600.0,4200.0
6,22,9,97.51161900000001,74.881795,63.785796000000005,2800.0,6600.0,4200.0
6,22,10,142.761158,109.696756,93.385118,2800.0,6600.0,4200.0
6,22,11,108.249353,83.220498,70.809727,2800.0,6600.0,4200.0
6,22,12,185.35091200000002,142.66565400000002,121.244582,2800.0,6600.0,4200.0
6,22,13,317.928518,245.421998,207.968279,2800.0,6600.0,4200.0
6,22,14,384.057947,297.076511,251.225875,2800.0,6600.0,4200.0
6,22,15,367.452691,284.052522,240.36379,2800.0,6600.0,4200.0
6,22,16,259.867684,200.35708300000002,169.98863500000002,2800.0,6600.0,4200.0
6,22,17,199.442802,153.522768,130.46258500000002,2800.0,6600.0,4200.0
6,22,18,76.336009,58.678718,49.934081,2800.0,6600.0,4200.0
6,22,19,19.249829000000002,14.826562,12.591994000000001,2800.0,6600.0,4200.0
6,22,20,0.0,0.0,0.0,2800.0,6600.0,4200.0
6,22,21,0.0,0.0,0.0,2800.0,6600.0,4200.0
6,22,22,0.0,0.0,0.0,2800.0,5876.06920203001,4200.0
6,22,23,0.0,0.0,0.0,2502.4167786610287,3054.130714113854,2955.610368497278
6,23,0,0.0,0.0,0.0,978.4920029593812,1194.2225232968824,1155.6992160937573
6,23,1,0.0,0.0,0.0,138.67213448175264,169.24551846198156,163.78598560836926
6,23,2,0.0,0.0,0.0,3.0015560628812588,3.663316454697599,3.5451449561589667
6,23,3,0.0,0.0,0.0,26.194120943625872,31.96920272647252,30.93793812239276
6,23,4,0.0,0.0,0.0,33.523587275070305,40.91461439083383,39.59478812016177
6,23,5,-0.0,-0.0,-0.0,28.504091119435778,34.78845766545312,33.666249353664305
6,23,6,33.751369,25.895156,22.077963,978.4920029593812,1194.2225232968824,1155.6992160937573
6,23,7,116.394904,89.22222000000001,76.13802,2800.0,3860.699345383164,3736.160656822416
6,23,8,216.69472399999998,166.386713,141.747676,2800.0,6423.759245222193,4200.0
6,23,9,320.249741,246.67261499999998,209.486673,2800.0,6600.0,4200.0
6,23,10,383.55972499999996,295.892524,250.89997,2800.0,6600.0,4200.0
6,23,11,255.22618400000002,196.50695499999998,166.952466,2800.0,6600.0,4200.0
6,23,12,424.960309,328.291846,277.981555,2800.0,6600.0,4200.0
6,23,13,327.061084,252.037125,213.94221299999998,2800.0,6600.0,4200.0
6,23,14,412.520421,318.61731,269.844185,2800.0,6600.0,4200.0
6,23,15,312.251342,240.658424,204.25463699999997,2800.0,6600.0,4200.0
6,23,16,262.048406,201.680897,171.415122,2800.0,6600.0,4200.0
6,23,17,72.102689,55.442302000000005,47.164917,2800.0,6600.0,4200.0
6,23,18,50.127288,38.554396000000004,32.79003,2800.0,6600.0,4200.0
6,23,19,17.619547999999998,13.580739,11.525568999999999,2800.0,6600.0,4200.0
6,23,20,0.0,0.0,0.0,2800.0,6600.0,4200.0
6,23,21,0.0,0.0,0.0,2800.0,6600.0,4200.0
6,23,22,0.0,0.0,0.0,2800.0,6600.0,4200.0
6,23,23,0.0,0.0,0.0,2800.0,6423.759245222193,4200.0
6,24,0,0.0,0.0,0.0,2645.8334855800563,3229.1668524795964,3125.000179818964
6,24,1,0.0,0.0,0.0,1824.2618316438895,2226.4612905889994,2154.639958634516
6,24,2,0.0,0.0,0.0,2231.3199984618277,2723.264565051836,2635.417321017906
6,24,3,0.0,0.0,0.0,2800.0,3535.5380679260493,3421.48845283166
6,24,4,0.0,0.0,0.0,2800.0,4134.733013236745,4001.3545289387857
6,24,5,-0.0,-0.0,-0.0,2800.0,3928.035620383037,3801.324793919068
6,24,6,0.106985,0.103896,0.069983,2800.0,4421.436551474658,4200.0
6,24,7,45.567497,34.977798,29.80731,2800.0,5444.184846176627,4200.0
6,24,8,68.322304,52.433908,44.692033,2794.6277004301824,3410.766091076207,3300.741378460845
6,24,9,109.464036,83.978219,71.604295,1605.5985030100696,1959.588724146148,1896.3761846575624
6,24,10,123.664829,94.948153,80.893535,2061.927887690667,2516.5261621421523,2435.347898847244
6,24,11,217.472687,167.455432,142.25657,2794.6277004301824,3410.766091076207,3300.741378460845
6,24,12,119.548113,91.98064500000001,78.20064599999999,2364.2786071344885,2885.536882723194,2792.4550477966395
6,24,13,47.401048,36.482193,31.006700000000002,1082.3203053763452,1320.942104986878,1278.3310693421402
6,24,14,164.227207,126.377825,107.42682,289.9235564324093,353.8437106064838,342.42939736111333
6,24,15,213.698297,164.600166,139.787608,160.15467383430587,195.4643657032867,189.15906358382583
6,24,16,225.938841,174.048592,147.79458,610.9415963527902,745.6373813754526,721.5845626214057
6,24,17,28.983209,22.31748,18.958941,1193.2453053765432,1456.323010498931,1409.344848869933
6,24,18,63.147147,48.513035,41.306779999999996,1605.5985030100696,1959.588724146148,1896.3761846575624
6,24,19,18.734664000000002,14.430035,12.255006,2800.0,6600.0,4200.0
6,24,20,0.0,0.0,0.0,2800.0,6600.0,4200.0
6,24,21,0.0,0.0,0.0,2800.0,6600.0,4200.0
6,24,22,0.0,0.0,0.0,2800.0,6600.0,4200.0
6,24,23,0.0,0.0,0.0,2800.0,6600.0,4200.0
6,25,0,0.0,0.0,0.0,2800.0,6600.0,4200.0
6,25,1,0.0,0.0,0.0,2800.0,6600.0,4200.0
6,25,2,0.0,0.0,0.0,2800.0,6600.0,4200.0
6,25,3,0.0,0.0,0.0,2800.0,6600.0,4200.0
6,25,4,0.0,0.0,0.0,2800.0,6600.0,4200.0
6,25,5,-0.0,-0.0,-0.0,2800.0,6600.0,4200.0
6,25,6,31.766503,24.380073,20.779592,2800.0,6600.0,4200.0
6,25,7,112.672334,86.42117900000001,73.702955,2800.0,6600.0,4200.0
6,25,8,261.504262,201.167427,171.059179,2800.0,6600.0,4200.0
6,25,9,367.23841,283.411092,240.223621,2800.0,6600.0,4200.0
6,25,10,445.290964,344.55542099999997,291.280555,2800.0,6600.0,4200.0
6,25,11,497.07869900000003,385.469451,325.156743,2800.0,6600.0,4200.0
6,25,12,519.773328,403.75930999999997,340.00210200000004,2800.0,6600.0,4200.0
6,25,13,514.624938,399.87449200000003,336.634358,2800.0,6600.0,4200.0
6,25,14,480.672934,373.18983399999996,314.425152,2800.0,6600.0,4200.0
6,25,15,417.80326899999994,323.852543,273.29988299999997,2800.0,6600.0,4200.0
6,25,16,334.67031,258.730484,218.919677,2800.0,6600.0,4200.0
6,25,17,219.997267,169.642793,143.907987,2800.0,6600.0,4200.0
6,25,18,83.238695,64.021323,54.449372000000004,2800.0,6600.0,4200.0
6,25,19,12.277346999999999,9.479702,8.031046,2800.0,6600.0,4200.0
6,25,20,0.0,0.0,0.0,2800.0,6600.0,4200.0
6,25,21,0.0,0.0,0.0,2800.0,6600.0,4200.0
6,25,22,0.0,0.0,0.0,2800.0,6600.0,4200.0
6,25,23,0.0,0.0,0.0,2800.0,6600.0,4200.0
6,26,0,0.0,0.0,0.0,2800.0,6600.0,4200.0
6,26,1,0.0,0.0,0.0,2800.0,6600.0,4200.0
6,26,2,0.0,0.0,0.0,2800.0,6600.0,4200.0
6,26,3,0.0,0.0,0.0,2800.0,6600.0,4200.0
6,26,4,0.0,0.0,0.0,2800.0,6600.0,4200.0
6,26,5,-0.0,-0.0,-0.0,2800.0,6600.0,4200.0
6,26,6,31.5458,24.223169000000002,20.635223000000003,2800.0,6600.0,4200.0
6,26,7,108.415443,83.179273,70.918372,2800.0,6600.0,4200.0
6,26,8,113.338846,87.053196,74.138945,2800.0,6600.0,4200.0
6,26,9,307.175001,236.850438,200.934023,2800.0,6600.0,4200.0
6,26,10,305.34155300000003,235.543785,199.7347,2800.0,6600.0,4200.0
6,26,11,407.955075,315.806045,266.85783100000003,2800.0,6600.0,4200.0
6,26,12,388.765991,300.90601899999996,254.305573,2800.0,6600.0,4200.0
6,26,13,347.39317700000004,268.426325,227.242153,2800.0,6600.0,4200.0
6,26,14,396.291754,306.91343900000004,259.228441,2800.0,6600.0,4200.0
6,26,15,183.87152600000002,141.56368799999998,120.27686299999999,2800.0,6600.0,4200.0
6,26,16,122.852281,94.52489999999999,80.36201799999999,2800.0,6600.0,4200.0
6,26,17,98.374729,75.653443,64.350387,2800.0,6600.0,4200.0
6,26,18,49.563616,38.12484,32.421313,2800.0,6600.0,4200.0
6,26,19,-0.0,-0.0,-0.0,2800.0,6600.0,4200.0
6,26,20,0.0,0.0,0.0,2800.0,6600.0,4200.0
6,26,21,0.0,0.0,0.0,2800.0,6600.0,4200.0
6,26,22,0.0,0.0,0.0,2800.0,6600.0,4200.0
6,26,23,0.0,0.0,0.0,2800.0,6600.0,4200.0
6,27,0,0.0,0.0,0.0,2800.0,6600.0,4200.0
6,27,1,0.0,0.0,0.0,2800.0,6600.0,4200.0
6,27,2,0.0,0.0,0.0,2800.0,6600.0,4200.0
6,27,3,0.0,0.0,0.0,2800.0,6600.0,4200.0
6,27,4,0.0,0.0,0.0,2800.0,6600.0,4200.0
6,27,5,-0.0,-0.0,-0.0,2800.0,6600.0,4200.0
6,27,6,23.713175,18.239224999999998,15.511626,2800.0,6600.0,4200.0
6,27,7,70.962996,54.476498,46.419402999999996,2800.0,6600.0,4200.0
6,27,8,162.17309899999998,124.57482,106.083155,2800.0,6600.0,4200.0
6,27,9,186.57555100000002,143.44553200000001,122.045661,2800.0,6600.0,4200.0
6,27,10,125.640712,96.578973,82.18603,2800.0,6600.0,4200.0
6,27,11,216.323087,166.60603899999998,141.50457600000001,2800.0,6600.0,4200.0
6,27,12,292.418601,225.773964,191.281341,2800.0,6600.0,4200.0
6,27,13,270.879006,208.961017,177.19153,2800.0,6600.0,4200.0
6,27,14,384.02786499999996,297.10861200000005,251.20619699999997,2800.0,6600.0,4200.0
6,27,15,328.198397,253.48045499999998,214.686169,2800.0,6600.0,4200.0
6,27,16,216.178001,166.562044,141.40967,2800.0,6600.0,4200.0
6,27,17,210.44389999999999,162.10268900000003,137.65879199999998,2800.0,6600.0,4200.0
6,27,18,85.78875599999999,65.979167,56.117457,2800.0,6600.0,4200.0
6,27,19,18.158403999999997,14.00732,11.878054,2800.0,6600.0,4200.0
6,27,20,0.0,0.0,0.0,2800.0,6600.0,4200.0
6,27,21,0.0,0.0,0.0,2800.0,6600.0,4200.0
6,27,22,0.0,0.0,0.0,2800.0,6600.0,4200.0
6,27,23,0.0,0.0,0.0,2800.0,6600.0,4200.0
6,28,0,0.0,0.0,0.0,2800.0,6600.0,4200.0
6,28,1,0.0,0.0,0.0,2800.0,6600.0,4200.0
6,28,2,0.0,0.0,0.0,2800.0,6145.847517348083,4200.0
6,28,3,0.0,0.0,0.0,2800.0,4569.628998473504,4200.0
6,28,4,0.0,0.0,0.0,2800.0,3728.344236364732,3608.075067449741
6,28,5,-0.0,-0.0,-0.0,2800.0,6600.0,4200.0
6,28,6,13.095485,10.099786,8.56622,2800.0,6600.0,4200.0
6,28,7,63.752291,48.9892,41.702627,2800.0,6600.0,4200.0
6,28,8,63.796896000000004,49.047610999999996,41.731804,2794.6277004301824,3410.766091076207,3300.741378460845
6,28,9,114.766448,88.232742,75.072789,2800.0,6600.0,4200.0
6,28,10,202.010381,155.50234700000001,132.14212899999998,2800.0,6600.0,4200.0
6,28,11,474.850139,367.930789,310.616256,2800.0,6600.0,4200.0
6,28,12,402.995187,311.41428,263.613393,2800.0,6600.0,4200.0
6,28,13,239.971858,184.887027,156.97407199999998,2800.0,6600.0,4200.0
6,28,14,277.030478,213.47729,181.21542499999998,2800.0,6600.0,4200.0
6,28,15,328.41447,253.42188099999998,214.827511,1405.1461214803344,1714.9421167673372,1659.6214033232295
6,28,16,251.789508,194.062102,164.704415,929.1658003530496,1134.0212523993912,1097.4399216768302
6,28,17,161.15033300000002,124.009963,105.41412799999999,2800.0,6600.0,4200.0
6,28,18,51.150703,39.368744,33.459482,2800.0,6600.0,4200.0
6,28,19,5.185055,4.031444,3.391728,2800.0,6600.0,4200.0
6,28,20,0.0,0.0,0.0,2800.0,6600.0,4200.0
6,28,21,0.0,0.0,0.0,2800.0,6600.0,4200.0
6,28,22,0.0,0.0,0.0,2800.0,6600.0,4200.0
6,28,23,0.0,0.0,0.0,2800.0,6600.0,4200.0
6,29,0,0.0,0.0,0.0,2800.0,6600.0,4200.0
6,29,1,0.0,0.0,0.0,2800.0,6600.0,4200.0
6,29,2,0.0,0.0,0.0,2800.0,6600.0,4200.0
6,29,3,0.0,0.0,0.0,2800.0,6600.0,4200.0
6,29,4,0.0,0.0,0.0,2800.0,6600.0,4200.0
6,29,5,-0.0,-0.0,-0.0,2800.0,6600.0,4200.0
6,29,6,18.861580999999997,14.468539,12.338027,2800.0,6600.0,4200.0
6,29,7,41.668957,31.912637999999998,27.257137,2800.0,6600.0,4200.0
6,29,8,132.747407,101.570529,86.83477,2800.0,6600.0,4200.0
6,29,9,178.011777,136.305388,116.443794,2800.0,6600.0,4200.0
6,29,10,293.67485600000003,225.238918,192.10310099999998,2800.0,6600.0,4200.0
6,29,11,347.66591,267.098348,227.420558,2800.0,6600.0,4200.0
6,29,12,328.43636200000003,252.41135,214.841831,2800.0,6600.0,4200.0
6,29,13,417.02020699999997,321.22389799999996,272.787654,2800.0,6600.0,4200.0
6,29,14,509.649598,394.029227,333.37981199999996,2800.0,6600.0,4200.0
6,29,15,445.42219,343.64961200000005,291.366395,2800.0,6600.0,4200.0
6,29,16,353.07397100000003,271.889507,230.958161,2800.0,6600.0,4200.0
6,29,17,234.946062,180.418737,153.686522,2800.0,6600.0,4200.0
6,29,18,96.766218,74.177398,63.298203,2800.0,6600.0,4200.0
6,29,19,11.774863999999999,9.048943,7.702355,2800.0,6600.0,4200.0
6,29,20,0.0,0.0,0.0,2800.0,6600.0,4200.0
6,29,21,0.0,0.0,0.0,2800.0,6600.0,4200.0
6,29,22,0.0,0.0,0.0,2800.0,6600.0,4200.0
6,29,23,0.0,0.0,0.0,2800.0,6600.0,4200.0
6,30,0,0.0,0.0,0.0,2800.0,6600.0,4200.0
6,30,1,0.0,0.0,0.0,2800.0,6600.0,4200.0
6,30,2,0.0,0.0,0.0,2800.0,6600.0,4200.0
6,30,3,0.0,0.0,0.0,2800.0,6600.0,4200.0
6,30,4,0.0,0.0,0.0,2800.0,6600.0,4200.0
6,30,5,-0.0,-0.0,-0.0,2800.0,6600.0,4200.0
6,30,6,30.874104,23.641685000000003,20.195842,2800.0,4954.515830178791,4200.0
6,30,7,132.156124,101.148301,86.44799099999999,375.1945078601572,457.9145568371997,443.1431195198707
6,30,8,263.70923999999997,202.63163200000002,172.501533,175.6432651850418,214.36776459591715,207.4526754154037
6,30,9,340.66035700000003,262.419947,222.837978,45.26344099058551,55.24278231134452,53.46075707549469
6,30,10,447.83761599999997,345.949779,292.946411,45.26344099058551,55.24278231134452,53.46075707549469
6,30,11,499.124764,386.502479,326.49514600000003,301.21803372418333,367.6283088759718,355.7693311702953
6,30,12,265.14962199999997,204.130633,173.44373800000002,1405.1461214803344,1714.9421167673372,1659.6214033232295
6,30,13,510.94192200000003,396.926799,334.225167,2800.0,5700.675903358588,4200.0
6,30,14,367.99355699999995,284.429884,240.71759,2800.0,6600.0,4200.0
6,30,15,338.640885,261.438528,221.51697000000001,2800.0,6600.0,4200.0
6,30,16,333.469036,257.299915,218.133881,2800.0,6600.0,4200.0
6,30,17,220.24620199999998,169.418574,144.070824,2800.0,6600.0,4200.0
6,30,18,92.986349,71.420945,60.825657,2800.0,6600.0,4200.0
6,30,19,20.156246,15.532245000000001,13.184913,2800.0,6600.0,4200.0
6,30,20,0.0,0.0,0.0,2800.0,5528.8079782263085,4200.0
6,30,21,0.0,0.0,0.0,2800.0,3794.137041985159,3671.7455245017663
6,30,22,0.0,0.0,0.0,2103.4419801044355,2567.192967843996,2484.3802914619314
6,30,23,0.0,0.0,0.0,1676.4237403920558,2046.0289744942413,1980.0280398331363
7,1,0,0.0,0.0,0.0,2275.070137118247,2776.660403569514,2687.090713131788
7,1,1,0.0,0.0,0.0,2800.0,3599.0492231594667,3482.9508611220645
7,1,2,0.0,0.0,0.0,2800.0,6055.023664834879,4200.0
7,1,3,0.0,0.0,0.0,2800.0,5876.06920203001,4200.0
7,1,4,0.0,0.0,0.0,2800.0,5360.429636038867,4200.0
7,1,5,-0.0,-0.0,-0.0,2800.0,4721.09628485135,4200.0
7,1,6,-0.0,-0.0,-0.0,2800.0,6600.0,4200.0
7,1,7,124.109448,95.224226,81.184376,2800.0,6600.0,4200.0
7,1,8,236.746507,182.16308600000002,154.86425599999998,2800.0,6600.0,4200.0
7,1,9,336.826464,259.88811300000003,220.330093,2800.0,6600.0,4200.0
7,1,10,413.000436,319.567274,270.15818,2800.0,6600.0,4200.0
7,1,11,465.96512199999995,361.504053,304.804253,2800.0,6600.0,4200.0
7,1,12,487.56794,379.016389,318.93541999999997,2800.0,6600.0,4200.0
7,1,13,289.428238,223.749393,189.325238,2800.0,6600.0,4200.0
7,1,14,390.92644900000005,303.288854,255.718805,2800.0,6600.0,4200.0
7,1,15,290.00201899999996,224.188772,189.700569,2800.0,6600.0,4200.0
7,1,16,271.03848100000005,209.380919,177.295848,2800.0,6600.0,4200.0
7,1,17,194.29713,149.861688,127.096619,2800.0,6600.0,4200.0
7,1,18,91.103045,70.15657399999999,59.593720999999995,2800.0,6600.0,4200.0
7,1,19,19.930842000000002,15.379648,13.037468,2800.0,6600.0,4200.0
7,1,20,0.0,0.0,0.0,2800.0,6600.0,4200.0
7,1,21,0.0,0.0,0.0,2800.0,6600.0,4200.0
7,1,22,0.0,0.0,0.0,2800.0,6600.0,4200.0
7,1,23,0.0,0.0,0.0,2800.0,6600.0,4200.0
7,2,0,0.0,0.0,0.0,2800.0,6330.21083371745,4200.0
7,2,1,0.0,0.0,0.0,1824.2618316438895,2226.4612905889994,2154.639958634516
7,2,2,0.0,0.0,0.0,575.0133429544752,701.7879382515248,679.149617662766
7,2,3,0.0,0.0,0.0,4.190448409383788,5.114326798854229,4.949348515020222
7,2,4,0.0,0.0,0.0,125.47457411733969,153.13825974950905,148.19831588662166
7,2,5,-0.0,-0.0,-0.0,1786.5196926460033,2180.398050079768,2110.0626291094527
7,2,6,35.23822,27.076436,23.050565,2800.0,6600.0,4200.0
7,2,7,121.407804,93.28205899999999,79.417135,2800.0,6600.0,4200.0
7,2,8,228.495251,176.151725,149.466818,2800.0,6600.0,4200.0
7,2,9,207.956537,160.431797,136.03172,2800.0,6600.0,4200.0
7,2,10,395.41132500000003,307.30298100000005,258.65252100000004,2800.0,6600.0,4200.0
7,2,11,444.161359,346.14764,290.541641,2800.0,6600.0,4200.0
7,2,12,386.458707,300.570499,252.79629699999998,2800.0,6600.0,4200.0
7,2,13,462.578361,361.395918,302.58885200000003,2800.0,6600.0,4200.0
7,2,14,365.312318,284.13726199999996,238.963697,2800.0,6600.0,4200.0
7,2,15,344.497275,267.681507,225.347842,2800.0,6600.0,4200.0
7,2,16,298.673565,231.690024,195.372933,2800.0,6600.0,4200.0
7,2,17,201.145328,155.484572,131.576267,2800.0,6600.0,4200.0
7,2,18,92.220338,71.129259,60.324582,2800.0,6600.0,4200.0
7,2,19,19.132062,14.786534,12.514958,2800.0,6600.0,4200.0
7,2,20,0.0,0.0,0.0,2800.0,6600.0,4200.0
7,2,21,0.0,0.0,0.0,2800.0,6600.0,4200.0
7,2,22,0.0,0.0,0.0,2800.0,6600.0,4200.0
7,2,23,0.0,0.0,0.0,2800.0,6600.0,4200.0
7,3,0,0.0,0.0,0.0,2800.0,6600.0,4200.0
7,3,1,0.0,0.0,0.0,2800.0,6600.0,4200.0
7,3,2,0.0,0.0,0.0,2800.0,6600.0,4200.0
7,3,3,0.0,0.0,0.0,2800.0,6600.0,4200.0
7,3,4,0.0,0.0,0.0,2800.0,6600.0,4200.0
7,3,5,-0.0,-0.0,-0.0,2800.0,6600.0,4200.0
7,3,6,28.116246999999998,21.615624,18.391831,2800.0,6600.0,4200.0
7,3,7,125.66321,96.526331,82.200746,2800.0,6600.0,4200.0
7,3,8,240.35707,185.24398399999998,157.226054,2800.0,6600.0,4200.0
7,3,9,336.88937599999997,260.650712,220.371246,2800.0,6600.0,4200.0
7,3,10,403.19766999999996,312.598006,263.745844,2800.0,6600.0,4200.0
7,3,11,384.59106099999997,298.09018599999996,251.574604,2800.0,6600.0,4200.0
7,3,12,471.918944,367.035234,308.69885800000003,2800.0,6600.0,4200.0
7,3,13,482.533692,375.26484600000003,315.64234000000005,2800.0,6600.0,4200.0
7,3,14,447.43839,347.64051,292.68526299999996,2800.0,6600.0,4200.0
7,3,15,388.258243,300.85920799999997,253.97343700000002,2800.0,6600.0,4200.0
7,3,16,298.83480099999997,231.05054199999998,195.478404,2800.0,6600.0,4200.0
7,3,17,199.13556899999998,153.627771,130.261613,2800.0,6600.0,4200.0
7,3,18,73.234139,56.428457,47.905038,2800.0,6600.0,4200.0
7,3,19,12.39785,9.59881,8.109872000000001,2800.0,6600.0,4200.0
7,3,20,0.0,0.0,0.0,2800.0,6600.0,4200.0
7,3,21,0.0,0.0,0.0,2800.0,6600.0,4200.0
7,3,22,0.0,0.0,0.0,2800.0,4065.047980485539,3933.917400469876
7,3,23,0.0,0.0,0.0,2800.0,3472.7785151730586,3360.753401780379
7,4,0,0.0,0.0,0.0,2800.0,5277.537873988738,4200.0
7,4,1,0.0,0.0,0.0,2800.0,6600.0,4200.0
7,4,2,0.0,0.0,0.0,2800.0,6600.0,4200.0
7,4,3,0.0,0.0,0.0,2800.0,6600.0,4200.0
7,4,4,0.0,0.0,0.0,2800.0,6600.0,4200.0
7,4,5,-0.0,-0.0,-0.0,2800.0,6600.0,4200.0
7,4,6,31.640638,24.351207,20.697259,2800.0,6600.0,4200.0
7,4,7,120.195696,92.377906,78.624252,2800.0,6600.0,4200.0
7,4,8,235.742951,181.54424600000002,154.207795,2800.0,6600.0,4200.0
7,4,9,338.844091,261.598345,221.649894,2800.0,6600.0,4200.0
7,4,10,416.933146,322.679404,272.730704,2800.0,6600.0,4200.0
7,4,11,469.293037,363.93009,306.98116,2800.0,4421.436551474658,4200.0
7,4,12,491.921381,382.053396,321.783159,2020.963642713616,2466.530430083547,2386.964932338916
7,4,13,484.296439,376.04154700000004,316.795415,1437.3238044186396,1754.214092007001,1697.6265406519365
7,4,14,315.237548,243.699031,206.20801999999998,1373.4523042863404,1676.2606863337226,1622.1877609681185
7,4,15,321.7345,248.798045,210.45790599999998,1712.6043126696648,2090.186365856677,2022.7609992161392
7,4,16,169.414037,130.609556,110.819708,2145.5095856044995,2618.5353210133653,2534.066439690353
7,4,17,45.639226,35.213089999999994,29.85423,2319.3884514592746,2830.7496848518704,2739.435178888906
7,4,18,77.807145,59.926545,50.896403,1901.3333359069868,2320.524937524275,2245.6692943783305
7,4,19,11.91481,9.225594,7.793898,2800.0,6600.0,4200.0
7,4,20,0.0,0.0,0.0,2800.0,6600.0,4200.0
7,4,21,0.0,0.0,0.0,2800.0,6600.0,4200.0
7,4,22,0.0,0.0,0.0,2800.0,6600.0,4200.0
7,4,23,0.0,0.0,0.0,2800.0,6600.0,4200.0
7,5,0,0.0,0.0,0.0,2800.0,6600.0,4200.0
7,5,1,0.0,0.0,0.0,2800.0,6600.0,4200.0
7,5,2,0.0,0.0,0.0,2800.0,6600.0,4200.0
7,5,3,0.0,0.0,0.0,2800.0,6600.0,4200.0
7,5,4,0.0,0.0,0.0,2800.0,5360.429636038867,4200.0
7,5,5,-0.0,-0.0,-0.0,2800.0,6600.0,4200.0
7,5,6,23.345791000000002,17.973291,15.271307,2800.0,6600.0,4200.0
7,5,7,-0.0,-0.0,-0.0,2800.0,6600.0,4200.0
7,5,8,39.097364999999996,30.103603,25.574968000000002,2800.0,6600.0,4200.0
7,5,9,307.941236,237.269484,201.435245,2800.0,6600.0,4200.0
7,5,10,424.287263,327.98973700000005,277.541292,2800.0,6600.0,4200.0
7,5,11,476.605439,369.20536,311.76446000000004,2800.0,6600.0,4200.0
7,5,12,498.402101,386.654944,326.02242700000005,2800.0,6600.0,4200.0
7,5,13,489.458976,379.981847,320.172413,2800.0,6600.0,4200.0
7,5,14,453.135812,351.54626299999995,296.412148,2800.0,6600.0,4200.0
7,5,15,112.285646,86.510879,73.45000900000001,2800.0,6600.0,4200.0
7,5,16,7.967606,6.200687,5.211893,2800.0,6600.0,4200.0
7,5,17,198.492228,153.072412,129.840781,2800.0,6600.0,4200.0
7,5,18,83.47172900000001,64.303521,54.601808,2800.0,6600.0,4200.0
7,5,19,19.770046999999998,15.265450999999999,12.932286,2800.0,6600.0,4200.0
7,5,20,0.0,0.0,0.0,2800.0,6600.0,4200.0
7,5,21,0.0,0.0,0.0,2800.0,6600.0,4200.0
7,5,22,0.0,0.0,0.0,2800.0,6600.0,4200.0
7,5,23,0.0,0.0,0.0,2800.0,6600.0,4200.0
7,6,0,0.0,0.0,0.0,2800.0,6600.0,4200.0
7,6,1,0.0,0.0,0.0,2800.0,6600.0,4200.0
7,6,2,0.0,0.0,0.0,2800.0,6600.0,4200.0
7,6,3,0.0,0.0,0.0,2800.0,6145.847517348083,4200.0
7,6,4,0.0,0.0,0.0,2800.0,6600.0,4200.0
7,6,5,-0.0,-0.0,-0.0,2800.0,6600.0,4200.0
7,6,6,25.007445,19.238580000000002,16.358253,2800.0,6600.0,4200.0
7,6,7,16.205135,12.502486000000001,10.600351,2800.0,6600.0,4200.0
7,6,8,151.928281,116.71148,99.381658,2800.0,6600.0,4200.0
7,6,9,329.441108,253.91311100000001,215.49907000000002,2800.0,6600.0,4200.0
7,6,10,291.344852,224.508549,190.578963,2800.0,6600.0,4200.0
7,6,11,455.426745,352.619899,297.910728,2800.0,6600.0,4200.0
7,6,12,480.429731,372.57169,314.266065,2800.0,6600.0,4200.0
7,6,13,485.813479,376.808465,317.78776500000004,2800.0,6600.0,4200.0
7,6,14,388.032961,300.094815,253.82607199999998,2800.0,6600.0,4200.0
7,6,15,391.39439,302.747878,256.024902,2800.0,6600.0,4200.0
7,6,16,289.489621,223.42236499999999,189.36539100000002,2800.0,6600.0,4200.0
7,6,17,191.982719,147.84890900000002,125.582681,2800.0,6600.0,4200.0
7,6,18,88.641755,68.19756100000001,57.983705,2800.0,6600.0,4200.0
7,6,19,19.531080999999997,15.067326,12.775971,2800.0,6600.0,4200.0
7,6,20,0.0,0.0,0.0,2800.0,6600.0,4200.0
7,6,21,0.0,0.0,0.0,2800.0,5033.998538121269,4200.0
7,6,22,0.0,0.0,0.0,2800.0,4348.55720818164,4200.0
7,6,23,0.0,0.0,0.0,2800.0,3728.344236364732,3608.075067449741
7,7,0,0.0,0.0,0.0,2645.8334855800563,3229.1668524795964,3125.000179818964
7,7,1,0.0,0.0,0.0,2645.8334855800563,3229.1668524795964,3125.000179818964
7,7,2,0.0,0.0,0.0,2694.829168782761,3288.9647335537634,3182.869096987513
7,7,3,0.0,0.0,0.0,2800.0,3728.344236364732,3608.075067449741
7,7,4,0.0,0.0,0.0,2800.0,3794.137041985159,3671.7455245017663
7,7,5,-0.0,-0.0,-0.0,2800.0,4798.06917736812,4200.0
7,7,6,29.707241000000003,22.8547,19.432556,2800.0,4276.483153260508,4138.532083800491
7,7,7,117.932003,90.59554700000001,77.143491,1712.6043126696648,2090.186365856677,2022.7609992161392
7,7,8,147.675302,113.485944,96.599633,1749.3017415377876,2134.9745664437564,2066.104419139119
7,7,9,263.828714,203.080147,172.57968499999998,1251.4423799619176,1527.350936173994,1478.0815511361232
7,7,10,326.61346000000003,251.808729,213.649406,113.14210705336222,138.08682356906414,133.63240990554593
7,7,11,131.93381200000002,101.53151700000001,86.302569,430.6948862392302,525.6512391108714,508.6947475266498
7,7,12,312.964696,241.492519,204.72126699999998,1570.9465066065366,1917.296917511915,1855.44862985024
7,7,13,429.998815,332.73225799999994,281.27742,2455.7891050857875,2997.2229235298983,2900.5383130934497
7,7,14,419.34788000000003,324.705872,274.310267,2800.0,5528.8079782263085,4200.0
7,7,15,244.594023,188.62705400000002,159.99759400000002,2800.0,4205.209912886971,4069.5579802131983
7,7,16,263.290557,203.172076,172.227658,2800.0,6600.0,4200.0
7,7,17,202.84930400000002,156.321003,132.69089799999998,2800.0,6600.0,4200.0
7,7,18,89.776319,69.113039,58.725863,2549.630956168769,3111.754316583931,3011.3751450812238
7,7,19,18.067603,13.952527,11.818657,2800.0,3472.7785151730586,3360.753401780379
7,7,20,0.0,0.0,0.0,2800.0,4721.09628485135,4200.0
7,7,21,0.0,0.0,0.0,2800.0,4276.483153260508,4138.532083800491
7,7,22,0.0,0.0,0.0,2800.0,3663.3164546975977,3545.1449561589657
7,7,23,0.0,0.0,0.0,2800.0,3472.7785151730586,3360.753401780379
7,8,0,0.0,0.0,0.0,2694.829168782761,3288.9647335537634,3182.869096987513
7,8,1,0.0,0.0,0.0,1712.6043126696648,2090.186365856677,2022.7609992161392
7,8,2,0.0,0.0,0.0,1469.9890187508342,1794.0810858770024,1736.2075024616151
7,8,3,0.0,0.0,0.0,1786.5196926460033,2180.398050079768,2110.0626291094527
7,8,4,0.0,0.0,0.0,1342.23868718708,1638.1653268818693,1585.3212840792282
7,8,5,-0.0,-0.0,-0.0,1082.3203053763452,1320.942104986878,1278.3310693421402
7,8,6,25.161478,19.36957,16.459011999999998,349.3284625537728,426.3457613845259,412.59267230760565
7,8,7,114.869844,88.268226,75.140424,2800.0,3535.5380679260493,3421.48845283166
7,8,8,192.550275,148.098543,125.953939,2800.0,6600.0,4200.0
7,8,9,298.604954,230.169668,195.32805199999999,2800.0,6600.0,4200.0
7,8,10,373.322607,288.45782,244.20351000000002,2800.0,6600.0,4200.0
7,8,11,425.549404,329.61023100000006,278.366904,2800.0,6600.0,4200.0
7,8,12,495.378382,384.564538,324.044505,2800.0,6600.0,4200.0
7,8,13,490.613038,380.58727899999997,320.927325,2800.0,6600.0,4200.0
7,8,14,138.778248,106.83096,90.77975599999999,2800.0,6600.0,4200.0
7,8,15,76.61889,58.973164,50.119124000000006,2800.0,6600.0,4200.0
7,8,16,14.085015,10.896587,9.213505999999999,2800.0,6600.0,4200.0
7,8,17,18.323056,14.158531,11.985758,2800.0,6600.0,4200.0
7,8,18,12.961516,10.025630999999999,8.478584999999999,2800.0,6600.0,4200.0
7,8,19,-0.0,-0.0,-0.0,2800.0,6600.0,4200.0
7,8,20,0.0,0.0,0.0,2800.0,6600.0,4200.0
7,8,21,0.0,0.0,0.0,2800.0,6600.0,4200.0
7,8,22,0.0,0.0,0.0,2800.0,6600.0,4200.0
7,8,23,0.0,0.0,0.0,2800.0,6600.0,4200.0
7,9,0,0.0,0.0,0.0,2800.0,6600.0,4200.0
7,9,1,0.0,0.0,0.0,2800.0,6600.0,4200.0
7,9,2,0.0,0.0,0.0,2800.0,6600.0,4200.0
7,9,3,0.0,0.0,0.0,2800.0,6330.21083371745,4200.0
7,9,4,0.0,0.0,0.0,2800.0,4065.047980485539,3933.917400469876
7,9,5,-0.0,-0.0,-0.0,1940.6700324713545,2368.5342915988967,2292.129959611836
7,9,6,25.773988000000003,19.830684,16.859677,430.6948862392302,525.6512391108714,508.6947475266498
7,9,7,54.943381,42.209514000000006,35.940407,402.3068740231014,491.0044525478796,475.1655992398835
7,9,8,50.659398,38.921283,33.138103,475.7328897807615,580.6188812284884,561.8892398985372
7,9,9,107.55749899999999,82.606001,70.35716099999999,1029.5337295682716,1256.5175439612765,1215.984719962525
7,9,10,146.989372,112.987867,96.150943,2800.0,3794.137041985159,3671.7455245017663
7,9,11,204.791163,157.61364300000002,133.96113699999998,2800.0,4495.12565696385,4200.0
7,9,12,162.39266800000001,125.020138,106.226783,2800.0,4421.436551474658,4200.0
7,9,13,127.186083,97.923625,83.196912,2800.0,6600.0,4200.0
7,9,14,31.7888,24.522846,20.794177,2800.0,6600.0,4200.0
7,9,15,62.586399,48.200883999999995,40.939975,2800.0,6600.0,4200.0
7,9,16,39.619388,30.519201000000002,25.916442,2800.0,6600.0,4200.0
7,9,17,1.462953,1.1595820000000001,0.95697,2800.0,6600.0,4200.0
7,9,18,67.19775800000001,51.65803699999999,43.956428,2800.0,6600.0,4200.0
7,9,19,3.2940259999999997,2.56755,2.154739,2800.0,6600.0,4200.0
7,9,20,0.0,0.0,0.0,2800.0,6600.0,4200.0
7,9,21,0.0,0.0,0.0,2800.0,6600.0,4200.0
7,9,22,0.0,0.0,0.0,2800.0,6600.0,4200.0
7,9,23,0.0,0.0,0.0,2800.0,6600.0,4200.0
7,10,0,0.0,0.0,0.0,2800.0,6600.0,4200.0
7,10,1,0.0,0.0,0.0,2800.0,6600.0,4200.0
7,10,2,0.0,0.0,0.0,2800.0,6600.0,4200.0
7,10,3,0.0,0.0,0.0,2800.0,6600.0,4200.0
7,10,4,0.0,0.0,0.0,2800.0,6600.0,4200.0
7,10,5,-0.0,-0.0,-0.0,2800.0,4348.55720818164,4200.0
7,10,6,26.034224,20.025797999999998,17.029906,2800.0,4276.483153260508,4138.532083800491
7,10,7,109.78802800000001,84.253671,71.816229,2800.0,5965.099051003621,4200.0
7,10,8,112.00765399999999,85.933201,73.268165,2800.0,6600.0,4200.0
7,10,9,142.101157,109.005571,92.953388,2800.0,6600.0,4200.0
7,10,10,257.485481,197.810238,168.43035200000003,2800.0,6600.0,4200.0
7,10,11,313.394646,241.08697800000002,205.002513,2800.0,6600.0,4200.0
7,10,12,127.650519,98.065034,83.500715,2800.0,6600.0,4200.0
7,10,13,185.45889799999998,142.504778,121.315219,2800.0,6600.0,4200.0
7,10,14,387.862428,298.90426,253.71452100000002,2800.0,6600.0,4200.0
7,10,15,300.612196,231.147556,196.64106099999998,2800.0,6600.0,4200.0
7,10,16,235.54909899999998,180.875418,154.08098999999999,2800.0,6600.0,4200.0
7,10,17,221.018444,169.639282,144.575975,2800.0,6600.0,4200.0
7,10,18,33.845242,26.00927,22.139369,2800.0,6600.0,4200.0
7,10,19,15.036985000000001,11.573486,9.836224,2800.0,6600.0,4200.0
7,10,20,0.0,0.0,0.0,2800.0,6600.0,4200.0
7,10,21,0.0,0.0,0.0,2800.0,6600.0,4200.0
7,10,22,0.0,0.0,0.0,2800.0,6600.0,4200.0
7,10,23,0.0,0.0,0.0,2800.0,6600.0,4200.0
7,11,0,0.0,0.0,0.0,2800.0,6600.0,4200.0
7,11,1,0.0,0.0,0.0,2800.0,6600.0,4200.0
7,11,2,0.0,0.0,0.0,2800.0,6600.0,4200.0
7,11,3,0.0,0.0,0.0,2800.0,6600.0,4200.0
7,11,4,0.0,0.0,0.0,2800.0,6600.0,4200.0
7,11,5,-0.0,-0.0,-0.0,2800.0,6600.0,4200.0
7,11,6,18.690181,14.337161,12.225907999999999,2800.0,6600.0,4200.0
7,11,7,126.189081,96.528501,82.544737,2800.0,6600.0,4200.0
7,11,8,267.18175199999996,204.66114499999998,174.77302600000002,2800.0,6600.0,4200.0
7,11,9,380.14384,291.83193,248.66552,2800.0,6600.0,4200.0
7,11,10,467.428207,359.637407,305.76130800000004,2800.0,6600.0,4200.0
7,11,11,524.572627,404.360113,343.141493,2800.0,6600.0,4200.0
7,11,12,551.563037,425.0,360.796874,2800.0,6600.0,4200.0
7,11,13,539.908223,416.750721,353.173048,2800.0,6600.0,4200.0
7,11,14,501.511362,386.85634000000005,328.056304,2800.0,6600.0,4200.0
7,11,15,435.424077,335.44054700000004,284.826276,2800.0,6600.0,4200.0
7,11,16,339.717697,261.29769,222.22135,2800.0,6600.0,4200.0
7,11,17,4.48925,3.484582,2.936577,2800.0,6600.0,4200.0
7,11,18,61.026241999999996,46.820454,39.919421,2800.0,6600.0,4200.0
7,11,19,17.582772000000002,13.527485,11.501512,2800.0,6600.0,4200.0
7,11,20,0.0,0.0,0.0,2800.0,6600.0,4200.0
7,11,21,0.0,0.0,0.0,2800.0,6600.0,4200.0
7,11,22,0.0,0.0,0.0,2800.0,6600.0,4200.0
7,11,23,0.0,0.0,0.0,2800.0,6600.0,4200.0
7,12,0,0.0,0.0,0.0,2800.0,6600.0,4200.0
7,12,1,0.0,0.0,0.0,2800.0,6600.0,4200.0
7,12,2,0.0,0.0,0.0,2800.0,6600.0,4200.0
7,12,3,0.0,0.0,0.0,2800.0,6600.0,4200.0
7,12,4,0.0,0.0,0.0,2800.0,6600.0,4200.0
7,12,5,-0.0,-0.0,-0.0,2800.0,6600.0,4200.0
7,12,6,22.285914000000002,17.100386,14.578004,2800.0,6600.0,4200.0
7,12,7,119.79055,91.773567,78.359232,2800.0,6600.0,4200.0
7,12,8,246.022514,188.946542,160.93202100000002,2800.0,6600.0,4200.0
7,12,9,354.446822,272.926619,231.85619200000002,2800.0,4875.874201202505,4200.0
7,12,10,445.52664,343.772696,291.43471999999997,2800.0,6600.0,4200.0
7,12,11,352.21305099999995,271.211616,230.395003,2800.0,6600.0,4200.0
7,12,12,526.701625,407.81103499999995,344.534145,2800.0,6600.0,4200.0
7,12,13,393.562294,303.583963,257.443004,2800.0,6600.0,4200.0
7,12,14,374.707674,289.007064,245.10953099999998,2800.0,6600.0,4200.0
7,12,15,426.505653,329.587681,278.99242,2800.0,6600.0,4200.0
7,12,16,335.601445,258.76638099999997,219.52876500000002,2800.0,6600.0,4200.0
7,12,17,222.275203,170.926829,145.398065,2800.0,6600.0,4200.0
7,12,18,93.68145799999999,71.884422,61.280352,2800.0,6600.0,4200.0
7,12,19,15.088231,11.608248999999999,9.869745,2800.0,6600.0,4200.0
7,12,20,0.0,0.0,0.0,2800.0,6600.0,4200.0
7,12,21,0.0,0.0,0.0,2800.0,6600.0,4200.0
7,12,22,0.0,0.0,0.0,2800.0,6600.0,4200.0
7,12,23,0.0,0.0,0.0,2800.0,6600.0,4200.0
7,13,0,0.0,0.0,0.0,2800.0,6600.0,4200.0
7,13,1,0.0,0.0,0.0,2800.0,6600.0,4200.0
7,13,2,0.0,0.0,0.0,2800.0,6600.0,4200.0
7,13,3,0.0,0.0,0.0,2800.0,6600.0,4200.0
7,13,4,0.0,0.0,0.0,2800.0,6600.0,4200.0
7,13,5,-0.0,-0.0,-0.0,2800.0,6600.0,4200.0
7,13,6,20.00073,15.344316999999998,13.083184,2800.0,6600.0,4200.0
7,13,7,123.55744899999999,94.641265,80.82329399999999,2800.0,6600.0,4200.0
7,13,8,258.967111,199.020046,169.39953899999998,2800.0,6600.0,4200.0
7,13,9,365.48134899999997,282.02788699999996,239.074266,2800.0,6600.0,4200.0
7,13,10,442.62077600000003,342.83233,289.533891,2800.0,6600.0,4200.0
7,13,11,492.858118,382.831306,322.395912,2800.0,6600.0,4200.0
7,13,12,514.933725,400.678826,336.836347,2800.0,6600.0,4200.0
7,13,13,511.84430699999996,398.06013,334.815449,2800.0,6600.0,4200.0
7,13,14,478.09246,371.498715,312.737173,2800.0,6600.0,4200.0
7,13,15,420.34876,325.625113,274.96497800000003,2800.0,6600.0,4200.0
7,13,16,334.214186,258.160443,218.62131,2800.0,6600.0,4200.0
7,13,17,221.941833,170.851664,145.17999600000002,2800.0,6600.0,4200.0
7,13,18,91.746449,70.48764,60.014593999999995,2800.0,4276.483153260508,4138.532083800491
7,13,19,14.145817,10.893113,9.253279000000001,2800.0,5277.537873988738,4200.0
7,13,20,0.0,0.0,0.0,2800.0,4954.515830178791,4200.0
7,13,21,0.0,0.0,0.0,2800.0,4421.436551474658,4200.0
7,13,22,0.0,0.0,0.0,2800.0,3535.5380679260493,3421.48845283166
7,13,23,0.0,0.0,0.0,1749.3017415377876,2134.9745664437564,2066.104419139119
7,14,0,0.0,0.0,0.0,629.4537376638762,768.2309396685104,743.4492964533971
7,14,1,0.0,0.0,0.0,96.20130752809575,117.41104462090426,113.62359156861704
7,14,2,0.0,0.0,0.0,36.240444554051166,44.23046382581048,42.803674670139166
7,14,3,0.0,0.0,0.0,402.3068740231014,491.0044525478796,475.1655992398835
7,14,4,0.0,0.0,0.0,1373.4523042863404,1676.2606863337226,1622.1877609681185
7,14,5,-0.0,-0.0,-0.0,2800.0,5965.099051003621,4200.0
7,14,6,25.410167,19.490294000000002,16.621688,2800.0,6600.0,4200.0
7,14,7,121.573814,93.130563,79.525728,791.1870845831577,965.6220323652713,934.4729345470366
7,14,8,247.962549,190.463194,162.201066,1536.7967041952045,1875.6180248051708,1815.114217553391
7,14,9,351.79351,271.256212,230.12056700000002,2800.0,6600.0,4200.0
7,14,10,435.33962199999996,336.599882,284.771031,2800.0,6600.0,4200.0
7,14,11,485.445061,376.131677,317.546769,2800.0,6600.0,4200.0
7,14,12,383.44152,296.22088,250.822648,2800.0,6600.0,4200.0
7,14,13,501.70639,389.388247,328.183879,2800.0,6600.0,4200.0
7,14,14,469.30804700000004,363.975793,306.990978,2800.0,6600.0,4200.0
7,14,15,404.733598,313.31714,264.750549,2800.0,6600.0,4200.0
7,14,16,311.660603,240.69290900000001,203.868214,2800.0,6600.0,4200.0
7,14,17,206.79022,159.256262,135.26879,2800.0,6600.0,4200.0
7,14,18,83.058177,63.834739,54.331289,2800.0,6600.0,4200.0
7,14,19,18.2423,14.05245,11.932933,2800.0,6600.0,4200.0
7,14,20,0.0,0.0,0.0,2800.0,6600.0,4200.0
7,14,21,0.0,0.0,0.0,2800.0,6600.0,4200.0
7,14,22,0.0,0.0,0.0,2800.0,6600.0,4200.0
7,14,23,0.0,0.0,0.0,2800.0,6600.0,4200.0
7,15,0,0.0,0.0,0.0,2800.0,6600.0,4200.0
7,15,1,0.0,0.0,0.0,2800.0,6600.0,4200.0
7,15,2,0.0,0.0,0.0,2800.0,6600.0,4200.0
7,15,3,0.0,0.0,0.0,2800.0,5195.505086201954,4200.0
7,15,4,0.0,0.0,0.0,2800.0,5195.505086201954,4200.0
7,15,5,0.0,0.0,0.0,2800.0,6600.0,4200.0
7,15,6,0.06474200000000001,0.07262300000000001,0.04235,2800.0,6600.0,4200.0
7,15,7,8.107256,6.266724,5.303243,2800.0,6600.0,4200.0
7,15,8,1.961383,1.54202,1.28301,2800.0,6600.0,4200.0
7,15,9,16.170120999999998,12.490959,10.577448,2800.0,6600.0,4200.0
7,15,10,119.916832,92.162357,78.44183699999999,2800.0,6600.0,4200.0
7,15,11,244.051508,187.812104,159.64271599999998,2800.0,6600.0,4200.0
7,15,12,162.016184,124.606284,105.98051099999999,2800.0,6600.0,4200.0
7,15,13,147.617728,113.536802,96.561972,2800.0,6600.0,4200.0
7,15,14,473.960054,366.52340399999997,310.034021,2800.0,6600.0,4200.0
7,15,15,359.207811,277.103989,234.970523,2800.0,6600.0,4200.0
7,15,16,336.395547,259.41754000000003,220.048215,2800.0,6600.0,4200.0
7,15,17,222.086105,170.901389,145.27437,2800.0,6600.0,4200.0
7,15,18,90.906786,69.867617,59.465341,2800.0,6600.0,4200.0
7,15,19,12.721582,9.81404,8.321636,2800.0,6600.0,4200.0
7,15,20,0.0,0.0,0.0,2800.0,6600.0,4200.0
7,15,21,0.0,0.0,0.0,2800.0,6600.0,4200.0
7,15,22,0.0,0.0,0.0,2800.0,6600.0,4200.0
7,15,23,0.0,0.0,0.0,2800.0,6600.0,4200.0
7,16,0,0.0,0.0,0.0,2800.0,6600.0,4200.0
7,16,1,0.0,0.0,0.0,2800.0,6600.0,4200.0
7,16,2,0.0,0.0,0.0,2800.0,6600.0,4200.0
7,16,3,0.0,0.0,0.0,2800.0,6600.0,4200.0
7,16,4,0.0,0.0,0.0,2800.0,6600.0,4200.0
7,16,5,0.0,0.0,0.0,2800.0,6600.0,4200.0
7,16,6,17.911661,13.752518,11.71665,2800.0,6600.0,4200.0
7,16,7,121.649858,93.183026,79.57547100000001,2800.0,6600.0,4200.0
7,16,8,260.50624799999997,200.070201,170.406343,2800.0,6600.0,4200.0
7,16,9,372.379992,286.905227,243.586912,2800.0,6600.0,4200.0
7,16,10,455.379644,352.006495,297.87991800000003,2800.0,6600.0,4200.0
7,16,11,509.010735,394.553887,332.961909,2800.0,6600.0,4200.0
7,16,12,530.448338,412.02639600000003,346.985003,2800.0,6600.0,4200.0
7,16,13,522.873573,406.39926199999996,342.030082,2800.0,6600.0,4200.0
7,16,14,415.639266,322.158546,271.884332,2800.0,6600.0,4200.0
7,16,15,398.873037,309.11291,260.916949,2800.0,6600.0,4200.0
7,16,16,336.736481,260.244267,220.271232,2800.0,6600.0,4200.0
7,16,17,221.990524,171.065101,145.211847,2800.0,6600.0,4200.0
7,16,18,90.55880400000001,69.62523399999999,59.237714,2800.0,6600.0,4200.0
7,16,19,11.640096999999999,8.983737999999999,7.614198999999999,2800.0,6600.0,4200.0
7,16,20,0.0,0.0,0.0,2800.0,6600.0,4200.0
7,16,21,0.0,0.0,0.0,2800.0,6600.0,4200.0
7,16,22,0.0,0.0,0.0,2800.0,6600.0,4200.0
7,16,23,0.0,0.0,0.0,2800.0,6600.0,4200.0
7,17,0,0.0,0.0,0.0,2800.0,6600.0,4200.0
7,17,1,0.0,0.0,0.0,2800.0,6600.0,4200.0
7,17,2,0.0,0.0,0.0,2800.0,6600.0,4200.0
7,17,3,0.0,0.0,0.0,2800.0,6600.0,4200.0
7,17,4,0.0,0.0,0.0,2800.0,6600.0,4200.0
7,17,5,0.0,0.0,0.0,2800.0,6600.0,4200.0
7,17,6,18.161401,13.944968000000001,11.880014,2800.0,6600.0,4200.0
7,17,7,118.762816,90.993006,77.686955,2800.0,6600.0,4200.0
7,17,8,252.655078,194.172367,165.270615,2800.0,6600.0,4200.0
7,17,9,356.82193199999995,275.43800699999997,233.409835,2800.0,6600.0,4200.0
7,17,10,435.732574,337.473391,285.028075,2800.0,6600.0,4200.0
7,17,11,485.685822,377.397481,317.70426000000003,2800.0,6600.0,4200.0
7,17,12,508.328058,395.676179,332.515346,2800.0,6600.0,4200.0
7,17,13,503.89741300000003,392.009675,329.617105,2800.0,6600.0,4200.0
7,17,14,469.59986200000003,364.922418,307.181865,2800.0,6600.0,4200.0
7,17,15,412.70769,319.78478,269.966685,2800.0,6600.0,4200.0
7,17,16,324.507387,250.84165900000002,212.271749,2800.0,6600.0,4200.0
7,17,17,111.200052,85.53884699999999,72.739884,2800.0,6600.0,4200.0
7,17,18,39.329591,30.279709999999998,25.726875,2800.0,5965.099051003621,4200.0
7,17,19,8.546777,6.6114939999999995,5.590749,2800.0,5277.537873988738,4200.0
7,17,20,0.0,0.0,0.0,1570.9465066065366,1917.296917511915,1855.44862985024
7,17,21,0.0,0.0,0.0,268.18869820056244,327.31691512667066,316.7583049612942
7,17,22,0.0,0.0,0.0,107.29111938509163,130.9458543676315,126.72179454932082
7,17,23,0.0,0.0,0.0,85.90327597997313,104.84258092043964,101.4605621810706
7,18,0,0.0,0.0,0.0,131.96338481220266,161.05767437709773,155.86226552622358
7,18,1,0.0,0.0,0.0,301.21803372418333,367.6283088759718,355.7693311702953
7,18,2,0.0,0.0,0.0,247.56819744046305,302.1501622304864,292.4033828036965
7,18,3,0.0,0.0,0.0,81.04201369779398,98.90954427683516,95.7189138162921
7,18,4,0.0,0.0,0.0,324.6794129073232,396.2622755955519,383.4796215440825
7,18,5,0.0,0.0,0.0,460.3878697051685,561.8907071204812,543.7652004391754
7,18,6,26.27064,20.170907,17.184554,791.1870845831577,965.6220323652713,934.4729345470366
7,18,7,98.556482,75.524867,64.469278,145.60448877556777,177.70626582844886,171.97380564043436
7,18,8,193.01647599999998,148.112721,126.258898,540.5220241907821,659.6922342485923,638.4118395954118
7,18,9,179.13191500000002,137.666585,117.176516,2800.0,6600.0,4200.0
7,18,10,267.56182,206.390938,175.02164100000002,2800.0,6600.0,4200.0
7,18,11,272.673632,210.53978,178.36545900000002,2800.0,6600.0,4200.0
7,18,12,67.172078,51.707952,43.939629999999994,2800.0,6600.0,4200.0
7,18,13,110.12371499999999,84.712304,72.035814,2800.0,6600.0,4200.0
7,18,14,113.828781,87.537973,74.459428,2800.0,6600.0,4200.0
7,18,15,176.48586799999998,135.669635,115.44564299999999,2800.0,6600.0,4200.0
7,18,16,178.63012899999998,137.318438,116.84828,2800.0,6600.0,4200.0
7,18,17,70.4349,54.133756999999996,46.073957,2800.0,5114.326798854228,4200.0
7,18,18,49.124707,37.745237,32.134206999999996,2800.0,5528.8079782263085,4200.0
7,18,19,14.508818,11.177502,9.490731,2800.0,6600.0,4200.0
7,18,20,0.0,0.0,0.0,2800.0,6600.0,4200.0
7,18,21,0.0,0.0,0.0,2800.0,6600.0,4200.0
7,18,22,0.0,0.0,0.0,2800.0,6600.0,4200.0
7,18,23,0.0,0.0,0.0,2800.0,6600.0,4200.0
7,19,0,0.0,0.0,0.0,2800.0,6600.0,4200.0
7,19,1,0.0,0.0,0.0,2800.0,6600.0,4200.0
7,19,2,0.0,0.0,0.0,2800.0,6600.0,4200.0
7,19,3,0.0,0.0,0.0,2800.0,6600.0,4200.0
7,19,4,0.0,0.0,0.0,2800.0,6600.0,4200.0
7,19,5,0.0,0.0,0.0,2800.0,6600.0,4200.0
7,19,6,18.518008000000002,14.208095,12.113283,2800.0,6600.0,4200.0
7,19,7,120.375311,92.175047,78.741745,2800.0,6600.0,4200.0
7,19,8,257.961498,198.095388,168.74173199999998,2800.0,6600.0,4200.0
7,19,9,367.483371,283.268653,240.383859,2800.0,4875.874201202505,4200.0
7,19,10,446.275666,345.416055,291.924684,1676.4237403920558,2046.0289744942413,1980.0280398331363
7,19,11,493.996988,383.88006199999995,323.14088699999996,445.37642374118406,543.569651022705,526.0351461510048
7,19,12,510.264107,397.875338,333.78178399999996,71.8766678693094,87.7234922814406,84.89370220784575
7,19,13,500.198905,390.541238,327.19778,55.67205296764801,67.94620637783812,65.7543932688756
7,19,14,468.38775699999997,365.226155,306.388984,96.20130752809575,117.41104462090426,113.62359156861704
7,19,15,412.428015,320.60852500000004,269.783739,167.779835898385,204.7706658602337,198.16516050990356
7,19,16,331.126593,256.356443,216.601606,257.74098596133337,314.56577026776904,304.4184873559055
7,19,17,219.990468,169.672046,143.903539,278.9149998077284,340.4080706314795,329.42716512723825
7,19,18,89.416973,68.765326,58.490802,445.37642374118406,543.569651022705,526.0351461510048
7,19,19,10.754541,8.303353,7.034925,402.3068740231014,491.0044525478796,475.1655992398835
7,19,20,0.0,0.0,0.0,475.7328897807615,580.6188812284884,561.8892398985372
7,19,21,0.0,0.0,0.0,813.163264745564,992.4433546107276,960.4290528490912
7,19,22,0.0,0.0,0.0,1605.5985030100696,1959.588724146148,1896.3761846575624
7,19,23,0.0,0.0,0.0,2800.0,4495.12565696385,4200.0
7,20,0,0.0,0.0,0.0,2800.0,6600.0,4200.0
7,20,1,0.0,0.0,0.0,2800.0,6600.0,4200.0
7,20,2,0.0,0.0,0.0,2800.0,6600.0,4200.0
7,20,3,0.0,0.0,0.0,2800.0,6600.0,4200.0
7,20,4,0.0,0.0,0.0,2800.0,6600.0,4200.0
7,20,5,0.0,0.0,0.0,2800.0,6600.0,4200.0
7,20,6,21.695539,16.647092,14.191818999999999,2800.0,6600.0,4200.0
7,20,7,113.816051,87.174055,74.451101,2800.0,6600.0,4200.0
7,20,8,235.16271799999998,180.48030799999998,153.828244,2800.0,6600.0,4200.0
7,20,9,338.937407,260.934748,221.71093599999998,2800.0,6600.0,4200.0
7,20,10,338.74999699999995,260.927336,221.588344,2800.0,6600.0,4200.0
7,20,11,377.863565,291.523625,247.173911,2800.0,6600.0,4200.0
7,20,12,405.35780900000003,313.182434,265.15886700000004,2800.0,6600.0,4200.0
7,20,13,449.069485,347.63943900000004,293.75221999999997,2800.0,6600.0,4200.0
7,20,14,449.669702,348.207814,294.144843,2800.0,6600.0,4200.0
7,20,15,387.34678399999996,299.57011800000004,253.37722,2800.0,6600.0,4200.0
7,20,16,166.683609,128.287074,109.033639,2800.0,6600.0,4200.0
7,20,17,165.71095499999998,127.584796,108.397391,2800.0,6600.0,4200.0
7,20,18,71.79493,55.247612000000004,46.963601000000004,2800.0,6600.0,4200.0
7,20,19,14.748246,11.386278,9.647349,2800.0,6600.0,4200.0
7,20,20,0.0,0.0,0.0,2800.0,6600.0,4200.0
7,20,21,0.0,0.0,0.0,2800.0,6600.0,4200.0
7,20,22,0.0,0.0,0.0,2800.0,6600.0,4200.0
7,20,23,0.0,0.0,0.0,2800.0,6600.0,4200.0
7,21,0,0.0,0.0,0.0,2800.0,6600.0,4200.0
7,21,1,0.0,0.0,0.0,2800.0,6600.0,4200.0
7,21,2,0.0,0.0,0.0,2800.0,6600.0,4200.0
7,21,3,0.0,0.0,0.0,2800.0,6600.0,4200.0
7,21,4,0.0,0.0,0.0,2800.0,6600.0,4200.0
7,21,5,0.0,0.0,0.0,2800.0,6600.0,4200.0
7,21,6,0.506475,0.415137,0.331303,2800.0,6600.0,4200.0
7,21,7,85.67906699999999,65.735824,56.045705000000005,2800.0,6600.0,4200.0
7,21,8,34.297275,26.38496,22.43506,2800.0,6600.0,4200.0
7,21,9,282.619333,217.366428,184.871293,2800.0,6600.0,4200.0
7,21,10,413.589048,319.21279499999997,270.543212,2800.0,6600.0,4200.0
7,21,11,241.48429199999998,185.85591,157.963409,2800.0,6600.0,4200.0
7,21,12,410.288728,317.07386099999997,268.384356,2800.0,6600.0,4200.0
7,21,13,505.496918,391.67311800000004,330.663397,2800.0,6600.0,4200.0
7,21,14,474.683452,367.228991,310.507221,2800.0,6600.0,4200.0
7,21,15,414.370842,319.816806,271.05461099999997,2800.0,6600.0,4200.0
7,21,16,318.161829,245.06888800000002,208.12089600000002,2800.0,6600.0,4200.0
7,21,17,183.451073,140.966045,120.00183,2800.0,6600.0,4200.0
7,21,18,65.533587,50.324363,42.867835,2800.0,6600.0,4200.0
7,21,19,14.431664000000001,11.118317999999999,9.440262,2800.0,6600.0,4200.0
7,21,20,0.0,0.0,0.0,2800.0,6600.0,4200.0
7,21,21,0.0,0.0,0.0,2800.0,6600.0,4200.0
7,21,22,0.0,0.0,0.0,2800.0,6600.0,4200.0
7,21,23,0.0,0.0,0.0,2800.0,6600.0,4200.0
7,22,0,0.0,0.0,0.0,2800.0,6600.0,4200.0
7,22,1,0.0,0.0,0.0,2800.0,6600.0,4200.0
7,22,2,0.0,0.0,0.0,2800.0,6600.0,4200.0
7,22,3,0.0,0.0,0.0,2800.0,6600.0,4200.0
7,22,4,0.0,0.0,0.0,2800.0,5787.929644089762,4200.0
7,22,5,0.0,0.0,0.0,2800.0,4721.09628485135,4200.0
7,22,6,14.779162,11.354026,9.667572,2800.0,3728.344236364732,3608.075067449741
7,22,7,80.62552099999999,61.759509,52.740002,2800.0,3794.137041985159,3671.7455245017663
7,22,8,118.851971,91.06639299999999,77.74527400000001,1676.4237403920558,2046.0289744942413,1980.0280398331363
7,22,9,189.255671,145.138331,123.798822,835.542666361563,1019.7567975278918,986.8614169624758
7,22,10,266.196696,204.455545,174.128666,1281.237390674447,1563.7149256262935,1513.2725086706066
7,22,11,358.582067,275.883316,234.561201,2364.2786071344885,2885.536882723194,2792.4550477966395
7,22,12,371.207439,285.84583299999997,242.819904,2800.0,4644.951049827907,4200.0
7,22,13,396.05768900000004,305.161395,259.07533,2800.0,6600.0,4200.0
7,22,14,235.09225099999998,180.539576,153.782149,2800.0,6600.0,4200.0
7,22,15,422.994894,325.963777,276.695908,2800.0,6600.0,4200.0
7,22,16,130.061127,99.71712699999999,85.077579,2800.0,6600.0,4200.0
7,22,17,218.939025,167.890502,143.215753,2800.0,6600.0,4200.0
7,22,18,71.989259,55.171609,47.090718,2800.0,5195.505086201954,4200.0
7,22,19,14.32286,11.01186,9.369089,2800.0,6600.0,4200.0
7,22,20,0.0,0.0,0.0,2800.0,6600.0,4200.0
7,22,21,0.0,0.0,0.0,2800.0,4495.12565696385,4200.0
7,22,22,0.0,0.0,0.0,1901.3333359069868,2320.524937524275,2245.6692943783305
7,22,23,0.0,0.0,0.0,1901.3333359069868,2320.524937524275,2245.6692943783305
7,23,0,0.0,0.0,0.0,2800.0,4798.06917736812,4200.0
7,23,1,0.0,0.0,0.0,2800.0,6600.0,4200.0
7,23,2,0.0,0.0,0.0,2800.0,6600.0,4200.0
7,23,3,0.0,0.0,0.0,2800.0,6600.0,4200.0
7,23,4,0.0,0.0,0.0,2800.0,6600.0,4200.0
7,23,5,0.0,0.0,0.0,2800.0,6600.0,4200.0
7,23,6,21.172436,16.247282,13.849639,2800.0,6600.0,4200.0
7,23,7,107.26776600000001,82.122691,70.167636,2800.0,6600.0,4200.0
7,23,8,245.15077100000002,188.153084,160.361783,2800.0,6600.0,4200.0
7,23,9,357.568756,275.264915,233.898359,2800.0,6600.0,4200.0
7,23,10,442.030402,341.330377,289.14770699999997,2800.0,6600.0,4200.0
7,23,11,498.070424,385.490057,325.805466,2800.0,6600.0,4200.0
7,23,12,114.363167,87.767909,74.808989,2800.0,6600.0,4200.0
7,23,13,256.070181,196.831709,167.504554,2800.0,6600.0,4200.0
7,23,14,265.20025300000003,203.86607899999998,173.476857,2800.0,6600.0,4200.0
7,23,15,388.284917,299.09933,253.990886,2800.0,6600.0,4200.0
7,23,16,339.253105,261.005521,221.917444,2800.0,6600.0,4200.0
7,23,17,222.581206,170.816938,145.598233,2800.0,6600.0,4200.0
7,23,18,88.82118,68.09077099999999,58.101073,2188.134369840437,2670.5576954745493,2584.4106730398867
7,23,19,9.637516,7.421988000000001,6.30424,648.3361095823518,791.2763542146813,765.7513105303368
7,23,20,0.0,0.0,0.0,24.01244850305007,29.306531637580797,28.36115964927173
7,23,21,0.0,0.0,0.0,278.9149998077284,340.4080706314795,329.42716512723825
7,23,22,0.0,0.0,0.0,2364.2786071344885,2885.536882723194,2792.4550477966395
7,23,23,0.0,0.0,0.0,2800.0,6600.0,4200.0
7,24,0,0.0,0.0,0.0,2800.0,6600.0,4200.0
7,24,1,0.0,0.0,0.0,2800.0,6600.0,4200.0
7,24,2,0.0,0.0,0.0,2800.0,6600.0,4200.0
7,24,3,0.0,0.0,0.0,2800.0,6600.0,4200.0
7,24,4,0.0,0.0,0.0,2800.0,4205.209912886971,4069.5579802131983
7,24,5,0.0,0.0,0.0,1281.237390674447,1563.7149256262935,1513.2725086706066
7,24,6,15.879662,12.182341000000001,10.387448000000001,1536.7967041952045,1875.6180248051708,1815.114217553391
7,24,7,114.762784,87.848283,75.07039200000001,1605.5985030100696,1959.588724146148,1896.3761846575624
7,24,8,250.347183,192.382364,163.760939,1311.5016045329749,1600.651564587489,1549.017643149183
7,24,9,357.32683299999997,275.84657,233.740109,416.3395915497286,508.1309975606924,491.7396750587345
7,24,10,434.55525300000005,336.79943199999997,284.257947,36.240444554051166,44.23046382581048,42.803674670139166
7,24,11,484.945561,376.99232900000004,317.22002899999995,0.1319633848122026,0.1610576743770977,0.1558622655262236
7,24,12,509.54474200000004,396.609088,333.311222,18.20056109694597,22.213283228556108,21.496725705054292
7,24,13,502.870759,391.751139,328.945534,336.8536460978451,411.1205916942204,397.8586371234391
7,24,14,399.07557,309.487385,261.04943299999996,1786.5196926460033,2180.398050079768,2110.0626291094527
7,24,15,409.715087,318.099521,268.009117,2800.0,5787.929644089762,4200.0
7,24,16,295.583866,228.375662,193.351852,2800.0,6600.0,4200.0
7,24,17,213.559877,164.653848,139.69706200000002,2800.0,6237.575082367505,4200.0
7,24,18,86.103716,66.19739299999999,56.323483,2800.0,6600.0,4200.0
7,24,19,10.929266,8.438271,7.149219,2800.0,6600.0,4200.0
7,24,20,0.0,0.0,0.0,2800.0,6600.0,4200.0
7,24,21,0.0,0.0,0.0,2800.0,6600.0,4200.0
7,24,22,0.0,0.0,0.0,2800.0,6600.0,4200.0
7,24,23,0.0,0.0,0.0,2800.0,6600.0,4200.0
7,25,0,0.0,0.0,0.0,2800.0,6600.0,4200.0
7,25,1,0.0,0.0,0.0,2800.0,6600.0,4200.0
7,25,2,0.0,0.0,0.0,2800.0,6600.0,4200.0
7,25,3,0.0,0.0,0.0,2800.0,6600.0,4200.0
7,25,4,0.0,0.0,0.0,2800.0,6600.0,4200.0
7,25,5,0.0,0.0,0.0,2800.0,5277.537873988738,4200.0
7,25,6,15.133569999999999,11.627531000000001,9.899403,2800.0,6600.0,4200.0
7,25,7,114.46543399999999,87.709212,74.875885,2800.0,5787.929644089762,4200.0
7,25,8,253.936,195.095543,166.108511,2800.0,4421.436551474658,4200.0
7,25,9,365.50651500000004,281.763189,239.090728,2800.0,6600.0,4200.0
7,25,10,446.62169300000005,345.28803600000003,292.151033,2800.0,6600.0,4200.0
7,25,11,501.980498,388.910482,328.363183,2800.0,6600.0,4200.0
7,25,12,526.513537,408.566316,344.41111,2800.0,6600.0,4200.0
7,25,13,522.49182,405.185515,341.780363,2800.0,6600.0,4200.0
7,25,14,489.487403,379.30880099999996,320.19100799999995,2800.0,6600.0,4200.0
7,25,15,318.869862,245.755993,208.584045,2800.0,6600.0,4200.0
7,25,16,333.88628600000004,257.393749,218.40681899999998,2800.0,6600.0,4200.0
7,25,17,216.711565,166.59392499999998,141.758693,2800.0,6600.0,4200.0
7,25,18,77.215714,59.241687,50.509527,2800.0,6600.0,4200.0
7,25,19,12.80031,9.853351,8.373135,2800.0,6600.0,4200.0
7,25,20,0.0,0.0,0.0,2800.0,6600.0,4200.0
7,25,21,0.0,0.0,0.0,2800.0,6600.0,4200.0
7,25,22,0.0,0.0,0.0,2800.0,6600.0,4200.0
7,25,23,0.0,0.0,0.0,2800.0,6600.0,4200.0
7,26,0,0.0,0.0,0.0,2800.0,6600.0,4200.0
7,26,1,0.0,0.0,0.0,2800.0,6600.0,4200.0
7,26,2,0.0,0.0,0.0,2800.0,6600.0,4200.0
7,26,3,0.0,0.0,0.0,2800.0,6600.0,4200.0
7,26,4,0.0,0.0,0.0,2800.0,6600.0,4200.0
7,26,5,0.0,0.0,0.0,2800.0,6600.0,4200.0
7,26,6,19.574996,15.023741,12.804696,2800.0,6600.0,4200.0
7,26,7,98.932552,75.755271,64.715278,2800.0,6600.0,4200.0
7,26,8,237.497746,182.205927,155.355668,2800.0,6600.0,4200.0
7,26,9,344.73571999999996,265.359202,225.503817,2800.0,6600.0,4200.0
7,26,10,304.31294099999997,234.147913,199.061849,2800.0,6600.0,4200.0
7,26,11,419.24715000000003,323.47203499999995,274.244377,2800.0,6600.0,4200.0
7,26,12,439.872547,339.523531,287.736177,2800.0,6600.0,4200.0
7,26,13,471.75501299999996,364.418026,308.591625,2800.0,6600.0,4200.0
7,26,14,371.95525,286.705359,243.309073,2800.0,6600.0,4200.0
7,26,15,340.364037,262.237413,222.64414499999998,2800.0,6600.0,4200.0
7,26,16,278.26394300000004,214.069899,182.022279,2800.0,6600.0,4200.0
7,26,17,189.28346100000002,145.377564,123.817001,2800.0,6600.0,4200.0
7,26,18,70.73885700000001,54.308295,46.272786,2800.0,6600.0,4200.0
7,26,19,13.048974,10.063402,8.535795,2800.0,6600.0,4200.0
7,26,20,0.0,0.0,0.0,2800.0,6600.0,4200.0
7,26,21,0.0,0.0,0.0,2800.0,6600.0,4200.0
7,26,22,0.0,0.0,0.0,2800.0,6600.0,4200.0
7,26,23,0.0,0.0,0.0,2800.0,6600.0,4200.0
7,27,0,0.0,0.0,0.0,2800.0,6600.0,4200.0
7,27,1,0.0,0.0,0.0,2800.0,5528.8079782263085,4200.0
7,27,2,0.0,0.0,0.0,2800.0,4348.55720818164,4200.0
7,27,3,0.0,0.0,0.0,2800.0,3728.344236364732,3608.075067449741
7,27,4,0.0,0.0,0.0,2061.927887690667,2516.5261621421523,2435.347898847244
7,27,5,0.0,0.0,0.0,1029.5337295682716,1256.5175439612765,1215.984719962525
7,27,6,18.895288,14.521156000000001,12.360076,30.94602468005788,37.7687702788108,36.55042285046206
7,27,7,104.516954,80.09661,68.36823299999999,491.4151496175413,599.758647171015,580.4115940364661
7,27,8,133.10028,102.139522,87.065597,575.0133429544752,701.7879382515248,679.149617662766
7,27,9,324.50533399999995,249.808027,212.27040599999998,183.74862734385428,224.2601357346253,217.0259378077019
7,27,10,406.387158,313.761197,265.832201,3.563011389929472,4.34855720818164,4.208281169208038
7,27,11,461.441489,357.003401,301.845185,2.0619278876906666,2.516526162142152,2.4353478988472435
7,27,12,442.48534,342.292175,289.44529800000004,24.01244850305007,29.306531637580797,28.36115964927173
7,27,13,93.677301,72.16247100000001,61.277633,131.96338481220266,161.05767437709773,155.86226552622358
7,27,14,34.185673,26.384345,22.362057,460.3878697051685,561.8907071204812,543.7652004391754
7,27,15,54.224329,41.799465,35.47005,1029.5337295682716,1256.5175439612765,1215.984719962525
7,27,16,144.239046,111.05553599999999,94.35185700000001,1862.5318241810248,2273.168761795739,2199.840737221683
7,27,17,111.20229499999999,85.50245600000001,72.741351,2188.134369840437,2670.5576954745493,2584.4106730398867
7,27,18,51.134226000000005,39.30612,33.448704,1940.6700324713545,2368.5342915988967,2292.129959611836
7,27,19,4.438872,3.445881,2.903623,2800.0,4134.733013236745,4001.3545289387857
7,27,20,0.0,0.0,0.0,2800.0,6600.0,4200.0
7,27,21,0.0,0.0,0.0,2800.0,6600.0,4200.0
7,27,22,0.0,0.0,0.0,2800.0,6600.0,4200.0
7,27,23,0.0,0.0,0.0,2800.0,6600.0,4200.0
7,28,0,0.0,0.0,0.0,2800.0,6600.0,4200.0
7,28,1,0.0,0.0,0.0,2800.0,6600.0,4200.0
7,28,2,0.0,0.0,0.0,2800.0,6600.0,4200.0
7,28,3,0.0,0.0,0.0,2800.0,6600.0,4200.0
7,28,4,0.0,0.0,0.0,2800.0,6600.0,4200.0
7,28,5,0.0,0.0,0.0,2800.0,6600.0,4200.0
7,28,6,-0.0,-0.0,-0.0,2800.0,6600.0,4200.0
7,28,7,22.603046,17.354294000000003,14.785450999999998,2800.0,6600.0,4200.0
7,28,8,36.642044999999996,28.110804,23.968856,2800.0,6600.0,4200.0
7,28,9,46.334228,35.525222,30.308856,2800.0,6600.0,4200.0
7,28,10,72.877142,55.863898999999996,47.671514,2800.0,6600.0,4200.0
7,28,11,223.171177,171.242929,145.984153,2800.0,6600.0,4200.0
7,28,12,240.674078,184.91389900000001,157.43342,2800.0,6600.0,4200.0
7,28,13,326.946736,252.12221499999998,213.867414,2800.0,6600.0,4200.0
7,28,14,268.679848,206.862378,175.752983,2800.0,6600.0,4200.0
7,28,15,165.99065299999998,127.494928,108.580352,2800.0,6600.0,4200.0
7,28,16,87.269041,67.018831,57.085764000000005,2800.0,6600.0,4200.0
7,28,17,39.896696000000006,30.659097000000003,26.097839,2800.0,6600.0,4200.0
7,28,18,21.722724999999997,16.712797,14.209602,2800.0,6600.0,4200.0
7,28,19,12.024327,9.259253000000001,7.865537000000001,2800.0,6600.0,4200.0
7,28,20,0.0,0.0,0.0,2800.0,6600.0,4200.0
7,28,21,0.0,0.0,0.0,2800.0,6600.0,4200.0
7,28,22,0.0,0.0,0.0,2800.0,6600.0,4200.0
7,28,23,0.0,0.0,0.0,2800.0,6600.0,4200.0
7,29,0,0.0,0.0,0.0,2800.0,6600.0,4200.0
7,29,1,0.0,0.0,0.0,2800.0,6600.0,4200.0
7,29,2,0.0,0.0,0.0,2800.0,6600.0,4200.0
7,29,3,0.0,0.0,0.0,2800.0,6600.0,4200.0
7,29,4,0.0,0.0,0.0,2800.0,6600.0,4200.0
7,29,5,0.0,0.0,0.0,2800.0,6600.0,4200.0
7,29,6,16.293637,12.499805,10.658244,2800.0,6600.0,4200.0
7,29,7,111.17063499999999,85.123481,72.720641,2800.0,6600.0,4200.0
7,29,8,244.37043400000002,187.877899,159.851337,2800.0,6600.0,4200.0
7,29,9,251.193472,193.31528400000002,164.314527,2800.0,6600.0,4200.0
7,29,10,429.893565,333.784288,281.208573,2800.0,6600.0,4200.0
7,29,11,347.36389299999996,269.095236,227.222997,2800.0,6600.0,4200.0
7,29,12,398.89765500000004,309.791049,260.933052,2800.0,6600.0,4200.0
7,29,13,426.491757,331.93999099999996,278.98333,2800.0,6600.0,4200.0
7,29,14,394.88194500000003,306.663913,258.30623499999996,2800.0,6600.0,4200.0
7,29,15,410.233631,318.64656199999996,268.348315,2800.0,6600.0,4200.0
7,29,16,325.97772100000003,252.234436,213.233547,2800.0,6600.0,4200.0
7,29,17,213.511545,164.482505,139.66544699999997,2800.0,6600.0,4200.0
7,29,18,82.97325199999999,63.761762000000004,54.275735999999995,2800.0,6600.0,4200.0
7,29,19,8.951376,6.9123220000000005,5.855411,2800.0,6600.0,4200.0
7,29,20,0.0,0.0,0.0,2800.0,6600.0,4200.0
7,29,21,0.0,0.0,0.0,2800.0,6600.0,4200.0
7,29,22,0.0,0.0,0.0,2800.0,6600.0,4200.0
7,29,23,0.0,0.0,0.0,2800.0,6600.0,4200.0
7,30,0,0.0,0.0,0.0,2800.0,5033.998538121269,4200.0
7,30,1,0.0,0.0,0.0,2800.0,3728.344236364732,3608.075067449741
7,30,2,0.0,0.0,0.0,2800.0,4065.047980485539,3933.917400469876
7,30,3,0.0,0.0,0.0,2800.0,5528.8079782263085,4200.0
7,30,4,0.0,0.0,0.0,2800.0,6600.0,4200.0
7,30,5,0.0,0.0,0.0,2800.0,6600.0,4200.0
7,30,6,14.62642,11.238871999999999,9.567658,2800.0,6600.0,4200.0
7,30,7,109.27977899999999,83.743247,71.483765,2800.0,6600.0,4200.0
7,30,8,193.350942,148.49487100000002,126.477684,2800.0,6600.0,4200.0
7,30,9,311.258719,240.01804,203.605327,2800.0,6600.0,4200.0
7,30,10,432.802027,335.314347,283.11109999999996,2800.0,6600.0,4200.0
7,30,11,427.30258899999995,331.329937,279.51372399999997,2800.0,6600.0,4200.0
7,30,12,451.142558,350.817207,295.10828999999995,2800.0,6600.0,4200.0
7,30,13,423.115654,328.854348,276.774901,2800.0,6600.0,4200.0
7,30,14,324.949669,251.55616500000002,212.561061,2800.0,6600.0,4200.0
7,30,15,329.787329,255.334011,215.725546,2800.0,6600.0,4200.0
7,30,16,299.341077,231.38742499999998,195.809577,2800.0,6600.0,4200.0
7,30,17,205.09485800000002,158.082412,134.159795,2800.0,6600.0,4200.0
7,30,18,79.17302099999999,60.878699,51.789871,2800.0,6600.0,4200.0
7,30,19,9.669312,7.469488999999999,6.325038999999999,2800.0,6600.0,4200.0
7,30,20,0.0,0.0,0.0,2800.0,6600.0,4200.0
7,30,21,0.0,0.0,0.0,2800.0,6600.0,4200.0
7,30,22,0.0,0.0,0.0,2800.0,6600.0,4200.0
7,30,23,0.0,0.0,0.0,2800.0,6600.0,4200.0
7,31,0,0.0,0.0,0.0,2800.0,6600.0,4200.0
7,31,1,0.0,0.0,0.0,2800.0,6600.0,4200.0
7,31,2,0.0,0.0,0.0,2800.0,6600.0,4200.0
7,31,3,0.0,0.0,0.0,2800.0,6600.0,4200.0
7,31,4,0.0,0.0,0.0,2800.0,6600.0,4200.0
7,31,5,0.0,0.0,0.0,2800.0,6145.847517348083,4200.0
7,31,6,16.209581,12.462368,10.60326,2800.0,6600.0,4200.0
7,31,7,106.843676,82.016395,69.890224,2800.0,6600.0,4200.0
7,31,8,232.951718,179.596832,152.38195100000002,2800.0,6600.0,4200.0
7,31,9,333.379161,258.608283,218.07509,2800.0,6600.0,4200.0
7,31,10,406.685363,317.09499900000003,266.027268,2800.0,6600.0,4200.0
7,31,11,450.353485,352.86911499999997,294.592129,2800.0,6600.0,4200.0
7,31,12,467.37390500000004,367.489307,305.725787,2800.0,6600.0,4200.0
7,31,13,419.722937,328.403468,274.55560499999996,2800.0,3663.3164546975977,3545.1449561589657
7,31,14,336.754261,261.872724,220.282862,2145.5095856044995,2618.5353210133653,2534.066439690353
7,31,15,387.115214,301.90126000000004,253.225741,2188.134369840437,2670.5576954745493,2584.4106730398867
7,31,16,306.282727,237.848313,200.350355,2103.4419801044355,2567.192967843996,2484.3802914619314
7,31,17,200.58955300000002,154.92976199999998,131.212715,1640.756359055384,2002.4979185321613,1937.9012114827367
7,31,18,79.719498,61.369601,52.147341,2061.927887690667,2516.5261621421523,2435.347898847244
7,31,19,8.499077,6.5643400000000005,5.559546999999999,2800.0,5444.184846176627,4200.0
7,31,20,0.0,0.0,0.0,2800.0,6600.0,4200.0
7,31,21,0.0,0.0,0.0,2800.0,6600.0,4200.0
7,31,22,0.0,0.0,0.0,2800.0,6600.0,4200.0
7,31,23,0.0,0.0,0.0,2800.0,6600.0,4200.0
8,1,0,0.0,0.0,0.0,2800.0,6600.0,4200.0
8,1,1,0.0,0.0,0.0,2800.0,6600.0,4200.0
8,1,2,0.0,0.0,0.0,2800.0,6600.0,4200.0
8,1,3,0.0,0.0,0.0,2800.0,6518.224790706034,4200.0
8,1,4,0.0,0.0,0.0,2800.0,6423.759245222193,4200.0
8,1,5,0.0,0.0,0.0,2800.0,4875.874201202505,4200.0
8,1,6,13.423343999999998,10.323801,8.780683999999999,2800.0,6600.0,4200.0
8,1,7,106.491007,81.62789,69.659531,2800.0,6330.21083371745,4200.0
8,1,8,244.565279,187.944469,159.978791,1082.3203053763452,1320.942104986878,1278.3310693421402
8,1,9,358.342234,276.146588,234.404319,1469.9890187508342,1794.0810858770024,1736.2075024616151
8,1,10,445.153832,343.951174,291.190853,1786.5196926460033,2180.398050079768,2110.0626291094527
8,1,11,502.89251299999995,389.313564,328.959764,1676.4237403920558,2046.0289744942413,1980.0280398331363
8,1,12,401.005448,309.411055,262.311834,1824.2618316438895,2226.4612905889994,2154.639958634516
8,1,13,525.295092,406.860075,343.614083,978.4920029593812,1194.2225232968824,1155.6992160937573
8,1,14,491.551901,380.38689500000004,321.541469,445.37642374118406,543.569651022705,526.0351461510048
8,1,15,375.106301,289.192022,245.37028700000002,416.3395915497286,508.1309975606924,491.7396750587345
8,1,16,337.599517,259.939436,220.83577400000001,475.7328897807615,580.6188812284884,561.8892398985372
8,1,17,216.09206899999998,165.989397,141.35345900000002,557.58989956809,680.5231057720783,658.5707475213661
8,1,18,80.480924,61.735067,52.645416,1136.8810555802274,1387.531996967994,1342.7729002916071
8,1,19,6.925142,5.34598,4.529979999999999,2800.0,4954.515830178791,4200.0
8,1,20,0.0,0.0,0.0,2800.0,6600.0,4200.0
8,1,21,0.0,0.0,0.0,2800.0,6600.0,4200.0
8,1,22,0.0,0.0,0.0,2800.0,6600.0,4200.0
8,1,23,0.0,0.0,0.0,2800.0,6600.0,4200.0
8,2,0,0.0,0.0,0.0,2800.0,6600.0,4200.0
8,2,1,0.0,0.0,0.0,2800.0,6600.0,4200.0
8,2,2,0.0,0.0,0.0,2800.0,6600.0,4200.0
8,2,3,0.0,0.0,0.0,2800.0,6600.0,4200.0
8,2,4,0.0,0.0,0.0,2800.0,6600.0,4200.0
8,2,5,0.0,0.0,0.0,2800.0,6600.0,4200.0
8,2,6,15.449961,11.867747999999999,10.106365,2800.0,6600.0,4200.0
8,2,7,74.523196,57.085641,48.748256,2800.0,6600.0,4200.0
8,2,8,159.665247,122.396014,104.44268,2800.0,6600.0,4200.0
8,2,9,259.998265,199.686359,170.07405300000002,2800.0,6600.0,4200.0
8,2,10,347.45664,267.334567,227.28366699999998,2800.0,6600.0,4200.0
8,2,11,483.439468,373.199149,316.23484,2800.0,6600.0,4200.0
8,2,12,510.253891,394.28638900000004,333.775102,2800.0,6600.0,4200.0
8,2,13,264.819433,203.62443599999997,173.22774900000002,2800.0,6600.0,4200.0
8,2,14,142.346679,109.28900900000001,93.11399300000001,2800.0,6600.0,4200.0
8,2,15,143.528814,110.217538,93.887269,2800.0,6600.0,4200.0
8,2,16,205.69806599999998,157.991582,134.55437400000002,2800.0,6600.0,4200.0
8,2,17,191.12222,146.713291,125.019798,2800.0,6600.0,4200.0
8,2,18,72.02556200000001,55.259823,47.114464999999996,2800.0,5787.929644089762,4200.0
8,2,19,7.850867,6.065339,5.135529,2800.0,6600.0,4200.0
8,2,20,0.0,0.0,0.0,2800.0,6600.0,4200.0
8,2,21,0.0,0.0,0.0,2800.0,6600.0,4200.0
8,2,22,0.0,0.0,0.0,2800.0,6600.0,4200.0
8,2,23,0.0,0.0,0.0,2800.0,5787.929644089762,4200.0
8,3,0,0.0,0.0,0.0,2800.0,4495.12565696385,4200.0
8,3,1,0.0,0.0,0.0,2061.927887690667,2516.5261621421523,2435.347898847244
8,3,2,0.0,0.0,0.0,1055.7070784976213,1288.4613950167818,1246.8981242097886
8,3,3,0.0,0.0,0.0,1251.4423799619176,1527.350936173994,1478.0815511361232
8,3,4,0.0,0.0,0.0,858.3289550807331,1047.566834941052,1013.7743563945666
8,3,5,0.0,0.0,0.0,388.5930680097703,474.2671302481448,458.9681905627208
8,3,6,14.938834,11.494601000000001,9.772020000000001,1503.1454301264964,1834.5475722016292,1775.3686182596414
8,3,7,99.073638,75.982489,64.807568,2694.829168782761,3288.9647335537634,3182.869096987513
8,3,8,181.103168,139.02759099999997,118.465982,2800.0,4065.047980485539,3933.917400469876
8,3,9,268.018479,206.12572,175.320359,2800.0,3472.7785151730586,3360.753401780379
8,3,10,316.140203,243.414192,206.798479,1862.5318241810248,2273.168761795739,2199.840737221683
8,3,11,323.901589,249.469231,211.875475,1536.7967041952045,1875.6180248051708,1815.114217553391
8,3,12,515.442953,399.277175,337.16945,1824.2618316438895,2226.4612905889994,2154.639958634516
8,3,13,517.76422,401.104827,338.687873,2694.829168782761,3288.9647335537634,3182.869096987513
8,3,14,485.05701400000004,375.498936,317.292934,2800.0,4798.06917736812,4200.0
8,3,15,421.376026,325.547846,275.636949,2800.0,3996.150340809066,3867.242265299096
8,3,16,334.227577,257.458164,218.630069,1136.8810555802274,1387.531996967994,1342.7729002916071
8,3,17,213.58703599999998,164.108772,139.714828,175.6432651850418,214.36776459591715,207.4526754154037
8,3,18,78.548419,60.223269,51.381296,247.56819744046305,302.1501622304864,292.4033828036965
8,3,19,6.143777,4.741981,4.018862,1786.5196926460033,2180.398050079768,2110.0626291094527
8,3,20,0.0,0.0,0.0,2800.0,6600.0,4200.0
8,3,21,0.0,0.0,0.0,2800.0,6600.0,4200.0
8,3,22,0.0,0.0,0.0,2800.0,6600.0,4200.0
8,3,23,0.0,0.0,0.0,2800.0,6600.0,4200.0
8,4,0,0.0,0.0,0.0,2800.0,6600.0,4200.0
8,4,1,0.0,0.0,0.0,2800.0,5444.184846176627,4200.0
8,4,2,0.0,0.0,0.0,1749.3017415377876,2134.9745664437564,2066.104419139119
8,4,3,0.0,0.0,0.0,491.4151496175413,599.758647171015,580.4115940364661
8,4,4,0.0,0.0,0.0,145.60448877556777,177.70626582844886,171.97380564043436
8,4,5,0.0,0.0,0.0,52.04244894371608,63.51637469508655,61.467459382341815
8,4,6,10.517131,8.079595,6.879627,71.8766678693094,87.7234922814406,84.89370220784575
8,4,7,107.999547,82.66542100000001,70.64632,152.76411334322614,186.4443903007878,180.43005512979465
8,4,8,248.83094699999998,191.052225,162.769116,7.433326402824398,9.07217001919513,8.779519373414644
8,4,9,359.59301,277.380122,235.222495,0.8131632647455637,0.9924433546107272,0.9604290528490907
8,4,10,438.51625900000005,339.81872200000004,286.84898100000004,138.67213448175264,169.24551846198156,163.78598560836926
8,4,11,492.903849,382.949261,322.42582600000003,835.542666361563,1019.7567975278918,986.8614169624758
8,4,12,401.14245,310.612513,262.401452,2455.7891050857875,2997.2229235298983,2900.5383130934497
8,4,13,513.2040569999999,399.235879,335.704909,2800.0,5360.429636038867,4200.0
8,4,14,476.51716100000004,370.28468300000003,311.706714,2800.0,6600.0,4200.0
8,4,15,418.02477000000005,323.65448100000003,273.444774,2800.0,6600.0,4200.0
8,4,16,325.71367499999997,251.27076399999999,213.06082500000002,2800.0,6600.0,4200.0
8,4,17,207.550959,159.56109700000002,135.766417,2800.0,6600.0,4200.0
8,4,18,77.3841,59.392148,50.619673999999996,2800.0,6600.0,4200.0
8,4,19,6.252177,4.829657,4.08977,2800.0,6600.0,4200.0
8,4,20,0.0,0.0,0.0,2800.0,6600.0,4200.0
8,4,21,0.0,0.0,0.0,2800.0,6600.0,4200.0
8,4,22,0.0,0.0,0.0,2800.0,6600.0,4200.0
8,4,23,0.0,0.0,0.0,2800.0,6600.0,4200.0
8,5,0,0.0,0.0,0.0,2800.0,6600.0,4200.0
8,5,1,0.0,0.0,0.0,2800.0,6600.0,4200.0
8,5,2,0.0,0.0,0.0,2800.0,6600.0,4200.0
8,5,3,0.0,0.0,0.0,2800.0,6600.0,4200.0
8,5,4,0.0,0.0,0.0,2800.0,6600.0,4200.0
8,5,5,0.0,0.0,0.0,2800.0,6600.0,4200.0
8,5,6,13.30066,10.216324,8.700432000000001,2800.0,6600.0,4200.0
8,5,7,103.596409,79.330833,67.766072,2800.0,6600.0,4200.0
8,5,8,237.242603,182.125965,155.18876999999998,2800.0,6600.0,4200.0
8,5,9,350.04821000000004,269.576933,228.978905,2800.0,6600.0,4200.0
8,5,10,433.151192,334.58572100000004,283.339501,2800.0,6600.0,4200.0
8,5,11,489.71532299999996,379.083896,320.340098,2800.0,6600.0,4200.0
8,5,12,312.713454,240.967152,204.556921,2800.0,6600.0,4200.0
8,5,13,190.77633600000001,146.63965,124.793543,2800.0,6600.0,4200.0
8,5,14,102.497102,78.73149599999999,67.046977,2800.0,6600.0,4200.0
8,5,15,87.668769,67.31365,57.34724,2800.0,6600.0,4200.0
8,5,16,193.582709,148.809661,126.629291,2800.0,6600.0,4200.0
8,5,17,50.602114,38.86522,33.100631,2800.0,6600.0,4200.0
8,5,18,62.671146,48.100289,40.995411,2800.0,6600.0,4200.0
8,5,19,5.735582,4.432727,3.751847,2800.0,6600.0,4200.0
8,5,20,0.0,0.0,0.0,2800.0,6600.0,4200.0
8,5,21,0.0,0.0,0.0,2800.0,6600.0,4200.0
8,5,22,0.0,0.0,0.0,2800.0,4954.515830178791,4200.0
8,5,23,0.0,0.0,0.0,953.6162939806846,1163.862406039418,1126.3184574575014
8,6,0,0.0,0.0,0.0,71.8766678693094,87.7234922814406,84.89370220784575
8,6,1,0.0,0.0,0.0,237.66666698837332,290.0656171905344,280.7086617972913
8,6,2,0.0,0.0,0.0,1605.5985030100696,1959.588724146148,1896.3761846575624
8,6,3,0.0,0.0,0.0,2800.0,6600.0,4200.0
8,6,4,0.0,0.0,0.0,2800.0,6600.0,4200.0
8,6,5,0.0,0.0,0.0,2800.0,6600.0,4200.0
8,6,6,5.713407,4.411349,3.737341,2800.0,6600.0,4200.0
8,6,7,22.414091,17.228461,14.661849,2800.0,6600.0,4200.0
8,6,8,59.173456,45.424067,38.707449000000004,2800.0,6600.0,4200.0
8,6,9,124.278078,95.402193,81.294683,2800.0,6600.0,4200.0
8,6,10,97.30574800000001,74.74119,63.651128,2800.0,6600.0,4200.0
8,6,11,167.425036,128.768744,109.518632,2800.0,6600.0,4200.0
8,6,12,334.37913000000003,258.669661,218.72920499999998,2800.0,6600.0,4200.0
8,6,13,237.19771599999999,183.095461,155.15940799999998,2800.0,6600.0,4200.0
8,6,14,280.871733,217.011375,183.728126,2800.0,6600.0,4200.0
8,6,15,310.783726,239.959568,203.29461799999999,2800.0,6600.0,4200.0
8,6,16,300.991609,232.277525,196.88924799999998,2800.0,6600.0,4200.0
8,6,17,188.71393799999998,145.216269,123.444456,2800.0,6600.0,4200.0
8,6,18,72.71241,55.894619,47.563756999999995,667.5923777577954,814.7780988382542,788.4949343596008
8,6,19,3.935619,3.058987,2.5744279999999997,96.20130752809575,117.41104462090426,113.62359156861704
8,6,20,0.0,0.0,0.0,2800.0,4644.951049827907,4200.0
8,6,21,0.0,0.0,0.0,2800.0,6600.0,4200.0
8,6,22,0.0,0.0,0.0,2800.0,6600.0,4200.0
8,6,23,0.0,0.0,0.0,2800.0,6600.0,4200.0
8,7,0,0.0,0.0,0.0,2800.0,6600.0,4200.0
8,7,1,0.0,0.0,0.0,2800.0,6600.0,4200.0
8,7,2,0.0,0.0,0.0,2800.0,6600.0,4200.0
8,7,3,0.0,0.0,0.0,2800.0,5033.998538121269,4200.0
8,7,4,0.0,0.0,0.0,2549.630956168769,3111.754316583931,3011.3751450812238
8,7,5,0.0,0.0,0.0,2800.0,4276.483153260508,4138.532083800491
8,7,6,7.959062,6.148742,5.206304,2800.0,6600.0,4200.0
8,7,7,44.138305,33.919671,28.872425,2800.0,6600.0,4200.0
8,7,8,92.382361,70.944401,60.430567,2800.0,6600.0,4200.0
8,7,9,151.624651,116.518992,99.18304300000001,2800.0,6600.0,4200.0
8,7,10,224.40251,172.732864,146.789612,2800.0,6600.0,4200.0
8,7,11,327.256971,252.715422,214.070349,2800.0,6600.0,4200.0
8,7,12,375.727417,290.61506199999997,245.776581,2800.0,6600.0,4200.0
8,7,13,346.96974800000004,268.13587199999995,226.96517300000002,2800.0,6600.0,4200.0
8,7,14,317.689638,245.33605300000002,207.812019,2800.0,6600.0,4200.0
8,7,15,305.920618,236.33941399999998,200.113487,2800.0,6600.0,4200.0
8,7,16,158.173437,121.759781,103.466835,2800.0,6600.0,4200.0
8,7,17,115.08998799999999,88.532542,75.284428,2800.0,6600.0,4200.0
8,7,18,36.099116,27.798758999999997,23.613708,2800.0,6600.0,4200.0
8,7,19,0.413051,0.346341,0.27019099999999996,2800.0,6600.0,4200.0
8,7,20,0.0,0.0,0.0,2800.0,6600.0,4200.0
8,7,21,0.0,0.0,0.0,2800.0,6600.0,4200.0
8,7,22,0.0,0.0,0.0,2800.0,6600.0,4200.0
8,7,23,0.0,0.0,0.0,2800.0,6600.0,4200.0
8,8,0,0.0,0.0,0.0,2800.0,6600.0,4200.0
8,8,1,0.0,0.0,0.0,2800.0,6600.0,4200.0
8,8,2,0.0,0.0,0.0,2800.0,6600.0,4200.0
8,8,3,0.0,0.0,0.0,2800.0,6600.0,4200.0
8,8,4,0.0,0.0,0.0,2800.0,6600.0,4200.0
8,8,5,0.0,0.0,0.0,2800.0,6600.0,4200.0
8,8,6,13.431815,10.336083,8.786225,2800.0,6600.0,4200.0
8,8,7,95.553471,73.220355,62.504902,2800.0,6600.0,4200.0
8,8,8,54.424089,41.780982,35.60072,2800.0,6600.0,4200.0
8,8,9,93.96712699999999,72.123976,61.467219,2800.0,6600.0,4200.0
8,8,10,39.824066,30.631155,26.050329,2800.0,6600.0,4200.0
8,8,11,122.844324,94.349837,80.35681299999999,2800.0,6600.0,4200.0
8,8,12,211.236953,162.529587,138.177556,2800.0,6600.0,4200.0
8,8,13,182.960608,140.716129,119.680999,2800.0,6600.0,4200.0
8,8,14,222.110692,170.913633,145.290453,2800.0,6600.0,4200.0
8,8,15,219.126321,168.465229,143.33827,2800.0,6600.0,4200.0
8,8,16,103.953302,79.781662,67.99952800000001,2800.0,6600.0,4200.0
8,8,17,153.329492,117.636253,100.298239,2800.0,6600.0,4200.0
8,8,18,40.788375,31.317366000000003,26.681116999999997,2800.0,4495.12565696385,4200.0
8,8,19,0.479951,0.391598,0.313953,2800.0,6600.0,4200.0
8,8,20,0.0,0.0,0.0,2800.0,6600.0,4200.0
8,8,21,0.0,0.0,0.0,2800.0,6600.0,4200.0
8,8,22,0.0,0.0,0.0,2800.0,6600.0,4200.0
8,8,23,0.0,0.0,0.0,2800.0,6600.0,4200.0
8,9,0,0.0,0.0,0.0,2800.0,6600.0,4200.0
8,9,1,0.0,0.0,0.0,2800.0,6600.0,4200.0
8,9,2,0.0,0.0,0.0,2800.0,6600.0,4200.0
8,9,3,0.0,0.0,0.0,2800.0,6600.0,4200.0
8,9,4,0.0,0.0,0.0,2800.0,6600.0,4200.0
8,9,5,0.0,0.0,0.0,2800.0,6145.847517348083,4200.0
8,9,6,11.004837,8.464633,7.198653,2800.0,6600.0,4200.0
8,9,7,76.245436,58.431135000000005,49.874834,2800.0,6600.0,4200.0
8,9,8,191.992769,147.400946,125.58925500000001,2800.0,6600.0,4200.0
8,9,9,315.095375,242.868942,206.11502,2800.0,6600.0,4200.0
8,9,10,374.610886,289.604799,245.04621799999998,2800.0,6600.0,4200.0
8,9,11,437.47967700000004,339.59371799999997,286.17091600000003,2800.0,6600.0,4200.0
8,9,12,417.78230099999996,324.761821,273.28616700000003,2800.0,6600.0,4200.0
8,9,13,480.071441,375.077165,314.031695,2800.0,6600.0,4200.0
8,9,14,402.618001,313.889159,263.366662,2800.0,5876.06920203001,4200.0
8,9,15,368.19114,286.596522,240.846836,1605.5985030100696,1959.588724146148,1896.3761846575624
8,9,16,247.159682,191.126919,161.675882,1940.6700324713545,2368.5342915988967,2292.129959611836
8,9,17,134.977956,103.909531,88.29385099999999,2800.0,6600.0,4200.0
8,9,18,59.042466999999995,45.414197,38.621764000000006,2800.0,6600.0,4200.0
8,9,19,3.3106269999999998,2.577786,2.165598,2800.0,6600.0,4200.0
8,9,20,0.0,0.0,0.0,2800.0,6600.0,4200.0
8,9,21,0.0,0.0,0.0,2800.0,6600.0,4200.0
8,9,22,0.0,0.0,0.0,2103.4419801044355,2567.192967843996,2484.3802914619314
8,9,23,0.0,0.0,0.0,523.8060511729734,639.2908498567786,618.6685643775277
8,10,0,0.0,0.0,0.0,16.495423101525333,20.132209297137216,19.482783190777948
8,10,1,0.0,0.0,0.0,375.1945078601572,457.9145568371997,443.1431195198707
8,10,2,0.0,0.0,0.0,2800.0,4798.06917736812,4200.0
8,10,3,0.0,0.0,0.0,2800.0,6600.0,4200.0
8,10,4,0.0,0.0,0.0,2800.0,6600.0,4200.0
8,10,5,0.0,0.0,0.0,2800.0,6600.0,4200.0
8,10,6,11.104896,8.56077,7.264105,2800.0,6600.0,4200.0
8,10,7,94.01232399999999,72.207832,61.496783,2800.0,6600.0,4200.0
8,10,8,221.65207999999998,170.698846,144.99045800000002,2800.0,6600.0,4200.0
8,10,9,330.639973,255.48091200000002,216.283291,2800.0,6600.0,4200.0
8,10,10,413.863144,321.01431,270.72250799999995,2800.0,6600.0,4200.0
8,10,11,352.903099,273.106924,230.84638800000002,2800.0,6600.0,4200.0
8,10,12,385.619255,298.998132,252.247182,2800.0,6600.0,4200.0
8,10,13,490.854305,382.359404,321.085147,2800.0,6600.0,4200.0
8,10,14,458.219155,356.235973,299.737342,2800.0,6600.0,4200.0
8,10,15,396.104434,307.12453999999997,259.105908,2800.0,6600.0,4200.0
8,10,16,307.169061,237.35330100000002,200.930138,2800.0,6600.0,4200.0
8,10,17,191.628482,147.558445,125.350962,2800.0,6600.0,4200.0
8,10,18,67.785473,52.117759,44.340873,2800.0,6600.0,4200.0
8,10,19,2.7090189999999996,2.114136,1.772065,2800.0,6600.0,4200.0
8,10,20,0.0,0.0,0.0,2800.0,6600.0,4200.0
8,10,21,0.0,0.0,0.0,2800.0,6600.0,4200.0
8,10,22,0.0,0.0,0.0,2800.0,6600.0,4200.0
8,10,23,0.0,0.0,0.0,2800.0,6600.0,4200.0
8,11,0,0.0,0.0,0.0,2800.0,6600.0,4200.0
8,11,1,0.0,0.0,0.0,2800.0,6600.0,4200.0
8,11,2,0.0,0.0,0.0,2800.0,6600.0,4200.0
8,11,3,0.0,0.0,0.0,2800.0,6600.0,4200.0
8,11,4,0.0,0.0,0.0,2800.0,6600.0,4200.0
8,11,5,0.0,0.0,0.0,2800.0,6600.0,4200.0
8,11,6,12.173593,9.366982,7.963178,2800.0,6600.0,4200.0
8,11,7,95.385409,73.148536,62.394966999999994,2800.0,6600.0,4200.0
8,11,8,222.74527799999998,171.348572,145.705558,2800.0,6600.0,4200.0
8,11,9,334.434557,258.027347,218.765462,2800.0,6600.0,4200.0
8,11,10,420.874091,325.712194,275.308616,2800.0,6600.0,4200.0
8,11,11,475.69572600000004,369.222477,311.16938500000003,2800.0,6600.0,4200.0
8,11,12,495.95436700000005,386.151275,324.421277,2800.0,6600.0,4200.0
8,11,13,480.628618,375.331254,314.396164,2800.0,6600.0,4200.0
8,11,14,445.662238,347.706048,291.523419,2800.0,6600.0,4200.0
8,11,15,388.59755099999995,302.203445,254.19539,2800.0,6600.0,4200.0
8,11,16,247.035719,190.883875,161.594794,2800.0,6600.0,4200.0
8,11,17,187.93821400000002,144.902267,122.937027,2800.0,6600.0,4200.0
8,11,18,64.326762,49.505627999999994,42.078408,2800.0,6600.0,4200.0
8,11,19,2.117195,1.6604480000000001,1.384932,2800.0,6600.0,4200.0
8,11,20,0.0,0.0,0.0,2800.0,6600.0,4200.0
8,11,21,0.0,0.0,0.0,2800.0,6600.0,4200.0
8,11,22,0.0,0.0,0.0,2800.0,6600.0,4200.0
8,11,23,0.0,0.0,0.0,2800.0,6600.0,4200.0
8,12,0,0.0,0.0,0.0,2800.0,6600.0,4200.0
8,12,1,0.0,0.0,0.0,2800.0,6600.0,4200.0
8,12,2,0.0,0.0,0.0,2800.0,6600.0,4200.0
8,12,3,0.0,0.0,0.0,2800.0,6600.0,4200.0
8,12,4,0.0,0.0,0.0,2800.0,6600.0,4200.0
8,12,5,0.0,0.0,0.0,2800.0,6600.0,4200.0
8,12,6,10.379092,7.99646,6.789331,2800.0,6600.0,4200.0
8,12,7,93.29463,71.554858,61.027314,2800.0,6600.0,4200.0
8,12,8,223.619507,171.90642499999998,146.277422,2800.0,6600.0,4200.0
8,12,9,332.982931,257.004269,217.815903,2800.0,6600.0,4200.0
8,12,10,364.95041499999996,282.20530099999996,238.72696299999998,2800.0,6600.0,4200.0
8,12,11,411.39833799999997,318.57300699999996,269.110191,2800.0,6600.0,4200.0
8,12,12,492.51047700000004,382.45612,322.168507,2800.0,6600.0,4200.0
8,12,13,408.243107,316.02903999999995,267.046243,2800.0,6600.0,4200.0
8,12,14,376.199782,290.782955,246.08557199999998,2800.0,6600.0,4200.0
8,12,15,253.503164,195.285483,165.825378,2800.0,6600.0,4200.0
8,12,16,182.80937400000002,140.61654199999998,119.582071,2800.0,6600.0,4200.0
8,12,17,61.45769,47.237792999999996,40.201646999999994,2800.0,6600.0,4200.0
8,12,18,57.909309,44.504110999999995,37.880525999999996,2800.0,6600.0,4200.0
8,12,19,2.4074319999999996,1.8791969999999998,1.574786,2800.0,6600.0,4200.0
8,12,20,0.0,0.0,0.0,2597.435303258585,3170.098204764415,3067.83697235266
8,12,21,0.0,0.0,0.0,445.37642374118406,543.569651022705,526.0351461510048
8,12,22,0.0,0.0,0.0,1311.5016045329749,1600.651564587489,1549.017643149183
8,12,23,0.0,0.0,0.0,2800.0,6423.759245222193,4200.0
8,13,0,0.0,0.0,0.0,2800.0,6600.0,4200.0
8,13,1,0.0,0.0,0.0,2800.0,6600.0,4200.0
8,13,2,0.0,0.0,0.0,2800.0,6600.0,4200.0
8,13,3,0.0,0.0,0.0,2800.0,6600.0,4200.0
8,13,4,0.0,0.0,0.0,2800.0,6600.0,4200.0
8,13,5,0.0,0.0,0.0,2800.0,6600.0,4200.0
8,13,6,8.761961,6.74487,5.731508,2800.0,6600.0,4200.0
8,13,7,88.48048399999999,67.681618,57.878212,2800.0,6600.0,4200.0
8,13,8,196.60641800000002,150.48682699999998,128.60720600000002,2800.0,6600.0,4200.0
8,13,9,272.98681,209.401135,178.57031899999998,2800.0,6600.0,4200.0
8,13,10,208.180676,159.631816,136.178337,2800.0,6600.0,4200.0
8,13,11,512.192739,395.254532,335.043371,2800.0,6600.0,4200.0
8,13,12,538.7504889999999,416.32896999999997,352.415733,2145.5095856044995,2618.5353210133653,2534.066439690353
8,13,13,369.629788,284.34632,241.787906,2800.0,4276.483153260508,4138.532083800491
8,13,14,502.513328,387.707732,328.711726,1605.5985030100696,1959.588724146148,1896.3761846575624
8,13,15,440.463612,339.062131,288.122814,416.3395915497286,508.1309975606924,491.7396750587345
8,13,16,343.887119,264.02211900000003,224.94871700000002,289.9235564324093,353.8437106064838,342.42939736111333
8,13,17,207.00258,158.541377,135.407702,81.04201369779398,98.90954427683516,95.7189138162921
8,13,18,68.477001,52.406389000000004,44.793226000000004,145.60448877556777,177.70626582844886,171.97380564043436
8,13,19,1.744296,1.355509,1.141005,2800.0,5033.998538121269,4200.0
8,13,20,0.0,0.0,0.0,2800.0,6600.0,4200.0
8,13,21,0.0,0.0,0.0,2800.0,6600.0,4200.0
8,13,22,0.0,0.0,0.0,2800.0,6600.0,4200.0
8,13,23,0.0,0.0,0.0,2800.0,6600.0,4200.0
8,14,0,0.0,0.0,0.0,2800.0,6600.0,4200.0
8,14,1,0.0,0.0,0.0,2800.0,6600.0,4200.0
8,14,2,0.0,0.0,0.0,2800.0,6600.0,4200.0
8,14,3,0.0,0.0,0.0,2800.0,6600.0,4200.0
8,14,4,0.0,0.0,0.0,2800.0,6600.0,4200.0
8,14,5,0.0,0.0,0.0,2800.0,6600.0,4200.0
8,14,6,6.469584,4.963811,4.231984000000001,2800.0,6600.0,4200.0
8,14,7,103.64545299999999,79.140102,67.798153,2800.0,6600.0,4200.0
8,14,8,253.006742,193.714045,165.500651,2800.0,6600.0,4200.0
8,14,9,375.214222,288.166294,245.44088200000002,2800.0,6600.0,4200.0
8,14,10,463.201702,356.90795899999995,302.996602,2502.4167786610287,3054.130714113854,2955.610368497278
8,14,11,519.7809490000001,401.65267700000004,340.007087,67.56525302384776,82.46152928107404,79.80147994942648
8,14,12,543.117203,420.530424,355.27215500000005,592.796019999516,723.4912055112203,700.1527795269874
8,14,13,257.941461,198.209669,168.728625,2800.0,6330.21083371745,4200.0
8,14,14,328.522753,252.917699,214.898342,791.1870845831577,965.6220323652713,934.4729345470366
8,14,15,331.489578,255.295011,216.83904800000002,2800.0,6600.0,4200.0
8,14,16,264.95176899999996,203.624092,173.314315,2800.0,6600.0,4200.0
8,14,17,106.86917,81.899276,69.906901,2800.0,6600.0,4200.0
8,14,18,65.539568,50.228687,42.871747000000006,2800.0,6600.0,4200.0
8,14,19,4.122770999999999,3.184198,2.69685,2800.0,6600.0,4200.0
8,14,20,0.0,0.0,0.0,2800.0,6600.0,4200.0
8,14,21,0.0,0.0,0.0,2800.0,6600.0,4200.0
8,14,22,0.0,0.0,0.0,2800.0,6600.0,4200.0
8,14,23,0.0,0.0,0.0,2800.0,6600.0,4200.0
8,15,0,0.0,0.0,0.0,2800.0,6600.0,4200.0
8,15,1,0.0,0.0,0.0,2800.0,6600.0,4200.0
8,15,2,0.0,0.0,0.0,2800.0,6600.0,4200.0
8,15,3,0.0,0.0,0.0,2800.0,6600.0,4200.0
8,15,4,0.0,0.0,0.0,2800.0,6600.0,4200.0
8,15,5,0.0,0.0,0.0,2800.0,6600.0,4200.0
8,15,6,7.8426149999999994,6.018573,5.130131,2800.0,6600.0,4200.0
8,15,7,87.31317999999999,66.75561400000001,57.114637,2800.0,6600.0,4200.0
8,15,8,239.540481,183.97974100000002,156.691894,2800.0,6600.0,4200.0
8,15,9,322.58112900000003,248.97046400000002,211.01171599999998,2800.0,6600.0,4200.0
8,15,10,362.175571,279.798765,236.91183900000001,2800.0,6600.0,4200.0
8,15,11,427.232486,331.107797,279.467867,2800.0,6600.0,4200.0
8,15,12,418.897587,324.75235,274.015715,2800.0,6600.0,4200.0
8,15,13,449.275875,348.975526,293.887227,2800.0,6600.0,4200.0
8,15,14,462.127937,359.56282699999997,302.29421399999995,2800.0,6600.0,4200.0
8,15,15,398.584065,309.05887800000005,260.727922,2800.0,6600.0,4200.0
8,15,16,311.568568,240.565067,203.808011,2800.0,6600.0,4200.0
8,15,17,128.364336,98.548634,83.967648,2800.0,6600.0,4200.0
8,15,18,58.543903,44.898232,38.295635000000004,2800.0,6600.0,4200.0
8,15,19,2.341317,1.818778,1.531538,2800.0,6600.0,4200.0
8,15,20,0.0,0.0,0.0,2800.0,6600.0,4200.0
8,15,21,0.0,0.0,0.0,2800.0,4569.628998473504,4200.0
8,15,22,0.0,0.0,0.0,2275.070137118247,2776.660403569514,2687.090713131788
8,15,23,0.0,0.0,0.0,1281.237390674447,1563.7149256262935,1513.2725086706066
8,16,0,0.0,0.0,0.0,1469.9890187508342,1794.0810858770024,1736.2075024616151
8,16,1,0.0,0.0,0.0,2800.0,3996.150340809066,3867.242265299096
8,16,2,0.0,0.0,0.0,2800.0,6600.0,4200.0
8,16,3,0.0,0.0,0.0,2800.0,6600.0,4200.0
8,16,4,0.0,0.0,0.0,2800.0,6600.0,4200.0
8,16,5,0.0,0.0,0.0,2800.0,6237.575082367505,4200.0
8,16,6,0.161186,0.13889400000000002,0.105437,2800.0,6600.0,4200.0
8,16,7,30.321934000000002,23.239762,19.834648,2800.0,5700.675903358588,4200.0
8,16,8,225.67909400000002,173.275006,147.62467,2800.0,6600.0,4200.0
8,16,9,260.02984,199.906296,170.09470800000003,2800.0,5614.303506012198,4200.0
8,16,10,328.328793,252.90628099999998,214.77146599999998,2800.0,3928.035620383037,3801.324793919068
8,16,11,489.14957699999997,378.918048,319.97002399999997,2800.0,3599.0492231594667,3482.9508611220645
8,16,12,417.999949,323.007559,273.428538,2800.0,5614.303506012198,4200.0
8,16,13,416.638928,322.212062,272.53824599999996,2800.0,6600.0,4200.0
8,16,14,264.40281300000004,203.597056,172.955224,2800.0,6600.0,4200.0
8,16,15,172.280733,132.414174,112.69491599999999,2800.0,6600.0,4200.0
8,16,16,257.052946,197.773395,168.147416,2800.0,6600.0,4200.0
8,16,17,152.807122,117.330506,99.956539,2800.0,6600.0,4200.0
8,16,18,52.310995999999996,40.118104,34.218471,2800.0,6600.0,4200.0
8,16,19,0.61794,0.49327,0.404216,2800.0,6600.0,4200.0
8,16,20,0.0,0.0,0.0,2800.0,6600.0,4200.0
8,16,21,0.0,0.0,0.0,2800.0,6600.0,4200.0
8,16,22,0.0,0.0,0.0,2800.0,6600.0,4200.0
8,16,23,0.0,0.0,0.0,2800.0,6600.0,4200.0
8,17,0,0.0,0.0,0.0,2800.0,6600.0,4200.0
8,17,1,0.0,0.0,0.0,2800.0,6600.0,4200.0
8,17,2,0.0,0.0,0.0,2800.0,6600.0,4200.0
8,17,3,0.0,0.0,0.0,2800.0,6600.0,4200.0
8,17,4,0.0,0.0,0.0,2800.0,6600.0,4200.0
8,17,5,0.0,0.0,0.0,2800.0,6600.0,4200.0
8,17,6,6.420185999999999,4.9377889999999995,4.199671,2800.0,6600.0,4200.0
8,17,7,71.978788,55.058439,47.083869,2800.0,6600.0,4200.0
8,17,8,192.40463,147.362965,125.858667,2800.0,6600.0,4200.0
8,17,9,315.04486599999996,242.164434,206.08198000000002,2800.0,6600.0,4200.0
8,17,10,436.76406199999997,337.084984,285.70280699999995,2800.0,6600.0,4200.0
8,17,11,493.380282,381.879863,322.737477,2800.0,6600.0,4200.0
8,17,12,516.038319,400.215961,337.55890000000005,2800.0,6600.0,4200.0
8,17,13,505.87676400000004,392.550789,330.911868,2800.0,6600.0,4200.0
8,17,14,468.719721,363.197897,306.606133,2800.0,6600.0,4200.0
8,17,15,394.466958,304.748067,258.034777,2800.0,6600.0,4200.0
8,17,16,272.902846,210.166106,178.51539499999998,2800.0,6600.0,4200.0
8,17,17,158.857177,122.054215,103.914093,2800.0,6600.0,4200.0
8,17,18,48.712307,37.382767,31.864442,2800.0,6600.0,4200.0
8,17,19,-0.0,-0.0,-0.0,2800.0,6600.0,4200.0
8,17,20,0.0,0.0,0.0,2800.0,6600.0,4200.0
8,17,21,0.0,0.0,0.0,2800.0,6600.0,4200.0
8,17,22,0.0,0.0,0.0,2800.0,6600.0,4200.0
8,17,23,0.0,0.0,0.0,2800.0,6600.0,4200.0
8,18,0,0.0,0.0,0.0,2800.0,6600.0,4200.0
8,18,1,0.0,0.0,0.0,2800.0,6600.0,4200.0
8,18,2,0.0,0.0,0.0,2800.0,6600.0,4200.0
8,18,3,0.0,0.0,0.0,2800.0,6600.0,4200.0
8,18,4,0.0,0.0,0.0,2800.0,6600.0,4200.0
8,18,5,0.0,0.0,0.0,2800.0,4644.951049827907,4200.0
8,18,6,6.176363,4.754989999999999,4.040178,2800.0,6600.0,4200.0
8,18,7,92.07711599999999,70.469871,60.230896,2800.0,4495.12565696385,4200.0
8,18,8,226.135756,173.635267,147.923389,2800.0,6600.0,4200.0
8,18,9,338.43796100000003,261.036858,221.38423,2800.0,6600.0,4200.0
8,18,10,421.652336,326.43737300000004,275.817694,2800.0,6600.0,4200.0
8,18,11,474.020314,368.271972,310.073438,2800.0,6600.0,4200.0
8,18,12,322.976995,249.74494099999998,211.270666,2800.0,6600.0,4200.0
8,18,13,329.56553,255.102643,215.58046,2800.0,6600.0,4200.0
8,18,14,364.364605,282.71004800000003,238.343764,2800.0,6600.0,4200.0
8,18,15,254.37412899999998,196.49681099999998,166.395107,2800.0,6600.0,4200.0
8,18,16,203.68039000000002,157.10598099999999,133.234541,2549.630956168769,3111.754316583931,3011.3751450812238
8,18,17,125.50611500000001,96.58939500000001,82.097985,707.2412654778989,863.1684736147585,835.3243293046049
8,18,18,55.947561,43.013881999999995,36.597277000000005,1281.237390674447,1563.7149256262935,1513.2725086706066
8,18,19,-0.0,-0.0,-0.0,2800.0,6600.0,4200.0
8,18,20,0.0,0.0,0.0,2800.0,6600.0,4200.0
8,18,21,0.0,0.0,0.0,2800.0,6600.0,4200.0
8,18,22,0.0,0.0,0.0,2800.0,6600.0,4200.0
8,18,23,0.0,0.0,0.0,2800.0,6600.0,4200.0
8,19,0,0.0,0.0,0.0,2800.0,6600.0,4200.0
8,19,1,0.0,0.0,0.0,2800.0,6600.0,4200.0
8,19,2,0.0,0.0,0.0,2800.0,6600.0,4200.0
8,19,3,0.0,0.0,0.0,2800.0,6600.0,4200.0
8,19,4,0.0,0.0,0.0,2800.0,6600.0,4200.0
8,19,5,0.0,0.0,0.0,2800.0,6600.0,4200.0
8,19,6,5.40429,4.167197,3.535137,2800.0,6600.0,4200.0
8,19,7,90.708878,69.513543,59.335883,2800.0,6600.0,4200.0
8,19,8,219.31797500000002,168.64827,143.463638,2800.0,6600.0,4200.0
8,19,9,323.875825,250.313231,211.858622,2800.0,6600.0,4200.0
8,19,10,409.923043,318.11580599999996,268.145148,2800.0,6600.0,4200.0
8,19,11,461.35192,359.15240600000004,301.786594,2800.0,6600.0,4200.0
8,19,12,485.36796899999996,378.42449300000004,317.49634100000003,2800.0,6600.0,4200.0
8,19,13,383.725257,297.698403,251.008251,2800.0,6600.0,4200.0
8,19,14,436.603658,339.46231900000004,285.59788199999997,2800.0,6600.0,4200.0
8,19,15,370.879977,287.55397600000003,242.605699,2800.0,6600.0,4200.0
8,19,16,201.658738,155.473786,131.912107,2800.0,6600.0,4200.0
8,19,17,129.671087,99.81342500000001,84.82244,2800.0,6600.0,4200.0
8,19,18,54.493564,41.915524,35.646166,2800.0,6600.0,4200.0
8,19,19,-0.0,-0.0,-0.0,2800.0,6600.0,4200.0
8,19,20,0.0,0.0,0.0,2800.0,6600.0,4200.0
8,19,21,0.0,0.0,0.0,2800.0,6600.0,4200.0
8,19,22,0.0,0.0,0.0,2800.0,6600.0,4200.0
8,19,23,0.0,0.0,0.0,2800.0,6600.0,4200.0
8,20,0,0.0,0.0,0.0,2800.0,6600.0,4200.0
8,20,1,0.0,0.0,0.0,2800.0,6600.0,4200.0
8,20,2,0.0,0.0,0.0,2800.0,6600.0,4200.0
8,20,3,0.0,0.0,0.0,2800.0,6600.0,4200.0
8,20,4,0.0,0.0,0.0,2800.0,6600.0,4200.0
8,20,5,0.0,0.0,0.0,2800.0,6600.0,4200.0
8,20,6,4.693048,3.631872,3.0698890000000003,2800.0,6600.0,4200.0
8,20,7,84.640352,64.951619,55.366245,2800.0,6600.0,4200.0
8,20,8,177.860737,136.755877,116.344993,2800.0,6600.0,4200.0
8,20,9,302.949724,234.014561,198.17012,2800.0,5876.06920203001,4200.0
8,20,10,406.20681099999996,314.82740500000006,265.71423,2409.744269793466,2941.0264710077745,2846.1546493623623
8,20,11,375.449862,290.625066,245.595023,953.6162939806846,1163.862406039418,1126.3184574575014
8,20,12,420.65812300000005,326.05235700000003,275.167343,138.67213448175264,169.24551846198156,163.78598560836926
8,20,13,462.24933500000003,359.066788,302.373625,12.02516344101197,14.676380577613031,14.202948946077129
8,20,14,428.834077,332.76527000000004,280.51552399999997,7.433326402824398,9.07217001919513,8.779519373414644
8,20,15,388.57099,301.205532,254.178016,218.66271769222345,266.87182080546955,258.26305239238985
8,20,16,293.4325,226.778756,191.944568,1251.4423799619176,1527.350936173994,1478.0815511361232
8,20,17,171.845032,132.421937,112.409908,2020.963642713616,2466.530430083547,2386.964932338916
8,20,18,53.011754,40.799644,34.676862,2800.0,5965.099051003621,4200.0
8,20,19,-0.0,-0.0,-0.0,2800.0,6600.0,4200.0
8,20,20,0.0,0.0,0.0,2800.0,6600.0,4200.0
8,20,21,0.0,0.0,0.0,2800.0,6600.0,4200.0
8,20,22,0.0,0.0,0.0,2800.0,6600.0,4200.0
8,20,23,0.0,0.0,0.0,2800.0,6600.0,4200.0
8,21,0,0.0,0.0,0.0,2800.0,6600.0,4200.0
8,21,1,0.0,0.0,0.0,2800.0,6600.0,4200.0
8,21,2,0.0,0.0,0.0,2800.0,6600.0,4200.0
8,21,3,0.0,0.0,0.0,2800.0,6600.0,4200.0
8,21,4,0.0,0.0,0.0,2800.0,6600.0,4200.0
8,21,5,0.0,0.0,0.0,2800.0,6600.0,4200.0
8,21,6,4.195938,3.2530129999999997,2.7447109999999997,2800.0,6600.0,4200.0
8,21,7,84.560836,64.931836,55.314231,2800.0,6600.0,4200.0
8,21,8,207.674957,159.927911,135.84752799999998,2800.0,6600.0,4200.0
8,21,9,316.140821,244.611315,206.798883,2800.0,6600.0,4200.0
8,21,10,402.461581,312.544311,263.264343,2800.0,6600.0,4200.0
8,21,11,457.324183,355.90821500000004,299.151909,2800.0,6600.0,4200.0
8,21,12,484.99800799999997,377.783336,317.254336,2800.0,6600.0,4200.0
8,21,13,477.398599,371.742119,312.283294,2800.0,6600.0,4200.0
8,21,14,444.68759,345.68040399999995,290.885867,2800.0,6145.847517348083,4200.0
8,21,15,379.06304800000004,293.865472,247.958535,2800.0,5700.675903358588,4200.0
8,21,16,285.108196,220.315297,186.499346,2800.0,4569.628998473504,4200.0
8,21,17,165.317816,127.40561100000001,108.140226,2800.0,4134.733013236745,4001.3545289387857
8,21,18,50.842692,39.128858,33.25800099999999,2800.0,6600.0,4200.0
8,21,19,-0.0,-0.0,-0.0,2800.0,6600.0,4200.0
8,21,20,0.0,0.0,0.0,2800.0,6600.0,4200.0
8,21,21,0.0,0.0,0.0,2800.0,6600.0,4200.0
8,21,22,0.0,0.0,0.0,2800.0,6600.0,4200.0
8,21,23,0.0,0.0,0.0,2800.0,6600.0,4200.0
8,22,0,0.0,0.0,0.0,2800.0,6600.0,4200.0
8,22,1,0.0,0.0,0.0,2800.0,6600.0,4200.0
8,22,2,0.0,0.0,0.0,2800.0,6600.0,4200.0
8,22,3,0.0,0.0,0.0,2800.0,6600.0,4200.0
8,22,4,0.0,0.0,0.0,2800.0,6600.0,4200.0
8,22,5,0.0,0.0,0.0,2800.0,6600.0,4200.0
8,22,6,2.784141,2.169137,1.821205,2800.0,6600.0,4200.0
8,22,7,6.010232,4.659118,3.931505,2800.0,6600.0,4200.0
8,22,8,31.605245,24.341372,20.674108,2800.0,6600.0,4200.0
8,22,9,40.380766,31.095504000000002,26.414486,2800.0,6600.0,4200.0
8,22,10,117.314142,90.214011,76.739326,2800.0,6600.0,4200.0
8,22,11,46.982045,36.171814,30.732616,2800.0,6600.0,4200.0
8,22,12,103.53056600000001,79.626405,67.723002,2800.0,6600.0,4200.0
8,22,13,266.149214,205.137818,174.097606,2794.6277004301824,3410.766091076207,3300.741378460845
8,22,14,178.545817,137.354602,116.793128,1342.23868718708,1638.1653268818693,1585.3212840792282
8,22,15,73.720761,56.696991000000004,48.223355000000005,667.5923777577954,814.7780988382542,788.4949343596008
8,22,16,207.389652,159.53188200000002,135.6609,416.3395915497286,508.1309975606924,491.7396750587345
8,22,17,117.469278,90.269388,76.840806,557.58989956809,680.5231057720783,658.5707475213661
8,22,18,38.795944000000006,29.824558,25.377798,2549.630956168769,3111.754316583931,3011.3751450812238
8,22,19,-0.0,-0.0,-0.0,2800.0,6600.0,4200.0
8,22,20,0.0,0.0,0.0,2800.0,6600.0,4200.0
8,22,21,0.0,0.0,0.0,2800.0,6600.0,4200.0
8,22,22,0.0,0.0,0.0,2800.0,6600.0,4200.0
8,22,23,0.0,0.0,0.0,2800.0,6600.0,4200.0
8,23,0,0.0,0.0,0.0,2800.0,6600.0,4200.0
8,23,1,0.0,0.0,0.0,2800.0,6600.0,4200.0
8,23,2,0.0,0.0,0.0,2800.0,6600.0,4200.0
8,23,3,0.0,0.0,0.0,2800.0,6600.0,4200.0
8,23,4,0.0,0.0,0.0,2800.0,6600.0,4200.0
8,23,5,0.0,0.0,0.0,2800.0,6600.0,4200.0
8,23,6,3.656264,2.8347260000000003,2.391692,2800.0,6600.0,4200.0
8,23,7,85.673912,65.71820100000001,56.042334000000004,2800.0,6600.0,4200.0
8,23,8,60.28065,46.303678999999995,39.431703,2800.0,6600.0,4200.0
8,23,9,85.406085,65.64469,55.867138,2800.0,6600.0,4200.0
8,23,10,105.911693,81.440369,69.28058100000001,2800.0,6600.0,4200.0
8,23,11,129.14784600000002,99.36492600000001,84.48017,2800.0,6600.0,4200.0
8,23,12,503.951306,391.822309,329.652358,2800.0,6600.0,4200.0
8,23,13,498.135718,387.367446,325.84817599999997,2800.0,6600.0,4200.0
8,23,14,465.48377899999997,361.508886,304.489389,2800.0,6600.0,4200.0
8,23,15,398.411279,308.736345,260.614897,2800.0,6600.0,4200.0
8,23,16,304.237977,235.004631,199.012812,2800.0,6600.0,4200.0
8,23,17,178.600806,137.583766,116.829099,2800.0,6600.0,4200.0
8,23,18,49.11798,37.783686,32.129807,2800.0,6600.0,4200.0
8,23,19,-0.0,-0.0,-0.0,2800.0,6600.0,4200.0
8,23,20,0.0,0.0,0.0,2800.0,6600.0,4200.0
8,23,21,0.0,0.0,0.0,2800.0,6600.0,4200.0
8,23,22,0.0,0.0,0.0,2800.0,6600.0,4200.0
8,23,23,0.0,0.0,0.0,2800.0,6600.0,4200.0
8,24,0,0.0,0.0,0.0,2800.0,6600.0,4200.0
8,24,1,0.0,0.0,0.0,2800.0,6600.0,4200.0
8,24,2,0.0,0.0,0.0,2800.0,6600.0,4200.0
8,24,3,0.0,0.0,0.0,2800.0,6600.0,4200.0
8,24,4,0.0,0.0,0.0,2800.0,6600.0,4200.0
8,24,5,0.0,0.0,0.0,2800.0,6600.0,4200.0
8,24,6,2.835312,2.195636,1.854678,2800.0,6600.0,4200.0
8,24,7,92.525137,70.843473,60.523962,2800.0,6600.0,4200.0
8,24,8,235.555419,181.00576500000003,154.085124,2800.0,6600.0,4200.0
8,24,9,351.93953700000003,271.644545,230.21608799999998,2800.0,6600.0,4200.0
8,24,10,437.09533799999997,338.669907,285.919507,2800.0,6600.0,4200.0
8,24,11,488.004907,379.486837,319.221255,2800.0,6600.0,4200.0
8,24,12,508.22002000000003,396.168856,332.44467499999996,2800.0,6600.0,4200.0
8,24,13,497.217804,387.998545,325.247736,2800.0,6600.0,4200.0
8,24,14,462.141612,359.982529,302.30316,2800.0,6600.0,4200.0
8,24,15,397.268902,308.53361,259.867628,2800.0,6600.0,4200.0
8,24,16,306.762922,237.27060699999998,200.664468,2800.0,6600.0,4200.0
8,24,17,180.81651399999998,139.284098,118.278472,2800.0,6600.0,4200.0
8,24,18,47.938905,36.857062,31.358532,2800.0,6600.0,4200.0
8,24,19,-0.0,-0.0,-0.0,2800.0,6600.0,4200.0
8,24,20,0.0,0.0,0.0,2800.0,6600.0,4200.0
8,24,21,0.0,0.0,0.0,2800.0,6600.0,4200.0
8,24,22,0.0,0.0,0.0,2800.0,6600.0,4200.0
8,24,23,0.0,0.0,0.0,2800.0,6600.0,4200.0
8,25,0,0.0,0.0,0.0,2800.0,6600.0,4200.0
8,25,1,0.0,0.0,0.0,2800.0,6600.0,4200.0
8,25,2,0.0,0.0,0.0,2800.0,6600.0,4200.0
8,25,3,0.0,0.0,0.0,2800.0,5965.099051003621,4200.0
8,25,4,0.0,0.0,0.0,2800.0,4495.12565696385,4200.0
8,25,5,0.0,0.0,0.0,2800.0,5965.099051003621,4200.0
8,25,6,2.7697629999999998,2.145264,1.8117999999999999,2800.0,6600.0,4200.0
8,25,7,88.82123200000001,68.039823,58.101107000000006,2800.0,6600.0,4200.0
8,25,8,226.744555,174.269356,148.32162599999998,2800.0,4065.047980485539,3933.917400469876
8,25,9,342.148039,264.018382,223.811124,2800.0,6237.575082367505,4200.0
8,25,10,425.266945,329.37645899999995,278.182137,2800.0,6600.0,4200.0
8,25,11,474.52900400000004,368.859336,310.406191,2800.0,6600.0,4200.0
8,25,12,492.352454,383.63777500000003,322.06513900000004,2800.0,6600.0,4200.0
8,25,13,481.915259,375.597016,315.237801,2800.0,6600.0,4200.0
8,25,14,445.151337,346.28011499999997,291.18922100000003,2800.0,6600.0,4200.0
8,25,15,381.184828,295.528196,249.346466,2800.0,6600.0,4200.0
8,25,16,289.49611300000004,223.662772,189.369638,2800.0,6600.0,4200.0
8,25,17,167.002195,128.69608,109.242037,2800.0,6600.0,4200.0
8,25,18,44.128838,33.971148,28.866232,2800.0,6600.0,4200.0
8,25,19,0.0,0.0,0.0,2800.0,6600.0,4200.0
8,25,20,0.0,0.0,0.0,2800.0,6600.0,4200.0
8,25,21,0.0,0.0,0.0,2800.0,6600.0,4200.0
8,25,22,0.0,0.0,0.0,2800.0,6600.0,4200.0
8,25,23,0.0,0.0,0.0,2800.0,6600.0,4200.0
8,26,0,0.0,0.0,0.0,2800.0,4065.047980485539,3933.917400469876
8,26,1,0.0,0.0,0.0,1222.1129067458091,1491.5551224063024,1443.4404410383572
8,26,2,0.0,0.0,0.0,575.0133429544752,701.7879382515248,679.149617662766
8,26,3,0.0,0.0,0.0,523.8060511729734,639.2908498567786,618.6685643775277
8,26,4,0.0,0.0,0.0,1311.5016045329749,1600.651564587489,1549.017643149183
8,26,5,0.0,0.0,0.0,2800.0,5444.184846176627,4200.0
8,26,6,2.435306,1.8931600000000002,1.5930199999999999,2800.0,6600.0,4200.0
8,26,7,83.223701,63.821125,54.439564,2800.0,6600.0,4200.0
8,26,8,169.51124299999998,130.220053,110.88329399999999,2800.0,6600.0,4200.0
8,26,9,281.009078,216.60275,183.817968,2800.0,6600.0,4200.0
8,26,10,351.79159000000004,272.002924,230.11931099999998,2800.0,6600.0,4200.0
8,26,11,398.789864,308.881905,260.86254199999996,2800.0,6600.0,4200.0
8,26,12,401.15828000000005,310.888382,262.41180699999995,2800.0,6600.0,4200.0
8,26,13,358.06174300000004,277.046009,234.220839,2800.0,6600.0,4200.0
8,26,14,375.831739,291.030234,245.844822,2800.0,6600.0,4200.0
8,26,15,332.00863,256.721586,217.178577,2800.0,6600.0,4200.0
8,26,16,235.053124,181.294908,153.756555,2800.0,6600.0,4200.0
8,26,17,143.34364300000001,110.35194100000001,93.766142,2800.0,6600.0,4200.0
8,26,18,41.279638,31.774469,27.002470000000002,2800.0,6600.0,4200.0
8,26,19,0.0,0.0,0.0,2800.0,6600.0,4200.0
8,26,20,0.0,0.0,0.0,2800.0,6600.0,4200.0
8,26,21,0.0,0.0,0.0,2800.0,6600.0,4200.0
8,26,22,0.0,0.0,0.0,2800.0,6600.0,4200.0
8,26,23,0.0,0.0,0.0,2800.0,6600.0,4200.0
8,27,0,0.0,0.0,0.0,2800.0,6600.0,4200.0
8,27,1,0.0,0.0,0.0,2800.0,6600.0,4200.0
8,27,2,0.0,0.0,0.0,2800.0,6600.0,4200.0
8,27,3,0.0,0.0,0.0,2800.0,6600.0,4200.0
8,27,4,0.0,0.0,0.0,2800.0,6600.0,4200.0
8,27,5,0.0,0.0,0.0,2800.0,6600.0,4200.0
8,27,6,1.12115,0.8877430000000001,0.733384,2800.0,6600.0,4200.0
8,27,7,67.249169,51.637305999999995,43.990058,2800.0,6600.0,4200.0
8,27,8,189.22760699999998,145.598621,123.78046499999999,2800.0,6600.0,4200.0
8,27,9,280.306903,216.247352,183.358651,2800.0,6600.0,4200.0
8,27,10,366.714094,283.712387,239.88064799999998,2800.0,6600.0,4200.0
8,27,11,340.03774599999997,263.06056,222.43070600000001,2800.0,6600.0,4200.0
8,27,12,369.910736,286.546329,241.971684,2800.0,6600.0,4200.0
8,27,13,408.011119,316.46916,266.894492,2800.0,6600.0,4200.0
8,27,14,356.637924,276.132134,233.28946900000003,2800.0,6600.0,4200.0
8,27,15,374.462094,289.804526,244.948888,2800.0,6600.0,4200.0
8,27,16,277.83380900000003,214.576861,181.740913,2800.0,6600.0,4200.0
8,27,17,157.27148300000002,121.242675,102.876835,2800.0,6600.0,4200.0
8,27,18,39.627264000000004,30.556269,25.921594000000002,2800.0,6600.0,4200.0
8,27,19,0.0,0.0,0.0,2800.0,6600.0,4200.0
8,27,20,0.0,0.0,0.0,2800.0,6600.0,4200.0
8,27,21,0.0,0.0,0.0,2800.0,6600.0,4200.0
8,27,22,0.0,0.0,0.0,2800.0,6600.0,4200.0
8,27,23,0.0,0.0,0.0,2800.0,6600.0,4200.0
8,28,0,0.0,0.0,0.0,2800.0,6600.0,4200.0
8,28,1,0.0,0.0,0.0,2800.0,6600.0,4200.0
8,28,2,0.0,0.0,0.0,2800.0,6600.0,4200.0
8,28,3,0.0,0.0,0.0,2800.0,6600.0,4200.0
8,28,4,0.0,0.0,0.0,2800.0,6600.0,4200.0
8,28,5,0.0,0.0,0.0,2800.0,6600.0,4200.0
8,28,6,1.790722,1.405992,1.171375,2800.0,6600.0,4200.0
8,28,7,80.292185,61.657053999999995,52.521955,2800.0,6600.0,4200.0
8,28,8,213.129757,163.940537,139.415706,2800.0,6600.0,4200.0
8,28,9,325.30854800000003,251.147559,212.795817,2800.0,6600.0,4200.0
8,28,10,406.717512,314.909123,266.04829700000005,2800.0,6600.0,4200.0
8,28,11,280.094109,216.385467,183.21945499999998,2800.0,6600.0,4200.0
8,28,12,295.519407,228.51371,193.309687,2800.0,6600.0,4200.0
8,28,13,468.713257,364.105097,306.60190500000004,2800.0,6600.0,4200.0
8,28,14,430.492607,333.80359899999996,281.600427,2800.0,6600.0,4200.0
8,28,15,360.31886599999996,278.883083,235.697304,2800.0,6600.0,4200.0
8,28,16,192.777156,148.647919,126.10235,2800.0,3928.035620383037,3801.324793919068
8,28,17,105.969001,81.641099,69.318068,1055.7070784976213,1288.4613950167818,1246.8981242097886
8,28,18,21.080848000000003,16.279904000000002,13.789727999999998,1749.3017415377876,2134.9745664437564,2066.104419139119
8,28,19,0.0,0.0,0.0,2800.0,5277.537873988738,4200.0
8,28,20,0.0,0.0,0.0,2800.0,6600.0,4200.0
8,28,21,0.0,0.0,0.0,2800.0,6600.0,4200.0
8,28,22,0.0,0.0,0.0,2800.0,5700.675903358588,4200.0
8,28,23,0.0,0.0,0.0,2800.0,4569.628998473504,4200.0
8,29,0,0.0,0.0,0.0,2800.0,4065.047980485539,3933.917400469876
8,29,1,0.0,0.0,0.0,2800.0,4569.628998473504,4200.0
8,29,2,0.0,0.0,0.0,2800.0,6055.023664834879,4200.0
8,29,3,0.0,0.0,0.0,2800.0,6600.0,4200.0
8,29,4,0.0,0.0,0.0,2800.0,6600.0,4200.0
8,29,5,0.0,0.0,0.0,2800.0,6600.0,4200.0
8,29,6,1.557957,1.222484,1.019115,2800.0,6600.0,4200.0
8,29,7,19.471847,14.993819,12.737223,2800.0,6600.0,4200.0
8,29,8,75.97235400000001,58.408797,49.696201,2800.0,6600.0,4200.0
8,29,9,323.60482,250.336544,211.68134899999998,2800.0,6600.0,4200.0
8,29,10,404.88005,314.45410100000004,264.846349,2800.0,6600.0,4200.0
8,29,11,255.49476199999998,197.572194,167.128152,2800.0,6600.0,4200.0
8,29,12,475.601948,371.615724,311.108041,2800.0,6600.0,4200.0
8,29,13,467.58756,365.369466,305.865547,2800.0,6600.0,4200.0
8,29,14,431.672034,336.894571,282.37193199999996,2800.0,6600.0,4200.0
8,29,15,371.73161300000004,289.160392,243.16278400000002,2800.0,6600.0,4200.0
8,29,16,279.768075,216.84921599999998,183.006185,2800.0,6600.0,4200.0
8,29,17,158.40325,122.315125,103.617164,2800.0,6600.0,4200.0
8,29,18,36.870678,28.435079,24.118414,2800.0,6600.0,4200.0
8,29,19,0.0,0.0,0.0,2800.0,6600.0,4200.0
8,29,20,0.0,0.0,0.0,2800.0,6600.0,4200.0
8,29,21,0.0,0.0,0.0,2800.0,6600.0,4200.0
8,29,22,0.0,0.0,0.0,2800.0,6600.0,4200.0
8,29,23,0.0,0.0,0.0,2800.0,6600.0,4200.0
8,30,0,0.0,0.0,0.0,2800.0,6600.0,4200.0
8,30,1,0.0,0.0,0.0,2800.0,6600.0,4200.0
8,30,2,0.0,0.0,0.0,2800.0,6600.0,4200.0
8,30,3,0.0,0.0,0.0,2800.0,6600.0,4200.0
8,30,4,0.0,0.0,0.0,2800.0,6600.0,4200.0
8,30,5,0.0,0.0,0.0,2800.0,6600.0,4200.0
8,30,6,2.2692069999999998,1.7702229999999999,1.4843689999999998,2800.0,6600.0,4200.0
8,30,7,79.773893,61.25454,52.182922,2800.0,6600.0,4200.0
8,30,8,212.41935,163.506139,138.951003,2800.0,6600.0,4200.0
8,30,9,323.98769400000003,250.516119,211.93179999999998,2800.0,6600.0,4200.0
8,30,10,404.576553,313.998146,264.647821,2800.0,6600.0,4200.0
8,30,11,455.53431800000004,354.75748100000004,297.981095,2800.0,6600.0,4200.0
8,30,12,478.952946,373.531077,313.300047,2800.0,6600.0,4200.0
8,30,13,470.732412,367.033799,307.922705,2800.0,6600.0,4200.0
8,30,14,435.468661,338.735266,284.85544,2800.0,6600.0,4200.0
8,30,15,368.856401,286.03994900000004,241.282006,2800.0,6600.0,4200.0
8,30,16,147.32124900000002,113.655932,96.368035,2800.0,6600.0,4200.0
8,30,17,0.898885,0.734909,0.587992,2800.0,6600.0,4200.0
8,30,18,-0.0,-0.0,-0.0,2800.0,6600.0,4200.0
8,30,19,0.0,0.0,0.0,2800.0,6600.0,4200.0
8,30,20,0.0,0.0,0.0,2800.0,6600.0,4200.0
8,30,21,0.0,0.0,0.0,2800.0,6600.0,4200.0
8,30,22,0.0,0.0,0.0,2800.0,6600.0,4200.0
8,30,23,0.0,0.0,0.0,2800.0,6600.0,4200.0
8,31,0,0.0,0.0,0.0,2800.0,6600.0,4200.0
8,31,1,0.0,0.0,0.0,2800.0,6600.0,4200.0
8,31,2,0.0,0.0,0.0,2800.0,6600.0,4200.0
8,31,3,0.0,0.0,0.0,2800.0,6600.0,4200.0
8,31,4,0.0,0.0,0.0,2800.0,6600.0,4200.0
8,31,5,0.0,0.0,0.0,2800.0,6600.0,4200.0
8,31,6,1.540753,1.213447,1.007861,2800.0,6600.0,4200.0
8,31,7,75.11829300000001,57.698591,49.13753,2800.0,6600.0,4200.0
8,31,8,203.04771100000002,156.286574,132.820683,2800.0,6600.0,4200.0
8,31,9,314.25225300000005,242.927042,205.563504,2800.0,6600.0,4200.0
8,31,10,250.434237,193.44320499999998,163.817884,2800.0,6600.0,4200.0
8,31,11,381.341013,295.93341100000004,249.448632,2800.0,6600.0,4200.0
8,31,12,375.239381,291.26980699999996,245.45733900000002,2800.0,6600.0,4200.0
8,31,13,25.118061,19.462858,16.430612,2800.0,6600.0,4200.0
8,31,14,315.91784,245.030383,206.653023,2800.0,6600.0,4200.0
8,31,15,350.574227,272.360125,229.32299,2800.0,6600.0,4200.0
8,31,16,96.97330199999999,74.803023,63.433664,2800.0,6600.0,4200.0
8,31,17,21.815009999999997,16.873687999999998,14.269969,2800.0,6600.0,4200.0
8,31,18,15.930673,12.322179,10.420816,2800.0,6600.0,4200.0
8,31,19,0.0,0.0,0.0,2800.0,6600.0,4200.0
8,31,20,0.0,0.0,0.0,2800.0,6600.0,4200.0
8,31,21,0.0,0.0,0.0,2800.0,6600.0,4200.0
8,31,22,0.0,0.0,0.0,2800.0,6600.0,4200.0
8,31,23,0.0,0.0,0.0,2800.0,6600.0,4200.0
9,1,0,0.0,0.0,0.0,2800.0,6600.0,4200.0
9,1,1,0.0,0.0,0.0,2800.0,6600.0,4200.0
9,1,2,0.0,0.0,0.0,2800.0,6600.0,4200.0
9,1,3,0.0,0.0,0.0,2800.0,6600.0,4200.0
9,1,4,0.0,0.0,0.0,2800.0,6600.0,4200.0
9,1,5,0.0,0.0,0.0,2800.0,6600.0,4200.0
9,1,6,1.304345,1.021392,0.8532179999999999,2800.0,6600.0,4200.0
9,1,7,77.52969800000001,59.449369,50.714915,2800.0,6600.0,4200.0
9,1,8,202.673479,155.809872,132.575885,2800.0,6600.0,4200.0
9,1,9,304.485185,235.77596400000002,199.174519,2800.0,6600.0,4200.0
9,1,10,365.447349,284.82699699999995,239.052025,2800.0,6600.0,4200.0
9,1,11,419.85236,327.97214,274.640265,2800.0,6600.0,4200.0
9,1,12,451.64694000000003,352.71533500000004,295.438224,2800.0,6600.0,4200.0
9,1,13,445.24321100000003,347.09563799999995,291.249319,2800.0,6600.0,4200.0
9,1,14,412.824774,321.074885,270.043273,2800.0,6600.0,4200.0
9,1,15,347.68875099999997,269.680654,227.43549900000002,2800.0,6600.0,4200.0
9,1,16,255.197196,197.305589,166.933504,2800.0,6600.0,4200.0
9,1,17,138.623206,106.883413,90.678338,2800.0,6600.0,4200.0
9,1,18,32.766458,25.262545,21.433698,2800.0,6600.0,4200.0
9,1,19,0.0,0.0,0.0,2800.0,6600.0,4200.0
9,1,20,0.0,0.0,0.0,2800.0,6600.0,4200.0
9,1,21,0.0,0.0,0.0,2800.0,6600.0,4200.0
9,1,22,0.0,0.0,0.0,2800.0,6600.0,4200.0
9,1,23,0.0,0.0,0.0,2800.0,6600.0,4200.0
9,2,0,0.0,0.0,0.0,2800.0,6600.0,4200.0
9,2,1,0.0,0.0,0.0,2800.0,6600.0,4200.0
9,2,2,0.0,0.0,0.0,2800.0,6600.0,4200.0
9,2,3,0.0,0.0,0.0,2800.0,6600.0,4200.0
9,2,4,0.0,0.0,0.0,2800.0,6600.0,4200.0
9,2,5,0.0,0.0,0.0,2800.0,3663.3164546975977,3545.1449561589657
9,2,6,-0.0,-0.0,-0.0,1676.4237403920558,2046.0289744942413,1980.0280398331363
9,2,7,73.182655,56.158496,47.871361,1676.4237403920558,2046.0289744942413,1980.0280398331363
9,2,8,198.562335,152.55499799999998,129.88664,2800.0,6600.0,4200.0
9,2,9,310.333734,239.174909,203.000262,2800.0,6600.0,4200.0
9,2,10,387.199988,299.03522999999996,253.281195,2800.0,6600.0,4200.0
9,2,11,442.68330599999996,342.636903,289.574794,2800.0,6600.0,4200.0
9,2,12,466.768775,361.867396,305.32995,2800.0,6600.0,4200.0
9,2,13,109.574595,84.404643,71.676615,2800.0,6600.0,4200.0
9,2,14,424.81118,329.324665,277.884005,2800.0,6600.0,4200.0
9,2,15,355.716979,275.046753,232.687046,2800.0,6600.0,4200.0
9,2,16,261.287541,201.527399,170.91741399999998,2800.0,6600.0,4200.0
9,2,17,141.442118,108.908056,92.522288,2800.0,6600.0,4200.0
9,2,18,31.538323000000002,24.295987,20.630332,2800.0,6600.0,4200.0
9,2,19,0.0,0.0,0.0,2800.0,6600.0,4200.0
9,2,20,0.0,0.0,0.0,2800.0,6600.0,4200.0
9,2,21,0.0,0.0,0.0,2800.0,6600.0,4200.0
9,2,22,0.0,0.0,0.0,2800.0,6600.0,4200.0
9,2,23,0.0,0.0,0.0,2800.0,6600.0,4200.0
9,3,0,0.0,0.0,0.0,2800.0,6600.0,4200.0
9,3,1,0.0,0.0,0.0,2800.0,6600.0,4200.0
9,3,2,0.0,0.0,0.0,2800.0,6600.0,4200.0
9,3,3,0.0,0.0,0.0,2800.0,6600.0,4200.0
9,3,4,0.0,0.0,0.0,2800.0,6600.0,4200.0
9,3,5,0.0,0.0,0.0,2800.0,6600.0,4200.0
9,3,6,-0.0,-0.0,-0.0,2800.0,6600.0,4200.0
9,3,7,71.58632399999999,54.936807,46.827144,2800.0,6600.0,4200.0
9,3,8,78.00908,59.923863,51.028496,2800.0,6600.0,4200.0
9,3,9,156.77157,120.567121,102.54982399999999,2800.0,6600.0,4200.0
9,3,10,112.417409,86.475235,73.5362,2800.0,6600.0,4200.0
9,3,11,217.126371,167.273783,142.030032,2800.0,6600.0,4200.0
9,3,12,385.952358,298.676241,252.465076,2800.0,6600.0,4200.0
9,3,13,485.174342,376.819814,317.369683,2800.0,6600.0,4200.0
9,3,14,454.101772,352.010366,297.044016,2800.0,6600.0,4200.0
9,3,15,389.03555800000004,300.826447,254.48190599999998,2800.0,6600.0,4200.0
9,3,16,291.436083,224.75575899999998,190.638641,2800.0,6600.0,4200.0
9,3,17,159.615328,122.749366,104.410026,2800.0,6600.0,4200.0
9,3,18,31.035793,23.869746,20.301609,2800.0,6600.0,4200.0
9,3,19,0.0,0.0,0.0,2800.0,6600.0,4200.0
9,3,20,0.0,0.0,0.0,2800.0,6600.0,4200.0
9,3,21,0.0,0.0,0.0,2800.0,6600.0,4200.0
9,3,22,0.0,0.0,0.0,2800.0,6600.0,4200.0
9,3,23,0.0,0.0,0.0,2800.0,6600.0,4200.0
9,4,0,0.0,0.0,0.0,2800.0,6600.0,4200.0
9,4,1,0.0,0.0,0.0,2800.0,6600.0,4200.0
9,4,2,0.0,0.0,0.0,2800.0,6600.0,4200.0
9,4,3,0.0,0.0,0.0,2800.0,6600.0,4200.0
9,4,4,0.0,0.0,0.0,2800.0,6600.0,4200.0
9,4,5,0.0,0.0,0.0,2800.0,6600.0,4200.0
9,4,6,1.015213,0.793775,0.6640860000000001,2800.0,6600.0,4200.0
9,4,7,84.446781,64.670808,55.239624000000006,2800.0,6600.0,4200.0
9,4,8,230.499395,177.277369,150.77779999999998,2800.0,6600.0,4200.0
9,4,9,349.80066899999997,270.35299699999996,228.816979,2800.0,6600.0,4200.0
9,4,10,434.01894599999997,336.691662,283.90713,2800.0,6600.0,4200.0
9,4,11,430.38586599999996,334.30383500000005,281.530604,2800.0,6600.0,4200.0
9,4,12,451.051472,350.805803,295.048707,2800.0,6600.0,4200.0
9,4,13,498.803179,388.79848599999997,326.284786,2800.0,6600.0,4200.0
9,4,14,421.88276,327.704279,275.96842200000003,2800.0,6600.0,4200.0
9,4,15,316.919443,245.179723,207.30820699999998,2800.0,6600.0,4200.0
9,4,16,295.70734600000003,228.464437,193.432625,2800.0,6600.0,4200.0
9,4,17,160.652926,123.678201,105.08875599999999,2800.0,6600.0,4200.0
9,4,18,29.520342,22.707348999999997,19.310299,2800.0,6600.0,4200.0
9,4,19,0.0,0.0,0.0,2800.0,6600.0,4200.0
9,4,20,0.0,0.0,0.0,2800.0,6600.0,4200.0
9,4,21,0.0,0.0,0.0,2800.0,6600.0,4200.0
9,4,22,0.0,0.0,0.0,2800.0,6600.0,4200.0
9,4,23,0.0,0.0,0.0,2800.0,6600.0,4200.0
9,5,0,0.0,0.0,0.0,2800.0,6600.0,4200.0
9,5,1,0.0,0.0,0.0,2800.0,6600.0,4200.0
9,5,2,0.0,0.0,0.0,2800.0,6600.0,4200.0
9,5,3,0.0,0.0,0.0,2800.0,6600.0,4200.0
9,5,4,0.0,0.0,0.0,2800.0,6600.0,4200.0
9,5,5,0.0,0.0,0.0,2800.0,6600.0,4200.0
9,5,6,0.685936,0.539175,0.448695,2800.0,6600.0,4200.0
9,5,7,85.286716,65.243174,55.789055,2800.0,6600.0,4200.0
9,5,8,234.74772000000002,180.260046,153.556779,2800.0,6600.0,4200.0
9,5,9,351.822359,271.575059,230.13943799999998,2800.0,6600.0,4200.0
9,5,10,435.83981800000004,337.84606099999996,285.098227,2800.0,6600.0,4200.0
9,5,11,485.709457,378.052054,317.71972,2800.0,6600.0,4200.0
9,5,12,507.409867,395.63984000000005,331.914725,2800.0,6600.0,4200.0
9,5,13,497.716937,387.90024,325.57423700000004,2800.0,6600.0,4200.0
9,5,14,457.164769,355.87514699999997,299.04763099999997,2800.0,6600.0,4200.0
9,5,15,389.646389,302.2559,254.881472,2800.0,6600.0,4200.0
9,5,16,292.464479,225.937397,191.311351,2800.0,6600.0,4200.0
9,5,17,157.50349400000002,121.235287,103.028601,2800.0,6600.0,4200.0
9,5,18,27.661724,21.294096,18.094510999999997,2800.0,6600.0,4200.0
9,5,19,0.0,0.0,0.0,2800.0,6600.0,4200.0
9,5,20,0.0,0.0,0.0,2800.0,6600.0,4200.0
9,5,21,0.0,0.0,0.0,2800.0,6600.0,4200.0
9,5,22,0.0,0.0,0.0,2800.0,6600.0,4200.0
9,5,23,0.0,0.0,0.0,2800.0,6600.0,4200.0
9,6,0,0.0,0.0,0.0,2800.0,6600.0,4200.0
9,6,1,0.0,0.0,0.0,2800.0,6600.0,4200.0
9,6,2,0.0,0.0,0.0,2800.0,6600.0,4200.0
9,6,3,0.0,0.0,0.0,2800.0,6600.0,4200.0
9,6,4,0.0,0.0,0.0,2800.0,6600.0,4200.0
9,6,5,0.0,0.0,0.0,2800.0,6600.0,4200.0
9,6,6,0.669505,0.5281,0.437947,2800.0,6600.0,4200.0
9,6,7,84.182503,64.389165,55.06675,2800.0,6600.0,4200.0
9,6,8,232.129478,178.20052900000002,151.844094,2800.0,6600.0,4200.0
9,6,9,349.941818,270.160581,228.90931,2800.0,6600.0,4200.0
9,6,10,426.948429,331.24318900000003,279.282055,2800.0,6600.0,4200.0
9,6,11,425.81021899999996,330.692965,278.537512,2800.0,6600.0,4200.0
9,6,12,427.757068,332.268446,279.811015,2800.0,6600.0,4200.0
9,6,13,495.539904,385.63514899999996,324.150163,2800.0,6600.0,4200.0
9,6,14,406.2797,314.99982400000005,265.761909,2800.0,6600.0,4200.0
9,6,15,374.112646,289.782426,244.720303,2800.0,6600.0,4200.0
9,6,16,274.68821,212.132946,179.683265,2800.0,6600.0,4200.0
9,6,17,149.60152499999998,115.185875,97.859644,2800.0,6600.0,4200.0
9,6,18,27.298475,21.031903,17.856897,2800.0,6600.0,4200.0
9,6,19,0.0,0.0,0.0,2800.0,6600.0,4200.0
9,6,20,0.0,0.0,0.0,2800.0,6600.0,4200.0
9,6,21,0.0,0.0,0.0,2800.0,6600.0,4200.0
9,6,22,0.0,0.0,0.0,2800.0,6600.0,4200.0
9,6,23,0.0,0.0,0.0,2800.0,6600.0,4200.0
9,7,0,0.0,0.0,0.0,2800.0,6600.0,4200.0
9,7,1,0.0,0.0,0.0,2800.0,6600.0,4200.0
9,7,2,0.0,0.0,0.0,2800.0,6600.0,4200.0
9,7,3,0.0,0.0,0.0,2800.0,6600.0,4200.0
9,7,4,0.0,0.0,0.0,2800.0,6600.0,4200.0
9,7,5,0.0,0.0,0.0,2800.0,6600.0,4200.0
9,7,6,-0.0,-0.0,-0.0,2800.0,6600.0,4200.0
9,7,7,49.902276,38.267435,32.642842,2800.0,6600.0,4200.0
9,7,8,223.27517300000002,171.635012,146.05218100000002,2800.0,6600.0,4200.0
9,7,9,335.519239,259.627156,219.47499100000002,2800.0,6600.0,4200.0
9,7,10,414.757142,322.708093,271.307303,2800.0,6600.0,4200.0
9,7,11,466.78285999999997,364.209708,305.339164,2800.0,6600.0,4200.0
9,7,12,487.333976,380.774702,318.782375,2800.0,6600.0,4200.0
9,7,13,472.942593,369.384297,309.36846299999996,2800.0,6600.0,4200.0
9,7,14,430.706755,335.83089399999994,281.74050900000003,2800.0,6600.0,4200.0
9,7,15,360.13113400000003,279.993517,235.574501,2800.0,6600.0,4200.0
9,7,16,260.072027,201.439739,170.12230300000002,2800.0,6600.0,4200.0
9,7,17,133.495663,103.05931100000001,87.324231,2800.0,6600.0,4200.0
9,7,18,23.845105,18.428099999999997,15.597926,2800.0,6600.0,4200.0
9,7,19,0.0,0.0,0.0,2800.0,6600.0,4200.0
9,7,20,0.0,0.0,0.0,2800.0,6600.0,4200.0
9,7,21,0.0,0.0,0.0,2800.0,6600.0,4200.0
9,7,22,0.0,0.0,0.0,2800.0,6600.0,4200.0
9,7,23,0.0,0.0,0.0,2800.0,6600.0,4200.0
9,8,0,0.0,0.0,0.0,2800.0,5876.06920203001,4200.0
9,8,1,0.0,0.0,0.0,2800.0,4348.55720818164,4200.0
9,8,2,0.0,0.0,0.0,2800.0,4276.483153260508,4138.532083800491
9,8,3,0.0,0.0,0.0,2800.0,4954.515830178791,4200.0
9,8,4,0.0,0.0,0.0,2800.0,6330.21083371745,4200.0
9,8,5,0.0,0.0,0.0,2800.0,6600.0,4200.0
9,8,6,-0.0,-0.0,-0.0,2800.0,6600.0,4200.0
9,8,7,63.111110999999994,48.487396999999994,41.283208,2800.0,6600.0,4200.0
9,8,8,176.951392,136.175647,115.750158,2800.0,6600.0,4200.0
9,8,9,279.368091,215.987811,182.744541,2800.0,6600.0,4200.0
9,8,10,367.929346,285.97186200000004,240.675587,2800.0,6600.0,4200.0
9,8,11,419.434377,327.29657000000003,274.366848,2800.0,6600.0,4200.0
9,8,12,437.70425900000004,342.329296,286.31782400000003,2800.0,6600.0,4200.0
9,8,13,423.49953000000005,330.953594,277.026008,2800.0,6600.0,4200.0
9,8,14,228.09319,176.692765,149.203816,2800.0,6600.0,4200.0
9,8,15,325.00782,252.57001,212.5991,2800.0,6600.0,4200.0
9,8,16,233.76863,180.98672200000001,152.91632199999998,2800.0,6600.0,4200.0
9,8,17,112.14964900000001,86.530677,73.361048,2800.0,6600.0,4200.0
9,8,18,18.127469,14.022658999999999,11.857818,2800.0,6600.0,4200.0
9,8,19,0.0,0.0,0.0,2800.0,6600.0,4200.0
9,8,20,0.0,0.0,0.0,2800.0,6600.0,4200.0
9,8,21,0.0,0.0,0.0,2800.0,6600.0,4200.0
9,8,22,0.0,0.0,0.0,2800.0,6600.0,4200.0
9,8,23,0.0,0.0,0.0,2800.0,6600.0,4200.0
9,9,0,0.0,0.0,0.0,2800.0,6600.0,4200.0
9,9,1,0.0,0.0,0.0,2800.0,6600.0,4200.0
9,9,2,0.0,0.0,0.0,2800.0,6600.0,4200.0
9,9,3,0.0,0.0,0.0,2800.0,6600.0,4200.0
9,9,4,0.0,0.0,0.0,2800.0,6600.0,4200.0
9,9,5,0.0,0.0,0.0,2800.0,6600.0,4200.0
9,9,6,-0.0,-0.0,-0.0,2800.0,6600.0,4200.0
9,9,7,63.517312,48.836566,41.548918,2800.0,6600.0,4200.0
9,9,8,177.625845,136.825616,116.191342,2800.0,6600.0,4200.0
9,9,9,271.725017,210.245558,177.744936,2800.0,6600.0,4200.0
9,9,10,346.533859,269.36144,226.680043,2800.0,6600.0,4200.0
9,9,11,370.957048,289.136548,242.656114,2800.0,6600.0,4200.0
9,9,12,422.89362300000005,330.644607,276.629663,2800.0,6600.0,4200.0
9,9,13,414.684656,323.523293,271.259887,2800.0,6600.0,4200.0
9,9,14,378.784562,294.86719,247.776367,2800.0,6600.0,4200.0
9,9,15,311.402382,241.616802,203.69930300000001,2800.0,6600.0,4200.0
9,9,16,222.087948,171.704609,145.275575,2800.0,6600.0,4200.0
9,9,17,112.58221499999999,86.821312,73.644005,2800.0,6600.0,4200.0
9,9,18,14.487664,11.21025,9.476893,2800.0,6600.0,4200.0
9,9,19,0.0,0.0,0.0,2800.0,6600.0,4200.0
9,9,20,0.0,0.0,0.0,2800.0,6600.0,4200.0
9,9,21,0.0,0.0,0.0,2800.0,6600.0,4200.0
9,9,22,0.0,0.0,0.0,2800.0,6600.0,4200.0
9,9,23,0.0,0.0,0.0,2800.0,6600.0,4200.0
9,10,0,0.0,0.0,0.0,2800.0,6600.0,4200.0
9,10,1,0.0,0.0,0.0,2800.0,6600.0,4200.0
9,10,2,0.0,0.0,0.0,2800.0,5444.184846176627,4200.0
9,10,3,0.0,0.0,0.0,2800.0,3599.0492231594667,3482.9508611220645
9,10,4,0.0,0.0,0.0,1712.6043126696648,2090.186365856677,2022.7609992161392
9,10,5,0.0,0.0,0.0,953.6162939806846,1163.862406039418,1126.3184574575014
9,10,6,-0.0,-0.0,-0.0,813.163264745564,992.4433546107276,960.4290528490912
9,10,7,62.955971,48.364478000000005,41.181726000000005,388.5930680097703,474.2671302481448,458.9681905627208
9,10,8,179.186745,137.97229000000002,117.21238199999999,1029.5337295682716,1256.5175439612765,1215.984719962525
9,10,9,289.058219,223.41300399999997,189.083196,813.163264745564,992.4433546107276,960.4290528490912
9,10,10,369.699736,286.519342,241.833662,557.58989956809,680.5231057720783,658.5707475213661
9,10,11,427.14055699999994,331.57237599999996,279.407733,881.5257965526516,1075.877940674496,1041.1722006527382
9,10,12,421.02324699999997,326.675113,275.406184,2275.070137118247,2776.660403569514,2687.090713131788
9,10,13,394.29061099999996,305.50773100000004,257.919422,2800.0,5033.998538121269,4200.0
9,10,14,403.840584,312.86109799999997,264.166397,2800.0,6237.575082367505,4200.0
9,10,15,320.78237800000005,247.845749,209.835089,2800.0,5360.429636038867,4200.0
9,10,16,226.506218,174.64803099999997,148.165721,2800.0,3472.7785151730586,3360.753401780379
9,10,17,117.179603,90.20811900000001,76.651319,813.163264745564,992.4433546107276,960.4290528490912
9,10,18,16.444603,12.705575999999999,10.756996,629.4537376638762,768.2309396685104,743.4492964533971
9,10,19,0.0,0.0,0.0,460.3878697051685,561.8907071204812,543.7652004391754
9,10,20,0.0,0.0,0.0,727.6412163217148,888.0660514162661,859.4187594350961
9,10,21,0.0,0.0,0.0,416.3395915497286,508.1309975606924,491.7396750587345
9,10,22,0.0,0.0,0.0,152.76411334322614,186.4443903007878,180.43005512979465
9,10,23,0.0,0.0,0.0,183.74862734385428,224.2601357346253,217.0259378077019
9,11,0,0.0,0.0,0.0,1222.1129067458091,1491.5551224063024,1443.4404410383572
9,11,1,0.0,0.0,0.0,2800.0,4798.06917736812,4200.0
9,11,2,0.0,0.0,0.0,2800.0,6600.0,4200.0
9,11,3,0.0,0.0,0.0,2800.0,6600.0,4200.0
9,11,4,0.0,0.0,0.0,2800.0,6600.0,4200.0
9,11,5,0.0,0.0,0.0,2800.0,6600.0,4200.0
9,11,6,-0.0,-0.0,-0.0,2800.0,6600.0,4200.0
9,11,7,82.36521,62.946157,53.877995000000006,2800.0,6600.0,4200.0
9,11,8,239.51254699999998,183.38604500000002,156.67362100000003,2800.0,6600.0,4200.0
9,11,9,367.528298,282.256397,240.413247,2800.0,6600.0,4200.0
9,11,10,459.14484899999997,353.798452,300.342871,2800.0,6600.0,4200.0
9,11,11,518.121507,400.203346,338.921588,2800.0,6600.0,4200.0
9,11,12,539.876697,417.721903,353.152426,2800.0,6600.0,4200.0
9,11,13,525.389677,406.72197600000004,343.67595400000005,2800.0,6600.0,4200.0
9,11,14,479.996695,371.18071100000003,313.982801,2800.0,6600.0,4200.0
9,11,15,401.156901,309.603484,262.410905,2800.0,6600.0,4200.0
9,11,16,293.14299800000003,225.570252,191.755194,2800.0,6600.0,4200.0
9,11,17,147.341725,113.056879,96.381429,2549.630956168769,3111.754316583931,3011.3751450812238
9,11,18,18.510767,14.229738,12.108547,2800.0,5033.998538121269,4200.0
9,11,19,0.0,0.0,0.0,2800.0,3794.137041985159,3671.7455245017663
9,11,20,0.0,0.0,0.0,1676.4237403920558,2046.0289744942413,1980.0280398331363
9,11,21,0.0,0.0,0.0,791.1870845831577,965.6220323652713,934.4729345470366
9,11,22,0.0,0.0,0.0,1676.4237403920558,2046.0289744942413,1980.0280398331363
9,11,23,0.0,0.0,0.0,2800.0,4348.55720818164,4200.0
9,12,0,0.0,0.0,0.0,2800.0,6600.0,4200.0
9,12,1,0.0,0.0,0.0,2800.0,6600.0,4200.0
9,12,2,0.0,0.0,0.0,2800.0,6600.0,4200.0
9,12,3,0.0,0.0,0.0,2800.0,6600.0,4200.0
9,12,4,0.0,0.0,0.0,2800.0,6600.0,4200.0
9,12,5,0.0,0.0,0.0,2800.0,6600.0,4200.0
9,12,6,-0.0,-0.0,-0.0,2800.0,6600.0,4200.0
9,12,7,79.41047999999999,60.672476,51.945201000000004,2800.0,6600.0,4200.0
9,12,8,228.60888500000001,175.42125399999998,149.541151,2800.0,6600.0,4200.0
9,12,9,346.53000799999995,267.507709,226.677524,2800.0,6600.0,4200.0
9,12,10,424.168875,329.076459,277.46385,2800.0,6600.0,4200.0
9,12,11,472.63453999999996,368.260113,309.16695400000003,2800.0,6600.0,4200.0
9,12,12,487.689609,381.158901,319.01500699999997,2800.0,6600.0,4200.0
9,12,13,477.987788,373.626469,312.668703,2800.0,6600.0,4200.0
9,12,14,401.850309,312.67204300000003,262.864488,2800.0,6600.0,4200.0
9,12,15,375.073288,291.391493,245.348692,2800.0,6600.0,4200.0
9,12,16,276.76996299999996,213.920307,181.045014,2800.0,6600.0,4200.0
9,12,17,108.89030899999999,83.769907,71.228999,2800.0,6600.0,4200.0
9,12,18,14.781272000000001,11.398596,9.668951999999999,2800.0,6600.0,4200.0
9,12,19,0.0,0.0,0.0,2800.0,6600.0,4200.0
9,12,20,0.0,0.0,0.0,2800.0,6600.0,4200.0
9,12,21,0.0,0.0,0.0,2800.0,6600.0,4200.0
9,12,22,0.0,0.0,0.0,2800.0,6600.0,4200.0
9,12,23,0.0,0.0,0.0,2800.0,6600.0,4200.0
9,13,0,0.0,0.0,0.0,2800.0,6600.0,4200.0
9,13,1,0.0,0.0,0.0,2800.0,6423.759245222193,4200.0
9,13,2,0.0,0.0,0.0,2800.0,4134.733013236745,4001.3545289387857
9,13,3,0.0,0.0,0.0,2020.963642713616,2466.530430083547,2386.964932338916
9,13,4,0.0,0.0,0.0,1055.7070784976213,1288.4613950167818,1246.8981242097886
9,13,5,0.0,0.0,0.0,475.7328897807615,580.6188812284884,561.8892398985372
9,13,6,-0.0,-0.0,-0.0,312.8020973326286,381.76633926423176,369.45129606215977
9,13,7,53.159061,40.667684,34.77322,167.779835898385,204.7706658602337,198.16516050990356
9,13,8,181.68838,139.237666,118.84879,2800.0,5195.505086201954,4200.0
9,13,9,274.862783,211.410004,179.79746,2800.0,6600.0,4200.0
9,13,10,379.5415,293.134066,248.271508,2800.0,6600.0,4200.0
9,13,11,422.925684,327.448646,276.650635,2800.0,6600.0,4200.0
9,13,12,423.429597,328.26012199999997,276.980263,2800.0,6600.0,4200.0
9,13,13,417.316256,323.861368,272.981311,2800.0,6600.0,4200.0
9,13,14,330.383686,255.649719,216.115644,2800.0,6600.0,4200.0
9,13,15,298.528964,230.634448,195.278345,2800.0,6600.0,4200.0
9,13,16,161.225935,124.039155,105.463581,2800.0,6600.0,4200.0
9,13,17,120.259821,92.385234,78.66619899999999,2800.0,6600.0,4200.0
9,13,18,12.143721,9.357757,7.943637,2800.0,6600.0,4200.0
9,13,19,0.0,0.0,0.0,2800.0,6600.0,4200.0
9,13,20,0.0,0.0,0.0,2800.0,6600.0,4200.0
9,13,21,0.0,0.0,0.0,2800.0,6600.0,4200.0
9,13,22,0.0,0.0,0.0,2800.0,6600.0,4200.0
9,13,23,0.0,0.0,0.0,2800.0,6600.0,4200.0
9,14,0,0.0,0.0,0.0,2800.0,6600.0,4200.0
9,14,1,0.0,0.0,0.0,2800.0,6600.0,4200.0
9,14,2,0.0,0.0,0.0,2800.0,6600.0,4200.0
9,14,3,0.0,0.0,0.0,2800.0,6600.0,4200.0
9,14,4,0.0,0.0,0.0,2800.0,6600.0,4200.0
9,14,5,0.0,0.0,0.0,2800.0,6600.0,4200.0
9,14,6,-0.0,-0.0,-0.0,2800.0,6600.0,4200.0
9,14,7,44.063598,33.803544,28.823557,2800.0,6600.0,4200.0
9,14,8,156.527113,120.06160700000001,102.389916,2800.0,6600.0,4200.0
9,14,9,249.879255,192.188954,163.454851,2800.0,6600.0,4200.0
9,14,10,338.81553499999995,261.167997,221.631215,2800.0,6600.0,4200.0
9,14,11,401.499944,310.188388,262.635302,2800.0,6600.0,4200.0
9,14,12,485.21242,375.763385,317.39459000000005,2800.0,6600.0,4200.0
9,14,13,465.488632,360.500604,304.492564,2800.0,6600.0,4200.0
9,14,14,375.88459,290.552071,245.87939300000002,2800.0,6600.0,4200.0
9,14,15,345.309971,266.76284000000004,225.87945499999998,2800.0,6600.0,4200.0
9,14,16,84.08293300000001,64.726204,55.001618,2800.0,6600.0,4200.0
9,14,17,83.657735,64.356314,54.723481,2800.0,6600.0,4200.0
9,14,18,7.704680000000001,5.963842,5.039903000000001,2800.0,6600.0,4200.0
9,14,19,0.0,0.0,0.0,2800.0,6600.0,4200.0
9,14,20,0.0,0.0,0.0,2800.0,6600.0,4200.0
9,14,21,0.0,0.0,0.0,2800.0,6600.0,4200.0
9,14,22,0.0,0.0,0.0,2800.0,6600.0,4200.0
9,14,23,0.0,0.0,0.0,2800.0,6600.0,4200.0
9,15,0,0.0,0.0,0.0,2800.0,6600.0,4200.0
9,15,1,0.0,0.0,0.0,2800.0,6600.0,4200.0
9,15,2,0.0,0.0,0.0,2800.0,6600.0,4200.0
9,15,3,0.0,0.0,0.0,2800.0,6600.0,4200.0
9,15,4,0.0,0.0,0.0,2800.0,6600.0,4200.0
9,15,5,0.0,0.0,0.0,2800.0,6600.0,4200.0
9,15,6,-0.0,-0.0,-0.0,2800.0,6600.0,4200.0
9,15,7,3.0876219999999996,2.394581,2.019722,2800.0,6600.0,4200.0
9,15,8,47.378826000000004,36.34526,30.992164,2800.0,6600.0,4200.0
9,15,9,113.773644,87.295516,74.423361,2800.0,6600.0,4200.0
9,15,10,166.375465,127.88425699999999,108.832071,2800.0,6600.0,4200.0
9,15,11,245.794223,189.313408,160.782688,2800.0,6600.0,4200.0
9,15,12,180.62523499999998,138.97956200000002,118.153349,2800.0,3472.7785151730586,3360.753401780379
9,15,13,241.076154,185.662807,157.696432,953.6162939806846,1163.862406039418,1126.3184574575014
9,15,14,142.821481,109.759129,93.424578,218.66271769222345,266.87182080546955,258.26305239238985
9,15,15,146.695025,112.669519,95.9584,48.57413350122129,59.283391281018105,57.3710238203401
9,15,16,74.798366,57.423556,48.928254,237.66666698837332,290.0656171905344,280.7086617972913
9,15,17,37.367791,28.712579,24.443593,1164.8359102045422,1421.650126627591,1375.790445123475
9,15,18,8.581702,6.627282,5.613594,2800.0,5277.537873988738,4200.0
9,15,19,0.0,0.0,0.0,2800.0,6600.0,4200.0
9,15,20,0.0,0.0,0.0,2800.0,6600.0,4200.0
9,15,21,0.0,0.0,0.0,2800.0,6600.0,4200.0
9,15,22,0.0,0.0,0.0,2800.0,6600.0,4200.0
9,15,23,0.0,0.0,0.0,2800.0,6600.0,4200.0
9,16,0,0.0,0.0,0.0,2800.0,6600.0,4200.0
9,16,1,0.0,0.0,0.0,2800.0,6600.0,4200.0
9,16,2,0.0,0.0,0.0,2800.0,6600.0,4200.0
9,16,3,0.0,0.0,0.0,2800.0,6600.0,4200.0
9,16,4,0.0,0.0,0.0,2800.0,6600.0,4200.0
9,16,5,0.0,0.0,0.0,2800.0,6600.0,4200.0
9,16,6,0.0,0.0,0.0,2800.0,6600.0,4200.0
9,16,7,71.416263,54.617250999999996,46.715900999999995,2800.0,6600.0,4200.0
9,16,8,108.55512,83.122935,71.00974000000001,2800.0,6600.0,4200.0
9,16,9,339.88991100000004,261.848139,222.334002,2800.0,5700.675903358588,4200.0
9,16,10,427.246664,330.489205,279.477141,2800.0,6600.0,4200.0
9,16,11,475.470934,369.325564,311.02234000000004,2800.0,6600.0,4200.0
9,16,12,491.95133899999996,383.297806,321.802756,2800.0,6600.0,4200.0
9,16,13,483.341274,376.682364,316.170608,2800.0,4644.951049827907,4200.0
9,16,14,443.471966,344.946945,290.090684,1676.4237403920558,2046.0289744942413,1980.0280398331363
9,16,15,374.68481199999997,290.497743,245.094576,629.4537376638762,768.2309396685104,743.4492964533971
9,16,16,271.02603700000003,209.26685500000002,177.287709,257.74098596133337,314.56577026776904,304.4184873559055
9,16,17,130.390367,100.25551300000001,85.292947,460.3878697051685,561.8907071204812,543.7652004391754
9,16,18,7.596237,5.870986,4.968966999999999,1164.8359102045422,1421.650126627591,1375.790445123475
9,16,19,0.0,0.0,0.0,2800.0,6237.575082367505,4200.0
9,16,20,0.0,0.0,0.0,2800.0,6600.0,4200.0
9,16,21,0.0,0.0,0.0,2800.0,6600.0,4200.0
9,16,22,0.0,0.0,0.0,2800.0,6600.0,4200.0
9,16,23,0.0,0.0,0.0,2800.0,6600.0,4200.0
9,17,0,0.0,0.0,0.0,2800.0,6600.0,4200.0
9,17,1,0.0,0.0,0.0,2800.0,6600.0,4200.0
9,17,2,0.0,0.0,0.0,2800.0,6600.0,4200.0
9,17,3,0.0,0.0,0.0,2800.0,6600.0,4200.0
9,17,4,0.0,0.0,0.0,2800.0,6055.023664834879,4200.0
9,17,5,0.0,0.0,0.0,2455.7891050857875,2997.2229235298983,2900.5383130934497
9,17,6,0.0,0.0,0.0,929.1658003530496,1134.0212523993912,1097.4399216768302
9,17,7,54.827470999999996,41.954268,35.864587,813.163264745564,992.4433546107276,960.4290528490912
9,17,8,193.59139499999998,148.507455,126.63497199999999,257.74098596133337,314.56577026776904,304.4184873559055
9,17,9,205.834459,158.231202,134.643594,101.6454080931955,124.05541932634095,120.0536316061364
9,17,10,378.370821,292.33334499999995,247.505725,14.900254593448198,18.18535009436591,17.59872589777346
9,17,11,258.200454,198.830443,168.89804199999998,268.18869820056244,327.31691512667066,316.7583049612942
9,17,12,368.365658,284.61594199999996,240.960994,312.8020973326286,381.76633926423176,369.45129606215977
9,17,13,324.564117,250.42481400000003,212.30885800000001,131.96338481220266,161.05767437709773,155.86226552622358
9,17,14,266.727581,205.528514,174.475936,610.9415963527902,745.6373813754526,721.5845626214057
9,17,15,176.656619,135.84758499999998,115.557338,2800.0,5614.303506012198,4200.0
9,17,16,148.762211,114.351294,97.31062,2800.0,6600.0,4200.0
9,17,17,51.129353,39.255835,33.445516000000005,2800.0,6600.0,4200.0
9,17,18,2.496962,1.943228,1.6333510000000002,2800.0,6600.0,4200.0
9,17,19,0.0,0.0,0.0,2800.0,6600.0,4200.0
9,17,20,0.0,0.0,0.0,2800.0,6600.0,4200.0
9,17,21,0.0,0.0,0.0,2800.0,6600.0,4200.0
9,17,22,0.0,0.0,0.0,2800.0,6600.0,4200.0
9,17,23,0.0,0.0,0.0,2800.0,6600.0,4200.0
9,18,0,0.0,0.0,0.0,2800.0,6600.0,4200.0
9,18,1,0.0,0.0,0.0,2800.0,6600.0,4200.0
9,18,2,0.0,0.0,0.0,2800.0,6600.0,4200.0
9,18,3,0.0,0.0,0.0,2800.0,6600.0,4200.0
9,18,4,0.0,0.0,0.0,2800.0,6600.0,4200.0
9,18,5,0.0,0.0,0.0,2800.0,6600.0,4200.0
9,18,6,0.0,0.0,0.0,2800.0,6600.0,4200.0
9,18,7,53.588817000000006,41.071277,35.054339,2800.0,6600.0,4200.0
9,18,8,34.030978000000005,26.137572,22.260865000000003,2800.0,6600.0,4200.0
9,18,9,159.2463,122.18560400000001,104.168632,2800.0,6600.0,4200.0
9,18,10,129.62304,99.54250599999999,84.791011,2800.0,6600.0,4200.0
9,18,11,260.05319399999996,200.176864,170.109984,2800.0,6600.0,4200.0
9,18,12,299.63365500000003,230.93724799999998,196.000962,2800.0,6600.0,4200.0
9,18,13,300.181538,231.511777,196.359352,2800.0,6600.0,4200.0
9,18,14,179.755349,138.38549700000002,117.584326,2800.0,6600.0,4200.0
9,18,15,194.644296,149.782935,127.323712,2800.0,6600.0,4200.0
9,18,16,158.58974600000002,121.950618,103.739157,2800.0,6600.0,4200.0
9,18,17,105.013312,80.741586,68.692918,2800.0,3728.344236364732,3608.075067449741
9,18,18,4.668261,3.629832,3.053675,2800.0,6237.575082367505,4200.0
9,18,19,0.0,0.0,0.0,2800.0,6600.0,4200.0
9,18,20,0.0,0.0,0.0,2800.0,6600.0,4200.0
9,18,21,0.0,0.0,0.0,2800.0,6600.0,4200.0
9,18,22,0.0,0.0,0.0,2800.0,6600.0,4200.0
9,18,23,0.0,0.0,0.0,2800.0,6600.0,4200.0
9,19,0,0.0,0.0,0.0,2800.0,6600.0,4200.0
9,19,1,0.0,0.0,0.0,2800.0,6600.0,4200.0
9,19,2,0.0,0.0,0.0,2800.0,6600.0,4200.0
9,19,3,0.0,0.0,0.0,2800.0,6600.0,4200.0
9,19,4,0.0,0.0,0.0,2800.0,6600.0,4200.0
9,19,5,0.0,0.0,0.0,2800.0,6600.0,4200.0
9,19,6,0.0,0.0,0.0,2800.0,6600.0,4200.0
9,19,7,-0.0,-0.0,-0.0,2800.0,6600.0,4200.0
9,19,8,19.346301,14.91324,12.655099,2800.0,6600.0,4200.0
9,19,9,79.994364,61.477091,52.327141000000005,2800.0,6600.0,4200.0
9,19,10,252.815313,194.33956899999998,165.37543100000002,2800.0,6600.0,4200.0
9,19,11,159.40079500000002,122.500782,104.269693,2800.0,6600.0,4200.0
9,19,12,256.00325200000003,196.996415,167.46077400000001,2800.0,6600.0,4200.0
9,19,13,83.71287,64.396652,54.759547,2800.0,6600.0,4200.0
9,19,14,138.049859,106.13525100000001,90.303291,2800.0,6600.0,4200.0
9,19,15,25.914583,19.990735,16.951645,2800.0,6600.0,4200.0
9,19,16,146.216228,112.306257,95.64520200000001,2800.0,6600.0,4200.0
9,19,17,103.506641,79.484758,67.707352,2800.0,6600.0,4200.0
9,19,18,4.940805999999999,3.835627,3.2319560000000003,2800.0,6600.0,4200.0
9,19,19,0.0,0.0,0.0,2800.0,6600.0,4200.0
9,19,20,0.0,0.0,0.0,2800.0,6600.0,4200.0
9,19,21,0.0,0.0,0.0,2800.0,6600.0,4200.0
9,19,22,0.0,0.0,0.0,2800.0,6600.0,4200.0
9,19,23,0.0,0.0,0.0,2800.0,6600.0,4200.0
9,20,0,0.0,0.0,0.0,2800.0,6600.0,4200.0
9,20,1,0.0,0.0,0.0,2800.0,6600.0,4200.0
9,20,2,0.0,0.0,0.0,2800.0,6600.0,4200.0
9,20,3,0.0,0.0,0.0,2800.0,6600.0,4200.0
9,20,4,0.0,0.0,0.0,2800.0,6600.0,4200.0
9,20,5,0.0,0.0,0.0,2800.0,6600.0,4200.0
9,20,6,0.0,0.0,0.0,2800.0,6600.0,4200.0
9,20,7,4.460001,3.458641,2.917444,2800.0,6600.0,4200.0
9,20,8,45.750141000000006,35.108964,29.926784,2800.0,6600.0,4200.0
9,20,9,130.943411,100.374459,85.654713,2800.0,6600.0,4200.0
9,20,10,122.203533,93.654402,79.93764900000001,2800.0,6600.0,4200.0
9,20,11,60.56989,46.492047,39.620906000000005,2800.0,6600.0,4200.0
9,20,12,122.65883199999999,94.055313,80.235477,2800.0,6600.0,4200.0
9,20,13,83.86792600000001,64.341251,54.860974,2800.0,6600.0,4200.0
9,20,14,205.90002900000002,157.962349,134.68648499999998,2800.0,6600.0,4200.0
9,20,15,77.705871,59.595648000000004,50.830156,2800.0,6600.0,4200.0
9,20,16,82.901958,63.546336000000004,54.229101,2800.0,6600.0,4200.0
9,20,17,35.076852,26.921221000000003,22.945008,2800.0,6600.0,4200.0
9,20,18,0.16776,0.149337,0.109738,2800.0,6600.0,4200.0
9,20,19,0.0,0.0,0.0,2800.0,6600.0,4200.0
9,20,20,0.0,0.0,0.0,2800.0,6600.0,4200.0
9,20,21,0.0,0.0,0.0,2800.0,6600.0,4200.0
9,20,22,0.0,0.0,0.0,2800.0,6600.0,4200.0
9,20,23,0.0,0.0,0.0,2800.0,6600.0,4200.0
9,21,0,0.0,0.0,0.0,2800.0,6600.0,4200.0
9,21,1,0.0,0.0,0.0,2800.0,6600.0,4200.0
9,21,2,0.0,0.0,0.0,2800.0,6600.0,4200.0
9,21,3,0.0,0.0,0.0,2800.0,6600.0,4200.0
9,21,4,0.0,0.0,0.0,2800.0,6055.023664834879,4200.0
9,21,5,0.0,0.0,0.0,1824.2618316438895,2226.4612905889994,2154.639958634516
9,21,6,0.0,0.0,0.0,268.18869820056244,327.31691512667066,316.7583049612942
9,21,7,69.852157,53.421354,45.692764000000004,39.100262166578574,47.72079240802897,46.18141200776997
9,21,8,222.112914,170.253906,145.29190599999998,978.4920029593812,1194.2225232968824,1155.6992160937573
9,21,9,345.608068,266.18857,226.074451,2800.0,4569.628998473504,4200.0
9,21,10,428.790504,331.728916,280.487022,2800.0,6600.0,4200.0
9,21,11,481.534083,373.56078,314.98846100000003,2800.0,6600.0,4200.0
9,21,12,503.465102,390.955955,329.334315,2800.0,6600.0,4200.0
9,21,13,492.441688,382.106135,322.12351,2800.0,6600.0,4200.0
9,21,14,448.26466899999997,347.14597399999997,293.225761,2800.0,6600.0,4200.0
9,21,15,370.54758799999996,286.261865,242.388272,2800.0,6600.0,4200.0
9,21,16,258.87197,199.334084,169.33730400000002,2800.0,6600.0,4200.0
9,21,17,114.65668799999999,87.989823,75.000992,2800.0,6600.0,4200.0
9,21,18,3.396153,2.634782,2.221543,2800.0,6600.0,4200.0
9,21,19,0.0,0.0,0.0,2800.0,6600.0,4200.0
9,21,20,0.0,0.0,0.0,2800.0,6600.0,4200.0
9,21,21,0.0,0.0,0.0,2800.0,6600.0,4200.0
9,21,22,0.0,0.0,0.0,2800.0,6600.0,4200.0
9,21,23,0.0,0.0,0.0,2800.0,6600.0,4200.0
9,22,0,0.0,0.0,0.0,2800.0,6600.0,4200.0
9,22,1,0.0,0.0,0.0,2800.0,6600.0,4200.0
9,22,2,0.0,0.0,0.0,2800.0,6600.0,4200.0
9,22,3,0.0,0.0,0.0,2800.0,6600.0,4200.0
9,22,4,0.0,0.0,0.0,2800.0,6600.0,4200.0
9,22,5,0.0,0.0,0.0,2800.0,6600.0,4200.0
9,22,6,0.0,0.0,0.0,2800.0,6600.0,4200.0
9,22,7,2.1755839999999997,1.6820920000000001,1.423126,2800.0,6600.0,4200.0
9,22,8,21.991929,16.84045,14.385698,2800.0,6600.0,4200.0
9,22,9,40.669538,31.111708999999998,26.603382,2800.0,6600.0,4200.0
9,22,10,26.109577,20.008233,17.079197,2800.0,6600.0,4200.0
9,22,11,31.658154,24.263071,20.708717,2800.0,6600.0,4200.0
9,22,12,221.49456099999998,169.66620999999998,144.88742000000002,2800.0,6600.0,4200.0
9,22,13,517.228564,399.21493,338.337482,2800.0,6600.0,4200.0
9,22,14,470.046619,362.553511,307.474104,2800.0,6600.0,4200.0
9,22,15,279.245115,214.385784,182.664098,2800.0,6600.0,4200.0
9,22,16,271.780915,208.558628,177.781501,2800.0,6600.0,4200.0
9,22,17,117.24203200000001,89.75079799999999,76.692156,2800.0,6600.0,4200.0
9,22,18,2.803245,2.1660549999999996,1.833701,2800.0,6600.0,4200.0
9,22,19,0.0,0.0,0.0,2800.0,6600.0,4200.0
9,22,20,0.0,0.0,0.0,2800.0,6600.0,4200.0
9,22,21,0.0,0.0,0.0,2800.0,6600.0,4200.0
9,22,22,0.0,0.0,0.0,2800.0,6600.0,4200.0
9,22,23,0.0,0.0,0.0,2800.0,6600.0,4200.0
9,23,0,0.0,0.0,0.0,2800.0,6600.0,4200.0
9,23,1,0.0,0.0,0.0,2800.0,6600.0,4200.0
9,23,2,0.0,0.0,0.0,2800.0,6600.0,4200.0
9,23,3,0.0,0.0,0.0,2800.0,6600.0,4200.0
9,23,4,0.0,0.0,0.0,2800.0,6600.0,4200.0
9,23,5,0.0,0.0,0.0,2800.0,6600.0,4200.0
9,23,6,0.0,0.0,0.0,2800.0,6600.0,4200.0
9,23,7,69.22624099999999,52.810508,45.28333,2800.0,6600.0,4200.0
9,23,8,219.27384,168.065741,143.43476800000002,2800.0,6600.0,4200.0
9,23,9,340.30918099999997,262.44476299999997,222.608261,2800.0,6600.0,4200.0
9,23,10,424.974576,328.88853,277.990888,2800.0,6600.0,4200.0
9,23,11,481.620375,373.176828,315.044907,2800.0,6600.0,4200.0
9,23,12,505.066805,391.56650199999996,330.382045,2800.0,6600.0,4200.0
9,23,13,501.886059,388.636593,328.301407,2800.0,6600.0,4200.0
9,23,14,455.725989,352.287375,298.106474,2800.0,6600.0,4200.0
9,23,15,378.323686,291.458962,247.474893,2800.0,6600.0,4200.0
9,23,16,260.26273000000003,199.822693,170.247049,2800.0,6600.0,4200.0
9,23,17,110.41997,84.540818,72.22960400000001,2800.0,6600.0,4200.0
9,23,18,2.046634,1.585615,1.338776,2800.0,6600.0,4200.0
9,23,19,0.0,0.0,0.0,2800.0,6600.0,4200.0
9,23,20,0.0,0.0,0.0,2800.0,6600.0,4200.0
9,23,21,0.0,0.0,0.0,2800.0,6600.0,4200.0
9,23,22,0.0,0.0,0.0,2800.0,6600.0,4200.0
9,23,23,0.0,0.0,0.0,2800.0,6600.0,4200.0
9,24,0,0.0,0.0,0.0,2800.0,6600.0,4200.0
9,24,1,0.0,0.0,0.0,2800.0,6600.0,4200.0
9,24,2,0.0,0.0,0.0,2800.0,6600.0,4200.0
9,24,3,0.0,0.0,0.0,2800.0,6600.0,4200.0
9,24,4,0.0,0.0,0.0,2800.0,6600.0,4200.0
9,24,5,0.0,0.0,0.0,2800.0,6600.0,4200.0
9,24,6,0.0,0.0,0.0,2800.0,6600.0,4200.0
9,24,7,66.876735,50.948629000000004,43.746436,2800.0,6600.0,4200.0
9,24,8,221.851072,169.28891000000002,145.120626,2800.0,6600.0,4200.0
9,24,9,353.862619,271.226943,231.474044,2800.0,6600.0,4200.0
9,24,10,443.64322200000004,341.826027,290.20270899999997,2800.0,6600.0,4200.0
9,24,11,495.480612,383.20227500000004,324.111378,2800.0,6600.0,4200.0
9,24,12,511.11699699999997,396.412373,334.33969,2800.0,6600.0,4200.0
9,24,13,495.95453200000003,384.976601,324.421386,2800.0,5614.303506012198,4200.0
9,24,14,450.238446,348.867808,294.516878,2800.0,4421.436551474658,4200.0
9,24,15,371.331758,286.837782,242.901225,1980.545579523704,2417.201297843891,2339.227062429572
9,24,16,261.645687,201.248395,171.15169,1536.7967041952045,1875.6180248051708,1815.114217553391
9,24,17,112.385952,86.089627,73.515623,1712.6043126696648,2090.186365856677,2022.7609992161392
9,24,18,1.804029,1.39942,1.1800789999999999,2103.4419801044355,2567.192967843996,2484.3802914619314
9,24,19,0.0,0.0,0.0,2800.0,6600.0,4200.0
9,24,20,0.0,0.0,0.0,2800.0,6600.0,4200.0
9,24,21,0.0,0.0,0.0,2800.0,6600.0,4200.0
9,24,22,0.0,0.0,0.0,2800.0,6600.0,4200.0
9,24,23,0.0,0.0,0.0,2800.0,6600.0,4200.0
9,25,0,0.0,0.0,0.0,2800.0,6600.0,4200.0
9,25,1,0.0,0.0,0.0,2800.0,6600.0,4200.0
9,25,2,0.0,0.0,0.0,2800.0,6600.0,4200.0
9,25,3,0.0,0.0,0.0,2800.0,6600.0,4200.0
9,25,4,0.0,0.0,0.0,2800.0,6600.0,4200.0
9,25,5,0.0,0.0,0.0,2800.0,6600.0,4200.0
9,25,6,0.0,0.0,0.0,2800.0,6600.0,4200.0
9,25,7,60.002511,45.740455000000004,39.249763,2800.0,6600.0,4200.0
9,25,8,207.07913699999997,158.152836,135.45778099999998,2800.0,6600.0,4200.0
9,25,9,303.685591,232.798585,198.651477,2800.0,6600.0,4200.0
9,25,10,366.18160700000004,281.455868,239.532329,2800.0,6600.0,4200.0
9,25,11,393.078172,302.904774,257.126323,1940.6700324713545,2368.5342915988967,2292.129959611836
9,25,12,452.710896,349.78152500000004,296.13419500000003,540.5220241907821,659.6922342485923,638.4118395954118
9,25,13,415.837637,320.987236,272.014093,192.09958802440056,234.45225310064637,226.88927719417387
9,25,14,391.770766,302.37032500000004,256.27110200000004,183.74862734385428,224.2601357346253,217.0259378077019
9,25,15,262.556127,201.89726000000002,171.747241,160.15467383430587,195.4643657032867,189.15906358382583
9,25,16,207.500348,159.403403,135.733311,39.100262166578574,47.72079240802897,46.18141200776997
9,25,17,70.174526,53.792502999999996,45.903637,21.955408148130225,26.795970574489644,25.93158442692546
9,25,18,0.88932,0.700386,0.581736,1136.8810555802274,1387.531996967994,1342.7729002916071
9,25,19,0.0,0.0,0.0,2800.0,6600.0,4200.0
9,25,20,0.0,0.0,0.0,2800.0,6600.0,4200.0
9,25,21,0.0,0.0,0.0,2800.0,6600.0,4200.0
9,25,22,0.0,0.0,0.0,2800.0,6600.0,4200.0
9,25,23,0.0,0.0,0.0,2800.0,6600.0,4200.0
9,26,0,0.0,0.0,0.0,2800.0,6600.0,4200.0
9,26,1,0.0,0.0,0.0,2800.0,6600.0,4200.0
9,26,2,0.0,0.0,0.0,2800.0,6600.0,4200.0
9,26,3,0.0,0.0,0.0,2800.0,6600.0,4200.0
9,26,4,0.0,0.0,0.0,2800.0,6600.0,4200.0
9,26,5,0.0,0.0,0.0,2800.0,6600.0,4200.0
9,26,6,0.0,0.0,0.0,2800.0,6600.0,4200.0
9,26,7,61.267194,46.837963,40.077036,2800.0,6600.0,4200.0
9,26,8,207.5045,158.99488,135.736027,2800.0,6600.0,4200.0
9,26,9,275.289435,211.705952,180.076548,2800.0,6600.0,4200.0
9,26,10,292.20327399999996,224.925844,191.140487,2800.0,6600.0,4200.0
9,26,11,316.838259,244.033207,207.25510200000002,2800.0,6600.0,4200.0
9,26,12,340.085896,262.148986,222.46220300000002,2800.0,6600.0,4200.0
9,26,13,361.027207,278.172421,236.16065400000002,2800.0,6600.0,4200.0
9,26,14,281.36738199999996,216.39998699999998,184.052347,2800.0,6600.0,4200.0
9,26,15,223.433299,171.598361,146.155617,2800.0,6600.0,4200.0
9,26,16,100.928828,77.375898,66.021113,2800.0,6600.0,4200.0
9,26,17,28.942682,22.229675999999998,18.932431,2800.0,6600.0,4200.0
9,26,18,-0.0,-0.0,-0.0,2800.0,6600.0,4200.0
9,26,19,0.0,0.0,0.0,2800.0,6600.0,4200.0
9,26,20,0.0,0.0,0.0,2800.0,6600.0,4200.0
9,26,21,0.0,0.0,0.0,2800.0,6600.0,4200.0
9,26,22,0.0,0.0,0.0,2800.0,6600.0,4200.0
9,26,23,0.0,0.0,0.0,2800.0,6600.0,4200.0
9,27,0,0.0,0.0,0.0,2800.0,6600.0,4200.0
9,27,1,0.0,0.0,0.0,2800.0,6600.0,4200.0
9,27,2,0.0,0.0,0.0,2800.0,6600.0,4200.0
9,27,3,0.0,0.0,0.0,2800.0,6600.0,4200.0
9,27,4,0.0,0.0,0.0,2800.0,6600.0,4200.0
9,27,5,0.0,0.0,0.0,2800.0,6600.0,4200.0
9,27,6,0.0,0.0,0.0,2800.0,6600.0,4200.0
9,27,7,19.916529999999998,15.265366,13.028106,2800.0,6600.0,4200.0
9,27,8,92.625548,70.833729,60.589644,2800.0,6600.0,4200.0
9,27,9,243.78139000000002,186.696946,159.466022,2800.0,6600.0,4200.0
9,27,10,431.992683,332.212491,282.58168,2800.0,6600.0,4200.0
9,27,11,483.534332,372.844516,316.29689399999995,2800.0,6600.0,4200.0
9,27,12,502.705094,388.17561,328.837167,2800.0,6600.0,4200.0
9,27,13,476.665839,368.127403,311.80397,2800.0,6600.0,4200.0
9,27,14,418.09801500000003,322.265289,273.492687,2800.0,6600.0,4200.0
9,27,15,324.193046,249.2576,212.066128,2800.0,6600.0,4200.0
9,27,16,216.263938,165.92520000000002,141.465884,2800.0,6600.0,4200.0
9,27,17,79.829651,61.174032,52.219396,2800.0,6600.0,4200.0
9,27,18,-0.0,-0.0,-0.0,2800.0,6600.0,4200.0
9,27,19,0.0,0.0,0.0,2800.0,6600.0,4200.0
9,27,20,0.0,0.0,0.0,2800.0,6600.0,4200.0
9,27,21,0.0,0.0,0.0,2800.0,6600.0,4200.0
9,27,22,0.0,0.0,0.0,2800.0,6600.0,4200.0
9,27,23,0.0,0.0,0.0,2800.0,6600.0,4200.0
9,28,0,0.0,0.0,0.0,2800.0,6600.0,4200.0
9,28,1,0.0,0.0,0.0,2800.0,6600.0,4200.0
9,28,2,0.0,0.0,0.0,2800.0,6600.0,4200.0
9,28,3,0.0,0.0,0.0,2800.0,6600.0,4200.0
9,28,4,0.0,0.0,0.0,2800.0,6600.0,4200.0
9,28,5,0.0,0.0,0.0,2800.0,6600.0,4200.0
9,28,6,0.0,0.0,0.0,2800.0,6600.0,4200.0
9,28,7,49.907684,38.152922,32.646379,2800.0,6600.0,4200.0
9,28,8,59.020526,45.149234,38.607412,2800.0,6600.0,4200.0
9,28,9,118.503065,90.737486,77.517043,2800.0,6600.0,4200.0
9,28,10,127.167012,97.48064,83.184436,2800.0,6600.0,4200.0
9,28,11,216.595202,166.392625,141.682576,2800.0,6600.0,4200.0
9,28,12,377.691464,291.492386,247.06133400000002,2800.0,6600.0,4200.0
9,28,13,380.216434,293.739266,248.713006,2800.0,6600.0,4200.0
9,28,14,356.103207,274.99705800000004,232.939692,2800.0,6600.0,4200.0
9,28,15,327.013088,252.195145,213.910817,2800.0,6600.0,4200.0
9,28,16,216.554044,166.51719599999998,141.655653,2800.0,6600.0,4200.0
9,28,17,83.088747,63.757394999999995,54.351286,2800.0,6600.0,4200.0
9,28,18,-0.0,-0.0,-0.0,2800.0,6600.0,4200.0
9,28,19,0.0,0.0,0.0,2800.0,6600.0,4200.0
9,28,20,0.0,0.0,0.0,2800.0,6600.0,4200.0
9,28,21,0.0,0.0,0.0,2800.0,6600.0,4200.0
9,28,22,0.0,0.0,0.0,2800.0,6600.0,4200.0
9,28,23,0.0,0.0,0.0,2800.0,6600.0,4200.0
9,29,0,0.0,0.0,0.0,2800.0,6600.0,4200.0
9,29,1,0.0,0.0,0.0,2800.0,6600.0,4200.0
9,29,2,0.0,0.0,0.0,2800.0,5528.8079782263085,4200.0
9,29,3,0.0,0.0,0.0,2800.0,5360.429636038867,4200.0
9,29,4,0.0,0.0,0.0,2800.0,5444.184846176627,4200.0
9,29,5,0.0,0.0,0.0,2800.0,5360.429636038867,4200.0
9,29,6,0.0,0.0,0.0,2800.0,3996.150340809066,3867.242265299096
9,29,7,44.822002,34.270480000000006,29.319654999999997,2800.0,5965.099051003621,4200.0
9,29,8,170.394867,130.375531,111.461304,2597.435303258585,3170.098204764415,3067.83697235266
9,29,9,227.565135,174.568804,148.858396,2455.7891050857875,2997.2229235298983,2900.5383130934497
9,29,10,375.515228,289.269999,245.637781,2502.4167786610287,3054.130714113854,2955.610368497278
9,29,11,434.38370000000003,335.303024,284.145728,2800.0,3472.7785151730586,3360.753401780379
9,29,12,458.342826,354.195794,299.81824,2694.829168782761,3288.9647335537634,3182.869096987513
9,29,13,449.075732,347.115022,293.756306,2597.435303258585,3170.098204764415,3067.83697235266
9,29,14,402.133853,310.486702,263.049964,2800.0,3860.699345383164,3736.160656822416
9,29,15,321.316757,247.670831,210.18464600000001,2800.0,5700.675903358588,4200.0
9,29,16,208.29323399999998,160.21708900000002,136.25196499999998,2800.0,5033.998538121269,4200.0
9,29,17,76.745786,58.932502,50.202131,2800.0,5876.06920203001,4200.0
9,29,18,-0.0,-0.0,-0.0,2800.0,6600.0,4200.0
9,29,19,0.0,0.0,0.0,2800.0,6600.0,4200.0
9,29,20,0.0,0.0,0.0,2800.0,6600.0,4200.0
9,29,21,0.0,0.0,0.0,2800.0,6600.0,4200.0
9,29,22,0.0,0.0,0.0,2800.0,6600.0,4200.0
9,29,23,0.0,0.0,0.0,2800.0,6600.0,4200.0
9,30,0,0.0,0.0,0.0,2800.0,6600.0,4200.0
9,30,1,0.0,0.0,0.0,2800.0,6600.0,4200.0
9,30,2,0.0,0.0,0.0,2800.0,6600.0,4200.0
9,30,3,0.0,0.0,0.0,2800.0,6600.0,4200.0
9,30,4,0.0,0.0,0.0,2800.0,6600.0,4200.0
9,30,5,0.0,0.0,0.0,2800.0,6600.0,4200.0
9,30,6,0.0,0.0,0.0,2800.0,6600.0,4200.0
9,30,7,54.234987000000004,41.476033,35.477021,2800.0,6600.0,4200.0
9,30,8,197.97101500000002,151.601358,129.499837,2800.0,6600.0,4200.0
9,30,9,324.727594,249.60387599999999,212.415795,2800.0,6600.0,4200.0
9,30,10,412.98730800000004,318.350285,270.149592,2800.0,6600.0,4200.0
9,30,11,470.787983,363.590469,307.959057,2800.0,6600.0,4200.0
9,30,12,492.00432,380.37507400000004,321.83741200000003,2800.0,6600.0,4200.0
9,30,13,478.62356,370.128217,313.084585,2800.0,6600.0,4200.0
9,30,14,425.856343,328.863851,278.56768300000005,2800.0,6600.0,4200.0
9,30,15,122.82702,94.41006900000001,80.345494,2800.0,6600.0,4200.0
9,30,16,159.69799,122.699589,104.464099,2800.0,6600.0,4200.0
9,30,17,78.953186,60.630438999999996,51.646069000000004,2800.0,6600.0,4200.0
9,30,18,-0.0,-0.0,-0.0,2800.0,6600.0,4200.0
9,30,19,0.0,0.0,0.0,2800.0,6600.0,4200.0
9,30,20,0.0,0.0,0.0,2800.0,6600.0,4200.0
9,30,21,0.0,0.0,0.0,2800.0,6600.0,4200.0
9,30,22,0.0,0.0,0.0,2800.0,6600.0,4200.0
9,30,23,0.0,0.0,0.0,2800.0,6600.0,4200.0
10,1,0,0.0,0.0,0.0,2800.0,6600.0,4200.0
10,1,1,0.0,0.0,0.0,2800.0,6600.0,4200.0
10,1,2,0.0,0.0,0.0,2800.0,6600.0,4200.0
10,1,3,0.0,0.0,0.0,2800.0,6600.0,4200.0
10,1,4,0.0,0.0,0.0,2800.0,6600.0,4200.0
10,1,5,0.0,0.0,0.0,2800.0,6600.0,4200.0
10,1,6,0.0,0.0,0.0,2800.0,6600.0,4200.0
10,1,7,53.572847,40.992923000000005,35.043892,2800.0,6600.0,4200.0
10,1,8,23.068627,17.716746,15.090004,2800.0,5195.505086201954,4200.0
10,1,9,94.339887,72.308266,61.711054,2800.0,3663.3164546975977,3545.1449561589657
10,1,10,145.430354,111.578039,95.131134,2800.0,4569.628998473504,4200.0
10,1,11,168.880631,129.65943099999998,110.470788,2800.0,6600.0,4200.0
10,1,12,172.329731,132.378209,112.726967,2800.0,6600.0,4200.0
10,1,13,262.936583,202.328968,171.996111,2800.0,6600.0,4200.0
10,1,14,427.580302,330.178594,279.695386,2800.0,6600.0,4200.0
10,1,15,346.157936,266.77820299999996,226.43413800000002,2800.0,6600.0,4200.0
10,1,16,228.736896,175.852071,149.624887,2800.0,6600.0,4200.0
10,1,17,83.340481,63.988296000000005,54.515954,2800.0,6600.0,4200.0
10,1,18,0.0,0.0,0.0,2800.0,6600.0,4200.0
10,1,19,0.0,0.0,0.0,2800.0,6600.0,4200.0
10,1,20,0.0,0.0,0.0,2800.0,6600.0,4200.0
10,1,21,0.0,0.0,0.0,2800.0,6600.0,4200.0
10,1,22,0.0,0.0,0.0,2800.0,6600.0,4200.0
10,1,23,0.0,0.0,0.0,2800.0,6600.0,4200.0
10,2,0,0.0,0.0,0.0,2800.0,6600.0,4200.0
10,2,1,0.0,0.0,0.0,2800.0,6600.0,4200.0
10,2,2,0.0,0.0,0.0,2800.0,6600.0,4200.0
10,2,3,0.0,0.0,0.0,2800.0,6600.0,4200.0
10,2,4,0.0,0.0,0.0,2800.0,6600.0,4200.0
10,2,5,0.0,0.0,0.0,2800.0,6600.0,4200.0
10,2,6,0.0,0.0,0.0,2800.0,6600.0,4200.0
10,2,7,49.225298,37.712659,32.200007,2800.0,6600.0,4200.0
10,2,8,186.058547,142.90370000000001,121.707471,2800.0,5033.998538121269,4200.0
10,2,9,61.911084,47.5893,40.498228000000005,2800.0,3728.344236364732,3608.075067449741
10,2,10,78.62937,60.522623,51.434249,2502.4167786610287,3054.130714113854,2955.610368497278
10,2,11,134.126137,103.31076399999999,87.736646,2800.0,4875.874201202505,4200.0
10,2,12,225.605632,174.110826,147.576617,2800.0,6600.0,4200.0
10,2,13,289.206363,223.64797000000002,189.180102,2800.0,6600.0,4200.0
10,2,14,376.610752,292.222042,246.354402,2800.0,6600.0,4200.0
10,2,15,280.40257299999996,216.479359,183.42123199999997,2800.0,6600.0,4200.0
10,2,16,189.30691000000002,145.735286,123.832339,2800.0,5444.184846176627,4200.0
10,2,17,46.682001,35.888146,30.536347000000003,2800.0,6600.0,4200.0
10,2,18,0.0,0.0,0.0,2800.0,6600.0,4200.0
10,2,19,0.0,0.0,0.0,2800.0,6600.0,4200.0
10,2,20,0.0,0.0,0.0,2800.0,6600.0,4200.0
10,2,21,0.0,0.0,0.0,2800.0,6600.0,4200.0
10,2,22,0.0,0.0,0.0,2800.0,6600.0,4200.0
10,2,23,0.0,0.0,0.0,2800.0,6600.0,4200.0
10,3,0,0.0,0.0,0.0,2800.0,6600.0,4200.0
10,3,1,0.0,0.0,0.0,2800.0,6600.0,4200.0
10,3,2,0.0,0.0,0.0,2800.0,6600.0,4200.0
10,3,3,0.0,0.0,0.0,2800.0,6600.0,4200.0
10,3,4,0.0,0.0,0.0,2800.0,6600.0,4200.0
10,3,5,0.0,0.0,0.0,2800.0,6600.0,4200.0
10,3,6,0.0,0.0,0.0,2800.0,6600.0,4200.0
10,3,7,5.843446,4.51485,3.822404,2800.0,6600.0,4200.0
10,3,8,69.448221,53.224208,45.428536,2800.0,6600.0,4200.0
10,3,9,135.25958,103.649306,88.478071,2800.0,6600.0,4200.0
10,3,10,226.876275,174.054268,148.40778899999998,2800.0,6600.0,4200.0
10,3,11,29.700741,22.859839,19.428304,2800.0,6600.0,4200.0
10,3,12,55.738434,42.849868,36.460479,2800.0,6600.0,4200.0
10,3,13,311.797416,240.10548,203.95770800000003,2800.0,6600.0,4200.0
10,3,14,410.382056,316.84722999999997,268.44540500000005,2800.0,6600.0,4200.0
10,3,15,169.64139699999998,130.439396,110.968433,2800.0,6600.0,4200.0
10,3,16,209.10929800000002,160.826674,136.785781,2800.0,6600.0,4200.0
10,3,17,70.971046,54.500071000000005,46.424669,2800.0,6600.0,4200.0
10,3,18,0.0,0.0,0.0,2800.0,6600.0,4200.0
10,3,19,0.0,0.0,0.0,2800.0,6600.0,4200.0
10,3,20,0.0,0.0,0.0,2800.0,6600.0,4200.0
10,3,21,0.0,0.0,0.0,2800.0,6600.0,4200.0
10,3,22,0.0,0.0,0.0,2800.0,6600.0,4200.0
10,3,23,0.0,0.0,0.0,2800.0,6600.0,4200.0
10,4,0,0.0,0.0,0.0,2800.0,6600.0,4200.0
10,4,1,0.0,0.0,0.0,2800.0,6600.0,4200.0
10,4,2,0.0,0.0,0.0,2800.0,6600.0,4200.0
10,4,3,0.0,0.0,0.0,2800.0,6600.0,4200.0
10,4,4,0.0,0.0,0.0,2800.0,6600.0,4200.0
10,4,5,0.0,0.0,0.0,2800.0,6600.0,4200.0
10,4,6,0.0,0.0,0.0,2800.0,6600.0,4200.0
10,4,7,22.006633,16.905289,14.395316999999999,2800.0,6600.0,4200.0
10,4,8,182.386823,139.864186,119.305666,2800.0,6600.0,4200.0
10,4,9,305.956155,235.47207,200.13673300000002,2800.0,6600.0,4200.0
10,4,10,164.828164,126.722553,107.81992699999999,2800.0,6600.0,4200.0
10,4,11,447.281386,346.193268,292.582561,2800.0,6600.0,4200.0
10,4,12,465.53682799999996,360.76448999999997,304.524091,2800.0,6600.0,4200.0
10,4,13,327.26496399999996,252.60031099999998,214.075578,2800.0,6600.0,4200.0
10,4,14,401.112334,310.176503,262.381752,2800.0,6600.0,4200.0
10,4,15,275.6425,212.41476,180.3075,2800.0,6600.0,4200.0
10,4,16,185.508253,142.736771,121.347504,2800.0,6600.0,4200.0
10,4,17,65.11827100000001,50.058121,42.596162,2800.0,6600.0,4200.0
10,4,18,0.0,0.0,0.0,2800.0,6600.0,4200.0
10,4,19,0.0,0.0,0.0,2800.0,6600.0,4200.0
10,4,20,0.0,0.0,0.0,2800.0,6600.0,4200.0
10,4,21,0.0,0.0,0.0,2800.0,6600.0,4200.0
10,4,22,0.0,0.0,0.0,2800.0,6600.0,4200.0
10,4,23,0.0,0.0,0.0,2800.0,6600.0,4200.0
10,5,0,0.0,0.0,0.0,2800.0,6600.0,4200.0
10,5,1,0.0,0.0,0.0,2800.0,6600.0,4200.0
10,5,2,0.0,0.0,0.0,2800.0,6600.0,4200.0
10,5,3,0.0,0.0,0.0,2800.0,6600.0,4200.0
10,5,4,0.0,0.0,0.0,2800.0,6600.0,4200.0
10,5,5,0.0,0.0,0.0,2800.0,6600.0,4200.0
10,5,6,0.0,0.0,0.0,2800.0,6600.0,4200.0
10,5,7,42.752489999999995,32.822658000000004,27.965914,2800.0,6600.0,4200.0
10,5,8,107.289742,82.287001,70.182012,2800.0,6600.0,4200.0
10,5,9,174.042483,133.64163399999998,113.84733800000001,2800.0,6600.0,4200.0
10,5,10,183.12281,140.699705,119.787102,2800.0,6600.0,4200.0
10,5,11,199.372777,153.299619,130.416779,2800.0,6600.0,4200.0
10,5,12,138.12603099999998,106.09497400000001,90.35311800000001,2800.0,6600.0,4200.0
10,5,13,189.446297,145.577611,123.923518,2800.0,6600.0,4200.0
10,5,14,59.132718999999994,45.432906,38.680801,2800.0,6600.0,4200.0
10,5,15,58.530825,44.94578,38.287081,2800.0,6600.0,4200.0
10,5,16,48.144846,36.964582,31.493244999999998,2800.0,6600.0,4200.0
10,5,17,21.562307,16.594655,14.104667,2800.0,6600.0,4200.0
10,5,18,0.0,0.0,0.0,2800.0,6600.0,4200.0
10,5,19,0.0,0.0,0.0,2800.0,6600.0,4200.0
10,5,20,0.0,0.0,0.0,2800.0,6600.0,4200.0
10,5,21,0.0,0.0,0.0,2800.0,6600.0,4200.0
10,5,22,0.0,0.0,0.0,2800.0,6600.0,4200.0
10,5,23,0.0,0.0,0.0,2800.0,6600.0,4200.0
10,6,0,0.0,0.0,0.0,2800.0,6600.0,4200.0
10,6,1,0.0,0.0,0.0,2800.0,6600.0,4200.0
10,6,2,0.0,0.0,0.0,2800.0,6600.0,4200.0
10,6,3,0.0,0.0,0.0,2800.0,6600.0,4200.0
10,6,4,0.0,0.0,0.0,2800.0,6600.0,4200.0
10,6,5,0.0,0.0,0.0,2800.0,6600.0,4200.0
10,6,6,0.0,0.0,0.0,2800.0,6600.0,4200.0
10,6,7,2.096078,1.614818,1.371119,2800.0,6600.0,4200.0
10,6,8,15.703533,12.016188,10.272236000000001,2800.0,6600.0,4200.0
10,6,9,69.249323,52.856283000000005,45.298429,2800.0,6600.0,4200.0
10,6,10,189.905449,145.01607,124.223865,2800.0,6600.0,4200.0
10,6,11,288.999371,221.144631,189.044701,2800.0,6600.0,4200.0
10,6,12,423.261977,324.813152,276.87061700000004,2800.0,6600.0,4200.0
10,6,13,440.692159,338.37922399999997,288.272314,2800.0,6600.0,4200.0
10,6,14,188.15509400000002,143.961424,123.078896,2800.0,6600.0,4200.0
10,6,15,173.331275,132.52495800000003,113.382113,2800.0,6600.0,4200.0
10,6,16,40.781792,31.21353,26.676811,2800.0,6600.0,4200.0
10,6,17,75.547577,57.698505,49.41833999999999,2800.0,6600.0,4200.0
10,6,18,0.0,0.0,0.0,2800.0,6600.0,4200.0
10,6,19,0.0,0.0,0.0,2800.0,6600.0,4200.0
10,6,20,0.0,0.0,0.0,2800.0,6600.0,4200.0
10,6,21,0.0,0.0,0.0,2800.0,6600.0,4200.0
10,6,22,0.0,0.0,0.0,2800.0,6600.0,4200.0
10,6,23,0.0,0.0,0.0,2800.0,6600.0,4200.0
10,7,0,0.0,0.0,0.0,2800.0,6600.0,4200.0
10,7,1,0.0,0.0,0.0,2800.0,6600.0,4200.0
10,7,2,0.0,0.0,0.0,2800.0,6600.0,4200.0
10,7,3,0.0,0.0,0.0,2800.0,6600.0,4200.0
10,7,4,0.0,0.0,0.0,2800.0,6600.0,4200.0
10,7,5,0.0,0.0,0.0,2800.0,6600.0,4200.0
10,7,6,0.0,0.0,0.0,2800.0,6600.0,4200.0
10,7,7,51.482993,39.190023000000004,33.676845,2800.0,6600.0,4200.0
10,7,8,207.999487,158.43481899999998,136.05981500000001,2800.0,6600.0,4200.0
10,7,9,346.082153,264.27973,226.38456599999998,2800.0,6600.0,4200.0
10,7,10,63.139379,48.18298,41.301699,2800.0,6600.0,4200.0
10,7,11,149.018945,113.765113,97.478558,2800.0,6600.0,4200.0
10,7,12,516.534442,396.88431199999997,337.88343199999997,2800.0,6600.0,4200.0
10,7,13,503.872972,387.47346600000003,329.60111700000004,2800.0,6600.0,4200.0
10,7,14,446.974851,343.58646500000003,292.382045,2800.0,6600.0,4200.0
10,7,15,356.80929599999996,273.992419,233.40157000000002,2800.0,6600.0,4200.0
10,7,16,229.047297,175.535408,149.827931,2800.0,6600.0,4200.0
10,7,17,74.831379,57.247605,48.949849,2800.0,6600.0,4200.0
10,7,18,0.0,0.0,0.0,2800.0,6600.0,4200.0
10,7,19,0.0,0.0,0.0,2800.0,6600.0,4200.0
10,7,20,0.0,0.0,0.0,2800.0,6600.0,4200.0
10,7,21,0.0,0.0,0.0,2800.0,6600.0,4200.0
10,7,22,0.0,0.0,0.0,2800.0,6600.0,4200.0
10,7,23,0.0,0.0,0.0,2800.0,6600.0,4200.0
10,8,0,0.0,0.0,0.0,2800.0,6600.0,4200.0
10,8,1,0.0,0.0,0.0,2800.0,6600.0,4200.0
10,8,2,0.0,0.0,0.0,2800.0,6600.0,4200.0
10,8,3,0.0,0.0,0.0,2800.0,6600.0,4200.0
10,8,4,0.0,0.0,0.0,2800.0,6600.0,4200.0
10,8,5,0.0,0.0,0.0,2800.0,6600.0,4200.0
10,8,6,0.0,0.0,0.0,2800.0,6600.0,4200.0
10,8,7,49.463009,37.70239,32.355502,2800.0,6600.0,4200.0
10,8,8,203.520688,155.371386,133.13007399999998,2800.0,6600.0,4200.0
10,8,9,336.26480699999996,257.811926,219.962693,2800.0,6600.0,4200.0
10,8,10,426.618123,328.2067,279.06599,2800.0,6600.0,4200.0
10,8,11,480.434561,370.67771500000003,314.269224,2800.0,6600.0,4200.0
10,8,12,496.650464,383.931754,324.876619,2800.0,6600.0,4200.0
10,8,13,479.77558,370.986473,313.838161,2800.0,6600.0,4200.0
10,8,14,429.688488,331.644796,281.074424,2800.0,6600.0,4200.0
10,8,15,347.58790000000005,267.45958399999995,227.369529,2800.0,6600.0,4200.0
10,8,16,223.477337,171.51031,146.184423,2800.0,6600.0,4200.0
10,8,17,72.18922900000001,55.243201,47.221526,2800.0,4276.483153260508,4138.532083800491
10,8,18,0.0,0.0,0.0,2800.0,3728.344236364732,3608.075067449741
10,8,19,0.0,0.0,0.0,2800.0,4495.12565696385,4200.0
10,8,20,0.0,0.0,0.0,2800.0,5114.326798854228,4200.0
10,8,21,0.0,0.0,0.0,2800.0,5033.998538121269,4200.0
10,8,22,0.0,0.0,0.0,2800.0,4276.483153260508,4138.532083800491
10,8,23,0.0,0.0,0.0,2800.0,3996.150340809066,3867.242265299096
10,9,0,0.0,0.0,0.0,2744.426018516277,3349.496321811205,3241.448053365682
10,9,1,0.0,0.0,0.0,1536.7967041952045,1875.6180248051708,1815.114217553391
10,9,2,0.0,0.0,0.0,237.66666698837332,290.0656171905344,280.7086617972913
10,9,3,0.0,0.0,0.0,30.94602468005788,37.7687702788108,36.55042285046206
10,9,4,0.0,0.0,0.0,523.8060511729734,639.2908498567786,618.6685643775277
10,9,5,0.0,0.0,0.0,2597.435303258585,3170.098204764415,3067.83697235266
10,9,6,0.0,0.0,0.0,2800.0,5876.06920203001,4200.0
10,9,7,52.011555,39.642812,34.022596,2800.0,6600.0,4200.0
10,9,8,212.533926,162.299555,139.025952,2800.0,6600.0,4200.0
10,9,9,341.461221,262.15590299999997,223.36185200000003,2800.0,6600.0,4200.0
10,9,10,429.396307,331.07953999999995,280.883299,2800.0,6600.0,4200.0
10,9,11,483.046605,373.343658,315.977855,2800.0,6600.0,4200.0
10,9,12,501.763689,388.22730099999995,328.221361,2800.0,6600.0,4200.0
10,9,13,483.77586099999996,374.15669199999996,316.454886,2800.0,6600.0,4200.0
10,9,14,430.028337,332.241506,281.296732,2800.0,6600.0,4200.0
10,9,15,344.76156199999997,265.53709000000003,225.52072099999998,2800.0,6600.0,4200.0
10,9,16,221.449186,170.08026,144.857738,2800.0,6600.0,4200.0
10,9,17,68.85241599999999,52.733031000000004,45.038798,2800.0,6600.0,4200.0
10,9,18,0.0,0.0,0.0,2800.0,6600.0,4200.0
10,9,19,0.0,0.0,0.0,2800.0,6600.0,4200.0
10,9,20,0.0,0.0,0.0,2800.0,6600.0,4200.0
10,9,21,0.0,0.0,0.0,2800.0,6600.0,4200.0
10,9,22,0.0,0.0,0.0,2800.0,6600.0,4200.0
10,9,23,0.0,0.0,0.0,2800.0,6600.0,4200.0
10,10,0,0.0,0.0,0.0,2800.0,6600.0,4200.0
10,10,1,0.0,0.0,0.0,2800.0,6600.0,4200.0
10,10,2,0.0,0.0,0.0,2800.0,6600.0,4200.0
10,10,3,0.0,0.0,0.0,2800.0,6600.0,4200.0
10,10,4,0.0,0.0,0.0,2800.0,6600.0,4200.0
10,10,5,0.0,0.0,0.0,2800.0,6600.0,4200.0
10,10,6,0.0,0.0,0.0,2800.0,6600.0,4200.0
10,10,7,46.876767,35.778123,30.66375,2800.0,6600.0,4200.0
10,10,8,198.89440900000002,152.10004500000002,130.103861,2800.0,6600.0,4200.0
10,10,9,325.935178,250.66622099999998,213.205718,2800.0,6600.0,4200.0
10,10,10,400.310414,310.11309600000004,261.857188,2800.0,6600.0,4200.0
10,10,11,445.015042,346.27288799999997,291.10006500000003,2800.0,6600.0,4200.0
10,10,12,462.966851,360.67122600000005,302.842978,2800.0,6600.0,4200.0
10,10,13,452.968844,352.076607,296.302928,2800.0,6600.0,4200.0
10,10,14,411.728959,318.979958,269.326462,2800.0,6600.0,4200.0
10,10,15,193.612714,148.877368,126.64891800000001,2800.0,6600.0,4200.0
10,10,16,210.425241,161.729116,137.646587,2800.0,6600.0,4200.0
10,10,17,62.757183,48.094331,41.051691,2800.0,6600.0,4200.0
10,10,18,0.0,0.0,0.0,2800.0,6600.0,4200.0
10,10,19,0.0,0.0,0.0,2800.0,6600.0,4200.0
10,10,20,0.0,0.0,0.0,2800.0,6600.0,4200.0
10,10,21,0.0,0.0,0.0,2800.0,6600.0,4200.0
10,10,22,0.0,0.0,0.0,2800.0,6600.0,4200.0
10,10,23,0.0,0.0,0.0,2800.0,6600.0,4200.0
10,11,0,0.0,0.0,0.0,2800.0,6600.0,4200.0
10,11,1,0.0,0.0,0.0,2800.0,6600.0,4200.0
10,11,2,0.0,0.0,0.0,2800.0,6600.0,4200.0
10,11,3,0.0,0.0,0.0,2800.0,6600.0,4200.0
10,11,4,0.0,0.0,0.0,2800.0,6600.0,4200.0
10,11,5,0.0,0.0,0.0,2800.0,6600.0,4200.0
10,11,6,0.0,0.0,0.0,2800.0,6600.0,4200.0
10,11,7,45.846075,34.971968000000004,29.989537,2800.0,6600.0,4200.0
10,11,8,199.846181,152.721889,130.726449,2800.0,6600.0,4200.0
10,11,9,329.064477,252.827231,215.252703,2800.0,6600.0,4200.0
10,11,10,410.72758,317.183777,268.671425,2800.0,6600.0,4200.0
10,11,11,461.11886200000004,357.157079,301.634143,2800.0,6600.0,4200.0
10,11,12,480.217645,372.257362,314.12733199999997,2800.0,6600.0,4200.0
10,11,13,461.47627500000004,357.49354999999997,301.86794,2800.0,6600.0,4200.0
10,11,14,415.748879,321.321483,271.956034,2800.0,6600.0,4200.0
10,11,15,331.15493,255.103801,216.620142,2800.0,6600.0,4200.0
10,11,16,207.390516,159.33932000000001,135.661466,2800.0,4495.12565696385,4200.0
10,11,17,60.935194,46.719024,39.859864,1536.7967041952045,1875.6180248051708,1815.114217553391
10,11,18,0.0,0.0,0.0,2800.0,6518.224790706034,4200.0
10,11,19,0.0,0.0,0.0,2800.0,6600.0,4200.0
10,11,20,0.0,0.0,0.0,2800.0,6600.0,4200.0
10,11,21,0.0,0.0,0.0,2800.0,6600.0,4200.0
10,11,22,0.0,0.0,0.0,2800.0,6600.0,4200.0
10,11,23,0.0,0.0,0.0,2800.0,6600.0,4200.0
10,12,0,0.0,0.0,0.0,2800.0,6600.0,4200.0
10,12,1,0.0,0.0,0.0,2800.0,6600.0,4200.0
10,12,2,0.0,0.0,0.0,2800.0,5876.06920203001,4200.0
10,12,3,0.0,0.0,0.0,2800.0,5114.326798854228,4200.0
10,12,4,0.0,0.0,0.0,2800.0,4954.515830178791,4200.0
10,12,5,0.0,0.0,0.0,1824.2618316438895,2226.4612905889994,2154.639958634516
10,12,6,0.0,0.0,0.0,312.8020973326286,381.76633926423176,369.45129606215977
10,12,7,41.141442000000005,31.429779,26.912071,557.58989956809,680.5231057720783,658.5707475213661
10,12,8,189.674263,145.001247,124.072639,289.9235564324093,353.8437106064838,342.42939736111333
10,12,9,316.59575900000004,243.03344399999997,207.096474,3.563011389929472,4.34855720818164,4.208281169208038
10,12,10,403.766655,310.968971,264.118038,107.29111938509163,130.9458543676315,126.72179454932082
10,12,11,454.218385,350.616651,297.120297,430.6948862392302,525.6512391108714,508.6947475266498
10,12,12,411.805887,317.690432,269.376783,1029.5337295682716,1256.5175439612765,1215.984719962525
10,12,13,193.39842800000002,148.583866,126.508746,1605.5985030100696,1959.588724146148,1896.3761846575624
10,12,14,165.330943,126.92378699999999,108.148812,1570.9465066065366,1917.296917511915,1855.44862985024
10,12,15,154.68013,118.691718,101.18173900000001,2800.0,3996.150340809066,3867.242265299096
10,12,16,80.012561,61.390911,52.339044,2800.0,6600.0,4200.0
10,12,17,10.677254999999999,8.230911,6.98437,2800.0,6600.0,4200.0
10,12,18,0.0,0.0,0.0,2800.0,6600.0,4200.0
10,12,19,0.0,0.0,0.0,2800.0,6600.0,4200.0
10,12,20,0.0,0.0,0.0,2800.0,6600.0,4200.0
10,12,21,0.0,0.0,0.0,2800.0,6600.0,4200.0
10,12,22,0.0,0.0,0.0,2800.0,6600.0,4200.0
10,12,23,0.0,0.0,0.0,2800.0,6600.0,4200.0
10,13,0,0.0,0.0,0.0,2800.0,6600.0,4200.0
10,13,1,0.0,0.0,0.0,2800.0,6600.0,4200.0
10,13,2,0.0,0.0,0.0,2800.0,6600.0,4200.0
10,13,3,0.0,0.0,0.0,2800.0,6600.0,4200.0
10,13,4,0.0,0.0,0.0,2800.0,6600.0,4200.0
10,13,5,0.0,0.0,0.0,2800.0,6600.0,4200.0
10,13,6,0.0,0.0,0.0,2800.0,6600.0,4200.0
10,13,7,42.474285,32.400349,27.783931,2800.0,6600.0,4200.0
10,13,8,200.009293,152.76161100000002,130.833147,2800.0,6600.0,4200.0
10,13,9,335.039395,257.064974,219.161108,2800.0,6600.0,4200.0
10,13,10,426.00845899999996,327.979242,278.66718699999996,2800.0,6600.0,4200.0
10,13,11,481.87920899999995,371.935663,315.21421899999996,2800.0,6600.0,4200.0
10,13,12,501.86411200000003,387.780871,328.28705099999996,2800.0,6600.0,4200.0
10,13,13,485.519598,375.025947,317.595526,2800.0,6600.0,4200.0
10,13,14,433.04170400000004,333.891775,283.267882,2800.0,6600.0,4200.0
10,13,15,344.758445,265.046766,225.518682,2800.0,6600.0,4200.0
10,13,16,216.721826,166.098329,141.765405,2800.0,6600.0,4200.0
10,13,17,59.484274,45.502084,38.910766,2800.0,6600.0,4200.0
10,13,18,0.0,0.0,0.0,953.6162939806846,1163.862406039418,1126.3184574575014
10,13,19,0.0,0.0,0.0,2800.0,5195.505086201954,4200.0
10,13,20,0.0,0.0,0.0,2800.0,6600.0,4200.0
10,13,21,0.0,0.0,0.0,2800.0,6600.0,4200.0
10,13,22,0.0,0.0,0.0,2800.0,6600.0,4200.0
10,13,23,0.0,0.0,0.0,2800.0,6600.0,4200.0
10,14,0,0.0,0.0,0.0,2800.0,6600.0,4200.0
10,14,1,0.0,0.0,0.0,2800.0,6600.0,4200.0
10,14,2,0.0,0.0,0.0,2800.0,6600.0,4200.0
10,14,3,0.0,0.0,0.0,2800.0,6600.0,4200.0
10,14,4,0.0,0.0,0.0,2800.0,6600.0,4200.0
10,14,5,0.0,0.0,0.0,2800.0,6600.0,4200.0
10,14,6,0.0,0.0,0.0,2800.0,6600.0,4200.0
10,14,7,41.744733000000004,31.788887,27.306705,2800.0,6600.0,4200.0
10,14,8,203.317678,154.919716,132.997278,2800.0,6600.0,4200.0
10,14,9,342.90711,262.336293,224.307659,2800.0,6600.0,4200.0
10,14,10,433.96812,333.22132500000004,283.873883,2800.0,6600.0,4200.0
10,14,11,486.742909,374.933596,318.395737,2800.0,6600.0,4200.0
10,14,12,501.655263,387.21837,328.150435,2800.0,6600.0,4200.0
10,14,13,479.302973,370.257142,313.52901199999997,2800.0,6600.0,4200.0
10,14,14,425.392426,328.146874,278.26421799999997,2800.0,6600.0,4200.0
10,14,15,339.872788,261.281828,222.322801,2800.0,6600.0,4200.0
10,14,16,209.197136,160.330239,136.84323999999998,2800.0,6600.0,4200.0
10,14,17,55.812142,42.67946,36.508695,2800.0,6600.0,4200.0
10,14,18,0.0,0.0,0.0,2800.0,6600.0,4200.0
10,14,19,0.0,0.0,0.0,2800.0,6600.0,4200.0
10,14,20,0.0,0.0,0.0,2800.0,6600.0,4200.0
10,14,21,0.0,0.0,0.0,2800.0,6600.0,4200.0
10,14,22,0.0,0.0,0.0,2800.0,6600.0,4200.0
10,14,23,0.0,0.0,0.0,2800.0,6600.0,4200.0
10,15,0,0.0,0.0,0.0,2800.0,6600.0,4200.0
10,15,1,0.0,0.0,0.0,2800.0,6600.0,4200.0
10,15,2,0.0,0.0,0.0,2800.0,6600.0,4200.0
10,15,3,0.0,0.0,0.0,2800.0,6600.0,4200.0
10,15,4,0.0,0.0,0.0,2800.0,6600.0,4200.0
10,15,5,0.0,0.0,0.0,2800.0,6600.0,4200.0
10,15,6,0.0,0.0,0.0,2800.0,6600.0,4200.0
10,15,7,2.544127,1.960078,1.6642029999999999,2800.0,6600.0,4200.0
10,15,8,32.882427,25.141133,21.509558000000002,2800.0,6600.0,4200.0
10,15,9,56.341591,43.052419,36.855025999999995,2800.0,6600.0,4200.0
10,15,10,64.093307,49.015905,41.925697,2800.0,6600.0,4200.0
10,15,11,65.58610300000001,50.232402,42.902188,2800.0,6600.0,4200.0
10,15,12,82.961428,63.578566,54.268002,2800.0,6600.0,4200.0
10,15,13,46.543395,35.729973,30.44568,2800.0,6600.0,4200.0
10,15,14,32.018229,24.590996,20.944255000000002,2800.0,6600.0,4200.0
10,15,15,42.306881999999995,32.449053,27.674427,2800.0,6600.0,4200.0
10,15,16,17.738204000000003,13.633912,11.603185999999999,2800.0,6600.0,4200.0
10,15,17,-0.0,-0.0,-0.0,2800.0,6600.0,4200.0
10,15,18,0.0,0.0,0.0,2800.0,6600.0,4200.0
10,15,19,0.0,0.0,0.0,2800.0,6600.0,4200.0
10,15,20,0.0,0.0,0.0,2800.0,6600.0,4200.0
10,15,21,0.0,0.0,0.0,2800.0,6600.0,4200.0
10,15,22,0.0,0.0,0.0,2800.0,6600.0,4200.0
10,15,23,0.0,0.0,0.0,2800.0,6600.0,4200.0
10,16,0,0.0,0.0,0.0,2800.0,6600.0,4200.0
10,16,1,0.0,0.0,0.0,2800.0,6600.0,4200.0
10,16,2,0.0,0.0,0.0,2800.0,6600.0,4200.0
10,16,3,0.0,0.0,0.0,2800.0,6600.0,4200.0
10,16,4,0.0,0.0,0.0,2800.0,6600.0,4200.0
10,16,5,0.0,0.0,0.0,2800.0,6600.0,4200.0
10,16,6,0.0,0.0,0.0,2800.0,6600.0,4200.0
10,16,7,32.160803,24.51448,21.037517,2800.0,6600.0,4200.0
10,16,8,187.740105,143.056671,122.80743700000001,2800.0,6600.0,4200.0
10,16,9,328.489949,250.944647,214.876884,2800.0,6600.0,4200.0
10,16,10,192.798061,147.158245,126.116025,2800.0,6600.0,4200.0
10,16,11,220.762297,168.627761,144.40842,2800.0,6600.0,4200.0
10,16,12,110.468128,84.37832300000001,72.26110700000001,2800.0,6600.0,4200.0
10,16,13,111.34716800000001,85.092829,72.836117,2800.0,6600.0,4200.0
10,16,14,87.43430000000001,66.832496,57.193866,2800.0,6600.0,4200.0
10,16,15,93.688424,71.61252999999999,61.284909,2800.0,6600.0,4200.0
10,16,16,88.990381,68.000308,58.211752999999995,2800.0,6600.0,4200.0
10,16,17,10.299363999999999,7.895796000000001,6.737178,2800.0,6600.0,4200.0
10,16,18,0.0,0.0,0.0,2800.0,6600.0,4200.0
10,16,19,0.0,0.0,0.0,2800.0,6600.0,4200.0
10,16,20,0.0,0.0,0.0,2800.0,6600.0,4200.0
10,16,21,0.0,0.0,0.0,2800.0,6600.0,4200.0
10,16,22,0.0,0.0,0.0,2800.0,6600.0,4200.0
10,16,23,0.0,0.0,0.0,2800.0,6518.224790706034,4200.0
10,17,0,0.0,0.0,0.0,2800.0,5277.537873988738,4200.0
10,17,1,0.0,0.0,0.0,2645.8334855800563,3229.1668524795964,3125.000179818964
10,17,2,0.0,0.0,0.0,1136.8810555802274,1387.531996967994,1342.7729002916071
10,17,3,0.0,0.0,0.0,523.8060511729734,639.2908498567786,618.6685643775277
10,17,4,0.0,0.0,0.0,460.3878697051685,561.8907071204812,543.7652004391754
10,17,5,0.0,0.0,0.0,1029.5337295682716,1256.5175439612765,1215.984719962525
10,17,6,0.0,0.0,0.0,2103.4419801044355,2567.192967843996,2484.3802914619314
10,17,7,-0.0,-0.0,-0.0,2800.0,6518.224790706034,4200.0
10,17,8,35.042190000000005,26.703223,22.922335,2800.0,6600.0,4200.0
10,17,9,137.149994,104.409898,89.714658,2800.0,6600.0,4200.0
10,17,10,27.746655999999998,21.174391,18.150068,2800.0,6600.0,4200.0
10,17,11,67.63354700000001,51.553463,44.241493000000006,2800.0,6600.0,4200.0
10,17,12,65.44401400000001,49.910748,42.809242,2800.0,6600.0,4200.0
10,17,13,74.67912799999999,56.970848,48.850256,2800.0,6600.0,4200.0
10,17,14,53.396837,40.778912,34.928758,2800.0,6600.0,4200.0
10,17,15,248.871781,190.034195,162.795827,2800.0,6600.0,4200.0
10,17,16,97.998671,74.75918899999999,64.104394,2800.0,6600.0,4200.0
10,17,17,44.607921000000005,34.040905,29.179616999999997,2800.0,6600.0,4200.0
10,17,18,0.0,0.0,0.0,2800.0,6600.0,4200.0
10,17,19,0.0,0.0,0.0,2800.0,6600.0,4200.0
10,17,20,0.0,0.0,0.0,2800.0,6600.0,4200.0
10,17,21,0.0,0.0,0.0,2800.0,6600.0,4200.0
10,17,22,0.0,0.0,0.0,2800.0,6600.0,4200.0
10,17,23,0.0,0.0,0.0,2800.0,6600.0,4200.0
10,18,0,0.0,0.0,0.0,2800.0,6600.0,4200.0
10,18,1,0.0,0.0,0.0,2800.0,6600.0,4200.0
10,18,2,0.0,0.0,0.0,2800.0,6600.0,4200.0
10,18,3,0.0,0.0,0.0,2800.0,6600.0,4200.0
10,18,4,0.0,0.0,0.0,2800.0,6600.0,4200.0
10,18,5,0.0,0.0,0.0,2800.0,6600.0,4200.0
10,18,6,0.0,0.0,0.0,2800.0,6600.0,4200.0
10,18,7,25.844939,19.685779,16.906088,2800.0,6600.0,4200.0
10,18,8,181.043886,137.822673,118.427204,2800.0,6600.0,4200.0
10,18,9,321.483029,245.518111,210.29341,2800.0,6600.0,4200.0
10,18,10,419.808743,321.596088,274.611734,2800.0,6600.0,4200.0
10,18,11,481.991343,369.763862,315.28757,2800.0,6600.0,4200.0
10,18,12,503.210086,386.33436700000004,329.1675,2800.0,6600.0,4200.0
10,18,13,479.953775,368.560025,313.954725,2800.0,6600.0,4200.0
10,18,14,424.141787,325.162411,277.446131,2800.0,6600.0,4200.0
10,18,15,329.14457799999997,251.82084099999997,215.3051,2800.0,6600.0,4200.0
10,18,16,194.065356,148.206222,126.945008,2800.0,6600.0,4200.0
10,18,17,41.364470999999995,31.571666,27.057962,2800.0,6600.0,4200.0
10,18,18,0.0,0.0,0.0,2800.0,6600.0,4200.0
10,18,19,0.0,0.0,0.0,2800.0,6600.0,4200.0
10,18,20,0.0,0.0,0.0,2800.0,6600.0,4200.0
10,18,21,0.0,0.0,0.0,2800.0,6600.0,4200.0
10,18,22,0.0,0.0,0.0,2800.0,6600.0,4200.0
10,18,23,0.0,0.0,0.0,2800.0,6600.0,4200.0
10,19,0,0.0,0.0,0.0,2800.0,6600.0,4200.0
10,19,1,0.0,0.0,0.0,2800.0,6600.0,4200.0
10,19,2,0.0,0.0,0.0,2800.0,6600.0,4200.0
10,19,3,0.0,0.0,0.0,2800.0,6600.0,4200.0
10,19,4,0.0,0.0,0.0,2800.0,6600.0,4200.0
10,19,5,0.0,0.0,0.0,2800.0,6600.0,4200.0
10,19,6,0.0,0.0,0.0,2800.0,6600.0,4200.0
10,19,7,-0.0,-0.0,-0.0,2800.0,6600.0,4200.0
10,19,8,12.264419,9.354482,8.022590000000001,2800.0,6600.0,4200.0
10,19,9,71.91621799999999,54.738716000000004,47.042939,2800.0,6600.0,4200.0
10,19,10,428.58065899999997,327.62646500000005,280.349755,2800.0,6600.0,4200.0
10,19,11,347.300278,265.166287,227.181385,2800.0,6600.0,4200.0
10,19,12,191.69320000000002,146.139525,125.393296,2800.0,6600.0,4200.0
10,19,13,421.470526,322.45574200000004,275.69876500000004,2800.0,6600.0,4200.0
10,19,14,76.129347,58.075514000000005,49.798896,2800.0,6600.0,4200.0
10,19,15,341.29022399999997,260.63154099999997,223.249996,2800.0,6600.0,4200.0
10,19,16,65.747736,50.121138,43.007917,2800.0,6600.0,4200.0
10,19,17,41.42514,31.577962,27.097648,2800.0,6600.0,4200.0
10,19,18,0.0,0.0,0.0,2800.0,6600.0,4200.0
10,19,19,0.0,0.0,0.0,2800.0,6600.0,4200.0
10,19,20,0.0,0.0,0.0,2800.0,6600.0,4200.0
10,19,21,0.0,0.0,0.0,2800.0,6600.0,4200.0
10,19,22,0.0,0.0,0.0,2800.0,6600.0,4200.0
10,19,23,0.0,0.0,0.0,2800.0,6600.0,4200.0
10,20,0,0.0,0.0,0.0,2800.0,6600.0,4200.0
10,20,1,0.0,0.0,0.0,2800.0,6600.0,4200.0
10,20,2,0.0,0.0,0.0,2800.0,6600.0,4200.0
10,20,3,0.0,0.0,0.0,2800.0,6600.0,4200.0
10,20,4,0.0,0.0,0.0,2800.0,6600.0,4200.0
10,20,5,0.0,0.0,0.0,2800.0,6600.0,4200.0
10,20,6,0.0,0.0,0.0,2800.0,6600.0,4200.0
10,20,7,3.6395479999999996,2.7774870000000003,2.380757,2800.0,6600.0,4200.0
10,20,8,52.092588000000006,39.629168,34.075603,2800.0,6600.0,4200.0
10,20,9,321.778288,245.619701,210.486549,2800.0,6600.0,4200.0
10,20,10,416.55331199999995,318.883445,272.48224200000004,2800.0,6600.0,4200.0
10,20,11,337.209833,258.06737599999997,220.58086799999998,2800.0,6600.0,4200.0
10,20,12,487.503346,374.14793,318.893166,2800.0,6600.0,4200.0
10,20,13,356.84896299999997,273.306221,233.427517,2800.0,6600.0,4200.0
10,20,14,408.85709,313.51457500000004,267.44787099999996,2800.0,6600.0,4200.0
10,20,15,315.988598,241.831471,206.699308,2800.0,6600.0,4200.0
10,20,16,142.33873499999999,108.73938000000001,93.10879700000001,2800.0,6600.0,4200.0
10,20,17,31.764692,24.313791000000002,20.778408,2800.0,6600.0,4200.0
10,20,18,0.0,0.0,0.0,2800.0,6600.0,4200.0
10,20,19,0.0,0.0,0.0,2800.0,6600.0,4200.0
10,20,20,0.0,0.0,0.0,2800.0,6600.0,4200.0
10,20,21,0.0,0.0,0.0,2800.0,6600.0,4200.0
10,20,22,0.0,0.0,0.0,2800.0,6600.0,4200.0
10,20,23,0.0,0.0,0.0,2800.0,6600.0,4200.0
10,21,0,0.0,0.0,0.0,2800.0,6600.0,4200.0
10,21,1,0.0,0.0,0.0,2800.0,6600.0,4200.0
10,21,2,0.0,0.0,0.0,2800.0,6600.0,4200.0
10,21,3,0.0,0.0,0.0,2800.0,6600.0,4200.0
10,21,4,0.0,0.0,0.0,2800.0,6600.0,4200.0
10,21,5,0.0,0.0,0.0,2800.0,6600.0,4200.0
10,21,6,0.0,0.0,0.0,2800.0,6600.0,4200.0
10,21,7,2.808536,2.153085,1.837162,2800.0,6600.0,4200.0
10,21,8,35.517383,27.093023000000002,23.233176,2800.0,6600.0,4200.0
10,21,9,24.559433000000002,18.758778999999997,16.065193,2800.0,6600.0,4200.0
10,21,10,28.62153,21.865662,18.722354,2800.0,6600.0,4200.0
10,21,11,78.693842,60.008430999999995,51.476423000000004,2800.0,6600.0,4200.0
10,21,12,167.07206599999998,127.31858199999999,109.287743,2800.0,6600.0,4200.0
10,21,13,137.135628,104.486972,89.70526,2800.0,6600.0,4200.0
10,21,14,188.732073,143.831596,123.456318,2800.0,6600.0,4200.0
10,21,15,301.37358500000005,229.862174,197.13911199999998,2800.0,6600.0,4200.0
10,21,16,134.80858300000003,102.672717,88.183058,2800.0,6600.0,4200.0
10,21,17,29.242306,22.30427,19.128426,2800.0,6600.0,4200.0
10,21,18,0.0,0.0,0.0,2800.0,6600.0,4200.0
10,21,19,0.0,0.0,0.0,2800.0,6600.0,4200.0
10,21,20,0.0,0.0,0.0,2800.0,6600.0,4200.0
10,21,21,0.0,0.0,0.0,2800.0,6600.0,4200.0
10,21,22,0.0,0.0,0.0,2800.0,6600.0,4200.0
10,21,23,0.0,0.0,0.0,2800.0,6600.0,4200.0
10,22,0,0.0,0.0,0.0,2800.0,6600.0,4200.0
10,22,1,0.0,0.0,0.0,2800.0,6600.0,4200.0
10,22,2,0.0,0.0,0.0,2800.0,6600.0,4200.0
10,22,3,0.0,0.0,0.0,2800.0,6600.0,4200.0
10,22,4,0.0,0.0,0.0,2800.0,6600.0,4200.0
10,22,5,0.0,0.0,0.0,2800.0,6600.0,4200.0
10,22,6,0.0,0.0,0.0,2800.0,6600.0,4200.0
10,22,7,21.712755,16.49121,14.20308,2800.0,6600.0,4200.0
10,22,8,188.633771,143.347122,123.392015,2800.0,6600.0,4200.0
10,22,9,289.871852,221.086916,189.615422,2800.0,6600.0,4200.0
10,22,10,362.226451,277.006,236.945122,2800.0,6600.0,4200.0
10,22,11,296.784876,226.760383,194.137475,2800.0,6600.0,4200.0
10,22,12,95.773595,72.996574,62.648892999999994,2800.0,6600.0,4200.0
10,22,13,68.55414599999999,52.235137,44.84369,2800.0,6600.0,4200.0
10,22,14,64.856,49.379812,42.424602,2800.0,6330.21083371745,4200.0
10,22,15,103.027678,78.448766,67.39404499999999,2800.0,5033.998538121269,4200.0
10,22,16,17.860782,13.610108,11.683369,1712.6043126696648,2090.186365856677,2022.7609992161392
10,22,17,-0.0,-0.0,-0.0,2800.0,4421.436551474658,4200.0
10,22,18,0.0,0.0,0.0,2800.0,6600.0,4200.0
10,22,19,0.0,0.0,0.0,2800.0,6600.0,4200.0
10,22,20,0.0,0.0,0.0,2800.0,6600.0,4200.0
10,22,21,0.0,0.0,0.0,2800.0,6600.0,4200.0
10,22,22,0.0,0.0,0.0,2800.0,6600.0,4200.0
10,22,23,0.0,0.0,0.0,2800.0,6600.0,4200.0
10,23,0,0.0,0.0,0.0,2800.0,6600.0,4200.0
10,23,1,0.0,0.0,0.0,2800.0,6600.0,4200.0
10,23,2,0.0,0.0,0.0,2800.0,6600.0,4200.0
10,23,3,0.0,0.0,0.0,2800.0,6600.0,4200.0
10,23,4,0.0,0.0,0.0,2800.0,6600.0,4200.0
10,23,5,0.0,0.0,0.0,2800.0,6600.0,4200.0
10,23,6,0.0,0.0,0.0,2800.0,6600.0,4200.0
10,23,7,15.762195,11.981724,10.310609000000001,2800.0,6600.0,4200.0
10,23,8,174.34361900000002,132.333144,114.044322,2800.0,6600.0,4200.0
10,23,9,329.24946,250.576703,215.373707,2800.0,6600.0,4200.0
10,23,10,437.488072,333.83143199999995,286.176408,2800.0,6600.0,4200.0
10,23,11,500.238941,382.368061,327.223969,2800.0,6600.0,4200.0
10,23,12,279.996477,213.294335,183.15559,2800.0,6600.0,4200.0
10,23,13,205.334776,156.279855,134.316733,2800.0,6600.0,4200.0
10,23,14,150.52267,114.520882,98.462198,2800.0,6600.0,4200.0
10,23,15,81.502505,61.991558,53.313669000000004,2800.0,6600.0,4200.0
10,23,16,17.837743,13.594995999999998,11.668298,2800.0,6600.0,4200.0
10,23,17,-0.0,-0.0,-0.0,2800.0,6600.0,4200.0
10,23,18,0.0,0.0,0.0,2800.0,6600.0,4200.0
10,23,19,0.0,0.0,0.0,2800.0,6600.0,4200.0
10,23,20,0.0,0.0,0.0,2800.0,6600.0,4200.0
10,23,21,0.0,0.0,0.0,2800.0,6600.0,4200.0
10,23,22,0.0,0.0,0.0,2800.0,6600.0,4200.0
10,23,23,0.0,0.0,0.0,2800.0,6600.0,4200.0
10,24,0,0.0,0.0,0.0,2800.0,6600.0,4200.0
10,24,1,0.0,0.0,0.0,2800.0,6600.0,4200.0
10,24,2,0.0,0.0,0.0,2800.0,6600.0,4200.0
10,24,3,0.0,0.0,0.0,2800.0,6600.0,4200.0
10,24,4,0.0,0.0,0.0,2800.0,6600.0,4200.0
10,24,5,0.0,0.0,0.0,2800.0,6600.0,4200.0
10,24,6,0.0,0.0,0.0,2800.0,6600.0,4200.0
10,24,7,-0.0,-0.0,-0.0,2800.0,6600.0,4200.0
10,24,8,10.748458000000001,8.184560000000001,7.030946,2800.0,6600.0,4200.0
10,24,9,91.631841,69.598377,59.939625,2800.0,6600.0,4200.0
10,24,10,131.96064900000002,100.26909699999999,86.32012399999999,2800.0,6600.0,4200.0
10,24,11,191.24581,145.434044,125.10064299999999,2800.0,6600.0,4200.0
10,24,12,121.477052,92.341939,79.462432,2800.0,6600.0,4200.0
10,24,13,208.163447,158.388481,136.167067,2800.0,6600.0,4200.0
10,24,14,122.449737,93.12116499999999,80.0987,2800.0,6600.0,4200.0
10,24,15,38.067048,28.98613,24.901002000000002,2800.0,6600.0,4200.0
10,24,16,41.959479,31.930008,27.447178,2800.0,6600.0,4200.0
10,24,17,2.1855369999999996,1.66876,1.429637,2800.0,6600.0,4200.0
10,24,18,0.0,0.0,0.0,2800.0,6600.0,4200.0
10,24,19,0.0,0.0,0.0,2800.0,6600.0,4200.0
10,24,20,0.0,0.0,0.0,2800.0,6600.0,4200.0
10,24,21,0.0,0.0,0.0,2800.0,6600.0,4200.0
10,24,22,0.0,0.0,0.0,2800.0,6600.0,4200.0
10,24,23,0.0,0.0,0.0,2800.0,6600.0,4200.0
10,25,0,0.0,0.0,0.0,2800.0,6600.0,4200.0
10,25,1,0.0,0.0,0.0,2800.0,6600.0,4200.0
10,25,2,0.0,0.0,0.0,2800.0,6600.0,4200.0
10,25,3,0.0,0.0,0.0,2800.0,6600.0,4200.0
10,25,4,0.0,0.0,0.0,2800.0,6600.0,4200.0
10,25,5,0.0,0.0,0.0,2800.0,6600.0,4200.0
10,25,6,0.0,0.0,0.0,2800.0,6600.0,4200.0
10,25,7,19.112873,14.50226,12.502406,2800.0,6600.0,4200.0
10,25,8,190.390975,144.500737,124.541465,2800.0,6600.0,4200.0
10,25,9,338.07230300000003,257.574788,221.14504,2800.0,6600.0,4200.0
10,25,10,432.386582,330.62055300000003,282.839343,2800.0,6600.0,4200.0
10,25,11,491.822066,376.67679100000004,321.71819400000004,2800.0,6600.0,4200.0
10,25,12,343.05131900000003,261.944657,224.401991,2800.0,6600.0,4200.0
10,25,13,288.045323,219.78844,188.420625,2800.0,6600.0,4200.0
10,25,14,428.71628499999997,328.136795,280.438472,2800.0,6600.0,4200.0
10,25,15,331.899896,253.426691,217.107451,2800.0,6600.0,4200.0
10,25,16,186.257262,141.91556400000002,121.837457,2800.0,6600.0,4200.0
10,25,17,20.995883999999997,15.999859,13.73415,2800.0,6600.0,4200.0
10,25,18,0.0,0.0,0.0,2800.0,6600.0,4200.0
10,25,19,0.0,0.0,0.0,2800.0,6600.0,4200.0
10,25,20,0.0,0.0,0.0,2800.0,6600.0,4200.0
10,25,21,0.0,0.0,0.0,2800.0,6600.0,4200.0
10,25,22,0.0,0.0,0.0,2800.0,6600.0,4200.0
10,25,23,0.0,0.0,0.0,2800.0,6600.0,4200.0
10,26,0,0.0,0.0,0.0,2800.0,6600.0,4200.0
10,26,1,0.0,0.0,0.0,2800.0,6600.0,4200.0
10,26,2,0.0,0.0,0.0,2800.0,6600.0,4200.0
10,26,3,0.0,0.0,0.0,2800.0,6600.0,4200.0
10,26,4,0.0,0.0,0.0,2800.0,6600.0,4200.0
10,26,5,0.0,0.0,0.0,2800.0,6600.0,4200.0
10,26,6,0.0,0.0,0.0,2800.0,6600.0,4200.0
10,26,7,12.81575,9.761121,8.383235,2800.0,6600.0,4200.0
10,26,8,4.576103,3.496789,2.993391,2800.0,6600.0,4200.0
10,26,9,84.75645,64.478544,55.442189,2800.0,6600.0,4200.0
10,26,10,403.294275,307.71798700000005,263.809037,2800.0,6600.0,4200.0
10,26,11,465.901463,356.23493,304.762611,2800.0,6600.0,4200.0
10,26,12,495.37667700000003,379.27403100000004,324.04339,2800.0,6600.0,4200.0
10,26,13,264.257768,201.75160699999998,172.860344,2800.0,6600.0,4200.0
10,26,14,374.974252,286.745993,245.28390900000002,2800.0,6600.0,4200.0
10,26,15,159.32108,121.49279,104.217549,2800.0,6600.0,4200.0
10,26,16,89.738223,68.422597,58.700943,2800.0,6600.0,4200.0
10,26,17,4.945225000000001,3.788222,3.2348470000000002,2800.0,6600.0,4200.0
10,26,18,0.0,0.0,0.0,2800.0,6600.0,4200.0
10,26,19,0.0,0.0,0.0,2800.0,6600.0,4200.0
10,26,20,0.0,0.0,0.0,2800.0,6600.0,4200.0
10,26,21,0.0,0.0,0.0,2800.0,6600.0,4200.0
10,26,22,0.0,0.0,0.0,2800.0,6600.0,4200.0
10,26,23,0.0,0.0,0.0,2800.0,6600.0,4200.0
10,27,0,0.0,0.0,0.0,2800.0,6600.0,4200.0
10,27,1,0.0,0.0,0.0,2800.0,6600.0,4200.0
10,27,2,0.0,0.0,0.0,2800.0,6600.0,4200.0
10,27,3,0.0,0.0,0.0,2800.0,6600.0,4200.0
10,27,4,0.0,0.0,0.0,2800.0,6600.0,4200.0
10,27,5,0.0,0.0,0.0,2800.0,6600.0,4200.0
10,27,6,0.0,0.0,0.0,2800.0,6600.0,4200.0
10,27,7,7.373057,5.61434,4.822977,2800.0,6600.0,4200.0
10,27,8,118.685063,90.230402,77.636094,2800.0,6600.0,4200.0
10,27,9,316.229982,241.455277,206.85720600000002,2800.0,6600.0,4200.0
10,27,10,410.15862400000003,314.18440899999996,268.29925099999997,2800.0,6600.0,4200.0
10,27,11,466.268838,358.00433000000004,305.002924,2800.0,6600.0,4200.0
10,27,12,485.585145,373.265621,317.638403,2800.0,6600.0,4200.0
10,27,13,465.770243,357.757585,304.676776,2800.0,6600.0,4200.0
10,27,14,411.722474,315.89973100000003,269.32221999999996,2800.0,6600.0,4200.0
10,27,15,318.167376,243.471468,208.124524,2800.0,6600.0,4200.0
10,27,16,177.010768,135.07574400000001,115.78899899999999,2800.0,6600.0,4200.0
10,27,17,17.758566,13.553961,11.616505,2800.0,6600.0,4200.0
10,27,18,0.0,0.0,0.0,2800.0,6600.0,4200.0
10,27,19,0.0,0.0,0.0,2800.0,6600.0,4200.0
10,27,20,0.0,0.0,0.0,2800.0,6600.0,4200.0
10,27,21,0.0,0.0,0.0,2800.0,6600.0,4200.0
10,27,22,0.0,0.0,0.0,2800.0,6600.0,4200.0
10,27,23,0.0,0.0,0.0,2800.0,6600.0,4200.0
10,28,0,0.0,0.0,0.0,2800.0,6600.0,4200.0
10,28,1,0.0,0.0,0.0,2800.0,6600.0,4200.0
10,28,2,0.0,0.0,0.0,2800.0,6600.0,4200.0
10,28,3,0.0,0.0,0.0,2800.0,6600.0,4200.0
10,28,4,0.0,0.0,0.0,2800.0,6600.0,4200.0
10,28,5,0.0,0.0,0.0,2800.0,6600.0,4200.0
10,28,6,0.0,0.0,0.0,2800.0,6600.0,4200.0
10,28,7,6.083296000000001,4.636603,3.979299,2800.0,6600.0,4200.0
10,28,8,118.53327800000001,90.191042,77.536806,2800.0,6600.0,4200.0
10,28,9,308.50134499999996,235.89654099999998,201.801632,2800.0,6600.0,4200.0
10,28,10,396.11765,304.251298,259.114553,2800.0,6600.0,4200.0
10,28,11,446.45312199999995,344.168821,292.040764,2800.0,6600.0,4200.0
10,28,12,375.836865,289.612501,245.848175,2800.0,6600.0,4200.0
10,28,13,285.03463500000004,219.280394,186.45122700000002,2800.0,6600.0,4200.0
10,28,14,300.597526,231.167973,196.631465,2800.0,6600.0,4200.0
10,28,15,292.87752500000005,225.01526500000003,191.581539,2800.0,6600.0,4200.0
10,28,16,156.503819,119.649111,102.374679,2800.0,6600.0,4200.0
10,28,17,7.4704880000000005,5.721126,4.88671,2800.0,6600.0,4200.0
10,28,18,0.0,0.0,0.0,2800.0,6600.0,4200.0
10,28,19,0.0,0.0,0.0,2800.0,6600.0,4200.0
10,28,20,0.0,0.0,0.0,2800.0,6600.0,4200.0
10,28,21,0.0,0.0,0.0,2800.0,6600.0,4200.0
10,28,22,0.0,0.0,0.0,2800.0,6600.0,4200.0
10,28,23,0.0,0.0,0.0,2800.0,6600.0,4200.0
10,29,0,0.0,0.0,0.0,2800.0,6600.0,4200.0
10,29,1,0.0,0.0,0.0,2800.0,6600.0,4200.0
10,29,2,0.0,0.0,0.0,2800.0,6600.0,4200.0
10,29,3,0.0,0.0,0.0,2800.0,6600.0,4200.0
10,29,4,0.0,0.0,0.0,2800.0,6600.0,4200.0
10,29,5,0.0,0.0,0.0,2800.0,6600.0,4200.0
10,29,6,0.0,0.0,0.0,2800.0,6600.0,4200.0
10,29,7,0.852923,0.651707,0.5579270000000001,2800.0,6600.0,4200.0
10,29,8,57.576132,43.783353000000005,37.662583,2800.0,6600.0,4200.0
10,29,9,101.535465,77.225174,66.417936,2800.0,6600.0,4200.0
10,29,10,118.176036,89.966539,77.303121,2800.0,6600.0,4200.0
10,29,11,195.763249,149.254607,128.055659,2800.0,6600.0,4200.0
10,29,12,204.26033999999999,155.819248,133.613907,2800.0,6600.0,4200.0
10,29,13,222.34043499999999,169.774816,145.44073600000002,2800.0,6600.0,4200.0
10,29,14,272.848895,208.669955,178.48010399999998,2800.0,6600.0,4200.0
10,29,15,131.4845,100.321994,86.008658,2800.0,6600.0,4200.0
10,29,16,38.847303999999994,29.653073,25.411394,2800.0,6600.0,4200.0
10,29,17,0.327894,0.25732900000000003,0.21448699999999998,2800.0,6600.0,4200.0
10,29,18,0.0,0.0,0.0,2800.0,6600.0,4200.0
10,29,19,0.0,0.0,0.0,2800.0,6600.0,4200.0
10,29,20,0.0,0.0,0.0,2800.0,6600.0,4200.0
10,29,21,0.0,0.0,0.0,2800.0,6600.0,4200.0
10,29,22,0.0,0.0,0.0,2800.0,6600.0,4200.0
10,29,23,0.0,0.0,0.0,2800.0,6600.0,4200.0
10,30,0,0.0,0.0,0.0,2800.0,6600.0,4200.0
10,30,1,0.0,0.0,0.0,2800.0,6600.0,4200.0
10,30,2,0.0,0.0,0.0,2800.0,6600.0,4200.0
10,30,3,0.0,0.0,0.0,2800.0,6600.0,4200.0
10,30,4,0.0,0.0,0.0,2800.0,6600.0,4200.0
10,30,5,0.0,0.0,0.0,2800.0,6600.0,4200.0
10,30,6,0.0,0.0,0.0,2800.0,6600.0,4200.0
10,30,7,3.4674110000000002,2.659229,2.268156,2800.0,6600.0,4200.0
10,30,8,126.75044100000001,96.639504,82.911942,2800.0,6600.0,4200.0
10,30,9,259.922386,198.673205,170.024418,2800.0,6600.0,4200.0
10,30,10,104.771507,80.03171499999999,68.534745,2800.0,6600.0,4200.0
10,30,11,119.090092,91.05748299999999,77.901037,2800.0,6600.0,4200.0
10,30,12,113.13207799999999,86.537812,74.00369,2800.0,6600.0,4200.0
10,30,13,100.49027099999999,76.904049,65.734237,2800.0,6600.0,4200.0
10,30,14,79.738733,61.035131,52.159923,2800.0,6600.0,4200.0
10,30,15,24.859582999999997,19.066156,16.261531,2800.0,6600.0,4200.0
10,30,16,24.527338,18.801658,16.044198,2800.0,6600.0,4200.0
10,30,17,-0.0,-0.0,-0.0,2800.0,6600.0,4200.0
10,30,18,0.0,0.0,0.0,2800.0,6600.0,4200.0
10,30,19,0.0,0.0,0.0,2800.0,6600.0,4200.0
10,30,20,0.0,0.0,0.0,2800.0,6600.0,4200.0
10,30,21,0.0,0.0,0.0,2800.0,6600.0,4200.0
10,30,22,0.0,0.0,0.0,2800.0,6600.0,4200.0
10,30,23,0.0,0.0,0.0,2800.0,6600.0,4200.0
10,31,0,0.0,0.0,0.0,2800.0,6600.0,4200.0
10,31,1,0.0,0.0,0.0,2800.0,6600.0,4200.0
10,31,2,0.0,0.0,0.0,2800.0,6600.0,4200.0
10,31,3,0.0,0.0,0.0,2800.0,6600.0,4200.0
10,31,4,0.0,0.0,0.0,2800.0,6600.0,4200.0
10,31,5,0.0,0.0,0.0,2800.0,6600.0,4200.0
10,31,6,0.0,0.0,0.0,2800.0,6600.0,4200.0
10,31,7,-0.0,-0.0,-0.0,2800.0,6600.0,4200.0
10,31,8,8.375655,6.438532,5.478812,2800.0,6600.0,4200.0
10,31,9,42.138525,32.230243,27.564297999999997,2800.0,6600.0,4200.0
10,31,10,18.923548999999998,14.513997,12.378562,2800.0,6600.0,4200.0
10,31,11,61.418427,46.964625,40.175963,2800.0,6600.0,4200.0
10,31,12,33.251594,25.462899,21.751043000000003,2800.0,6600.0,4200.0
10,31,13,54.975708,42.052176,35.961553,2800.0,6600.0,4200.0
10,31,14,73.968976,56.55426799999999,48.385721,2800.0,6600.0,4200.0
10,31,15,145.64630499999998,111.296153,95.272395,2800.0,6600.0,4200.0
10,31,16,30.510661,23.382544000000003,19.958102,2800.0,6600.0,4200.0
10,31,17,-0.0,-0.0,-0.0,2800.0,6600.0,4200.0
10,31,18,0.0,0.0,0.0,2800.0,6600.0,4200.0
10,31,19,0.0,0.0,0.0,2800.0,6600.0,4200.0
10,31,20,0.0,0.0,0.0,2800.0,6600.0,4200.0
10,31,21,0.0,0.0,0.0,2800.0,6600.0,4200.0
10,31,22,0.0,0.0,0.0,2800.0,6600.0,4200.0
10,31,23,0.0,0.0,0.0,2800.0,6600.0,4200.0
11,1,0,0.0,0.0,0.0,2800.0,6600.0,4200.0
11,1,1,0.0,0.0,0.0,2800.0,6600.0,4200.0
11,1,2,0.0,0.0,0.0,2800.0,6600.0,4200.0
11,1,3,0.0,0.0,0.0,2800.0,6600.0,4200.0
11,1,4,0.0,0.0,0.0,2800.0,6600.0,4200.0
11,1,5,0.0,0.0,0.0,2800.0,6518.224790706034,4200.0
11,1,6,0.0,0.0,0.0,2794.6277004301824,3410.766091076207,3300.741378460845
11,1,7,1.887588,1.447252,1.2347380000000001,2744.426018516277,3349.496321811205,3241.448053365682
11,1,8,32.793463,24.980700000000002,21.451363,2694.829168782761,3288.9647335537634,3182.869096987513
11,1,9,59.524528,45.348578,38.937098,2800.0,5876.06920203001,4200.0
11,1,10,84.308009,64.26852199999999,55.148848,2800.0,6600.0,4200.0
11,1,11,280.996076,214.643823,183.809463,2800.0,6600.0,4200.0
11,1,12,328.627442,251.334798,214.966823,2800.0,6600.0,4200.0
11,1,13,462.89624200000003,355.201556,302.79679,2800.0,6600.0,4200.0
11,1,14,404.875272,310.255422,264.843223,2800.0,6600.0,4200.0
11,1,15,306.847669,234.624161,200.719904,2800.0,6600.0,4200.0
11,1,16,161.58623300000002,123.26449000000001,105.699265,2800.0,6600.0,4200.0
11,1,17,3.654448,2.802356,2.390504,2800.0,6600.0,4200.0
11,1,18,0.0,0.0,0.0,2800.0,6600.0,4200.0
11,1,19,0.0,0.0,0.0,2800.0,6600.0,4200.0
11,1,20,0.0,0.0,0.0,2800.0,6600.0,4200.0
11,1,21,0.0,0.0,0.0,2800.0,6600.0,4200.0
11,1,22,0.0,0.0,0.0,2800.0,6600.0,4200.0
11,1,23,0.0,0.0,0.0,2800.0,6600.0,4200.0
11,2,0,0.0,0.0,0.0,2800.0,6600.0,4200.0
11,2,1,0.0,0.0,0.0,2800.0,6600.0,4200.0
11,2,2,0.0,0.0,0.0,2800.0,6600.0,4200.0
11,2,3,0.0,0.0,0.0,2800.0,6600.0,4200.0
11,2,4,0.0,0.0,0.0,2800.0,6600.0,4200.0
11,2,5,0.0,0.0,0.0,2800.0,6600.0,4200.0
11,2,6,0.0,0.0,0.0,2800.0,6600.0,4200.0
11,2,7,6.938524,5.287018,4.538734000000001,2800.0,6600.0,4200.0
11,2,8,160.399345,122.05037,104.92288,2800.0,6600.0,4200.0
11,2,9,306.453734,233.916772,200.462217,2800.0,6600.0,4200.0
11,2,10,397.566718,304.591581,260.06243900000004,2800.0,6600.0,4200.0
11,2,11,453.402098,348.26586,296.586335,2800.0,6600.0,4200.0
11,2,12,471.032788,362.131899,308.119192,2800.0,6600.0,4200.0
11,2,13,447.38731800000005,344.07484999999997,292.651854,2800.0,6600.0,4200.0
11,2,14,388.835788,298.67471,254.35123000000002,2800.0,6600.0,4200.0
11,2,15,294.021251,225.35804000000002,192.32969,2800.0,6600.0,4200.0
11,2,16,156.736644,119.802379,102.526977,2800.0,6600.0,4200.0
11,2,17,3.181993,2.4512240000000003,2.0814540000000004,2800.0,6600.0,4200.0
11,2,18,0.0,0.0,0.0,2800.0,6600.0,4200.0
11,2,19,0.0,0.0,0.0,2800.0,6600.0,4200.0
11,2,20,0.0,0.0,0.0,2800.0,6600.0,4200.0
11,2,21,0.0,0.0,0.0,2800.0,6600.0,4200.0
11,2,22,0.0,0.0,0.0,2800.0,6600.0,4200.0
11,2,23,0.0,0.0,0.0,2800.0,6600.0,4200.0
11,3,0,0.0,0.0,0.0,2800.0,6600.0,4200.0
11,3,1,0.0,0.0,0.0,2800.0,6600.0,4200.0
11,3,2,0.0,0.0,0.0,2800.0,6600.0,4200.0
11,3,3,0.0,0.0,0.0,2800.0,6600.0,4200.0
11,3,4,0.0,0.0,0.0,2800.0,6600.0,4200.0
11,3,5,0.0,0.0,0.0,2800.0,6600.0,4200.0
11,3,6,0.0,0.0,0.0,2800.0,6600.0,4200.0
11,3,7,-0.0,-0.0,-0.0,2800.0,6600.0,4200.0
11,3,8,85.186164,64.884607,55.723279999999995,2800.0,6600.0,4200.0
11,3,9,211.516263,161.290943,138.360263,2800.0,6600.0,4200.0
11,3,10,280.177807,214.079838,183.274205,2800.0,6600.0,4200.0
11,3,11,356.798531,273.28751500000004,233.39452799999998,2800.0,6600.0,4200.0
11,3,12,466.820797,358.41920500000003,305.36397999999997,2800.0,6600.0,4200.0
11,3,13,274.858886,210.499697,179.79491000000002,2800.0,6600.0,4200.0
11,3,14,340.762247,261.096974,222.904628,2800.0,6600.0,4200.0
11,3,15,288.237267,220.594143,188.546182,2800.0,6600.0,4200.0
11,3,16,151.510753,115.76597199999999,99.108538,2800.0,6600.0,4200.0
11,3,17,2.046306,1.587221,1.338561,2800.0,6600.0,4200.0
11,3,18,0.0,0.0,0.0,2800.0,6600.0,4200.0
11,3,19,0.0,0.0,0.0,2800.0,6600.0,4200.0
11,3,20,0.0,0.0,0.0,2800.0,6600.0,4200.0
11,3,21,0.0,0.0,0.0,2800.0,6600.0,4200.0
11,3,22,0.0,0.0,0.0,2800.0,6600.0,4200.0
11,3,23,0.0,0.0,0.0,2800.0,6600.0,4200.0
11,4,0,0.0,0.0,0.0,2800.0,6600.0,4200.0
11,4,1,0.0,0.0,0.0,2800.0,6600.0,4200.0
11,4,2,0.0,0.0,0.0,2800.0,6600.0,4200.0
11,4,3,0.0,0.0,0.0,2800.0,6600.0,4200.0
11,4,4,0.0,0.0,0.0,2800.0,6600.0,4200.0
11,4,5,0.0,0.0,0.0,2800.0,6600.0,4200.0
11,4,6,0.0,0.0,0.0,2800.0,6600.0,4200.0
11,4,7,-0.0,-0.0,-0.0,2800.0,6600.0,4200.0
11,4,8,93.67878999999999,71.453221,61.278607,2800.0,6600.0,4200.0
11,4,9,136.022857,103.82709200000001,88.977358,2800.0,6600.0,4200.0
11,4,10,241.333165,184.509974,157.864552,2800.0,6600.0,4200.0
11,4,11,426.170012,327.143649,278.77286499999997,2800.0,6600.0,4200.0
11,4,12,326.67574,250.517125,213.690146,2800.0,6600.0,4200.0
11,4,13,103.490647,79.22005899999999,67.69689,2800.0,6600.0,4200.0
11,4,14,185.138429,141.69827600000002,121.10558900000001,2800.0,6600.0,4200.0
11,4,15,84.276289,64.475994,55.128099,2800.0,6600.0,4200.0
11,4,16,14.591581,11.203528,9.544869,2800.0,6600.0,4200.0
11,4,17,-0.0,-0.0,-0.0,2800.0,6600.0,4200.0
11,4,18,0.0,0.0,0.0,2800.0,6600.0,4200.0
11,4,19,0.0,0.0,0.0,2800.0,6600.0,4200.0
11,4,20,0.0,0.0,0.0,2800.0,6600.0,4200.0
11,4,21,0.0,0.0,0.0,2800.0,6600.0,4200.0
11,4,22,0.0,0.0,0.0,2800.0,6600.0,4200.0
11,4,23,0.0,0.0,0.0,2800.0,6600.0,4200.0
11,5,0,0.0,0.0,0.0,2800.0,6600.0,4200.0
11,5,1,0.0,0.0,0.0,2800.0,5277.537873988738,4200.0
11,5,2,0.0,0.0,0.0,2061.927887690667,2516.5261621421523,2435.347898847244
11,5,3,0.0,0.0,0.0,667.5923777577954,814.7780988382542,788.4949343596008
11,5,4,0.0,0.0,0.0,183.74862734385428,224.2601357346253,217.0259378077019
11,5,5,0.0,0.0,0.0,85.90327597997313,104.84258092043964,101.4605621810706
11,5,6,0.0,0.0,0.0,131.96338481220266,161.05767437709773,155.86226552622358
11,5,7,-0.0,-0.0,-0.0,687.226207839785,838.7406473635172,811.6844974485649
11,5,8,26.266261999999998,20.106429,17.18169,1676.4237403920558,2046.0289744942413,1980.0280398331363
11,5,9,17.458536,13.395414,11.420245999999999,2800.0,3472.7785151730586,3360.753401780379
11,5,10,16.18578,12.429582,10.587691000000001,2800.0,3728.344236364732,3608.075067449741
11,5,11,56.402062,43.190220000000004,36.894582,2800.0,4954.515830178791,4200.0
11,5,12,97.228347,74.431704,63.600498,2800.0,6600.0,4200.0
11,5,13,6.054963,4.6809520000000004,3.960765,2800.0,6600.0,4200.0
11,5,14,45.589400999999995,34.965419000000004,29.821638,2800.0,6600.0,4200.0
11,5,15,13.484887,10.376346,8.820941000000001,2800.0,5033.998538121269,4200.0
11,5,16,-0.0,-0.0,-0.0,2800.0,6145.847517348083,4200.0
11,5,17,-0.0,-0.0,-0.0,2800.0,6600.0,4200.0
11,5,18,0.0,0.0,0.0,2800.0,6600.0,4200.0
11,5,19,0.0,0.0,0.0,2800.0,6600.0,4200.0
11,5,20,0.0,0.0,0.0,2800.0,6600.0,4200.0
11,5,21,0.0,0.0,0.0,2800.0,6600.0,4200.0
11,5,22,0.0,0.0,0.0,2800.0,6600.0,4200.0
11,5,23,0.0,0.0,0.0,2800.0,6600.0,4200.0
11,6,0,0.0,0.0,0.0,2800.0,6600.0,4200.0
11,6,1,0.0,0.0,0.0,2800.0,6600.0,4200.0
11,6,2,0.0,0.0,0.0,2800.0,6600.0,4200.0
11,6,3,0.0,0.0,0.0,2800.0,6600.0,4200.0
11,6,4,0.0,0.0,0.0,2800.0,6600.0,4200.0
11,6,5,0.0,0.0,0.0,2800.0,6600.0,4200.0
11,6,6,0.0,0.0,0.0,2800.0,6600.0,4200.0
11,6,7,-0.0,-0.0,-0.0,2800.0,6600.0,4200.0
11,6,8,16.909044,12.902012000000001,11.060803,2800.0,6600.0,4200.0
11,6,9,42.339973,32.277316,27.696072,2800.0,6600.0,4200.0
11,6,10,18.443562999999997,14.095180000000001,12.064585999999998,2800.0,6600.0,4200.0
11,6,11,46.313517,35.357178999999995,30.295308000000002,2800.0,6600.0,4200.0
11,6,12,130.52671899999999,99.562523,85.38213999999999,2800.0,6600.0,4200.0
11,6,13,89.675079,68.42441199999999,58.659638,2800.0,6600.0,4200.0
11,6,14,54.225932,41.409772,35.471099,2800.0,6600.0,4200.0
11,6,15,48.419724,36.966708,31.673052,2800.0,6600.0,4200.0
11,6,16,137.209913,104.616709,89.753853,2800.0,6600.0,4200.0
11,6,17,-0.0,-0.0,-0.0,2800.0,6600.0,4200.0
11,6,18,0.0,0.0,0.0,2800.0,6600.0,4200.0
11,6,19,0.0,0.0,0.0,2800.0,6600.0,4200.0
11,6,20,0.0,0.0,0.0,2800.0,6600.0,4200.0
11,6,21,0.0,0.0,0.0,2800.0,6600.0,4200.0
11,6,22,0.0,0.0,0.0,2800.0,6600.0,4200.0
11,6,23,0.0,0.0,0.0,2800.0,6600.0,4200.0
11,7,0,0.0,0.0,0.0,2800.0,6600.0,4200.0
11,7,1,0.0,0.0,0.0,2800.0,6600.0,4200.0
11,7,2,0.0,0.0,0.0,2800.0,6600.0,4200.0
11,7,3,0.0,0.0,0.0,2800.0,6600.0,4200.0
11,7,4,0.0,0.0,0.0,2800.0,6600.0,4200.0
11,7,5,0.0,0.0,0.0,2800.0,6600.0,4200.0
11,7,6,0.0,0.0,0.0,2800.0,6600.0,4200.0
11,7,7,-0.0,-0.0,-0.0,2800.0,6600.0,4200.0
11,7,8,136.817043,104.079348,89.49686299999999,2800.0,6600.0,4200.0
11,7,9,246.807928,188.083192,161.445788,2800.0,6600.0,4200.0
11,7,10,323.082688,246.779414,211.33980300000002,2800.0,6600.0,4200.0
11,7,11,300.138215,229.466282,196.331013,2800.0,6600.0,4200.0
11,7,12,315.80416499999995,241.613964,206.578664,2800.0,6600.0,4200.0
11,7,13,361.86681400000003,277.20724099999995,236.70987100000002,2800.0,6600.0,4200.0
11,7,14,321.37152299999997,246.029563,210.22047,2800.0,6600.0,4200.0
11,7,15,180.032144,137.548838,117.765388,2800.0,6600.0,4200.0
11,7,16,41.266954,31.537981,26.994173,2800.0,6600.0,4200.0
11,7,17,-0.0,-0.0,-0.0,2800.0,6600.0,4200.0
11,7,18,0.0,0.0,0.0,2800.0,6600.0,4200.0
11,7,19,0.0,0.0,0.0,2800.0,6600.0,4200.0
11,7,20,0.0,0.0,0.0,2800.0,6600.0,4200.0
11,7,21,0.0,0.0,0.0,2800.0,6600.0,4200.0
11,7,22,0.0,0.0,0.0,2800.0,6600.0,4200.0
11,7,23,0.0,0.0,0.0,2800.0,6600.0,4200.0
11,8,0,0.0,0.0,0.0,2800.0,6600.0,4200.0
11,8,1,0.0,0.0,0.0,2800.0,6600.0,4200.0
11,8,2,0.0,0.0,0.0,2800.0,6600.0,4200.0
11,8,3,0.0,0.0,0.0,2800.0,6600.0,4200.0
11,8,4,0.0,0.0,0.0,2800.0,6600.0,4200.0
11,8,5,0.0,0.0,0.0,2800.0,6600.0,4200.0
11,8,6,0.0,0.0,0.0,2800.0,6600.0,4200.0
11,8,7,-0.0,-0.0,-0.0,2800.0,6600.0,4200.0
11,8,8,31.173395,23.823276,20.391619,2800.0,6600.0,4200.0
11,8,9,100.78638099999999,76.959815,65.927934,2800.0,6600.0,4200.0
11,8,10,263.894638,202.24536600000002,172.622808,2800.0,6600.0,4200.0
11,8,11,224.181661,171.953957,146.645147,2800.0,6600.0,4200.0
11,8,12,234.642667,180.124778,153.48806,2800.0,6600.0,4200.0
11,8,13,159.92423499999998,122.628032,104.612094,2800.0,6600.0,4200.0
11,8,14,143.897618,110.311877,94.128517,2800.0,6600.0,4200.0
11,8,15,79.966924,61.286489,52.309191,2800.0,6600.0,4200.0
11,8,16,92.456321,70.800665,60.478947,2800.0,6600.0,4200.0
11,8,17,-0.0,-0.0,-0.0,2800.0,6600.0,4200.0
11,8,18,0.0,0.0,0.0,2800.0,6600.0,4200.0
11,8,19,0.0,0.0,0.0,2800.0,6600.0,4200.0
11,8,20,0.0,0.0,0.0,2800.0,6600.0,4200.0
11,8,21,0.0,0.0,0.0,2800.0,6600.0,4200.0
11,8,22,0.0,0.0,0.0,2800.0,6600.0,4200.0
11,8,23,0.0,0.0,0.0,2800.0,6600.0,4200.0
11,9,0,0.0,0.0,0.0,2800.0,6600.0,4200.0
11,9,1,0.0,0.0,0.0,2800.0,6600.0,4200.0
11,9,2,0.0,0.0,0.0,2800.0,6600.0,4200.0
11,9,3,0.0,0.0,0.0,2800.0,6600.0,4200.0
11,9,4,0.0,0.0,0.0,2800.0,6600.0,4200.0
11,9,5,0.0,0.0,0.0,2800.0,6600.0,4200.0
11,9,6,0.0,0.0,0.0,2800.0,6600.0,4200.0
11,9,7,-0.0,-0.0,-0.0,2800.0,6600.0,4200.0
11,9,8,53.22804,40.71234,34.818341999999994,2800.0,6600.0,4200.0
11,9,9,221.232443,168.96858300000002,144.715959,2800.0,6600.0,4200.0
11,9,10,270.372,206.60377499999998,176.85988,2800.0,6600.0,4200.0
11,9,11,318.62910899999997,243.598804,208.42656,2800.0,6600.0,4200.0
11,9,12,342.31269799999995,261.74305499999997,223.918833,2800.0,6600.0,4200.0
11,9,13,363.873233,278.156004,238.02233999999999,2800.0,6600.0,4200.0
11,9,14,296.016297,225.99036900000002,193.63472,2800.0,6600.0,4200.0
11,9,15,118.778895,90.55685000000001,77.697473,2800.0,6600.0,4200.0
11,9,16,23.653329000000003,18.076472000000003,15.472477999999999,2800.0,6600.0,4200.0
11,9,17,-0.0,-0.0,-0.0,2800.0,6600.0,4200.0
11,9,18,0.0,0.0,0.0,2800.0,6600.0,4200.0
11,9,19,0.0,0.0,0.0,2800.0,6600.0,4200.0
11,9,20,0.0,0.0,0.0,2800.0,6600.0,4200.0
11,9,21,0.0,0.0,0.0,2800.0,6600.0,4200.0
11,9,22,0.0,0.0,0.0,2800.0,6600.0,4200.0
11,9,23,0.0,0.0,0.0,2800.0,6600.0,4200.0
11,10,0,0.0,0.0,0.0,2800.0,6600.0,4200.0
11,10,1,0.0,0.0,0.0,2800.0,6600.0,4200.0
11,10,2,0.0,0.0,0.0,2800.0,6600.0,4200.0
11,10,3,0.0,0.0,0.0,2800.0,6600.0,4200.0
11,10,4,0.0,0.0,0.0,2800.0,6600.0,4200.0
11,10,5,0.0,0.0,0.0,2800.0,6600.0,4200.0
11,10,6,0.0,0.0,0.0,2800.0,6600.0,4200.0
11,10,7,-0.0,-0.0,-0.0,2800.0,6600.0,4200.0
11,10,8,146.550826,111.26558299999999,95.86407399999999,2800.0,6600.0,4200.0
11,10,9,299.515391,228.130106,195.92360200000002,2800.0,6600.0,4200.0
11,10,10,398.828312,304.7578,260.887693,2800.0,6600.0,4200.0
11,10,11,370.503676,282.93719500000003,242.359547,2800.0,6600.0,4200.0
11,10,12,384.411676,293.640707,251.457262,2800.0,6600.0,4200.0
11,10,13,459.839868,351.905881,300.797508,2800.0,6600.0,4200.0
11,10,14,400.017868,305.846634,261.665823,2800.0,6600.0,4200.0
11,10,15,301.369582,229.907231,197.136494,2800.0,6600.0,4200.0
11,10,16,152.853263,116.35087,99.986721,2800.0,6600.0,4200.0
11,10,17,-0.0,-0.0,-0.0,2800.0,6600.0,4200.0
11,10,18,0.0,0.0,0.0,2800.0,6600.0,4200.0
11,10,19,0.0,0.0,0.0,2800.0,6600.0,4200.0
11,10,20,0.0,0.0,0.0,2800.0,6600.0,4200.0
11,10,21,0.0,0.0,0.0,2800.0,6600.0,4200.0
11,10,22,0.0,0.0,0.0,2800.0,6600.0,4200.0
11,10,23,0.0,0.0,0.0,2800.0,6600.0,4200.0
11,11,0,0.0,0.0,0.0,2800.0,6600.0,4200.0
11,11,1,0.0,0.0,0.0,2800.0,6600.0,4200.0
11,11,2,0.0,0.0,0.0,2800.0,6600.0,4200.0
11,11,3,0.0,0.0,0.0,2800.0,6600.0,4200.0
11,11,4,0.0,0.0,0.0,2800.0,6600.0,4200.0
11,11,5,0.0,0.0,0.0,2800.0,6600.0,4200.0
11,11,6,0.0,0.0,0.0,2800.0,6600.0,4200.0
11,11,7,-0.0,-0.0,-0.0,2800.0,5195.505086201954,4200.0
11,11,8,137.31774900000002,104.277396,89.824392,2800.0,6423.759245222193,4200.0
11,11,9,287.44509600000004,218.909483,188.027995,2800.0,6600.0,4200.0
11,11,10,295.663508,225.45136,193.40394899999998,2800.0,6600.0,4200.0
11,11,11,440.66593800000004,337.215544,288.255162,2800.0,6600.0,4200.0
11,11,12,340.394972,260.111102,222.66438,2800.0,6600.0,4200.0
11,11,13,390.120881,298.507487,255.191855,2800.0,6600.0,4200.0
11,11,14,320.890755,245.40371,209.905982,2800.0,6600.0,4200.0
11,11,15,231.035281,176.43325399999998,151.128342,2800.0,6600.0,4200.0
11,11,16,53.712377999999994,40.988243000000004,35.135165,2800.0,6600.0,4200.0
11,11,17,-0.0,-0.0,-0.0,2800.0,6600.0,4200.0
11,11,18,0.0,0.0,0.0,2800.0,6600.0,4200.0
11,11,19,0.0,0.0,0.0,2800.0,6600.0,4200.0
11,11,20,0.0,0.0,0.0,2800.0,6600.0,4200.0
11,11,21,0.0,0.0,0.0,2800.0,6600.0,4200.0
11,11,22,0.0,0.0,0.0,2800.0,6600.0,4200.0
11,11,23,0.0,0.0,0.0,2800.0,6600.0,4200.0
11,12,0,0.0,0.0,0.0,2800.0,6600.0,4200.0
11,12,1,0.0,0.0,0.0,2800.0,6600.0,4200.0
11,12,2,0.0,0.0,0.0,2800.0,6600.0,4200.0
11,12,3,0.0,0.0,0.0,2800.0,6600.0,4200.0
11,12,4,0.0,0.0,0.0,2800.0,6600.0,4200.0
11,12,5,0.0,0.0,0.0,2800.0,6600.0,4200.0
11,12,6,0.0,0.0,0.0,2800.0,6600.0,4200.0
11,12,7,0.0,0.0,0.0,2800.0,6600.0,4200.0
11,12,8,132.36136100000002,100.60347900000001,86.582244,2800.0,6600.0,4200.0
11,12,9,284.500114,216.784109,186.10157800000002,2800.0,6600.0,4200.0
11,12,10,383.62244799999996,293.244386,250.941,2800.0,6600.0,4200.0
11,12,11,440.162137,337.14007699999996,287.925608,2800.0,6600.0,4200.0
11,12,12,348.41342,266.722349,227.90953,2800.0,6600.0,4200.0
11,12,13,432.504053,331.729267,282.916185,2800.0,6600.0,4200.0
11,12,14,277.812798,212.523443,181.727169,2800.0,6600.0,4200.0
11,12,15,156.84026999999998,119.823814,102.594763,2800.0,6600.0,4200.0
11,12,16,91.611029,69.977555,59.926010999999995,2800.0,6600.0,4200.0
11,12,17,-0.0,-0.0,-0.0,2800.0,6600.0,4200.0
11,12,18,0.0,0.0,0.0,2800.0,6600.0,4200.0
11,12,19,0.0,0.0,0.0,2800.0,6600.0,4200.0
11,12,20,0.0,0.0,0.0,2800.0,6600.0,4200.0
11,12,21,0.0,0.0,0.0,2800.0,6600.0,4200.0
11,12,22,0.0,0.0,0.0,2800.0,6600.0,4200.0
11,12,23,0.0,0.0,0.0,2800.0,6600.0,4200.0
11,13,0,0.0,0.0,0.0,2800.0,6600.0,4200.0
11,13,1,0.0,0.0,0.0,2800.0,6600.0,4200.0
11,13,2,0.0,0.0,0.0,2800.0,6600.0,4200.0
11,13,3,0.0,0.0,0.0,2800.0,6600.0,4200.0
11,13,4,0.0,0.0,0.0,2800.0,6600.0,4200.0
11,13,5,0.0,0.0,0.0,2800.0,6600.0,4200.0
11,13,6,0.0,0.0,0.0,2800.0,6600.0,4200.0
11,13,7,0.0,0.0,0.0,2800.0,6600.0,4200.0
11,13,8,123.481927,94.154508,80.773892,2800.0,6600.0,4200.0
11,13,9,272.7547,208.18748300000001,178.41848800000002,2800.0,6600.0,4200.0
11,13,10,379.353875,289.86863400000004,248.14877600000003,2800.0,6600.0,4200.0
11,13,11,439.947856,336.60555,287.78544,2800.0,6600.0,4200.0
11,13,12,463.52168900000004,354.746232,303.205917,2800.0,6600.0,4200.0
11,13,13,446.35598999999996,341.49147999999997,291.977227,2800.0,6600.0,4200.0
11,13,14,387.401544,296.134691,253.41304,2800.0,6600.0,4200.0
11,13,15,288.386568,220.10407800000002,188.643845,2800.0,6600.0,4200.0
11,13,16,139.971698,106.65932000000001,91.560434,2800.0,6600.0,4200.0
11,13,17,-0.0,-0.0,-0.0,2800.0,6600.0,4200.0
11,13,18,0.0,0.0,0.0,2800.0,6600.0,4200.0
11,13,19,0.0,0.0,0.0,2800.0,6600.0,4200.0
11,13,20,0.0,0.0,0.0,2800.0,6600.0,4200.0
11,13,21,0.0,0.0,0.0,2800.0,6600.0,4200.0
11,13,22,0.0,0.0,0.0,2800.0,6600.0,4200.0
11,13,23,0.0,0.0,0.0,2800.0,6600.0,4200.0
11,14,0,0.0,0.0,0.0,2800.0,6600.0,4200.0
11,14,1,0.0,0.0,0.0,2800.0,6600.0,4200.0
11,14,2,0.0,0.0,0.0,2800.0,6600.0,4200.0
11,14,3,0.0,0.0,0.0,2800.0,4954.515830178791,4200.0
11,14,4,0.0,0.0,0.0,2275.070137118247,2776.660403569514,2687.090713131788
11,14,5,0.0,0.0,0.0,2800.0,4065.047980485539,3933.917400469876
11,14,6,0.0,0.0,0.0,2800.0,6600.0,4200.0
11,14,7,0.0,0.0,0.0,2800.0,6600.0,4200.0
11,14,8,56.552538,42.960602,36.993013,2800.0,6600.0,4200.0
11,14,9,106.853334,81.200997,69.896542,2800.0,6600.0,4200.0
11,14,10,183.963843,139.951373,120.33725100000001,2800.0,6600.0,4200.0
11,14,11,148.499355,112.99463499999999,97.138676,2800.0,6600.0,4200.0
11,14,12,169.299977,128.961577,110.745098,2800.0,6600.0,4200.0
11,14,13,171.880664,130.98918700000002,112.433216,2800.0,6600.0,4200.0
11,14,14,113.745244,86.67028599999999,74.404784,2800.0,6600.0,4200.0
11,14,15,36.930749000000006,28.169907,24.157708,2800.0,6600.0,4200.0
11,14,16,6.99038,5.349679,4.572655,2800.0,6600.0,4200.0
11,14,17,-0.0,-0.0,-0.0,2800.0,6600.0,4200.0
11,14,18,0.0,0.0,0.0,2800.0,6600.0,4200.0
11,14,19,0.0,0.0,0.0,2800.0,6600.0,4200.0
11,14,20,0.0,0.0,0.0,2800.0,6600.0,4200.0
11,14,21,0.0,0.0,0.0,2800.0,6600.0,4200.0
11,14,22,0.0,0.0,0.0,2800.0,6600.0,4200.0
11,14,23,0.0,0.0,0.0,2800.0,6600.0,4200.0
11,15,0,0.0,0.0,0.0,2800.0,6600.0,4200.0
11,15,1,0.0,0.0,0.0,2800.0,6600.0,4200.0
11,15,2,0.0,0.0,0.0,2800.0,6600.0,4200.0
11,15,3,0.0,0.0,0.0,2800.0,6600.0,4200.0
11,15,4,0.0,0.0,0.0,2800.0,6600.0,4200.0
11,15,5,0.0,0.0,0.0,2800.0,6600.0,4200.0
11,15,6,0.0,0.0,0.0,2800.0,6600.0,4200.0
11,15,7,0.0,0.0,0.0,2800.0,6600.0,4200.0
11,15,8,1.253044,0.963857,0.8196599999999999,2800.0,6600.0,4200.0
11,15,9,83.162938,63.332374,54.399816,2800.0,6600.0,4200.0
11,15,10,43.718712,33.358470000000004,28.597954,2800.0,6600.0,4200.0
11,15,11,62.964593,48.06393,41.187365,2800.0,6600.0,4200.0
11,15,12,1.694865,1.315414,1.108671,2800.0,6600.0,4200.0
11,15,13,20.586102,15.777278,13.466097,2800.0,6600.0,4200.0
11,15,14,0.6615489999999999,0.52664,0.432743,2800.0,6600.0,4200.0
11,15,15,57.921749000000005,44.342119,37.888663,2800.0,6600.0,4200.0
11,15,16,-0.0,-0.0,-0.0,2800.0,6600.0,4200.0
11,15,17,0.0,0.0,0.0,2800.0,6600.0,4200.0
11,15,18,0.0,0.0,0.0,2800.0,6600.0,4200.0
11,15,19,0.0,0.0,0.0,2800.0,6600.0,4200.0
11,15,20,0.0,0.0,0.0,2800.0,6600.0,4200.0
11,15,21,0.0,0.0,0.0,2800.0,6600.0,4200.0
11,15,22,0.0,0.0,0.0,2800.0,6600.0,4200.0
11,15,23,0.0,0.0,0.0,2800.0,6600.0,4200.0
11,16,0,0.0,0.0,0.0,2800.0,6600.0,4200.0
11,16,1,0.0,0.0,0.0,2800.0,6600.0,4200.0
11,16,2,0.0,0.0,0.0,2800.0,6600.0,4200.0
11,16,3,0.0,0.0,0.0,2800.0,6600.0,4200.0
11,16,4,0.0,0.0,0.0,2800.0,6600.0,4200.0
11,16,5,0.0,0.0,0.0,2800.0,6600.0,4200.0
11,16,6,0.0,0.0,0.0,2800.0,6600.0,4200.0
11,16,7,0.0,0.0,0.0,2800.0,6600.0,4200.0
11,16,8,7.421157,5.645471,4.854441,2800.0,6600.0,4200.0
11,16,9,21.010074,15.961224,13.743432,2800.0,6600.0,4200.0
11,16,10,59.473142,45.108458,38.903484,2800.0,6600.0,4200.0
11,16,11,74.731264,56.665335,48.884361,2800.0,6600.0,4200.0
11,16,12,122.611617,92.934346,80.204591,2800.0,6600.0,4200.0
11,16,13,86.526399,65.599683,56.599976000000005,2800.0,6600.0,4200.0
11,16,14,130.606548,98.99443,85.434359,2800.0,6600.0,4200.0
11,16,15,44.442733,33.72357,29.071562,2800.0,6600.0,4200.0
11,16,16,14.224089,10.812529,9.304478999999999,2800.0,6600.0,4200.0
11,16,17,0.0,0.0,0.0,2800.0,6600.0,4200.0
11,16,18,0.0,0.0,0.0,2800.0,6600.0,4200.0
11,16,19,0.0,0.0,0.0,2800.0,6600.0,4200.0
11,16,20,0.0,0.0,0.0,2800.0,6600.0,4200.0
11,16,21,0.0,0.0,0.0,2800.0,6600.0,4200.0
11,16,22,0.0,0.0,0.0,2800.0,6600.0,4200.0
11,16,23,0.0,0.0,0.0,2800.0,6600.0,4200.0
11,17,0,0.0,0.0,0.0,2800.0,6600.0,4200.0
11,17,1,0.0,0.0,0.0,2800.0,6600.0,4200.0
11,17,2,0.0,0.0,0.0,2800.0,6600.0,4200.0
11,17,3,0.0,0.0,0.0,2800.0,6600.0,4200.0
11,17,4,0.0,0.0,0.0,2800.0,6600.0,4200.0
11,17,5,0.0,0.0,0.0,2800.0,6600.0,4200.0
11,17,6,0.0,0.0,0.0,2800.0,6600.0,4200.0
11,17,7,0.0,0.0,0.0,2800.0,6600.0,4200.0
11,17,8,135.028301,102.138497,88.32678299999999,2800.0,6600.0,4200.0
11,17,9,302.172301,229.003969,197.66158,2800.0,6600.0,4200.0
11,17,10,413.44169,314.02065600000003,270.44682,2800.0,6600.0,4200.0
11,17,11,476.71903000000003,362.859961,311.838764,2800.0,6600.0,4200.0
11,17,12,497.248676,378.831963,325.267931,2800.0,6600.0,4200.0
11,17,13,471.91181300000005,359.590793,308.69419300000004,2800.0,6600.0,4200.0
11,17,14,410.031567,312.138211,268.216138,2800.0,6600.0,4200.0
11,17,15,301.908681,229.489386,197.489137,2800.0,6600.0,4200.0
11,17,16,142.596211,108.15182300000001,93.27722100000001,2800.0,6600.0,4200.0
11,17,17,0.0,0.0,0.0,2800.0,6600.0,4200.0
11,17,18,0.0,0.0,0.0,2800.0,6600.0,4200.0
11,17,19,0.0,0.0,0.0,2800.0,6600.0,4200.0
11,17,20,0.0,0.0,0.0,2800.0,6600.0,4200.0
11,17,21,0.0,0.0,0.0,2800.0,6600.0,4200.0
11,17,22,0.0,0.0,0.0,2800.0,6600.0,4200.0
11,17,23,0.0,0.0,0.0,2800.0,6600.0,4200.0
11,18,0,0.0,0.0,0.0,2800.0,6600.0,4200.0
11,18,1,0.0,0.0,0.0,2800.0,6600.0,4200.0
11,18,2,0.0,0.0,0.0,2800.0,6600.0,4200.0
11,18,3,0.0,0.0,0.0,2800.0,6600.0,4200.0
11,18,4,0.0,0.0,0.0,2800.0,3472.7785151730586,3360.753401780379
11,18,5,0.0,0.0,0.0,978.4920029593812,1194.2225232968824,1155.6992160937573
11,18,6,0.0,0.0,0.0,48.57413350122129,59.283391281018105,57.3710238203401
11,18,7,0.0,0.0,0.0,228.03272895548625,278.3076613236249,269.32999482931444
11,18,8,69.618197,52.783074,45.539722999999995,2800.0,5528.8079782263085,4200.0
11,18,9,114.069854,86.484144,74.617123,2800.0,6600.0,4200.0
11,18,10,208.695166,158.33302600000002,136.514883,2800.0,6600.0,4200.0
11,18,11,449.372866,342.272176,293.950672,2800.0,6600.0,4200.0
11,18,12,470.750716,358.96871799999997,307.934679,2800.0,6600.0,4200.0
11,18,13,450.540573,343.718817,294.71451,2800.0,6600.0,4200.0
11,18,14,101.427497,77.097394,66.34731,2800.0,6600.0,4200.0
11,18,15,48.148589,36.615256,31.495693,2800.0,6600.0,4200.0
11,18,16,17.248448,13.118654000000001,11.282819,2800.0,6600.0,4200.0
11,18,17,0.0,0.0,0.0,2800.0,6600.0,4200.0
11,18,18,0.0,0.0,0.0,2800.0,6600.0,4200.0
11,18,19,0.0,0.0,0.0,2800.0,6600.0,4200.0
11,18,20,0.0,0.0,0.0,2800.0,6600.0,4200.0
11,18,21,0.0,0.0,0.0,2800.0,6600.0,4200.0
11,18,22,0.0,0.0,0.0,2800.0,6600.0,4200.0
11,18,23,0.0,0.0,0.0,2800.0,6600.0,4200.0
11,19,0,0.0,0.0,0.0,2800.0,6600.0,4200.0
11,19,1,0.0,0.0,0.0,2800.0,6600.0,4200.0
11,19,2,0.0,0.0,0.0,2800.0,6600.0,4200.0
11,19,3,0.0,0.0,0.0,2800.0,6600.0,4200.0
11,19,4,0.0,0.0,0.0,2800.0,6600.0,4200.0
11,19,5,0.0,0.0,0.0,2800.0,6600.0,4200.0
11,19,6,0.0,0.0,0.0,2800.0,6600.0,4200.0
11,19,7,0.0,0.0,0.0,2800.0,5876.06920203001,4200.0
11,19,8,113.93494199999999,86.40016800000001,74.528872,2275.070137118247,2776.660403569514,2687.090713131788
11,19,9,273.63842999999997,207.803315,178.996567,21.955408148130225,26.795970574489644,25.93158442692546
11,19,10,383.440017,292.091385,250.821666,324.6794129073232,396.2622755955519,383.4796215440825
11,19,11,443.999114,338.938664,290.435511,557.58989956809,680.5231057720783,658.5707475213661
11,19,12,463.356373,354.156854,303.097778,430.6948862392302,525.6512391108714,508.6947475266498
11,19,13,441.974348,337.8645,289.111039,1109.377075854021,1353.9641476958525,1310.287884866954
11,19,14,254.819584,194.221396,166.686495,2794.6277004301824,3410.766091076207,3300.741378460845
11,19,15,277.398424,211.432578,181.456112,2800.0,3728.344236364732,3608.075067449741
11,19,16,128.172895,97.519013,83.84242,2800.0,6600.0,4200.0
11,19,17,0.0,0.0,0.0,2800.0,6600.0,4200.0
11,19,18,0.0,0.0,0.0,2800.0,6600.0,4200.0
11,19,19,0.0,0.0,0.0,2800.0,6600.0,4200.0
11,19,20,0.0,0.0,0.0,2800.0,6600.0,4200.0
11,19,21,0.0,0.0,0.0,2800.0,6600.0,4200.0
11,19,22,0.0,0.0,0.0,2800.0,6600.0,4200.0
11,19,23,0.0,0.0,0.0,2800.0,6600.0,4200.0
11,20,0,0.0,0.0,0.0,2800.0,6600.0,4200.0
11,20,1,0.0,0.0,0.0,2800.0,6600.0,4200.0
11,20,2,0.0,0.0,0.0,2800.0,6600.0,4200.0
11,20,3,0.0,0.0,0.0,2800.0,6600.0,4200.0
11,20,4,0.0,0.0,0.0,2800.0,6600.0,4200.0
11,20,5,0.0,0.0,0.0,2800.0,6600.0,4200.0
11,20,6,0.0,0.0,0.0,2800.0,6600.0,4200.0
11,20,7,0.0,0.0,0.0,2800.0,6600.0,4200.0
11,20,8,101.460105,77.01147,66.36864,2800.0,6600.0,4200.0
11,20,9,187.649551,142.626129,122.74820299999999,2800.0,6600.0,4200.0
11,20,10,352.179937,268.72028,230.373342,2800.0,6600.0,4200.0
11,20,11,410.625595,314.07099,268.604712,2800.0,6600.0,4200.0
11,20,12,366.141414,279.956616,239.506038,2800.0,6600.0,4200.0
11,20,13,329.325536,251.71397,215.42347099999998,2800.0,6600.0,4200.0
11,20,14,255.024266,194.69220199999998,166.82038500000002,2800.0,6600.0,4200.0
11,20,15,240.665822,183.70469,157.428019,2800.0,6600.0,4200.0
11,20,16,98.611136,75.09802400000001,64.50502900000001,2800.0,6600.0,4200.0
11,20,17,0.0,0.0,0.0,2800.0,6600.0,4200.0
11,20,18,0.0,0.0,0.0,2800.0,6600.0,4200.0
11,20,19,0.0,0.0,0.0,2800.0,6600.0,4200.0
11,20,20,0.0,0.0,0.0,2800.0,6600.0,4200.0
11,20,21,0.0,0.0,0.0,2800.0,6600.0,4200.0
11,20,22,0.0,0.0,0.0,2800.0,6600.0,4200.0
11,20,23,0.0,0.0,0.0,2800.0,6600.0,4200.0
11,21,0,0.0,0.0,0.0,2800.0,6600.0,4200.0
11,21,1,0.0,0.0,0.0,2800.0,6600.0,4200.0
11,21,2,0.0,0.0,0.0,2800.0,6600.0,4200.0
11,21,3,0.0,0.0,0.0,2800.0,6600.0,4200.0
11,21,4,0.0,0.0,0.0,2800.0,6600.0,4200.0
11,21,5,0.0,0.0,0.0,2800.0,6600.0,4200.0
11,21,6,0.0,0.0,0.0,2800.0,6600.0,4200.0
11,21,7,0.0,0.0,0.0,2800.0,6600.0,4200.0
11,21,8,21.07292,16.022042,13.784540999999999,2800.0,6600.0,4200.0
11,21,9,26.001098000000002,19.781664,17.008237,2800.0,6600.0,4200.0
11,21,10,64.55695,49.093396999999996,42.228982,2800.0,6600.0,4200.0
11,21,11,144.37089300000002,109.793071,94.438103,2800.0,6600.0,4200.0
11,21,12,376.23601299999996,287.05982900000004,246.109272,2800.0,6600.0,4200.0
11,21,13,336.876044,257.00171,220.362525,2800.0,6600.0,4200.0
11,21,14,259.477526,197.73514600000001,169.733419,2800.0,6600.0,4200.0
11,21,15,145.763679,110.979215,95.349174,2800.0,6600.0,4200.0
11,21,16,44.298218999999996,33.729419,28.97703,2800.0,6600.0,4200.0
11,21,17,0.0,0.0,0.0,2800.0,6600.0,4200.0
11,21,18,0.0,0.0,0.0,2800.0,6600.0,4200.0
11,21,19,0.0,0.0,0.0,2800.0,6600.0,4200.0
11,21,20,0.0,0.0,0.0,2800.0,6600.0,4200.0
11,21,21,0.0,0.0,0.0,2800.0,6600.0,4200.0
11,21,22,0.0,0.0,0.0,2800.0,6600.0,4200.0
11,21,23,0.0,0.0,0.0,2800.0,6600.0,4200.0
11,22,0,0.0,0.0,0.0,2800.0,6600.0,4200.0
11,22,1,0.0,0.0,0.0,2800.0,6600.0,4200.0
11,22,2,0.0,0.0,0.0,2800.0,6600.0,4200.0
11,22,3,0.0,0.0,0.0,2800.0,6600.0,4200.0
11,22,4,0.0,0.0,0.0,2800.0,6600.0,4200.0
11,22,5,0.0,0.0,0.0,2800.0,6600.0,4200.0
11,22,6,0.0,0.0,0.0,2800.0,6600.0,4200.0
11,22,7,0.0,0.0,0.0,2800.0,6600.0,4200.0
11,22,8,92.60716599999999,70.267747,60.57762,2800.0,6600.0,4200.0
11,22,9,258.615952,196.426055,169.169833,2800.0,6600.0,4200.0
11,22,10,380.049989,289.173559,248.604128,2800.0,6600.0,4200.0
11,22,11,452.027294,344.30783,295.687027,2800.0,6600.0,4200.0
11,22,12,311.116473,236.60593799999998,203.512279,2800.0,6600.0,4200.0
11,22,13,456.251802,347.740548,298.45042700000005,2800.0,6600.0,4200.0
11,22,14,392.914352,299.19149400000003,257.019163,2800.0,6600.0,4200.0
11,22,15,287.89873,218.848905,188.324733,2800.0,6600.0,4200.0
11,22,16,133.885951,101.603801,87.579532,2800.0,6600.0,4200.0
11,22,17,0.0,0.0,0.0,2800.0,6600.0,4200.0
11,22,18,0.0,0.0,0.0,2800.0,6600.0,4200.0
11,22,19,0.0,0.0,0.0,2800.0,6600.0,4200.0
11,22,20,0.0,0.0,0.0,2800.0,6600.0,4200.0
11,22,21,0.0,0.0,0.0,2800.0,6600.0,4200.0
11,22,22,0.0,0.0,0.0,2800.0,6600.0,4200.0
11,22,23,0.0,0.0,0.0,2800.0,6600.0,4200.0
11,23,0,0.0,0.0,0.0,2800.0,6600.0,4200.0
11,23,1,0.0,0.0,0.0,2800.0,6600.0,4200.0
11,23,2,0.0,0.0,0.0,2800.0,6600.0,4200.0
11,23,3,0.0,0.0,0.0,2800.0,6600.0,4200.0
11,23,4,0.0,0.0,0.0,2800.0,6600.0,4200.0
11,23,5,0.0,0.0,0.0,2800.0,6600.0,4200.0
11,23,6,0.0,0.0,0.0,2800.0,6600.0,4200.0
11,23,7,0.0,0.0,0.0,2800.0,6600.0,4200.0
11,23,8,11.904759,9.052003000000001,7.787324,2800.0,6600.0,4200.0
11,23,9,16.593252,12.610831000000001,10.854233,2800.0,6600.0,4200.0
11,23,10,118.845224,90.168427,77.74086100000001,2800.0,6600.0,4200.0
11,23,11,223.55847,169.89123,146.237495,2800.0,6600.0,4200.0
11,23,12,262.578371,199.82085899999998,171.761791,2800.0,6600.0,4200.0
11,23,13,221.942831,168.934883,145.18064900000002,2800.0,6600.0,4200.0
11,23,14,369.14721999999995,281.575897,241.472242,2800.0,6600.0,4200.0
11,23,15,267.211653,203.49225,174.792585,2800.0,6600.0,4200.0
11,23,16,116.87984,88.919005,76.45523399999999,2800.0,6600.0,4200.0
11,23,17,0.0,0.0,0.0,2800.0,6600.0,4200.0
11,23,18,0.0,0.0,0.0,2800.0,6600.0,4200.0
11,23,19,0.0,0.0,0.0,2800.0,6600.0,4200.0
11,23,20,0.0,0.0,0.0,2800.0,6600.0,4200.0
11,23,21,0.0,0.0,0.0,2800.0,6600.0,4200.0
11,23,22,0.0,0.0,0.0,2800.0,6600.0,4200.0
11,23,23,0.0,0.0,0.0,2800.0,6600.0,4200.0
11,24,0,0.0,0.0,0.0,2800.0,6600.0,4200.0
11,24,1,0.0,0.0,0.0,2800.0,6600.0,4200.0
11,24,2,0.0,0.0,0.0,2800.0,6600.0,4200.0
11,24,3,0.0,0.0,0.0,2800.0,6600.0,4200.0
11,24,4,0.0,0.0,0.0,2800.0,6600.0,4200.0
11,24,5,0.0,0.0,0.0,2800.0,6600.0,4200.0
11,24,6,0.0,0.0,0.0,2800.0,6600.0,4200.0
11,24,7,0.0,0.0,0.0,2800.0,6600.0,4200.0
11,24,8,116.189083,87.882374,76.003385,2800.0,6600.0,4200.0
11,24,9,288.52146700000003,218.374718,188.732087,2800.0,6600.0,4200.0
11,24,10,402.01524,304.744656,262.972375,2800.0,6600.0,4200.0
11,24,11,471.898964,358.027038,308.685788,2800.0,6600.0,4200.0
11,24,12,499.936843,379.44496899999996,327.026356,2800.0,6600.0,4200.0
11,24,13,483.85858,367.172174,316.50899599999997,2800.0,6600.0,4200.0
11,24,14,420.675344,318.990427,275.178609,2800.0,6600.0,4200.0
11,24,15,314.17432,237.874182,205.51252499999998,2800.0,6600.0,4200.0
11,24,16,147.39168700000002,111.445974,96.414111,2800.0,6600.0,4200.0
11,24,17,0.0,0.0,0.0,2800.0,6600.0,4200.0
11,24,18,0.0,0.0,0.0,2800.0,6600.0,4200.0
11,24,19,0.0,0.0,0.0,2800.0,6600.0,4200.0
11,24,20,0.0,0.0,0.0,2800.0,6600.0,4200.0
11,24,21,0.0,0.0,0.0,2800.0,6600.0,4200.0
11,24,22,0.0,0.0,0.0,2800.0,6600.0,4200.0
11,24,23,0.0,0.0,0.0,2800.0,6600.0,4200.0
11,25,0,0.0,0.0,0.0,2800.0,6600.0,4200.0
11,25,1,0.0,0.0,0.0,2800.0,6600.0,4200.0
11,25,2,0.0,0.0,0.0,2800.0,6600.0,4200.0
11,25,3,0.0,0.0,0.0,2800.0,6600.0,4200.0
11,25,4,0.0,0.0,0.0,2800.0,6600.0,4200.0
11,25,5,0.0,0.0,0.0,2800.0,6600.0,4200.0
11,25,6,0.0,0.0,0.0,2800.0,6600.0,4200.0
11,25,7,0.0,0.0,0.0,2800.0,6600.0,4200.0
11,25,8,94.448348,71.467272,61.782002,2800.0,6600.0,4200.0
11,25,9,268.44733299999996,203.51595,175.600887,2800.0,6600.0,4200.0
11,25,10,273.523568,207.515489,178.921432,2800.0,6600.0,4200.0
11,25,11,282.28330200000005,214.17935200000002,184.651483,2800.0,5965.099051003621,4200.0
11,25,12,169.33021100000002,128.365659,110.764875,813.163264745564,992.4433546107276,960.4290528490912
11,25,13,330.78479999999996,251.333756,216.378027,507.4383148650858,619.3144787723488,599.3365923603375
11,25,14,73.66160400000001,55.832832,48.184658999999996,2020.963642713616,2466.530430083547,2386.964932338916
11,25,15,75.51814599999999,57.240104,49.399088000000006,2800.0,4348.55720818164,4200.0
11,25,16,15.040608,11.420949,9.838593000000001,2800.0,6600.0,4200.0
11,25,17,0.0,0.0,0.0,2800.0,6600.0,4200.0
11,25,18,0.0,0.0,0.0,2800.0,6600.0,4200.0
11,25,19,0.0,0.0,0.0,2800.0,6600.0,4200.0
11,25,20,0.0,0.0,0.0,2800.0,6600.0,4200.0
11,25,21,0.0,0.0,0.0,2800.0,6600.0,4200.0
11,25,22,0.0,0.0,0.0,2800.0,6600.0,4200.0
11,25,23,0.0,0.0,0.0,2800.0,6600.0,4200.0
11,26,0,0.0,0.0,0.0,2800.0,6600.0,4200.0
11,26,1,0.0,0.0,0.0,2800.0,6600.0,4200.0
11,26,2,0.0,0.0,0.0,2800.0,6600.0,4200.0
11,26,3,0.0,0.0,0.0,2800.0,6600.0,4200.0
11,26,4,0.0,0.0,0.0,2800.0,6600.0,4200.0
11,26,5,0.0,0.0,0.0,2800.0,6600.0,4200.0
11,26,6,0.0,0.0,0.0,2800.0,6600.0,4200.0
11,26,7,0.0,0.0,0.0,2800.0,6600.0,4200.0
11,26,8,84.10124400000001,63.766526,55.013596,2800.0,6600.0,4200.0
11,26,9,235.717286,179.00041000000002,154.191006,2800.0,6600.0,4200.0
11,26,10,328.563355,250.084046,214.924901,2800.0,6600.0,4200.0
11,26,11,383.119164,292.08407900000003,250.611784,2800.0,6600.0,4200.0
11,26,12,118.91222599999999,90.409333,77.784689,2800.0,6600.0,4200.0
11,26,13,113.611745,86.344736,74.31745699999999,2800.0,6600.0,4200.0
11,26,14,336.292146,256.181667,219.980576,2800.0,6600.0,4200.0
11,26,15,237.78804399999999,180.851611,155.54556200000002,2800.0,6600.0,4200.0
11,26,16,90.816765,68.99636,59.406456,2800.0,6600.0,4200.0
11,26,17,0.0,0.0,0.0,2800.0,6600.0,4200.0
11,26,18,0.0,0.0,0.0,2800.0,6600.0,4200.0
11,26,19,0.0,0.0,0.0,2800.0,6600.0,4200.0
11,26,20,0.0,0.0,0.0,2800.0,6600.0,4200.0
11,26,21,0.0,0.0,0.0,2800.0,6600.0,4200.0
11,26,22,0.0,0.0,0.0,2800.0,6600.0,4200.0
11,26,23,0.0,0.0,0.0,2800.0,6600.0,4200.0
11,27,0,0.0,0.0,0.0,2800.0,6600.0,4200.0
11,27,1,0.0,0.0,0.0,2800.0,6600.0,4200.0
11,27,2,0.0,0.0,0.0,2800.0,6600.0,4200.0
11,27,3,0.0,0.0,0.0,2800.0,6600.0,4200.0
11,27,4,0.0,0.0,0.0,2800.0,6600.0,4200.0
11,27,5,0.0,0.0,0.0,2800.0,6600.0,4200.0
11,27,6,0.0,0.0,0.0,2800.0,6600.0,4200.0
11,27,7,0.0,0.0,0.0,2800.0,6600.0,4200.0
11,27,8,20.348298,15.50431,13.310540999999999,2800.0,6600.0,4200.0
11,27,9,26.902583999999997,20.486638,17.597931,2800.0,6600.0,4200.0
11,27,10,44.394341999999995,33.793211,29.039908,2800.0,6600.0,4200.0
11,27,11,61.385887000000004,46.725894999999994,40.154678,2800.0,6600.0,4200.0
11,27,12,31.944011999999997,24.355717000000002,20.895706999999998,2800.0,6600.0,4200.0
11,27,13,2.364779,1.815981,1.546886,2800.0,6600.0,4200.0
11,27,14,32.704208,24.934221,21.392978,2800.0,6600.0,4200.0
11,27,15,70.657257,53.825157,46.219409,2800.0,6600.0,4200.0
11,27,16,9.965646000000001,7.624049,6.518881,2800.0,6600.0,4200.0
11,27,17,0.0,0.0,0.0,2800.0,6600.0,4200.0
11,27,18,0.0,0.0,0.0,2800.0,6600.0,4200.0
11,27,19,0.0,0.0,0.0,2800.0,6600.0,4200.0
11,27,20,0.0,0.0,0.0,2800.0,6600.0,4200.0
11,27,21,0.0,0.0,0.0,2800.0,6600.0,4200.0
11,27,22,0.0,0.0,0.0,2800.0,6600.0,4200.0
11,27,23,0.0,0.0,0.0,2800.0,6600.0,4200.0
11,28,0,0.0,0.0,0.0,2800.0,6600.0,4200.0
11,28,1,0.0,0.0,0.0,2800.0,6600.0,4200.0
11,28,2,0.0,0.0,0.0,2800.0,6600.0,4200.0
11,28,3,0.0,0.0,0.0,2800.0,6600.0,4200.0
11,28,4,0.0,0.0,0.0,2800.0,6600.0,4200.0
11,28,5,0.0,0.0,0.0,2800.0,6600.0,4200.0
11,28,6,0.0,0.0,0.0,2800.0,6600.0,4200.0
11,28,7,0.0,0.0,0.0,2800.0,6600.0,4200.0
11,28,8,8.800513,6.748837000000001,5.756727,2800.0,6600.0,4200.0
11,28,9,3.2694270000000003,2.5230360000000003,2.1386480000000003,2800.0,6600.0,4200.0
11,28,10,19.089095,14.639191,12.486851,2800.0,6600.0,4200.0
11,28,11,49.697877,38.010901,32.509136999999996,2800.0,6600.0,4200.0
11,28,12,61.10533,46.741214,39.971156,2800.0,6600.0,4200.0
11,28,13,40.029579,30.651472000000002,26.184762,2800.0,6600.0,4200.0
11,28,14,311.484864,238.172763,203.75325700000002,2800.0,6600.0,4200.0
11,28,15,221.64070199999998,169.192703,144.983016,2800.0,6600.0,4200.0
11,28,16,99.01921,75.478428,64.771965,2800.0,6600.0,4200.0
11,28,17,0.0,0.0,0.0,2800.0,6600.0,4200.0
11,28,18,0.0,0.0,0.0,2800.0,6600.0,4200.0
11,28,19,0.0,0.0,0.0,2800.0,6600.0,4200.0
11,28,20,0.0,0.0,0.0,2800.0,6600.0,4200.0
11,28,21,0.0,0.0,0.0,2800.0,6600.0,4200.0
11,28,22,0.0,0.0,0.0,2800.0,6600.0,4200.0
11,28,23,0.0,0.0,0.0,2800.0,6600.0,4200.0
11,29,0,0.0,0.0,0.0,2800.0,6600.0,4200.0
11,29,1,0.0,0.0,0.0,2800.0,6600.0,4200.0
11,29,2,0.0,0.0,0.0,2800.0,6600.0,4200.0
11,29,3,0.0,0.0,0.0,2800.0,6600.0,4200.0
11,29,4,0.0,0.0,0.0,2800.0,6600.0,4200.0
11,29,5,0.0,0.0,0.0,2800.0,6600.0,4200.0
11,29,6,0.0,0.0,0.0,2800.0,6600.0,4200.0
11,29,7,0.0,0.0,0.0,2800.0,6600.0,4200.0
11,29,8,9.319099,7.08812,6.0959520000000005,2800.0,6600.0,4200.0
11,29,9,35.174203,26.715397,23.008688999999997,2800.0,6600.0,4200.0
11,29,10,21.076465,16.02086,13.78686,2800.0,6600.0,4200.0
11,29,11,48.501934,36.817901,31.726829000000002,2800.0,6600.0,4200.0
11,29,12,33.546043,25.479433,21.943651999999997,2800.0,6600.0,4200.0
11,29,13,35.908142999999995,27.270504000000003,23.488785,2800.0,6600.0,4200.0
11,29,14,42.923076,32.572772,28.077501,2800.0,6600.0,4200.0
11,29,15,237.450521,180.085115,155.324777,2800.0,6600.0,4200.0
11,29,16,91.724523,69.55213099999999,60.000252,2800.0,6600.0,4200.0
11,29,17,0.0,0.0,0.0,2800.0,6600.0,4200.0
11,29,18,0.0,0.0,0.0,2800.0,6600.0,4200.0
11,29,19,0.0,0.0,0.0,2800.0,6600.0,4200.0
11,29,20,0.0,0.0,0.0,2800.0,6600.0,4200.0
11,29,21,0.0,0.0,0.0,2800.0,6600.0,4200.0
11,29,22,0.0,0.0,0.0,2800.0,6600.0,4200.0
11,29,23,0.0,0.0,0.0,2800.0,6600.0,4200.0
11,30,0,0.0,0.0,0.0,2800.0,6600.0,4200.0
11,30,1,0.0,0.0,0.0,2800.0,6600.0,4200.0
11,30,2,0.0,0.0,0.0,2800.0,6600.0,4200.0
11,30,3,0.0,0.0,0.0,2800.0,6600.0,4200.0
11,30,4,0.0,0.0,0.0,2800.0,6600.0,4200.0
11,30,5,0.0,0.0,0.0,2800.0,6600.0,4200.0
11,30,6,0.0,0.0,0.0,2800.0,6600.0,4200.0
11,30,7,0.0,0.0,0.0,2800.0,6600.0,4200.0
11,30,8,9.903244,7.518186,6.4780619999999995,2800.0,6600.0,4200.0
11,30,9,44.459756999999996,33.712911999999996,29.082698,2800.0,6600.0,4200.0
11,30,10,112.33776300000001,85.168902,73.484101,2800.0,6600.0,4200.0
11,30,11,139.128714,105.54458,91.009009,2800.0,6600.0,4200.0
11,30,12,316.319218,240.55157699999998,206.915578,2800.0,6600.0,4200.0
11,30,13,250.09879500000002,190.022701,163.59846,2800.0,6600.0,4200.0
11,30,14,377.591288,287.722316,246.995805,2800.0,6600.0,4200.0
11,30,15,273.77184,208.292926,179.083835,2800.0,6600.0,4200.0
11,30,16,120.55230999999999,91.516446,78.857526,2800.0,6600.0,4200.0
11,30,17,0.0,0.0,0.0,2800.0,6600.0,4200.0
11,30,18,0.0,0.0,0.0,2800.0,6600.0,4200.0
11,30,19,0.0,0.0,0.0,2800.0,6600.0,4200.0
11,30,20,0.0,0.0,0.0,2800.0,6600.0,4200.0
11,30,21,0.0,0.0,0.0,2800.0,6600.0,4200.0
11,30,22,0.0,0.0,0.0,2800.0,6600.0,4200.0
11,30,23,0.0,0.0,0.0,2800.0,6600.0,4200.0
12,1,0,0.0,0.0,0.0,2800.0,6600.0,4200.0
12,1,1,0.0,0.0,0.0,2800.0,6600.0,4200.0
12,1,2,0.0,0.0,0.0,2800.0,6600.0,4200.0
12,1,3,0.0,0.0,0.0,2800.0,6600.0,4200.0
12,1,4,0.0,0.0,0.0,2800.0,6600.0,4200.0
12,1,5,0.0,0.0,0.0,2800.0,6600.0,4200.0
12,1,6,0.0,0.0,0.0,2800.0,6600.0,4200.0
12,1,7,0.0,0.0,0.0,2800.0,6600.0,4200.0
12,1,8,86.45560400000001,65.514199,56.553666,2800.0,6600.0,4200.0
12,1,9,259.042528,196.584259,169.448872,2800.0,6600.0,4200.0
12,1,10,381.381617,289.914548,249.475193,2800.0,6600.0,4200.0
12,1,11,447.901781,341.0721,292.988383,2800.0,6600.0,4200.0
12,1,12,473.05314799999996,360.460293,309.440781,2800.0,6600.0,4200.0
12,1,13,453.269326,345.388824,296.499484,2800.0,6600.0,4200.0
12,1,14,390.29316700000004,297.123088,255.30455300000003,2800.0,4954.515830178791,4200.0
12,1,15,285.268529,216.835085,186.60422599999998,2800.0,5444.184846176627,4200.0
12,1,16,126.839259,96.29993300000001,82.970041,2800.0,6055.023664834879,4200.0
12,1,17,0.0,0.0,0.0,2800.0,5195.505086201954,4200.0
12,1,18,0.0,0.0,0.0,2800.0,4495.12565696385,4200.0
12,1,19,0.0,0.0,0.0,2800.0,3794.137041985159,3671.7455245017663
12,1,20,0.0,0.0,0.0,2800.0,3535.5380679260493,3421.48845283166
12,1,21,0.0,0.0,0.0,2800.0,5360.429636038867,4200.0
12,1,22,0.0,0.0,0.0,2800.0,6600.0,4200.0
12,1,23,0.0,0.0,0.0,2800.0,6600.0,4200.0
12,2,0,0.0,0.0,0.0,2800.0,6600.0,4200.0
12,2,1,0.0,0.0,0.0,2800.0,6600.0,4200.0
12,2,2,0.0,0.0,0.0,2800.0,6600.0,4200.0
12,2,3,0.0,0.0,0.0,2800.0,6600.0,4200.0
12,2,4,0.0,0.0,0.0,2800.0,6600.0,4200.0
12,2,5,0.0,0.0,0.0,2800.0,6600.0,4200.0
12,2,6,0.0,0.0,0.0,2800.0,6600.0,4200.0
12,2,7,0.0,0.0,0.0,2800.0,6600.0,4200.0
12,2,8,19.423693,14.737935,12.705724,2800.0,6600.0,4200.0
12,2,9,10.9227,8.302125,7.144924,2800.0,6600.0,4200.0
12,2,10,230.455201,175.152151,150.74889100000001,2800.0,6600.0,4200.0
12,2,11,337.351604,257.22042600000003,220.673606,2800.0,6600.0,4200.0
12,2,12,312.913635,238.645021,204.687867,2800.0,3794.137041985159,3671.7455245017663
12,2,13,244.03037799999998,185.85599100000002,159.628894,929.1658003530496,1134.0212523993912,1097.4399216768302
12,2,14,211.977301,161.370141,138.661843,1940.6700324713545,2368.5342915988967,2292.129959611836
12,2,15,85.328682,64.820148,55.816506000000004,557.58989956809,680.5231057720783,658.5707475213661
12,2,16,31.214644,23.71436,20.418602,1503.1454301264964,1834.5475722016292,1775.3686182596414
12,2,17,0.0,0.0,0.0,2800.0,5277.537873988738,4200.0
12,2,18,0.0,0.0,0.0,2800.0,6600.0,4200.0
12,2,19,0.0,0.0,0.0,2800.0,6600.0,4200.0
12,2,20,0.0,0.0,0.0,2800.0,6600.0,4200.0
12,2,21,0.0,0.0,0.0,2800.0,6600.0,4200.0
12,2,22,0.0,0.0,0.0,2800.0,6600.0,4200.0
12,2,23,0.0,0.0,0.0,2800.0,6600.0,4200.0
12,3,0,0.0,0.0,0.0,2800.0,6600.0,4200.0
12,3,1,0.0,0.0,0.0,2800.0,6600.0,4200.0
12,3,2,0.0,0.0,0.0,2800.0,4134.733013236745,4001.3545289387857
12,3,3,0.0,0.0,0.0,2800.0,4205.209912886971,4069.5579802131983
12,3,4,0.0,0.0,0.0,2800.0,6600.0,4200.0
12,3,5,0.0,0.0,0.0,2800.0,6600.0,4200.0
12,3,6,0.0,0.0,0.0,2800.0,6600.0,4200.0
12,3,7,0.0,0.0,0.0,2800.0,6600.0,4200.0
12,3,8,-0.0,-0.0,-0.0,2800.0,6600.0,4200.0
12,3,9,7.515969,5.717875,4.916461,2800.0,6600.0,4200.0
12,3,10,49.576363,37.61932100000001,32.429651,2800.0,6600.0,4200.0
12,3,11,79.223104,60.081675000000004,51.822632,2800.0,6600.0,4200.0
12,3,12,159.220135,120.782552,104.15151700000001,2800.0,6600.0,4200.0
12,3,13,239.30712,181.64252,156.539244,2800.0,6600.0,4200.0
12,3,14,261.240035,198.42483900000002,170.88633900000002,2800.0,6600.0,4200.0
12,3,15,153.62689600000002,116.540487,100.492782,2800.0,6600.0,4200.0
12,3,16,10.404605,7.912707,6.80602,2800.0,6600.0,4200.0
12,3,17,0.0,0.0,0.0,2800.0,6600.0,4200.0
12,3,18,0.0,0.0,0.0,2800.0,6600.0,4200.0
12,3,19,0.0,0.0,0.0,2800.0,6600.0,4200.0
12,3,20,0.0,0.0,0.0,2800.0,6600.0,4200.0
12,3,21,0.0,0.0,0.0,2800.0,6600.0,4200.0
12,3,22,0.0,0.0,0.0,2800.0,6600.0,4200.0
12,3,23,0.0,0.0,0.0,2800.0,6600.0,4200.0
12,4,0,0.0,0.0,0.0,2800.0,5876.06920203001,4200.0
12,4,1,0.0,0.0,0.0,2502.4167786610287,3054.130714113854,2955.610368497278
12,4,2,0.0,0.0,0.0,953.6162939806846,1163.862406039418,1126.3184574575014
12,4,3,0.0,0.0,0.0,748.4297260208111,913.4378545923286,883.9721173474147
12,4,4,0.0,0.0,0.0,1503.1454301264964,1834.5475722016292,1775.3686182596414
12,4,5,0.0,0.0,0.0,2275.070137118247,2776.660403569514,2687.090713131788
12,4,6,0.0,0.0,0.0,2800.0,4276.483153260508,4138.532083800491
12,4,7,0.0,0.0,0.0,2800.0,3860.699345383164,3736.160656822416
12,4,8,-0.0,-0.0,-0.0,2275.070137118247,2776.660403569514,2687.090713131788
12,4,9,6.955978,5.292266,4.550151,2800.0,3928.035620383037,3801.324793919068
12,4,10,18.776491,14.27672,12.282366,2800.0,4495.12565696385,4200.0
12,4,11,13.466014,10.256388000000001,8.808596,2800.0,5876.06920203001,4200.0
12,4,12,30.224137,23.000965,19.770675999999998,2800.0,6600.0,4200.0
12,4,13,13.380621999999999,10.197940000000001,8.752737999999999,2800.0,6600.0,4200.0
12,4,14,13.995315,10.665731,9.15483,2800.0,6600.0,4200.0
12,4,15,6.854979999999999,5.227055,4.484085,2800.0,6600.0,4200.0
12,4,16,6.528560000000001,4.975015999999999,4.270562,2800.0,6600.0,4200.0
12,4,17,0.0,0.0,0.0,2800.0,6600.0,4200.0
12,4,18,0.0,0.0,0.0,2800.0,6600.0,4200.0
12,4,19,0.0,0.0,0.0,2800.0,6600.0,4200.0
12,4,20,0.0,0.0,0.0,2800.0,4875.874201202505,4200.0
12,4,21,0.0,0.0,0.0,2800.0,4348.55720818164,4200.0
12,4,22,0.0,0.0,0.0,2800.0,5195.505086201954,4200.0
12,4,23,0.0,0.0,0.0,2800.0,6518.224790706034,4200.0
12,5,0,0.0,0.0,0.0,2800.0,6600.0,4200.0
12,5,1,0.0,0.0,0.0,2800.0,6600.0,4200.0
12,5,2,0.0,0.0,0.0,2800.0,6600.0,4200.0
12,5,3,0.0,0.0,0.0,2800.0,6600.0,4200.0
12,5,4,0.0,0.0,0.0,2800.0,6600.0,4200.0
12,5,5,0.0,0.0,0.0,2800.0,6600.0,4200.0
12,5,6,0.0,0.0,0.0,2800.0,6600.0,4200.0
12,5,7,0.0,0.0,0.0,2800.0,6600.0,4200.0
12,5,8,1.349424,1.0257660000000002,0.882706,2800.0,6600.0,4200.0
12,5,9,24.364932,18.510484,15.937963,2800.0,6600.0,4200.0
12,5,10,26.79945,20.356025000000002,17.530467,2800.0,6600.0,4200.0
12,5,11,45.556913,34.593035,29.800386999999997,2800.0,6518.224790706034,4200.0
12,5,12,104.100296,78.980666,68.095682,2800.0,6600.0,4200.0
12,5,13,78.579538,59.625694,51.401652999999996,2800.0,6600.0,4200.0
12,5,14,310.306174,235.752271,202.982234,2800.0,6600.0,4200.0
12,5,15,26.134635999999997,19.859807,17.095589,2800.0,6600.0,4200.0
12,5,16,74.446122,56.463502,48.69784,2800.0,6600.0,4200.0
12,5,17,0.0,0.0,0.0,2800.0,6600.0,4200.0
12,5,18,0.0,0.0,0.0,2800.0,6600.0,4200.0
12,5,19,0.0,0.0,0.0,2800.0,6600.0,4200.0
12,5,20,0.0,0.0,0.0,2800.0,6600.0,4200.0
12,5,21,0.0,0.0,0.0,2800.0,6600.0,4200.0
12,5,22,0.0,0.0,0.0,2800.0,6600.0,4200.0
12,5,23,0.0,0.0,0.0,2800.0,6600.0,4200.0
12,6,0,0.0,0.0,0.0,2800.0,6600.0,4200.0
12,6,1,0.0,0.0,0.0,2800.0,6600.0,4200.0
12,6,2,0.0,0.0,0.0,2800.0,6600.0,4200.0
12,6,3,0.0,0.0,0.0,2800.0,6600.0,4200.0
12,6,4,0.0,0.0,0.0,2800.0,6600.0,4200.0
12,6,5,0.0,0.0,0.0,2800.0,6600.0,4200.0
12,6,6,0.0,0.0,0.0,2800.0,6600.0,4200.0
12,6,7,0.0,0.0,0.0,2800.0,6600.0,4200.0
12,6,8,59.093977,44.827792,38.655459,2800.0,6600.0,4200.0
12,6,9,223.20549400000002,169.522446,146.006601,2800.0,6600.0,4200.0
12,6,10,39.206061999999996,29.780916,25.646071,2800.0,6600.0,4200.0
12,6,11,132.687558,100.77099199999999,86.795621,2800.0,6600.0,4200.0
12,6,12,144.078024,109.47746799999999,94.246527,2800.0,6600.0,4200.0
12,6,13,166.14582099999998,126.31722599999999,108.681853,2800.0,6600.0,4200.0
12,6,14,100.790197,76.570313,65.930429,2800.0,6600.0,4200.0
12,6,15,229.816989,174.77413,150.331414,2800.0,6600.0,4200.0
12,6,16,81.06509799999999,61.557802,53.027546,2800.0,6600.0,4200.0
12,6,17,0.0,0.0,0.0,2800.0,6600.0,4200.0
12,6,18,0.0,0.0,0.0,2800.0,6600.0,4200.0
12,6,19,0.0,0.0,0.0,2800.0,6600.0,4200.0
12,6,20,0.0,0.0,0.0,2800.0,6600.0,4200.0
12,6,21,0.0,0.0,0.0,2800.0,6600.0,4200.0
12,6,22,0.0,0.0,0.0,2800.0,6600.0,4200.0
12,6,23,0.0,0.0,0.0,2800.0,6600.0,4200.0
12,7,0,0.0,0.0,0.0,2800.0,6600.0,4200.0
12,7,1,0.0,0.0,0.0,2800.0,6600.0,4200.0
12,7,2,0.0,0.0,0.0,2800.0,6600.0,4200.0
12,7,3,0.0,0.0,0.0,2800.0,6600.0,4200.0
12,7,4,0.0,0.0,0.0,2800.0,6600.0,4200.0
12,7,5,0.0,0.0,0.0,2800.0,6600.0,4200.0
12,7,6,0.0,0.0,0.0,2800.0,6600.0,4200.0
12,7,7,0.0,0.0,0.0,2800.0,6600.0,4200.0
12,7,8,7.718649999999999,5.864618,5.049042,2800.0,6600.0,4200.0
12,7,9,50.233115,38.109434,32.859256,2800.0,6600.0,4200.0
12,7,10,253.590789,192.82176800000002,165.88269699999998,2800.0,6600.0,4200.0
12,7,11,302.31679499999996,230.24707500000002,197.75609899999998,2800.0,6600.0,4200.0
12,7,12,380.508929,290.51081400000004,248.904337,2800.0,6600.0,4200.0
12,7,13,322.93719,246.24883400000002,211.244628,2800.0,6600.0,4200.0
12,7,14,251.59415299999998,191.57480900000002,164.576627,2800.0,6600.0,4200.0
12,7,15,171.617964,130.478997,112.261375,2800.0,6600.0,4200.0
12,7,16,85.136685,64.661602,55.690914,2800.0,6600.0,4200.0
12,7,17,0.0,0.0,0.0,2800.0,6600.0,4200.0
12,7,18,0.0,0.0,0.0,2800.0,6600.0,4200.0
12,7,19,0.0,0.0,0.0,2800.0,6600.0,4200.0
12,7,20,0.0,0.0,0.0,2800.0,6600.0,4200.0
12,7,21,0.0,0.0,0.0,2800.0,6600.0,4200.0
12,7,22,0.0,0.0,0.0,2800.0,6600.0,4200.0
12,7,23,0.0,0.0,0.0,2800.0,6600.0,4200.0
12,8,0,0.0,0.0,0.0,2800.0,6600.0,4200.0
12,8,1,0.0,0.0,0.0,2800.0,6600.0,4200.0
12,8,2,0.0,0.0,0.0,2800.0,6600.0,4200.0
12,8,3,0.0,0.0,0.0,2800.0,6600.0,4200.0
12,8,4,0.0,0.0,0.0,2800.0,6600.0,4200.0
12,8,5,0.0,0.0,0.0,2800.0,6600.0,4200.0
12,8,6,0.0,0.0,0.0,2800.0,6600.0,4200.0
12,8,7,0.0,0.0,0.0,2800.0,6600.0,4200.0
12,8,8,17.954905999999998,13.645727999999998,11.744939,2800.0,6600.0,4200.0
12,8,9,42.49018,32.266227,27.794328,2800.0,6600.0,4200.0
12,8,10,101.376897,76.98936599999999,66.314211,2800.0,6600.0,4200.0
12,8,11,251.99990599999998,191.707854,164.84204300000002,2800.0,6600.0,4200.0
12,8,12,218.80721,166.46062,143.129528,2800.0,6600.0,4200.0
12,8,13,93.169742,70.85602899999999,60.945621,2800.0,6600.0,4200.0
12,8,14,14.978349,11.426196,9.797867,2800.0,6600.0,4200.0
12,8,15,228.01378400000002,173.476471,149.15187400000002,2800.0,6600.0,4200.0
12,8,16,85.907335,65.298049,56.195024,2800.0,6600.0,4200.0
12,8,17,0.0,0.0,0.0,2800.0,6600.0,4200.0
12,8,18,0.0,0.0,0.0,2800.0,6600.0,4200.0
12,8,19,0.0,0.0,0.0,2800.0,6600.0,4200.0
12,8,20,0.0,0.0,0.0,2800.0,6600.0,4200.0
12,8,21,0.0,0.0,0.0,2800.0,6600.0,4200.0
12,8,22,0.0,0.0,0.0,2800.0,6600.0,4200.0
12,8,23,0.0,0.0,0.0,2800.0,6600.0,4200.0
12,9,0,0.0,0.0,0.0,2800.0,6600.0,4200.0
12,9,1,0.0,0.0,0.0,2800.0,6600.0,4200.0
12,9,2,0.0,0.0,0.0,2800.0,6600.0,4200.0
12,9,3,0.0,0.0,0.0,2800.0,6600.0,4200.0
12,9,4,0.0,0.0,0.0,2800.0,6600.0,4200.0
12,9,5,0.0,0.0,0.0,2800.0,6600.0,4200.0
12,9,6,0.0,0.0,0.0,2800.0,6600.0,4200.0
12,9,7,0.0,0.0,0.0,2800.0,6600.0,4200.0
12,9,8,1.065868,0.81914,0.697222,2800.0,6600.0,4200.0
12,9,9,40.727076000000004,31.030864,26.641019,2800.0,6600.0,4200.0
12,9,10,3.446504,2.643058,2.25448,2800.0,6600.0,4200.0
12,9,11,24.625310000000002,18.799515,16.108285,2800.0,6600.0,4200.0
12,9,12,36.103412,27.555863000000002,23.616518,2800.0,6600.0,4200.0
12,9,13,1.2888330000000001,0.996515,0.843071,2800.0,6600.0,4200.0
12,9,14,3.383054,2.599779,2.2129749999999997,2800.0,6600.0,4200.0
12,9,15,10.869109,8.319313,7.1098680000000005,2800.0,6600.0,4200.0
12,9,16,-0.0,-0.0,-0.0,2800.0,6600.0,4200.0
12,9,17,0.0,0.0,0.0,2800.0,6600.0,4200.0
12,9,18,0.0,0.0,0.0,2800.0,6600.0,4200.0
12,9,19,0.0,0.0,0.0,2800.0,6600.0,4200.0
12,9,20,0.0,0.0,0.0,2800.0,6600.0,4200.0
12,9,21,0.0,0.0,0.0,2800.0,6600.0,4200.0
12,9,22,0.0,0.0,0.0,2800.0,6600.0,4200.0
12,9,23,0.0,0.0,0.0,2800.0,6600.0,4200.0
12,10,0,0.0,0.0,0.0,2800.0,6600.0,4200.0
12,10,1,0.0,0.0,0.0,2800.0,6600.0,4200.0
12,10,2,0.0,0.0,0.0,2800.0,6600.0,4200.0
12,10,3,0.0,0.0,0.0,2800.0,6600.0,4200.0
12,10,4,0.0,0.0,0.0,2800.0,6600.0,4200.0
12,10,5,0.0,0.0,0.0,2800.0,6600.0,4200.0
12,10,6,0.0,0.0,0.0,2800.0,6600.0,4200.0
12,10,7,0.0,0.0,0.0,2800.0,6600.0,4200.0
12,10,8,-0.0,-0.0,-0.0,2800.0,6600.0,4200.0
12,10,9,29.25064,22.318559,19.133878,2800.0,6600.0,4200.0
12,10,10,7.691573,5.888533000000001,5.03133,2800.0,6600.0,4200.0
12,10,11,27.317514,20.85917,17.869350999999998,2800.0,6600.0,4200.0
12,10,12,49.393536,37.689333,32.310057,2800.0,6600.0,4200.0
12,10,13,22.74752,17.386858,14.879957000000001,2800.0,6600.0,4200.0
12,10,14,10.868148,8.318136,7.10924,2800.0,6600.0,4200.0
12,10,15,14.762690000000001,11.2828,9.656797000000001,2800.0,6600.0,4200.0
12,10,16,1.681673,1.293585,1.100042,2800.0,6600.0,4200.0
12,10,17,0.0,0.0,0.0,2800.0,6600.0,4200.0
12,10,18,0.0,0.0,0.0,2800.0,6600.0,4200.0
12,10,19,0.0,0.0,0.0,2800.0,6600.0,4200.0
12,10,20,0.0,0.0,0.0,2800.0,6600.0,4200.0
12,10,21,0.0,0.0,0.0,2800.0,6600.0,4200.0
12,10,22,0.0,0.0,0.0,2800.0,6600.0,4200.0
12,10,23,0.0,0.0,0.0,2800.0,6600.0,4200.0
12,11,0,0.0,0.0,0.0,2800.0,6600.0,4200.0
12,11,1,0.0,0.0,0.0,2800.0,6600.0,4200.0
12,11,2,0.0,0.0,0.0,2800.0,6600.0,4200.0
12,11,3,0.0,0.0,0.0,2800.0,4205.209912886971,4069.5579802131983
12,11,4,0.0,0.0,0.0,2409.744269793466,2941.0264710077745,2846.1546493623623
12,11,5,0.0,0.0,0.0,2800.0,3928.035620383037,3801.324793919068
12,11,6,0.0,0.0,0.0,2800.0,6600.0,4200.0
12,11,7,0.0,0.0,0.0,2800.0,6600.0,4200.0
12,11,8,-0.0,-0.0,-0.0,2800.0,6600.0,4200.0
12,11,9,9.876515,7.497293,6.460578000000001,2800.0,6600.0,4200.0
12,11,10,45.689597,34.638545,29.88718,2800.0,6600.0,4200.0
12,11,11,115.948382,87.871814,75.845934,2800.0,6600.0,4200.0
12,11,12,171.117936,129.750034,111.934289,2800.0,6600.0,4200.0
12,11,13,430.97512800000004,327.73566999999997,281.916061,2800.0,6600.0,4200.0
12,11,14,373.129902,283.525908,244.077454,2800.0,6600.0,4200.0
12,11,15,272.608336,206.82728400000002,178.32274600000002,2800.0,6600.0,4200.0
12,11,16,121.028306,91.678982,79.16889200000001,2800.0,6600.0,4200.0
12,11,17,0.0,0.0,0.0,2800.0,6600.0,4200.0
12,11,18,0.0,0.0,0.0,2800.0,6600.0,4200.0
12,11,19,0.0,0.0,0.0,2800.0,6600.0,4200.0
12,11,20,0.0,0.0,0.0,2800.0,6600.0,4200.0
12,11,21,0.0,0.0,0.0,2800.0,6600.0,4200.0
12,11,22,0.0,0.0,0.0,2800.0,6600.0,4200.0
12,11,23,0.0,0.0,0.0,2800.0,6600.0,4200.0
12,12,0,0.0,0.0,0.0,2800.0,6600.0,4200.0
12,12,1,0.0,0.0,0.0,2800.0,6600.0,4200.0
12,12,2,0.0,0.0,0.0,2800.0,6600.0,4200.0
12,12,3,0.0,0.0,0.0,2800.0,6600.0,4200.0
12,12,4,0.0,0.0,0.0,2800.0,6600.0,4200.0
12,12,5,0.0,0.0,0.0,2800.0,6600.0,4200.0
12,12,6,0.0,0.0,0.0,2800.0,6600.0,4200.0
12,12,7,0.0,0.0,0.0,2800.0,6600.0,4200.0
12,12,8,39.907973,30.208569,26.105216,2800.0,6600.0,4200.0
12,12,9,220.65472200000002,167.129401,144.338051,2800.0,6600.0,4200.0
12,12,10,340.00315,258.17258,222.408076,2800.0,6600.0,4200.0
12,12,11,414.757949,315.67121299999997,271.307831,2800.0,6600.0,4200.0
12,12,12,443.57203000000004,338.150734,290.15614,2800.0,6600.0,4200.0
12,12,13,428.474191,326.790563,280.28011,2800.0,6600.0,4200.0
12,12,14,373.262004,284.332734,244.163867,2800.0,6600.0,4200.0
12,12,15,272.62075300000004,207.28701800000002,178.330869,2800.0,6600.0,4200.0
12,12,16,122.768036,93.09261500000001,80.306911,2800.0,6600.0,4200.0
12,12,17,0.0,0.0,0.0,2800.0,6600.0,4200.0
12,12,18,0.0,0.0,0.0,2800.0,6600.0,4200.0
12,12,19,0.0,0.0,0.0,2800.0,6600.0,4200.0
12,12,20,0.0,0.0,0.0,2800.0,6600.0,4200.0
12,12,21,0.0,0.0,0.0,2800.0,6600.0,4200.0
12,12,22,0.0,0.0,0.0,2800.0,6600.0,4200.0
12,12,23,0.0,0.0,0.0,2800.0,6600.0,4200.0
12,13,0,0.0,0.0,0.0,2800.0,6600.0,4200.0
12,13,1,0.0,0.0,0.0,2800.0,6600.0,4200.0
12,13,2,0.0,0.0,0.0,2800.0,6600.0,4200.0
12,13,3,0.0,0.0,0.0,2800.0,6600.0,4200.0
12,13,4,0.0,0.0,0.0,2800.0,6600.0,4200.0
12,13,5,0.0,0.0,0.0,2800.0,5965.099051003621,4200.0
12,13,6,0.0,0.0,0.0,2800.0,4721.09628485135,4200.0
12,13,7,0.0,0.0,0.0,2800.0,3794.137041985159,3671.7455245017663
12,13,8,0.502598,0.374864,0.328767,1055.7070784976213,1288.4613950167818,1246.8981242097886
12,13,9,84.898219,64.301749,55.534925,648.3361095823518,791.2763542146813,765.7513105303368
12,13,10,102.14028900000001,77.38238,66.813572,491.4151496175413,599.758647171015,580.4115940364661
12,13,11,183.77409,139.314547,120.213126,16.495423101525333,20.132209297137216,19.482783190777948
12,13,12,71.67504600000001,54.362983,46.88518,81.04201369779398,98.90954427683516,95.7189138162921
12,13,13,32.011054,24.305085,20.939562000000002,610.9415963527902,745.6373813754526,721.5845626214057
12,13,14,21.152325,16.070516,13.836483,610.9415963527902,745.6373813754526,721.5845626214057
12,13,15,10.908177,8.295179000000001,7.1354239999999995,192.09958802440056,234.45225310064637,226.88927719417387
12,13,16,7.19155,5.467421,4.7042470000000005,237.66666698837332,290.0656171905344,280.7086617972913
12,13,17,0.0,0.0,0.0,1109.377075854021,1353.9641476958525,1310.287884866954
12,13,18,0.0,0.0,0.0,2800.0,4569.628998473504,4200.0
12,13,19,0.0,0.0,0.0,2800.0,6600.0,4200.0
12,13,20,0.0,0.0,0.0,2800.0,6600.0,4200.0
12,13,21,0.0,0.0,0.0,2800.0,6600.0,4200.0
12,13,22,0.0,0.0,0.0,2800.0,6600.0,4200.0
12,13,23,0.0,0.0,0.0,2800.0,6600.0,4200.0
12,14,0,0.0,0.0,0.0,2800.0,6600.0,4200.0
12,14,1,0.0,0.0,0.0,2800.0,6600.0,4200.0
12,14,2,0.0,0.0,0.0,2800.0,5528.8079782263085,4200.0
12,14,3,0.0,0.0,0.0,2145.5095856044995,2618.5353210133653,2534.066439690353
12,14,4,0.0,0.0,0.0,1222.1129067458091,1491.5551224063024,1443.4404410383572
12,14,5,0.0,0.0,0.0,2800.0,3860.699345383164,3736.160656822416
12,14,6,0.0,0.0,0.0,2800.0,6600.0,4200.0
12,14,7,0.0,0.0,0.0,2800.0,6600.0,4200.0
12,14,8,2.02393,1.5340820000000002,1.3239239999999999,2800.0,6600.0,4200.0
12,14,9,42.555682999999995,32.2775,27.837176,2800.0,6600.0,4200.0
12,14,10,83.297726,63.178323,54.487986,2800.0,6600.0,4200.0
12,14,11,152.458472,115.710238,99.728474,2800.0,6600.0,4200.0
12,14,12,158.412833,120.214163,103.623432,2800.0,6600.0,4200.0
12,14,13,91.68385,69.549814,59.973646,2800.0,6600.0,4200.0
12,14,14,52.104035,39.541146,34.083091,2800.0,6600.0,4200.0
12,14,15,48.572703000000004,36.866192000000005,31.773122,2800.0,6600.0,4200.0
12,14,16,94.03540600000001,71.359414,61.511882,2800.0,6600.0,4200.0
12,14,17,0.0,0.0,0.0,2800.0,6600.0,4200.0
12,14,18,0.0,0.0,0.0,2800.0,6600.0,4200.0
12,14,19,0.0,0.0,0.0,2800.0,6600.0,4200.0
12,14,20,0.0,0.0,0.0,2800.0,6600.0,4200.0
12,14,21,0.0,0.0,0.0,2800.0,6600.0,4200.0
12,14,22,0.0,0.0,0.0,2800.0,6600.0,4200.0
12,14,23,0.0,0.0,0.0,2800.0,6600.0,4200.0
12,15,0,0.0,0.0,0.0,2800.0,6600.0,4200.0
12,15,1,0.0,0.0,0.0,2800.0,6600.0,4200.0
12,15,2,0.0,0.0,0.0,2800.0,6600.0,4200.0
12,15,3,0.0,0.0,0.0,2800.0,6600.0,4200.0
12,15,4,0.0,0.0,0.0,2800.0,6600.0,4200.0
12,15,5,0.0,0.0,0.0,2800.0,6600.0,4200.0
12,15,6,0.0,0.0,0.0,2800.0,6600.0,4200.0
12,15,7,0.0,0.0,0.0,2800.0,6600.0,4200.0
12,15,8,29.699892,22.52007,19.427749,2800.0,6600.0,4200.0
12,15,9,23.36298,17.728484,15.282551,2800.0,6600.0,4200.0
12,15,10,4.369091,3.321969,2.857977,2800.0,6600.0,4200.0
12,15,11,27.338526,20.761692,17.883096000000002,2800.0,6600.0,4200.0
12,15,12,24.935897,18.939715,16.311450999999998,2800.0,6600.0,4200.0
12,15,13,107.798111,81.727591,70.514554,2800.0,6600.0,4200.0
12,15,14,324.692394,246.60318900000001,212.392769,2800.0,6600.0,4200.0
12,15,15,172.420081,130.786901,112.786068,2800.0,6600.0,4200.0
12,15,16,60.210764000000005,45.675031000000004,39.385988,2800.0,6600.0,4200.0
12,15,17,0.0,0.0,0.0,2800.0,6600.0,4200.0
12,15,18,0.0,0.0,0.0,2800.0,6600.0,4200.0
12,15,19,0.0,0.0,0.0,2800.0,6600.0,4200.0
12,15,20,0.0,0.0,0.0,2800.0,6600.0,4200.0
12,15,21,0.0,0.0,0.0,2800.0,6600.0,4200.0
12,15,22,0.0,0.0,0.0,2800.0,6600.0,4200.0
12,15,23,0.0,0.0,0.0,2800.0,6600.0,4200.0
12,16,0,0.0,0.0,0.0,2800.0,6600.0,4200.0
12,16,1,0.0,0.0,0.0,2800.0,6600.0,4200.0
12,16,2,0.0,0.0,0.0,2800.0,6600.0,4200.0
12,16,3,0.0,0.0,0.0,2800.0,6600.0,4200.0
12,16,4,0.0,0.0,0.0,2800.0,6600.0,4200.0
12,16,5,0.0,0.0,0.0,2800.0,6600.0,4200.0
12,16,6,0.0,0.0,0.0,2800.0,6600.0,4200.0
12,16,7,0.0,0.0,0.0,2800.0,6600.0,4200.0
12,16,8,13.237956,10.088334999999999,8.659415000000001,2800.0,6600.0,4200.0
12,16,9,12.558209000000002,9.56524,8.214769,2800.0,6600.0,4200.0
12,16,10,26.633323,20.247494,17.421798,2800.0,6600.0,4200.0
12,16,11,39.425543,29.951900000000002,25.789641,2800.0,6600.0,4200.0
12,16,12,44.116943,33.509209999999996,28.858451000000002,2800.0,6600.0,4200.0
12,16,13,70.330474,53.358178,46.005649,2800.0,6600.0,4200.0
12,16,14,51.410591999999994,39.021624,33.629485,2800.0,6600.0,4200.0
12,16,15,54.408174,41.275692,35.590309999999995,2800.0,6600.0,4200.0
12,16,16,90.407295,68.55623299999999,59.138606,2800.0,6600.0,4200.0
12,16,17,0.0,0.0,0.0,2800.0,6600.0,4200.0
12,16,18,0.0,0.0,0.0,2800.0,6600.0,4200.0
12,16,19,0.0,0.0,0.0,2800.0,6600.0,4200.0
12,16,20,0.0,0.0,0.0,2800.0,6600.0,4200.0
12,16,21,0.0,0.0,0.0,2800.0,6600.0,4200.0
12,16,22,0.0,0.0,0.0,2800.0,6600.0,4200.0
12,16,23,0.0,0.0,0.0,2800.0,6600.0,4200.0
12,17,0,0.0,0.0,0.0,2800.0,6600.0,4200.0
12,17,1,0.0,0.0,0.0,2800.0,6330.21083371745,4200.0
12,17,2,0.0,0.0,0.0,2800.0,4875.874201202505,4200.0
12,17,3,0.0,0.0,0.0,2800.0,4875.874201202505,4200.0
12,17,4,0.0,0.0,0.0,2800.0,6145.847517348083,4200.0
12,17,5,0.0,0.0,0.0,2800.0,6600.0,4200.0
12,17,6,0.0,0.0,0.0,2800.0,6600.0,4200.0
12,17,7,0.0,0.0,0.0,2800.0,6600.0,4200.0
12,17,8,24.600903,18.648229,16.09232,2800.0,6600.0,4200.0
12,17,9,9.850956,7.477956,6.4438580000000005,2800.0,6600.0,4200.0
12,17,10,22.639722000000003,17.17157,14.809441999999999,2800.0,6600.0,4200.0
12,17,11,31.167059000000002,23.641392,20.387473999999997,2800.0,6600.0,4200.0
12,17,12,58.573091,44.393927000000005,38.314728,2800.0,6600.0,4200.0
12,17,13,50.407619,38.212093,32.973405,2800.0,6600.0,4200.0
12,17,14,81.00996,61.383403,52.991476999999996,2800.0,6600.0,4200.0
12,17,15,46.159995,34.997555999999996,30.194884,2800.0,6600.0,4200.0
12,17,16,126.055558,95.534548,82.457395,2800.0,6600.0,4200.0
12,17,17,0.0,0.0,0.0,2800.0,6600.0,4200.0
12,17,18,0.0,0.0,0.0,2800.0,6600.0,4200.0
12,17,19,0.0,0.0,0.0,2800.0,6600.0,4200.0
12,17,20,0.0,0.0,0.0,2800.0,6600.0,4200.0
12,17,21,0.0,0.0,0.0,2800.0,6600.0,4200.0
12,17,22,0.0,0.0,0.0,2800.0,6600.0,4200.0
12,17,23,0.0,0.0,0.0,2800.0,6600.0,4200.0
12,18,0,0.0,0.0,0.0,2800.0,6600.0,4200.0
12,18,1,0.0,0.0,0.0,2800.0,6600.0,4200.0
12,18,2,0.0,0.0,0.0,2800.0,6600.0,4200.0
12,18,3,0.0,0.0,0.0,2800.0,6600.0,4200.0
12,18,4,0.0,0.0,0.0,2800.0,6600.0,4200.0
12,18,5,0.0,0.0,0.0,2800.0,6600.0,4200.0
12,18,6,0.0,0.0,0.0,2800.0,6600.0,4200.0
12,18,7,0.0,0.0,0.0,2800.0,6600.0,4200.0
12,18,8,0.9079969999999999,0.684885,0.593953,2800.0,6600.0,4200.0
12,18,9,19.879969000000003,15.083542,13.004190000000001,2800.0,6600.0,4200.0
12,18,10,225.654651,171.28483300000002,147.60868100000002,2800.0,6600.0,4200.0
12,18,11,262.839017,199.603712,171.932289,2800.0,6600.0,4200.0
12,18,12,309.255265,235.100488,202.29479800000001,2800.0,6600.0,4200.0
12,18,13,290.151926,220.446605,189.798628,2800.0,6600.0,4200.0
12,18,14,134.073128,101.65669500000001,87.701971,2800.0,6600.0,4200.0
12,18,15,48.768635,36.993873,31.901288,2800.0,6600.0,4200.0
12,18,16,23.659117,17.954693,15.476263999999999,2800.0,6600.0,4200.0
12,18,17,0.0,0.0,0.0,2800.0,6600.0,4200.0
12,18,18,0.0,0.0,0.0,2800.0,6600.0,4200.0
12,18,19,0.0,0.0,0.0,2800.0,6600.0,4200.0
12,18,20,0.0,0.0,0.0,2800.0,6600.0,4200.0
12,18,21,0.0,0.0,0.0,2800.0,6600.0,4200.0
12,18,22,0.0,0.0,0.0,2800.0,6600.0,4200.0
12,18,23,0.0,0.0,0.0,2800.0,6600.0,4200.0
12,19,0,0.0,0.0,0.0,2800.0,6600.0,4200.0
12,19,1,0.0,0.0,0.0,2800.0,6600.0,4200.0
12,19,2,0.0,0.0,0.0,2800.0,6600.0,4200.0
12,19,3,0.0,0.0,0.0,2800.0,6600.0,4200.0
12,19,4,0.0,0.0,0.0,2800.0,6600.0,4200.0
12,19,5,0.0,0.0,0.0,2800.0,6600.0,4200.0
12,19,6,0.0,0.0,0.0,2800.0,6518.224790706034,4200.0
12,19,7,0.0,0.0,0.0,2800.0,6600.0,4200.0
12,19,8,0.17235499999999998,0.124612,0.112743,2800.0,6600.0,4200.0
12,19,9,32.176451,24.405309000000003,21.047754,2800.0,6600.0,4200.0
12,19,10,81.514589,61.782124,53.321572999999994,2800.0,6600.0,4200.0
12,19,11,277.473951,210.41674,181.505517,2800.0,6600.0,4200.0
12,19,12,261.636004,198.382586,171.145356,2800.0,6600.0,4200.0
12,19,13,222.328858,168.530489,145.433163,2800.0,6600.0,4200.0
12,19,14,210.35404699999998,159.45577799999998,137.600016,2800.0,6600.0,4200.0
12,19,15,65.434462,49.610455,42.802994,2800.0,6600.0,4200.0
12,19,16,118.537697,89.85674800000001,77.539697,2800.0,6600.0,4200.0
12,19,17,0.0,0.0,0.0,2800.0,6600.0,4200.0
12,19,18,0.0,0.0,0.0,2800.0,6600.0,4200.0
12,19,19,0.0,0.0,0.0,2800.0,6600.0,4200.0
12,19,20,0.0,0.0,0.0,2800.0,6600.0,4200.0
12,19,21,0.0,0.0,0.0,2800.0,6600.0,4200.0
12,19,22,0.0,0.0,0.0,2800.0,6600.0,4200.0
12,19,23,0.0,0.0,0.0,2800.0,6600.0,4200.0
12,20,0,0.0,0.0,0.0,2800.0,6600.0,4200.0
12,20,1,0.0,0.0,0.0,2800.0,6600.0,4200.0
12,20,2,0.0,0.0,0.0,2800.0,6600.0,4200.0
12,20,3,0.0,0.0,0.0,2800.0,6600.0,4200.0
12,20,4,0.0,0.0,0.0,2800.0,6600.0,4200.0
12,20,5,0.0,0.0,0.0,2800.0,6600.0,4200.0
12,20,6,0.0,0.0,0.0,2800.0,6600.0,4200.0
12,20,7,0.0,0.0,0.0,2800.0,6600.0,4200.0
12,20,8,33.800091,25.555481,22.109834,2800.0,6600.0,4200.0
12,20,9,220.934214,167.33864000000003,144.520877,2800.0,6600.0,4200.0
12,20,10,353.311605,268.486357,231.113606,2800.0,6600.0,4200.0
12,20,11,431.77181,328.797543,282.437199,2800.0,6600.0,4200.0
12,20,12,463.18834100000004,353.145045,302.987862,2800.0,6600.0,4200.0
12,20,13,448.450921,341.797667,293.34759499999996,2800.0,6600.0,4200.0
12,20,14,393.523508,299.5593,257.417633,2800.0,6600.0,4200.0
12,20,15,291.859173,221.800582,190.915399,2800.0,6600.0,4200.0
12,20,16,138.601956,105.07914699999999,90.664437,2800.0,6600.0,4200.0
12,20,17,0.0,0.0,0.0,2800.0,6600.0,4200.0
12,20,18,0.0,0.0,0.0,2800.0,6600.0,4200.0
12,20,19,0.0,0.0,0.0,2800.0,6600.0,4200.0
12,20,20,0.0,0.0,0.0,2800.0,6600.0,4200.0
12,20,21,0.0,0.0,0.0,2800.0,6600.0,4200.0
12,20,22,0.0,0.0,0.0,2800.0,6600.0,4200.0
12,20,23,0.0,0.0,0.0,2800.0,6600.0,4200.0
12,21,0,0.0,0.0,0.0,2800.0,6600.0,4200.0
12,21,1,0.0,0.0,0.0,2800.0,6600.0,4200.0
12,21,2,0.0,0.0,0.0,2800.0,6600.0,4200.0
12,21,3,0.0,0.0,0.0,2800.0,6600.0,4200.0
12,21,4,0.0,0.0,0.0,2800.0,6600.0,4200.0
12,21,5,0.0,0.0,0.0,2800.0,6600.0,4200.0
12,21,6,0.0,0.0,0.0,2800.0,6600.0,4200.0
12,21,7,0.0,0.0,0.0,2800.0,6600.0,4200.0
12,21,8,31.737447,24.048861000000002,20.760586,2800.0,6600.0,4200.0
12,21,9,204.583144,154.994815,133.82506400000003,2800.0,6600.0,4200.0
12,21,10,334.71072499999997,254.066078,218.946114,2800.0,6600.0,4200.0
12,21,11,409.605925,311.586875,267.93771100000004,2800.0,6600.0,4200.0
12,21,12,439.301488,334.650232,287.36262800000003,2800.0,6600.0,4200.0
12,21,13,426.485713,325.023134,278.979376,2800.0,6600.0,4200.0
12,21,14,369.165103,281.134021,241.48394,2800.0,6600.0,4200.0
12,21,15,269.564322,204.96713,176.331549,2800.0,6600.0,4200.0
12,21,16,125.109019,95.02470699999999,81.83823,2800.0,6600.0,4200.0
12,21,17,0.0,0.0,0.0,2800.0,6600.0,4200.0
12,21,18,0.0,0.0,0.0,2800.0,6600.0,4200.0
12,21,19,0.0,0.0,0.0,2800.0,6600.0,4200.0
12,21,20,0.0,0.0,0.0,2800.0,6600.0,4200.0
12,21,21,0.0,0.0,0.0,2800.0,6600.0,4200.0
12,21,22,0.0,0.0,0.0,2800.0,6600.0,4200.0
12,21,23,0.0,0.0,0.0,2800.0,6600.0,4200.0
12,22,0,0.0,0.0,0.0,2800.0,6600.0,4200.0
12,22,1,0.0,0.0,0.0,2800.0,6600.0,4200.0
12,22,2,0.0,0.0,0.0,2800.0,6600.0,4200.0
12,22,3,0.0,0.0,0.0,2800.0,6600.0,4200.0
12,22,4,0.0,0.0,0.0,2800.0,6600.0,4200.0
12,22,5,0.0,0.0,0.0,2800.0,6600.0,4200.0
12,22,6,0.0,0.0,0.0,2800.0,6600.0,4200.0
12,22,7,0.0,0.0,0.0,2800.0,6600.0,4200.0
12,22,8,-0.0,-0.0,-0.0,2800.0,6600.0,4200.0
12,22,9,132.93162,100.957337,86.95527,2800.0,6600.0,4200.0
12,22,10,123.781921,94.009736,80.970129,2800.0,6600.0,4200.0
12,22,11,56.984226,43.322612,37.275396,2800.0,6600.0,4200.0
12,22,12,260.83662899999996,198.57025,170.622456,2800.0,6600.0,4200.0
12,22,13,272.423135,207.583053,178.2016,2800.0,6600.0,4200.0
12,22,14,112.25047900000001,85.453036,73.42700500000001,2800.0,6600.0,4200.0
12,22,15,5.6814219999999995,4.340215,3.7164189999999997,2800.0,6600.0,4200.0
12,22,16,6.578009,5.012751000000001,4.302908,2800.0,6600.0,4200.0
12,22,17,0.0,0.0,0.0,2800.0,6600.0,4200.0
12,22,18,0.0,0.0,0.0,2800.0,6600.0,4200.0
12,22,19,0.0,0.0,0.0,2800.0,6600.0,4200.0
12,22,20,0.0,0.0,0.0,2800.0,6600.0,4200.0
12,22,21,0.0,0.0,0.0,2800.0,6600.0,4200.0
12,22,22,0.0,0.0,0.0,2800.0,6600.0,4200.0
12,22,23,0.0,0.0,0.0,2800.0,6600.0,4200.0
12,23,0,0.0,0.0,0.0,2800.0,6600.0,4200.0
12,23,1,0.0,0.0,0.0,2800.0,6600.0,4200.0
12,23,2,0.0,0.0,0.0,2800.0,6600.0,4200.0
12,23,3,0.0,0.0,0.0,2800.0,6600.0,4200.0
12,23,4,0.0,0.0,0.0,2800.0,6600.0,4200.0
12,23,5,0.0,0.0,0.0,2800.0,6600.0,4200.0
12,23,6,0.0,0.0,0.0,2800.0,6600.0,4200.0
12,23,7,0.0,0.0,0.0,2800.0,6600.0,4200.0
12,23,8,11.815781000000001,8.985682,7.72912,2800.0,6600.0,4200.0
12,23,9,5.794116,4.408937,3.790136,2800.0,6600.0,4200.0
12,23,10,6.991243000000001,5.3191049999999995,4.573219,2800.0,6600.0,4200.0
12,23,11,5.8181400000000005,4.430409,3.805851,2800.0,6600.0,4200.0
12,23,12,78.00784900000001,59.195108999999995,51.027691,2800.0,6600.0,4200.0
12,23,13,21.533114,16.368745999999998,14.085571,2800.0,6600.0,4200.0
12,23,14,34.864741,26.483105,22.806258999999997,2800.0,6600.0,4200.0
12,23,15,21.733974999999997,16.512822,14.216961,2800.0,6600.0,4200.0
12,23,16,121.414118,92.107457,79.421265,2800.0,6600.0,4200.0
12,23,17,0.0,0.0,0.0,2800.0,6600.0,4200.0
12,23,18,0.0,0.0,0.0,2800.0,6600.0,4200.0
12,23,19,0.0,0.0,0.0,2800.0,6600.0,4200.0
12,23,20,0.0,0.0,0.0,2800.0,6600.0,4200.0
12,23,21,0.0,0.0,0.0,2800.0,6600.0,4200.0
12,23,22,0.0,0.0,0.0,2800.0,6600.0,4200.0
12,23,23,0.0,0.0,0.0,2800.0,6600.0,4200.0
12,24,0,0.0,0.0,0.0,2800.0,6600.0,4200.0
12,24,1,0.0,0.0,0.0,2800.0,6600.0,4200.0
12,24,2,0.0,0.0,0.0,2800.0,6600.0,4200.0
12,24,3,0.0,0.0,0.0,2800.0,6600.0,4200.0
12,24,4,0.0,0.0,0.0,2800.0,6600.0,4200.0
12,24,5,0.0,0.0,0.0,2800.0,6600.0,4200.0
12,24,6,0.0,0.0,0.0,2800.0,6600.0,4200.0
12,24,7,0.0,0.0,0.0,2800.0,6600.0,4200.0
12,24,8,3.704758,2.8117910000000004,2.423413,2800.0,6600.0,4200.0
12,24,9,91.765111,69.49248399999999,60.026802,2800.0,6600.0,4200.0
12,24,10,140.44863,106.398692,91.872412,2800.0,6600.0,4200.0
12,24,11,217.856799,165.12666099999998,142.507831,2800.0,6600.0,4200.0
12,24,12,457.894489,348.440225,299.524966,2800.0,6600.0,4200.0
12,24,13,448.818625,341.52810999999997,293.588123,2800.0,6600.0,4200.0
12,24,14,135.998281,103.090212,88.961281,2800.0,6600.0,4200.0
12,24,15,52.856189,40.089449,34.575101000000004,2800.0,6600.0,4200.0
12,24,16,131.89101399999998,99.922148,86.274573,2800.0,6600.0,4200.0
12,24,17,0.0,0.0,0.0,2800.0,6600.0,4200.0
12,24,18,0.0,0.0,0.0,2800.0,6600.0,4200.0
12,24,19,0.0,0.0,0.0,2800.0,6600.0,4200.0
12,24,20,0.0,0.0,0.0,2800.0,6600.0,4200.0
12,24,21,0.0,0.0,0.0,2800.0,6600.0,4200.0
12,24,22,0.0,0.0,0.0,2800.0,6600.0,4200.0
12,24,23,0.0,0.0,0.0,2800.0,6600.0,4200.0
12,25,0,0.0,0.0,0.0,2800.0,6600.0,4200.0
12,25,1,0.0,0.0,0.0,2800.0,6600.0,4200.0
12,25,2,0.0,0.0,0.0,2800.0,6600.0,4200.0
12,25,3,0.0,0.0,0.0,2800.0,6600.0,4200.0
12,25,4,0.0,0.0,0.0,2800.0,6600.0,4200.0
12,25,5,0.0,0.0,0.0,2800.0,6600.0,4200.0
12,25,6,0.0,0.0,0.0,2800.0,6600.0,4200.0
12,25,7,0.0,0.0,0.0,2800.0,6600.0,4200.0
12,25,8,29.897419000000003,22.626986000000002,19.556959,2800.0,6600.0,4200.0
12,25,9,212.038472,160.634559,138.70185800000002,2800.0,6600.0,4200.0
12,25,10,345.134117,262.07572,225.76442300000002,2800.0,6600.0,4200.0
12,25,11,426.233199,324.365138,278.814198,2800.0,6600.0,4200.0
12,25,12,464.517444,353.695493,303.857275,2800.0,6600.0,4200.0
12,25,13,453.779218,345.503348,296.83302299999997,2800.0,6600.0,4200.0
12,25,14,399.318159,303.950386,261.208119,2800.0,6600.0,4200.0
12,25,15,299.9618,227.987939,196.215614,2800.0,6600.0,4200.0
12,25,16,145.451151,110.348065,95.144738,2800.0,6600.0,4200.0
12,25,17,0.0,0.0,0.0,2800.0,6600.0,4200.0
12,25,18,0.0,0.0,0.0,2800.0,6600.0,4200.0
12,25,19,0.0,0.0,0.0,2800.0,6600.0,4200.0
12,25,20,0.0,0.0,0.0,2800.0,6600.0,4200.0
12,25,21,0.0,0.0,0.0,2800.0,6600.0,4200.0
12,25,22,0.0,0.0,0.0,2800.0,6600.0,4200.0
12,25,23,0.0,0.0,0.0,2800.0,6600.0,4200.0
12,26,0,0.0,0.0,0.0,2800.0,6600.0,4200.0
12,26,1,0.0,0.0,0.0,2800.0,6600.0,4200.0
12,26,2,0.0,0.0,0.0,2800.0,6600.0,4200.0
12,26,3,0.0,0.0,0.0,2800.0,6600.0,4200.0
12,26,4,0.0,0.0,0.0,2800.0,6600.0,4200.0
12,26,5,0.0,0.0,0.0,2800.0,6600.0,4200.0
12,26,6,0.0,0.0,0.0,2800.0,6600.0,4200.0
12,26,7,0.0,0.0,0.0,2800.0,6600.0,4200.0
12,26,8,30.687720000000002,23.251351,20.073922,2800.0,6600.0,4200.0
12,26,9,210.712144,159.88137700000001,137.834259,2800.0,6600.0,4200.0
12,26,10,334.265571,254.325712,218.654922,2800.0,6600.0,4200.0
12,26,11,412.825534,314.82415399999996,270.04377,2800.0,6600.0,4200.0
12,26,12,443.258799,338.458161,289.95124400000003,2800.0,6600.0,4200.0
12,26,13,357.73011599999995,272.71910499999996,234.003911,2800.0,6600.0,4200.0
12,26,14,342.45031300000005,261.13356400000004,224.008851,2800.0,6600.0,4200.0
12,26,15,183.21288,139.307022,119.846019,2800.0,6600.0,4200.0
12,26,16,91.908177,69.76423600000001,60.120385999999996,2800.0,6600.0,4200.0
12,26,17,0.0,0.0,0.0,2800.0,6600.0,4200.0
12,26,18,0.0,0.0,0.0,2800.0,6600.0,4200.0
12,26,19,0.0,0.0,0.0,2800.0,5965.099051003621,4200.0
12,26,20,0.0,0.0,0.0,2800.0,3728.344236364732,3608.075067449741
12,26,21,0.0,0.0,0.0,2319.3884514592746,2830.7496848518704,2739.435178888906
12,26,22,0.0,0.0,0.0,1824.2618316438895,2226.4612905889994,2154.639958634516
12,26,23,0.0,0.0,0.0,1749.3017415377876,2134.9745664437564,2066.104419139119
12,27,0,0.0,0.0,0.0,2231.3199984618277,2723.264565051836,2635.417321017906
12,27,1,0.0,0.0,0.0,2800.0,4421.436551474658,4200.0
12,27,2,0.0,0.0,0.0,2800.0,6600.0,4200.0
12,27,3,0.0,0.0,0.0,2800.0,6600.0,4200.0
12,27,4,0.0,0.0,0.0,2800.0,6600.0,4200.0
12,27,5,0.0,0.0,0.0,2800.0,6600.0,4200.0
12,27,6,0.0,0.0,0.0,2800.0,6600.0,4200.0
12,27,7,0.0,0.0,0.0,2800.0,6600.0,4200.0
12,27,8,26.02249,19.745782,17.02223,2800.0,6600.0,4200.0
12,27,9,199.704026,151.51386,130.63346099999998,2800.0,6600.0,4200.0
12,27,10,329.331344,250.414672,215.42727,2800.0,6600.0,4200.0
12,27,11,411.20507299999997,313.48157799999996,268.983769,2800.0,6600.0,4200.0
12,27,12,449.17695199999997,342.77219199999996,293.822518,2800.0,6600.0,4200.0
12,27,13,438.007685,334.28520299999997,286.516305,2800.0,6600.0,4200.0
12,27,14,386.198045,294.544522,252.625789,2800.0,6600.0,4200.0
12,27,15,289.47593199999994,220.34421700000001,189.356437,2800.0,6600.0,4200.0
12,27,16,140.983768,107.083416,92.222465,2800.0,6600.0,4200.0
12,27,17,0.0,0.0,0.0,2800.0,6600.0,4200.0
12,27,18,0.0,0.0,0.0,2800.0,6600.0,4200.0
12,27,19,0.0,0.0,0.0,2800.0,6600.0,4200.0
12,27,20,0.0,0.0,0.0,2800.0,6600.0,4200.0
12,27,21,0.0,0.0,0.0,2800.0,6600.0,4200.0
12,27,22,0.0,0.0,0.0,2800.0,6600.0,4200.0
12,27,23,0.0,0.0,0.0,2800.0,6600.0,4200.0
12,28,0,0.0,0.0,0.0,2800.0,6600.0,4200.0
12,28,1,0.0,0.0,0.0,2800.0,6600.0,4200.0
12,28,2,0.0,0.0,0.0,2800.0,6600.0,4200.0
12,28,3,0.0,0.0,0.0,2800.0,6600.0,4200.0
12,28,4,0.0,0.0,0.0,2800.0,6600.0,4200.0
12,28,5,0.0,0.0,0.0,2800.0,6600.0,4200.0
12,28,6,0.0,0.0,0.0,2800.0,6600.0,4200.0
12,28,7,0.0,0.0,0.0,2800.0,6600.0,4200.0
12,28,8,10.974755,8.356162,7.178975,2800.0,6600.0,4200.0
12,28,9,17.771114,13.535432,11.624713999999999,2800.0,6600.0,4200.0
12,28,10,15.645121,11.926064,10.234027,2800.0,6600.0,4200.0
12,28,11,146.54193700000002,111.46893899999999,95.85826,2800.0,6600.0,4200.0
12,28,12,55.627854,42.369924,36.388144999999994,2800.0,6600.0,4200.0
12,28,13,28.522509,21.764519,18.657580999999997,2800.0,6600.0,4200.0
12,28,14,55.616440000000004,42.386285,36.38067899999999,2800.0,6600.0,4200.0
12,28,15,237.169657,180.706998,155.141054,2800.0,6600.0,4200.0
12,28,16,106.347054,80.891977,69.565366,2800.0,6600.0,4200.0
12,28,17,0.0,0.0,0.0,2800.0,6600.0,4200.0
12,28,18,0.0,0.0,0.0,2800.0,6600.0,4200.0
12,28,19,0.0,0.0,0.0,2800.0,6600.0,4200.0
12,28,20,0.0,0.0,0.0,2800.0,6600.0,4200.0
12,28,21,0.0,0.0,0.0,2800.0,6600.0,4200.0
12,28,22,0.0,0.0,0.0,2800.0,6600.0,4200.0
12,28,23,0.0,0.0,0.0,2800.0,6600.0,4200.0
12,29,0,0.0,0.0,0.0,2800.0,6600.0,4200.0
12,29,1,0.0,0.0,0.0,2800.0,4644.951049827907,4200.0
12,29,2,0.0,0.0,0.0,2597.435303258585,3170.098204764415,3067.83697235266
12,29,3,0.0,0.0,0.0,1503.1454301264964,1834.5475722016292,1775.3686182596414
12,29,4,0.0,0.0,0.0,813.163264745564,992.4433546107276,960.4290528490912
12,29,5,0.0,0.0,0.0,445.37642374118406,543.569651022705,526.0351461510048
12,29,6,0.0,0.0,0.0,324.6794129073232,396.2622755955519,383.4796215440825
12,29,7,0.0,0.0,0.0,523.8060511729734,639.2908498567786,618.6685643775277
12,29,8,2.2319459999999998,1.70022,1.459995,2800.0,4065.047980485539,3933.917400469876
12,29,9,31.148328000000003,23.682219,20.375222,2800.0,6600.0,4200.0
12,29,10,71.937172,54.665040999999995,47.056646,2800.0,4205.209912886971,4069.5579802131983
12,29,11,3.541424,2.705232,2.31657,881.5257965526516,1075.877940674496,1041.1722006527382
12,29,12,30.220195,23.000276000000003,19.768098000000002,278.9149998077284,340.4080706314795,329.42716512723825
12,29,13,38.894561,29.578853,25.442307,1824.2618316438895,2226.4612905889994,2154.639958634516
12,29,14,24.280525,18.469486,15.882749,2800.0,6055.023664834879,4200.0
12,29,15,1.475955,1.123932,0.965474,2744.426018516277,3349.496321811205,3241.448053365682
12,29,16,1.3831959999999999,1.051508,0.9047970000000001,2800.0,4798.06917736812,4200.0
12,29,17,0.0,0.0,0.0,2800.0,6600.0,4200.0
12,29,18,0.0,0.0,0.0,2800.0,6600.0,4200.0
12,29,19,0.0,0.0,0.0,2800.0,6600.0,4200.0
12,29,20,0.0,0.0,0.0,2800.0,6600.0,4200.0
12,29,21,0.0,0.0,0.0,2800.0,6600.0,4200.0
12,29,22,0.0,0.0,0.0,2800.0,6600.0,4200.0
12,29,23,0.0,0.0,0.0,2800.0,6600.0,4200.0
12,30,0,0.0,0.0,0.0,2800.0,6600.0,4200.0
12,30,1,0.0,0.0,0.0,2800.0,6600.0,4200.0
12,30,2,0.0,0.0,0.0,2800.0,6600.0,4200.0
12,30,3,0.0,0.0,0.0,2800.0,6600.0,4200.0
12,30,4,0.0,0.0,0.0,2800.0,6600.0,4200.0
12,30,5,0.0,0.0,0.0,2800.0,6600.0,4200.0
12,30,6,0.0,0.0,0.0,2800.0,6600.0,4200.0
12,30,7,0.0,0.0,0.0,2800.0,6600.0,4200.0
12,30,8,28.729309,21.785532,18.792856,2800.0,6600.0,4200.0
12,30,9,204.80152299999997,155.327951,133.96791399999998,2800.0,6600.0,4200.0
12,30,10,322.64452500000004,245.232198,211.05318599999998,2800.0,6600.0,4200.0
12,30,11,402.973436,306.77294300000005,263.59916499999997,2800.0,6600.0,4200.0
12,30,12,439.98326000000003,335.332215,287.808599,2800.0,6600.0,4200.0
12,30,13,431.68273200000004,329.167972,282.37892999999997,2800.0,6600.0,4200.0
12,30,14,289.473109,220.396596,189.35459,2800.0,6600.0,4200.0
12,30,15,289.690373,220.508331,189.49670999999998,2800.0,6600.0,4200.0
12,30,16,148.755791,112.956885,97.30642,2800.0,6600.0,4200.0
12,30,17,-0.0,-0.0,-0.0,2800.0,6600.0,4200.0
12,30,18,0.0,0.0,0.0,2800.0,6600.0,4200.0
12,30,19,0.0,0.0,0.0,2800.0,6600.0,4200.0
12,30,20,0.0,0.0,0.0,2800.0,6600.0,4200.0
12,30,21,0.0,0.0,0.0,2800.0,6600.0,4200.0
12,30,22,0.0,0.0,0.0,2800.0,6600.0,4200.0
12,30,23,0.0,0.0,0.0,2800.0,6600.0,4200.0
12,31,0,0.0,0.0,0.0,2800.0,6600.0,4200.0
12,31,1,0.0,0.0,0.0,2800.0,6600.0,4200.0
12,31,2,0.0,0.0,0.0,2800.0,6600.0,4200.0
12,31,3,0.0,0.0,0.0,2800.0,6600.0,4200.0
12,31,4,0.0,0.0,0.0,2800.0,6600.0,4200.0
12,31,5,0.0,0.0,0.0,2800.0,6600.0,4200.0
12,31,6,0.0,0.0,0.0,2800.0,6600.0,4200.0
12,31,7,0.0,0.0,0.0,2800.0,6600.0,4200.0
12,31,8,23.790539,18.071931,15.562232,2800.0,6600.0,4200.0
12,31,9,189.7966,144.00638899999998,124.152663,2800.0,6600.0,4200.0
12,31,10,320.970229,244.071563,209.95796900000002,2800.0,6600.0,4200.0
12,31,11,397.939837,303.270464,260.30651,2800.0,6600.0,4200.0
12,31,12,430.091884,328.277049,281.3383,2800.0,6600.0,4200.0
12,31,13,418.007583,319.32846500000005,273.433532,2800.0,6600.0,4200.0
12,31,14,370.02223100000003,282.492018,242.044617,2800.0,6600.0,4200.0
12,31,15,280.319756,213.672633,183.367058,2800.0,6600.0,4200.0
12,31,16,142.802644,108.495076,93.412256,2800.0,6600.0,4200.0
12,31,17,-0.0,-0.0,-0.0,2800.0,6600.0,4200.0
12,31,18,0.0,0.0,0.0,2800.0,6600.0,4200.0
12,31,19,0.0,0.0,0.0,2800.0,6600.0,4200.0
12,31,20,0.0,0.0,0.0,2800.0,6600.0,4200.0
12,31,21,0.0,0.0,0.0,2800.0,6600.0,4200.0
12,31,22,0.0,0.0,0.0,2800.0,6600.0,4200.0
12,31,23,0.0,0.0,0.0,2800.0,6600.0,4200.0
