Month,Day,Hour,PV-1 Solar Power,PV-2 Solar Power,Turbine-1 Power,Turbine-2 Power
1,1,0,0.0,0.0,2800.0,5614.303506012198
1,1,1,0.0,0.0,2800.0,3928.035620383037
1,1,2,0.0,0.0,2800.0,5700.675903358588
1,1,3,0.0,0.0,2800.0,6600.0
1,1,4,0.0,0.0,2800.0,6600.0
1,1,5,0.0,0.0,2800.0,6600.0
1,1,6,0.0,0.0,2800.0,6600.0
1,1,7,9.545020000000001,8.114365,2800.0,6600.0
1,1,8,141.36514499999998,120.543861,2800.0,6600.0
1,1,9,251.181898,213.380767,2800.0,6600.0
1,1,10,324.65686800000003,275.076319,2800.0,6600.0
1,1,11,370.17912800000005,313.222728,2800.0,6600.0
1,1,12,385.13492599999995,325.83683,2800.0,6600.0
1,1,13,365.673786,309.736082,2800.0,6600.0
1,1,14,318.583816,270.379571,2800.0,6600.0
1,1,15,241.274515,205.28926,2800.0,6600.0
1,1,16,132.73640799999998,113.215276,2800.0,6600.0
1,1,17,11.103018,9.432692,2800.0,6600.0
1,1,18,0.0,0.0,2800.0,6600.0
1,1,19,0.0,0.0,2800.0,6600.0
1,1,20,0.0,0.0,2800.0,6600.0
1,1,21,0.0,0.0,2800.0,6600.0
1,1,22,0.0,0.0,2800.0,6600.0
1,1,23,0.0,0.0,2800.0,6600.0
1,2,0,0.0,0.0,2800.0,6600.0
1,2,1,0.0,0.0,2800.0,6600.0
1,2,2,0.0,0.0,2800.0,6600.0
1,2,3,0.0,0.0,2800.0,5787.929644089762
1,2,4,0.0,0.0,2597.435303258585,3170.098204764415
1,2,5,0.0,0.0,1082.3203053763452,1320.942104986878
1,2,6,0.0,0.0,905.1368564268978,1104.694588552513
1,2,7,5.2021109999999995,4.413064,2800.0,3728.344236364732
1,2,8,127.20715200000001,108.638856,2800.0,6600.0
1,2,9,238.884966,203.357659,2800.0,6600.0
1,2,10,301.87960200000003,256.290791,2800.0,6600.0
1,2,11,349.440361,295.98992200000004,2800.0,6600.0
1,2,12,365.364781,309.279048,2800.0,6600.0
1,2,13,350.311942,296.76188199999996,2800.0,6600.0
1,2,14,303.65340999999995,257.672726,2800.0,6600.0
1,2,15,227.48171299999998,193.52187899999998,2800.0,6600.0
1,2,16,123.93544899999999,105.671249,2800.0,6600.0
1,2,17,9.412083,7.988995,2800.0,6600.0
1,2,18,0.0,0.0,2800.0,6600.0
1,2,19,0.0,0.0,2800.0,6600.0
1,2,20,0.0,0.0,2800.0,6600.0
1,2,21,0.0,0.0,2800.0,6600.0
1,2,22,0.0,0.0,2800.0,6600.0
1,2,23,0.0,0.0,2800.0,6600.0
1,3,0,0.0,0.0,2800.0,6600.0
1,3,1,0.0,0.0,2800.0,4205.209912886971
1,3,2,0.0,0.0,2800.0,6600.0
1,3,3,0.0,0.0,2800.0,6600.0
1,3,4,0.0,0.0,2800.0,6600.0
1,3,5,0.0,0.0,2800.0,6600.0
1,3,6,0.0,0.0,2800.0,6600.0
1,3,7,2.6059140000000003,2.2031590000000003,2800.0,6600.0
1,3,8,125.60447599999999,107.324356,2800.0,6600.0
1,3,9,241.68693,205.793315,2800.0,6600.0
1,3,10,316.173152,268.189755,2800.0,6600.0
1,3,11,363.853904,307.904941,2800.0,6600.0
1,3,12,382.161475,323.199365,2800.0,6600.0
1,3,13,371.597772,314.458794,2800.0,6600.0
1,3,14,326.91729499999997,277.05155099999996,2800.0,6600.0
1,3,15,251.525402,213.58661999999998,2800.0,6600.0
1,3,16,141.972446,120.857872,2800.0,6600.0
1,3,17,9.509511,8.063768,2800.0,6600.0
1,3,18,0.0,0.0,2800.0,6600.0
1,3,19,0.0,0.0,2800.0,6600.0
1,3,20,0.0,0.0,2800.0,6600.0
1,3,21,0.0,0.0,2800.0,6600.0
1,3,22,0.0,0.0,2800.0,6600.0
1,3,23,0.0,0.0,2800.0,6600.0
1,4,0,0.0,0.0,2800.0,6600.0
1,4,1,0.0,0.0,2800.0,6600.0
1,4,2,0.0,0.0,2800.0,6600.0
1,4,3,0.0,0.0,2800.0,6600.0
1,4,4,0.0,0.0,2800.0,6600.0
1,4,5,0.0,0.0,2800.0,6600.0
1,4,6,0.0,0.0,2800.0,6600.0
1,4,7,-0.0,-0.0,2800.0,6600.0
1,4,8,103.18955199999999,88.215859,2800.0,6600.0
1,4,9,216.435339,184.635514,2800.0,6600.0
1,4,10,326.10187,277.228672,2800.0,6600.0
1,4,11,371.631936,315.280139,2800.0,6600.0
1,4,12,384.53285,325.852978,2800.0,6600.0
1,4,13,367.837136,311.754649,2800.0,6600.0
1,4,14,318.15757,270.000109,2800.0,6600.0
1,4,15,238.81213200000002,203.090153,2800.0,4421.436551474658
1,4,16,125.564262,107.017651,2231.3199984618277,2723.264565051836
1,4,17,9.90717,8.407664,2597.435303258585,3170.098204764415
1,4,18,0.0,0.0,2800.0,6600.0
1,4,19,0.0,0.0,2800.0,6600.0
1,4,20,0.0,0.0,2800.0,6600.0
1,4,21,0.0,0.0,2800.0,6600.0
1,4,22,0.0,0.0,2800.0,6600.0
1,4,23,0.0,0.0,2800.0,6600.0
1,5,0,0.0,0.0,2800.0,6600.0
1,5,1,0.0,0.0,2800.0,6600.0
1,5,2,0.0,0.0,2800.0,6600.0
1,5,3,0.0,0.0,2800.0,6600.0
1,5,4,0.0,0.0,2800.0,6600.0
1,5,5,0.0,0.0,2800.0,6600.0
1,5,6,0.0,0.0,2800.0,6600.0
1,5,7,2.154462,1.815474,2800.0,6600.0
1,5,8,121.015802,103.27912699999999,2800.0,6600.0
1,5,9,75.76576200000001,64.628398,2800.0,6600.0
1,5,10,111.564995,95.070285,2800.0,6600.0
1,5,11,212.78015100000002,180.83924100000002,2800.0,6600.0
1,5,12,376.946937,318.4742,2800.0,6600.0
1,5,13,362.30082600000003,306.294285,2800.0,6600.0
1,5,14,317.821288,269.222457,2800.0,6600.0
1,5,15,243.76770499999998,207.030047,2800.0,6600.0
1,5,16,134.221339,114.314346,2800.0,6600.0
1,5,17,12.255893,10.408088,2800.0,6600.0
1,5,18,0.0,0.0,2694.829168782761,3288.9647335537634
1,5,19,0.0,0.0,557.58989956809,680.5231057720783
1,5,20,0.0,0.0,7.433326402824398,9.07217001919513
1,5,21,0.0,0.0,687.226207839785,838.7406473635172
1,5,22,0.0,0.0,2800.0,6600.0
1,5,23,0.0,0.0,2800.0,6600.0
1,6,0,0.0,0.0,2800.0,6600.0
1,6,1,0.0,0.0,2800.0,6600.0
1,6,2,0.0,0.0,2800.0,6600.0
1,6,3,0.0,0.0,2800.0,6600.0
1,6,4,0.0,0.0,2800.0,6600.0
1,6,5,0.0,0.0,2800.0,6600.0
1,6,6,0.0,0.0,2800.0,6600.0
1,6,7,4.5207370000000004,3.829643,2800.0,6600.0
1,6,8,134.032186,114.39341,2800.0,6600.0
1,6,9,245.425433,208.814584,2800.0,6600.0
1,6,10,325.204455,275.818933,2800.0,6600.0
1,6,11,369.27255699999995,312.67465500000003,2800.0,6600.0
1,6,12,383.44775300000003,324.49554,2800.0,6600.0
1,6,13,369.594449,312.881698,2800.0,6600.0
1,6,14,321.51728399999996,272.544167,2800.0,6600.0
1,6,15,240.230332,204.052807,2800.0,6600.0
1,6,16,134.26764,114.27870200000001,2800.0,6600.0
1,6,17,11.497434,9.749601,2800.0,6600.0
1,6,18,0.0,0.0,2800.0,6600.0
1,6,19,0.0,0.0,2800.0,6600.0
1,6,20,0.0,0.0,2800.0,6600.0
1,6,21,0.0,0.0,2800.0,6600.0
1,6,22,0.0,0.0,2800.0,6600.0
1,6,23,0.0,0.0,2800.0,6600.0
1,7,0,0.0,0.0,2800.0,6600.0
1,7,1,0.0,0.0,2800.0,6600.0
1,7,2,0.0,0.0,2800.0,6600.0
1,7,3,0.0,0.0,2800.0,6600.0
1,7,4,0.0,0.0,2800.0,6600.0
1,7,5,0.0,0.0,2800.0,6600.0
1,7,6,0.0,0.0,2800.0,6600.0
1,7,7,-0.0,-0.0,2800.0,6600.0
1,7,8,78.93903,67.398578,2800.0,6600.0
1,7,9,186.428609,158.858924,2800.0,6600.0
1,7,10,286.170114,243.029517,2800.0,6600.0
1,7,11,336.188785,284.95588,2800.0,6600.0
1,7,12,255.43144,217.073184,2800.0,3794.137041985159
1,7,13,331.935453,281.581947,769.610460224766,939.288356967234
1,7,14,187.64832199999998,159.805025,629.4537376638762,768.2309396685104
1,7,15,216.215872,184.100893,2800.0,6600.0
1,7,16,118.834184,101.36078,2800.0,6600.0
1,7,17,9.535784,8.090917000000001,2800.0,6600.0
1,7,18,0.0,0.0,2800.0,6600.0
1,7,19,0.0,0.0,2800.0,6600.0
1,7,20,0.0,0.0,2800.0,6600.0
1,7,21,0.0,0.0,2800.0,6600.0
1,7,22,0.0,0.0,2800.0,6600.0
1,7,23,0.0,0.0,2800.0,6600.0
1,8,0,0.0,0.0,2800.0,6600.0
1,8,1,0.0,0.0,2800.0,6600.0
1,8,2,0.0,0.0,2800.0,6600.0
1,8,3,0.0,0.0,2800.0,6600.0
1,8,4,0.0,0.0,2800.0,6600.0
1,8,5,0.0,0.0,2800.0,6600.0
1,8,6,0.0,0.0,2800.0,6600.0
1,8,7,-0.0,-0.0,2800.0,6600.0
1,8,8,83.186543,70.992154,2800.0,5114.326798854228
1,8,9,189.994925,161.837068,2800.0,3794.137041985159
1,8,10,263.23998100000006,223.689399,2800.0,4569.628998473504
1,8,11,314.86555300000003,267.038152,2800.0,6600.0
1,8,12,331.006403,280.537482,2800.0,6600.0
1,8,13,321.269908,272.440106,2800.0,6600.0
1,8,14,275.102565,233.69302,2800.0,6600.0
1,8,15,203.476949,173.227851,2800.0,6600.0
1,8,16,110.384263,94.139925,2800.0,6600.0
1,8,17,9.63646,8.178271,2800.0,6600.0
1,8,18,0.0,0.0,2800.0,6600.0
1,8,19,0.0,0.0,2800.0,6600.0
1,8,20,0.0,0.0,2800.0,6600.0
1,8,21,0.0,0.0,2800.0,6600.0
1,8,22,0.0,0.0,2800.0,6600.0
1,8,23,0.0,0.0,2800.0,6600.0
1,9,0,0.0,0.0,2800.0,6600.0
1,9,1,0.0,0.0,2800.0,6600.0
1,9,2,0.0,0.0,2800.0,6600.0
1,9,3,0.0,0.0,2800.0,6600.0
1,9,4,0.0,0.0,2800.0,6600.0
1,9,5,0.0,0.0,2800.0,6600.0
1,9,6,0.0,0.0,2800.0,6600.0
1,9,7,-0.0,-0.0,2800.0,6600.0
1,9,8,79.252376,67.581371,2800.0,6600.0
1,9,9,185.356921,157.572947,2800.0,3996.150340809066
1,9,10,275.9947,233.72467600000002,2800.0,3794.137041985159
1,9,11,323.977685,273.760789,2800.0,6145.847517348083
1,9,12,343.59092599999997,290.314827,2800.0,6600.0
1,9,13,321.32588400000003,272.05348,2800.0,6600.0
1,9,14,276.76894799999997,234.884235,2800.0,6600.0
1,9,15,207.427672,176.468391,2800.0,6600.0
1,9,16,113.003971,96.329673,2800.0,6600.0
1,9,17,11.046044,9.376788000000001,2800.0,6600.0
1,9,18,0.0,0.0,2800.0,6600.0
1,9,19,0.0,0.0,2800.0,6600.0
1,9,20,0.0,0.0,2800.0,6600.0
1,9,21,0.0,0.0,2800.0,4721.09628485135
1,9,22,0.0,0.0,2800.0,4348.55720818164
1,9,23,0.0,0.0,2800.0,6600.0
1,10,0,0.0,0.0,2800.0,6600.0
1,10,1,0.0,0.0,2800.0,6600.0
1,10,2,0.0,0.0,2800.0,6600.0
1,10,3,0.0,0.0,2800.0,6600.0
1,10,4,0.0,0.0,2800.0,6600.0
1,10,5,0.0,0.0,2800.0,6600.0
1,10,6,0.0,0.0,2800.0,6600.0
1,10,7,0.603332,0.496581,2800.0,6600.0
1,10,8,111.18034399999999,94.928315,2800.0,6600.0
1,10,9,222.187759,189.138968,2800.0,6600.0
1,10,10,299.62041800000003,254.04270499999998,2800.0,6600.0
1,10,11,342.185322,288.825714,2800.0,6600.0
1,10,12,350.50174599999997,294.621224,2800.0,6600.0
1,10,13,340.097488,285.861963,2800.0,6600.0
1,10,14,299.67692800000003,252.7275,2800.0,6600.0
1,10,15,230.777182,195.515399,2800.0,6600.0
1,10,16,129.577853,110.226098,2800.0,6600.0
1,10,17,16.396103,13.925019,2800.0,6600.0
1,10,18,0.0,0.0,2800.0,6600.0
1,10,19,0.0,0.0,2800.0,6600.0
1,10,20,0.0,0.0,2800.0,6600.0
1,10,21,0.0,0.0,2800.0,6600.0
1,10,22,0.0,0.0,2800.0,6600.0
1,10,23,0.0,0.0,2800.0,6600.0
1,11,0,0.0,0.0,2800.0,6600.0
1,11,1,0.0,0.0,2800.0,6600.0
1,11,2,0.0,0.0,2800.0,6600.0
1,11,3,0.0,0.0,2800.0,6600.0
1,11,4,0.0,0.0,2800.0,6600.0
1,11,5,0.0,0.0,2800.0,6600.0
1,11,6,0.0,0.0,2800.0,6600.0
1,11,7,-0.0,-0.0,2800.0,6600.0
1,11,8,65.698322,56.142128,2800.0,6600.0
1,11,9,168.445381,143.970797,2800.0,6600.0
1,11,10,248.986653,212.481423,2800.0,6600.0
1,11,11,308.164901,262.53842599999996,2800.0,6600.0
1,11,12,332.18998700000003,282.713071,2800.0,6600.0
1,11,13,334.335284,284.499707,2800.0,6600.0
1,11,14,292.0095,248.731783,2800.0,6600.0
1,11,15,219.726393,187.48459400000002,2800.0,6600.0
1,11,16,124.80081299999999,106.63544,2800.0,6600.0
1,11,17,16.189982,13.785084999999999,2800.0,6600.0
1,11,18,0.0,0.0,2800.0,6600.0
1,11,19,0.0,0.0,2800.0,6600.0
1,11,20,0.0,0.0,2800.0,6600.0
1,11,21,0.0,0.0,2800.0,6600.0
1,11,22,0.0,0.0,2800.0,6600.0
1,11,23,0.0,0.0,2800.0,6600.0
1,12,0,0.0,0.0,2800.0,6600.0
1,12,1,0.0,0.0,2800.0,6600.0
1,12,2,0.0,0.0,2800.0,6600.0
1,12,3,0.0,0.0,2800.0,6600.0
1,12,4,0.0,0.0,2800.0,6600.0
1,12,5,0.0,0.0,2800.0,6600.0
1,12,6,0.0,0.0,2800.0,6600.0
1,12,7,1.88114,1.58476,2800.0,6600.0
1,12,8,127.37150199999999,108.895329,2800.0,6600.0
1,12,9,248.18560300000001,211.777922,2800.0,6600.0
1,12,10,328.423667,279.705812,2800.0,6600.0
1,12,11,378.844337,322.24359100000004,2800.0,6600.0
1,12,12,397.331986,337.84975,2800.0,6600.0
1,12,13,386.38462300000003,328.67535,2800.0,6600.0
1,12,14,337.560309,287.550051,2800.0,6600.0
1,12,15,258.94303,220.97609500000002,2800.0,6600.0
1,12,16,145.693851,124.558757,2800.0,6600.0
1,12,17,19.721635,16.816212,2800.0,6600.0
1,12,18,0.0,0.0,2800.0,6600.0
1,12,19,0.0,0.0,2800.0,6600.0
1,12,20,0.0,0.0,2800.0,6600.0
1,12,21,0.0,0.0,2800.0,6600.0
1,12,22,0.0,0.0,2800.0,6600.0
1,12,23,0.0,0.0,2800.0,6600.0
1,13,0,0.0,0.0,2800.0,6600.0
1,13,1,0.0,0.0,2800.0,6600.0
1,13,2,0.0,0.0,2800.0,6600.0
1,13,3,0.0,0.0,2800.0,6600.0
1,13,4,0.0,0.0,2800.0,6600.0
1,13,5,0.0,0.0,2800.0,6600.0
1,13,6,0.0,0.0,2800.0,6600.0
1,13,7,0.603555,0.497884,2800.0,6600.0
1,13,8,118.532572,101.21804300000001,2800.0,6600.0
1,13,9,236.290215,201.067687,2800.0,6600.0
1,13,10,310.560289,263.324204,2800.0,6600.0
1,13,11,361.868605,306.02473599999996,2800.0,6600.0
1,13,12,381.571454,322.473523,2800.0,6600.0
1,13,13,366.90009299999997,310.574609,2800.0,6600.0
1,13,14,323.04851,274.145127,2800.0,6600.0
1,13,15,248.812379,211.734647,2800.0,6600.0
1,13,16,139.48350299999998,119.030757,2800.0,6600.0
1,13,17,19.415221000000003,16.542283,2800.0,6600.0
1,13,18,0.0,0.0,2800.0,6600.0
1,13,19,0.0,0.0,2800.0,6600.0
1,13,20,0.0,0.0,2800.0,6600.0
1,13,21,0.0,0.0,2800.0,6600.0
1,13,22,0.0,0.0,2800.0,6600.0
1,13,23,0.0,0.0,2800.0,6600.0
1,14,0,0.0,0.0,2800.0,6600.0
1,14,1,0.0,0.0,2800.0,6600.0
1,14,2,0.0,0.0,2800.0,6600.0
1,14,3,0.0,0.0,2800.0,6600.0
1,14,4,0.0,0.0,2800.0,6600.0
1,14,5,0.0,0.0,2800.0,6600.0
1,14,6,0.0,0.0,2800.0,6600.0
1,14,7,1.561673,1.3141969999999998,2800.0,6600.0
1,14,8,123.357064,105.365798,2800.0,6600.0
1,14,9,240.558602,204.783718,2800.0,6600.0
1,14,10,329.999614,279.96142599999996,2800.0,6600.0
1,14,11,378.119414,320.12935200000004,2800.0,6600.0
1,14,12,396.152539,335.21227600000003,2800.0,6600.0
1,14,13,388.81273,329.296559,2800.0,6600.0
1,14,14,344.59680699999996,292.47889899999996,2800.0,6600.0
1,14,15,270.855491,230.509098,2800.0,6600.0
1,14,16,159.768462,136.343796,2800.0,6600.0
1,14,17,23.241711,19.812875,2800.0,6600.0
1,14,18,0.0,0.0,2800.0,6600.0
1,14,19,0.0,0.0,2800.0,6600.0
1,14,20,0.0,0.0,2800.0,6600.0
1,14,21,0.0,0.0,2800.0,6600.0
1,14,22,0.0,0.0,2800.0,6600.0
1,14,23,0.0,0.0,2800.0,6600.0
1,15,0,0.0,0.0,2800.0,6600.0
1,15,1,0.0,0.0,2800.0,6600.0
1,15,2,0.0,0.0,2800.0,6600.0
1,15,3,0.0,0.0,2800.0,6600.0
1,15,4,0.0,0.0,2800.0,6600.0
1,15,5,0.0,0.0,2800.0,6600.0
1,15,6,0.0,0.0,2800.0,6600.0
1,15,7,1.974059,1.66391,2800.0,6600.0
1,15,8,124.565061,106.255762,2800.0,6600.0
1,15,9,238.65777,202.658744,2800.0,6600.0
1,15,10,317.643403,269.021773,2800.0,6600.0
1,15,11,263.001319,223.352081,2800.0,6600.0
1,15,12,262.915946,223.396839,1136.8810555802274,1387.531996967994
1,15,13,376.246002,318.54938,2800.0,4569.628998473504
1,15,14,333.517101,282.982347,2800.0,6600.0
1,15,15,259.552496,220.873746,2800.0,6600.0
1,15,16,148.713837,126.899057,2800.0,6600.0
1,15,17,22.264911,18.974793000000002,2800.0,6600.0
1,15,18,0.0,0.0,2800.0,6600.0
1,15,19,0.0,0.0,2800.0,6600.0
1,15,20,0.0,0.0,2800.0,6600.0
1,15,21,0.0,0.0,2800.0,6600.0
1,15,22,0.0,0.0,2800.0,6600.0
1,15,23,0.0,0.0,2800.0,6600.0
1,16,0,0.0,0.0,2800.0,6600.0
1,16,1,0.0,0.0,2800.0,6600.0
1,16,2,0.0,0.0,2800.0,6600.0
1,16,3,0.0,0.0,2800.0,6600.0
1,16,4,0.0,0.0,2800.0,6600.0
1,16,5,0.0,0.0,2800.0,6600.0
1,16,6,0.0,0.0,2800.0,6600.0
1,16,7,2.8135790000000003,2.378236,2800.0,6600.0
1,16,8,125.084106,106.734545,2800.0,6600.0
1,16,9,238.567297,202.83930900000001,2800.0,6600.0
1,16,10,312.337131,265.016483,2800.0,6600.0
1,16,11,365.44399699999997,309.699135,2800.0,6600.0
1,16,12,389.35529499999996,329.86629700000003,2800.0,6600.0
1,16,13,377.55137199999996,320.12255200000004,2800.0,6600.0
1,16,14,335.184912,284.65893,2800.0,6600.0
1,16,15,260.835202,222.045062,2800.0,6600.0
1,16,16,153.68036600000002,131.161888,2800.0,6600.0
1,16,17,23.904619999999998,20.380653,2800.0,6600.0
1,16,18,0.0,0.0,2800.0,6600.0
1,16,19,0.0,0.0,2800.0,6600.0
1,16,20,0.0,0.0,2800.0,6600.0
1,16,21,0.0,0.0,2800.0,6600.0
1,16,22,0.0,0.0,2800.0,6600.0
1,16,23,0.0,0.0,2800.0,6600.0
1,17,0,0.0,0.0,2800.0,6600.0
1,17,1,0.0,0.0,2800.0,4495.12565696385
1,17,2,0.0,0.0,2800.0,3996.150340809066
1,17,3,0.0,0.0,2800.0,5700.675903358588
1,17,4,0.0,0.0,2800.0,6600.0
1,17,5,0.0,0.0,2800.0,6600.0
1,17,6,0.0,0.0,2800.0,6600.0
1,17,7,2.2515650000000003,1.901631,2800.0,6600.0
1,17,8,125.05373900000001,106.82435000000001,2800.0,6600.0
1,17,9,241.98683400000002,206.07905300000002,2800.0,6600.0
1,17,10,314.28947999999997,266.901752,2800.0,6600.0
1,17,11,365.068907,309.193253,2800.0,6600.0
1,17,12,382.578827,323.439527,2800.0,4798.06917736812
1,17,13,368.392312,311.414513,791.1870845831577,965.6220323652713
1,17,14,326.029395,276.204814,1405.1461214803344,1714.9421167673372
1,17,15,184.205025,156.774633,2800.0,6600.0
1,17,16,150.47537,128.204389,2800.0,6600.0
1,17,17,22.580075,19.217999,2800.0,6600.0
1,17,18,0.0,0.0,2800.0,6600.0
1,17,19,0.0,0.0,2800.0,6600.0
1,17,20,0.0,0.0,2800.0,6600.0
1,17,21,0.0,0.0,2800.0,6600.0
1,17,22,0.0,0.0,791.1870845831577,965.6220323652713
1,17,23,0.0,0.0,2800.0,3663.3164546975977
1,18,0,0.0,0.0,2800.0,6600.0
1,18,1,0.0,0.0,2800.0,6600.0
1,18,2,0.0,0.0,2800.0,6600.0
1,18,3,0.0,0.0,2800.0,6600.0
1,18,4,0.0,0.0,2800.0,6600.0
1,18,5,0.0,0.0,2800.0,6600.0
1,18,6,0.0,0.0,2800.0,6600.0
1,18,7,-0.0,-0.0,2800.0,6600.0
1,18,8,32.21304,27.476308,2800.0,6600.0
1,18,9,209.816092,178.866663,2800.0,6600.0
1,18,10,290.078844,246.442538,2800.0,6600.0
1,18,11,330.98327,280.078004,2800.0,6600.0
1,18,12,179.67845300000002,152.629797,2800.0,6600.0
1,18,13,231.677978,196.20794899999999,2800.0,6600.0
1,18,14,131.382706,111.615489,2800.0,6600.0
1,18,15,171.361166,145.53467999999998,2800.0,6600.0
1,18,16,10.925766,9.25793,2800.0,6600.0
1,18,17,10.268226,8.706669,2800.0,6600.0
1,18,18,0.0,0.0,2800.0,6600.0
1,18,19,0.0,0.0,2800.0,6600.0
1,18,20,0.0,0.0,2800.0,6600.0
1,18,21,0.0,0.0,2800.0,6600.0
1,18,22,0.0,0.0,2800.0,6600.0
1,18,23,0.0,0.0,2800.0,6600.0
1,19,0,0.0,0.0,2800.0,6600.0
1,19,1,0.0,0.0,2800.0,6600.0
1,19,2,0.0,0.0,2800.0,6600.0
1,19,3,0.0,0.0,2800.0,6600.0
1,19,4,0.0,0.0,2800.0,6600.0
1,19,5,0.0,0.0,2800.0,6600.0
1,19,6,0.0,0.0,2800.0,6600.0
1,19,7,-0.0,-0.0,2800.0,6600.0
1,19,8,-0.0,-0.0,2800.0,6600.0
1,19,9,140.88421599999998,120.142461,2800.0,6600.0
1,19,10,281.471517,239.276357,2800.0,6600.0
1,19,11,27.714341,23.568094000000002,2800.0,6600.0
1,19,12,300.901594,255.432815,2800.0,6600.0
1,19,13,196.872814,167.481772,2800.0,6600.0
1,19,14,9.509617,8.044599,2800.0,6600.0
1,19,15,11.190959000000001,9.475388,2800.0,6600.0
1,19,16,0.451262,0.358499,2800.0,6600.0
1,19,17,11.963538,10.147093,2800.0,6600.0
1,19,18,0.0,0.0,2800.0,6600.0
1,19,19,0.0,0.0,2800.0,6600.0
1,19,20,0.0,0.0,2800.0,6600.0
1,19,21,0.0,0.0,2800.0,6600.0
1,19,22,0.0,0.0,2800.0,6600.0
1,19,23,0.0,0.0,2800.0,6600.0
1,20,0,0.0,0.0,2800.0,6600.0
1,20,1,0.0,0.0,2800.0,6600.0
1,20,2,0.0,0.0,2800.0,6600.0
1,20,3,0.0,0.0,2800.0,6600.0
1,20,4,0.0,0.0,2800.0,6600.0
1,20,5,0.0,0.0,2800.0,3996.150340809066
1,20,6,0.0,0.0,1469.9890187508342,1794.0810858770024
1,20,7,-0.0,-0.0,1251.4423799619176,1527.350936173994
1,20,8,-0.0,-0.0,2364.2786071344885,2885.536882723194
1,20,9,1.243498,1.0366780000000002,2800.0,5277.537873988738
1,20,10,150.51602799999998,128.462562,2800.0,5033.998538121269
1,20,11,199.559103,170.203229,1536.7967041952045,1875.6180248051708
1,20,12,239.37979,203.91603800000001,289.9235564324093,353.8437106064838
1,20,13,144.486646,123.239191,791.1870845831577,965.6220323652713
1,20,14,141.63856099999998,120.79808,2800.0,6145.847517348083
1,20,15,2.37113,1.992462,2800.0,6600.0
1,20,16,0.49893400000000004,0.404609,2800.0,6600.0
1,20,17,2.7679009999999997,2.333287,2800.0,6600.0
1,20,18,0.0,0.0,2800.0,6600.0
1,20,19,0.0,0.0,2800.0,6600.0
1,20,20,0.0,0.0,2800.0,6600.0
1,20,21,0.0,0.0,2800.0,6600.0
1,20,22,0.0,0.0,2800.0,6600.0
1,20,23,0.0,0.0,2800.0,6600.0
1,21,0,0.0,0.0,2800.0,6600.0
1,21,1,0.0,0.0,2800.0,6600.0
1,21,2,0.0,0.0,2800.0,6600.0
1,21,3,0.0,0.0,2800.0,6600.0
1,21,4,0.0,0.0,2800.0,6600.0
1,21,5,0.0,0.0,2800.0,6600.0
1,21,6,0.0,0.0,2800.0,6600.0
1,21,7,1.157915,0.965063,2800.0,6600.0
1,21,8,116.105024,99.11770200000001,2800.0,6600.0
1,21,9,235.883987,200.996031,2800.0,6600.0
1,21,10,335.043793,284.772282,2800.0,6600.0
1,21,11,386.86235100000005,328.270333,2800.0,6600.0
1,21,12,407.32959700000004,345.36200099999996,2800.0,6600.0
1,21,13,398.04853399999996,337.546785,2800.0,6600.0
1,21,14,353.697424,300.34826699999996,2800.0,6600.0
1,21,15,179.255674,152.87153099999998,2800.0,6600.0
1,21,16,175.932928,150.074692,2800.0,6600.0
1,21,17,38.797259,33.10369,2800.0,6600.0
1,21,18,0.0,0.0,2800.0,6600.0
1,21,19,0.0,0.0,2800.0,6600.0
1,21,20,0.0,0.0,2800.0,6600.0
1,21,21,0.0,0.0,2800.0,6600.0
1,21,22,0.0,0.0,2800.0,6600.0
1,21,23,0.0,0.0,2800.0,6600.0
1,22,0,0.0,0.0,2800.0,6600.0
1,22,1,0.0,0.0,2800.0,6600.0
1,22,2,0.0,0.0,2800.0,6600.0
1,22,3,0.0,0.0,2800.0,6600.0
1,22,4,0.0,0.0,2800.0,6600.0
1,22,5,0.0,0.0,2800.0,6600.0
1,22,6,0.0,0.0,2800.0,6600.0
1,22,7,1.252753,1.051829,2800.0,6600.0
1,22,8,114.384763,97.797878,2800.0,6600.0
1,22,9,227.89094599999999,194.32634299999998,2800.0,6600.0
1,22,10,309.36079700000005,263.01356300000003,2800.0,6600.0
1,22,11,357.781906,303.418455,2800.0,6600.0
1,22,12,373.78136099999995,316.451707,2800.0,6600.0
1,22,13,364.393914,308.19837199999995,2800.0,6600.0
1,22,14,318.003877,269.181811,2800.0,6600.0
1,22,15,244.052593,207.062512,2800.0,6600.0
1,22,16,141.953494,120.78325500000001,2800.0,6600.0
1,22,17,10.92457,9.2637,2800.0,6600.0
1,22,18,0.0,0.0,2800.0,6600.0
1,22,19,0.0,0.0,2800.0,6600.0
1,22,20,0.0,0.0,2800.0,6600.0
1,22,21,0.0,0.0,2800.0,6600.0
1,22,22,0.0,0.0,2800.0,6600.0
1,22,23,0.0,0.0,2800.0,6600.0
1,23,0,0.0,0.0,2800.0,6600.0
1,23,1,0.0,0.0,2800.0,6600.0
1,23,2,0.0,0.0,2800.0,6600.0
1,23,3,0.0,0.0,2800.0,6600.0
1,23,4,0.0,0.0,2800.0,6600.0
1,23,5,0.0,0.0,2800.0,6600.0
1,23,6,0.0,0.0,2800.0,6600.0
1,23,7,-0.0,-0.0,2800.0,6600.0
1,23,8,-0.0,-0.0,2800.0,6600.0
1,23,9,0.849599,0.7005359999999999,2800.0,6600.0
1,23,10,20.839236,17.72888,2800.0,6600.0
1,23,11,36.90542,31.4483,2800.0,6600.0
1,23,12,16.663978999999998,14.162751,2800.0,6600.0
1,23,13,6.483465,5.486244,2020.963642713616,2466.530430083547
1,23,14,18.834026,16.018725,247.56819744046305,302.1501622304864
1,23,15,2.3740949999999996,1.995618,2800.0,6237.575082367505
1,23,16,12.357711,10.504878000000001,2800.0,6600.0
1,23,17,-0.0,-0.0,2800.0,6600.0
1,23,18,0.0,0.0,2800.0,4276.483153260508
1,23,19,0.0,0.0,1469.9890187508342,1794.0810858770024
1,23,20,0.0,0.0,375.1945078601572,457.9145568371997
1,23,21,0.0,0.0,138.67213448175264,169.24551846198156
1,23,22,0.0,0.0,445.37642374118406,543.569651022705
1,23,23,0.0,0.0,1503.1454301264964,1834.5475722016292
1,24,0,0.0,0.0,2800.0,5195.505086201954
1,24,1,0.0,0.0,2800.0,6600.0
1,24,2,0.0,0.0,2800.0,6600.0
1,24,3,0.0,0.0,2800.0,6600.0
1,24,4,0.0,0.0,2800.0,6600.0
1,24,5,0.0,0.0,2800.0,6600.0
1,24,6,0.0,0.0,2800.0,6600.0
1,24,7,0.8202079999999999,0.679674,2800.0,6600.0
1,24,8,106.41056,90.882655,2800.0,6600.0
1,24,9,94.519882,80.703246,2800.0,6600.0
1,24,10,312.893266,265.89748,2800.0,6600.0
1,24,11,258.628817,220.128144,2800.0,6600.0
1,24,12,386.41952899999995,327.796475,2800.0,6600.0
1,24,13,378.150986,321.189707,2800.0,6600.0
1,24,14,330.261327,281.07810700000005,2800.0,6600.0
1,24,15,260.840127,222.42901500000002,2800.0,6600.0
1,24,16,162.29727,138.654334,2800.0,6600.0
1,24,17,43.018347,36.739404,2800.0,6600.0
1,24,18,0.0,0.0,2800.0,6600.0
1,24,19,0.0,0.0,2800.0,6600.0
1,24,20,0.0,0.0,2800.0,6600.0
1,24,21,0.0,0.0,2800.0,6600.0
1,24,22,0.0,0.0,2800.0,6600.0
1,24,23,0.0,0.0,2800.0,6600.0
1,25,0,0.0,0.0,2800.0,6600.0
1,25,1,0.0,0.0,2800.0,6600.0
1,25,2,0.0,0.0,2800.0,6600.0
1,25,3,0.0,0.0,2800.0,6600.0
1,25,4,0.0,0.0,2800.0,6600.0
1,25,5,0.0,0.0,2800.0,6600.0
1,25,6,0.0,0.0,2800.0,6600.0
1,25,7,4.832263,4.100747999999999,2800.0,6600.0
1,25,8,134.816203,115.226637,2800.0,6600.0
1,25,9,255.271611,217.684911,2800.0,6600.0
1,25,10,218.84552,186.70659700000002,2800.0,6600.0
1,25,11,155.61494699999997,132.86093499999998,2800.0,6600.0
1,25,12,414.01127,351.646342,388.5930680097703,474.2671302481448
1,25,13,403.97603100000003,343.284973,90.95515204021434,111.00825642703326
1,25,14,361.043423,307.23077500000005,119.20203674758558,145.48280075492727
1,25,15,283.41344799999996,241.660323,278.9149998077284,340.4080706314795
1,25,16,175.729112,150.155585,2409.744269793466,2941.0264710077745
1,25,17,46.815771999999996,39.995003,2800.0,6600.0
1,25,18,0.0,0.0,2800.0,6600.0
1,25,19,0.0,0.0,2800.0,6600.0
1,25,20,0.0,0.0,2800.0,6600.0
1,25,21,0.0,0.0,2800.0,6600.0
1,25,22,0.0,0.0,2800.0,6600.0
1,25,23,0.0,0.0,2800.0,6600.0
1,26,0,0.0,0.0,2800.0,6600.0
1,26,1,0.0,0.0,2800.0,6600.0
1,26,2,0.0,0.0,2800.0,6600.0
1,26,3,0.0,0.0,2800.0,6600.0
1,26,4,0.0,0.0,2800.0,6600.0
1,26,5,0.0,0.0,2800.0,6600.0
1,26,6,0.0,0.0,2800.0,6600.0
1,26,7,2.122493,1.789791,2800.0,6600.0
1,26,8,78.658127,67.218474,2800.0,6600.0
1,26,9,245.333595,209.150172,2800.0,6600.0
1,26,10,253.027421,215.534639,2800.0,6600.0
1,26,11,336.67271600000004,285.941844,2800.0,6600.0
1,26,12,361.19528499999996,306.30159299999997,2800.0,6600.0
1,26,13,384.807318,325.93170299999997,2800.0,6600.0
1,26,14,180.469058,153.780591,2800.0,6600.0
1,26,15,269.951665,229.482691,2800.0,6600.0
1,26,16,9.118988,7.740412999999999,2800.0,6600.0
1,26,17,44.004664,37.546712,2800.0,6600.0
1,26,18,0.0,0.0,2800.0,6600.0
1,26,19,0.0,0.0,2800.0,6600.0
1,26,20,0.0,0.0,2800.0,6600.0
1,26,21,0.0,0.0,2800.0,6600.0
1,26,22,0.0,0.0,2800.0,6600.0
1,26,23,0.0,0.0,2800.0,6600.0
1,27,0,0.0,0.0,2800.0,6600.0
1,27,1,0.0,0.0,2800.0,6600.0
1,27,2,0.0,0.0,2800.0,6600.0
1,27,3,0.0,0.0,2800.0,6600.0
1,27,4,0.0,0.0,2800.0,6600.0
1,27,5,0.0,0.0,2800.0,6600.0
1,27,6,0.0,0.0,2800.0,6600.0
1,27,7,2.6437,2.235711,2800.0,6600.0
1,27,8,120.646199,103.035176,2800.0,6600.0
1,27,9,236.887375,201.46127299999998,2800.0,6600.0
1,27,10,322.639729,272.975385,2800.0,6600.0
1,27,11,365.912686,308.018248,2800.0,6600.0
1,27,12,384.768413,323.553144,2800.0,6600.0
1,27,13,379.665933,320.119652,2800.0,6600.0
1,27,14,342.850342,290.112143,2800.0,6600.0
1,27,15,272.60371899999996,231.492217,2800.0,6600.0
1,27,16,171.59395999999998,146.212352,2800.0,6600.0
1,27,17,47.525356,40.549374,2800.0,6600.0
1,27,18,0.0,0.0,2800.0,6600.0
1,27,19,0.0,0.0,2800.0,6600.0
1,27,20,0.0,0.0,2800.0,6600.0
1,27,21,0.0,0.0,2800.0,6600.0
1,27,22,0.0,0.0,2800.0,6600.0
1,27,23,0.0,0.0,2800.0,6600.0
1,28,0,0.0,0.0,2409.744269793466,2941.0264710077745
1,28,1,0.0,0.0,1029.5337295682716,1256.5175439612765
1,28,2,0.0,0.0,2020.963642713616,2466.530430083547
1,28,3,0.0,0.0,2800.0,6600.0
1,28,4,0.0,0.0,2800.0,6600.0
1,28,5,0.0,0.0,2800.0,6600.0
1,28,6,0.0,0.0,2800.0,6600.0
1,28,7,1.115667,0.9334969999999999,2800.0,6600.0
1,28,8,121.324928,103.616894,2800.0,6600.0
1,28,9,235.324476,200.455572,2800.0,6600.0
1,28,10,323.886563,275.15799400000003,2800.0,6600.0
1,28,11,236.529308,201.45234200000002,2800.0,6600.0
1,28,12,185.86590900000002,158.50232699999998,2800.0,6600.0
1,28,13,387.968271,329.261505,2800.0,6600.0
1,28,14,344.204095,292.63827100000003,2800.0,6600.0
1,28,15,269.32732799999997,229.499582,2800.0,6600.0
1,28,16,167.93555300000003,143.400175,2800.0,6600.0
1,28,17,48.361565999999996,41.303298999999996,2800.0,6600.0
1,28,18,0.0,0.0,2800.0,6600.0
1,28,19,0.0,0.0,2800.0,6600.0
1,28,20,0.0,0.0,2800.0,6600.0
1,28,21,0.0,0.0,2800.0,6600.0
1,28,22,0.0,0.0,2800.0,6600.0
1,28,23,0.0,0.0,2800.0,6600.0
1,29,0,0.0,0.0,2800.0,6600.0
1,29,1,0.0,0.0,2800.0,6600.0
1,29,2,0.0,0.0,2800.0,6600.0
1,29,3,0.0,0.0,2800.0,6600.0
1,29,4,0.0,0.0,2800.0,6600.0
1,29,5,0.0,0.0,2800.0,6600.0
1,29,6,0.0,0.0,2800.0,5528.8079782263085
1,29,7,4.569043,3.871886,2319.3884514592746,2830.7496848518704
1,29,8,124.546847,106.188428,557.58989956809,680.5231057720783
1,29,9,239.534221,203.331055,575.0133429544752,701.7879382515248
1,29,10,307.086768,259.84898300000003,1003.7965929387176,1225.1060779960724
1,29,11,359.65264299999996,303.660557,2800.0,4569.628998473504
1,29,12,383.599174,323.884653,2800.0,6600.0
1,29,13,377.342108,319.060769,2800.0,6600.0
1,29,14,337.989921,286.49003899999997,2800.0,6600.0
1,29,15,269.76867200000004,229.343584,2800.0,6600.0
1,29,16,163.298858,139.249774,2800.0,6600.0
1,29,17,48.449782,41.344847,2800.0,6600.0
1,29,18,0.0,0.0,2800.0,6600.0
1,29,19,0.0,0.0,2800.0,6600.0
1,29,20,0.0,0.0,2800.0,6600.0
1,29,21,0.0,0.0,2800.0,6600.0
1,29,22,0.0,0.0,2800.0,6600.0
1,29,23,0.0,0.0,2800.0,6600.0
1,30,0,0.0,0.0,2800.0,6600.0
1,30,1,0.0,0.0,2800.0,6600.0
1,30,2,0.0,0.0,2800.0,6600.0
1,30,3,0.0,0.0,2800.0,6600.0
1,30,4,0.0,0.0,2800.0,4276.483153260508
1,30,5,0.0,0.0,2145.5095856044995,2618.5353210133653
1,30,6,0.0,0.0,2800.0,5614.303506012198
1,30,7,1.297692,1.086953,2800.0,6600.0
1,30,8,101.609192,86.641685,2800.0,6600.0
1,30,9,211.21013,179.11188099999998,2800.0,6600.0
1,30,10,293.99336999999997,248.100928,2800.0,6600.0
1,30,11,343.170653,288.447372,2800.0,6600.0
1,30,12,367.275241,308.748103,2800.0,6600.0
1,30,13,363.689692,306.86240399999997,2800.0,6600.0
1,30,14,327.395599,277.20597499999997,2800.0,6600.0
1,30,15,259.165999,220.159307,2800.0,6600.0
1,30,16,158.181958,134.83253299999998,2800.0,6600.0
1,30,17,46.219269,39.433258,2800.0,5114.326798854228
1,30,18,0.0,0.0,2800.0,4276.483153260508
1,30,19,0.0,0.0,2800.0,3794.137041985159
1,30,20,0.0,0.0,1786.5196926460033,2180.398050079768
1,30,21,0.0,0.0,1193.2453053765432,1456.323010498931
1,30,22,0.0,0.0,791.1870845831577,965.6220323652713
1,30,23,0.0,0.0,707.2412654778989,863.1684736147585
1,31,0,0.0,0.0,2694.829168782761,3288.9647335537634
1,31,1,0.0,0.0,2800.0,6600.0
1,31,2,0.0,0.0,2800.0,6600.0
1,31,3,0.0,0.0,2800.0,6600.0
1,31,4,0.0,0.0,2800.0,6600.0
1,31,5,0.0,0.0,2800.0,6600.0
1,31,6,0.0,0.0,2800.0,6600.0
1,31,7,2.92425,2.474433,2800.0,6600.0
1,31,8,118.713768,101.342309,2800.0,6600.0
1,31,9,231.99829,197.15238300000001,2800.0,6600.0
1,31,10,316.24834999999996,267.696304,2800.0,6600.0
1,31,11,367.959783,310.84672600000005,2800.0,6600.0
1,31,12,388.267611,327.837738,2800.0,6600.0
1,31,13,384.62643199999997,324.928017,2800.0,6600.0
1,31,14,344.026127,291.32896999999997,2800.0,6600.0
1,31,15,272.43495,231.445943,2800.0,6600.0
1,31,16,164.781158,140.457041,2800.0,6600.0
1,31,17,49.017899,41.829588,1786.5196926460033,2180.398050079768
1,31,18,0.0,0.0,491.4151496175413,599.758647171015
1,31,19,0.0,0.0,119.20203674758558,145.48280075492727
1,31,20,0.0,0.0,1469.9890187508342,1794.0810858770024
1,31,21,0.0,0.0,2800.0,6600.0
1,31,22,0.0,0.0,2800.0,6600.0
1,31,23,0.0,0.0,2800.0,6600.0
2,1,0,0.0,0.0,2800.0,6600.0
2,1,1,0.0,0.0,2800.0,6600.0
2,1,2,0.0,0.0,2800.0,6600.0
2,1,3,0.0,0.0,2800.0,6600.0
2,1,4,0.0,0.0,2800.0,6600.0
2,1,5,0.0,0.0,2800.0,6600.0
2,1,6,0.0,0.0,2800.0,6600.0
2,1,7,-0.0,-0.0,2800.0,6600.0
2,1,8,83.95965600000001,71.68951200000001,2800.0,6600.0
2,1,9,186.401181,159.02781099999999,2800.0,6600.0
2,1,10,254.117965,216.43214799999998,2800.0,6600.0
2,1,11,291.847983,248.214058,2800.0,6600.0
2,1,12,284.87139299999996,242.164327,2800.0,6600.0
2,1,13,272.40033500000004,231.49541399999998,2800.0,6600.0
2,1,14,223.381266,189.943579,2800.0,6600.0
2,1,15,122.26407,104.073574,2800.0,6600.0
2,1,16,82.542136,70.255659,2800.0,6600.0
2,1,17,-0.0,-0.0,2800.0,6600.0
2,1,18,0.0,0.0,2800.0,6600.0
2,1,19,0.0,0.0,2800.0,6600.0
2,1,20,0.0,0.0,2800.0,6600.0
2,1,21,0.0,0.0,2800.0,6600.0
2,1,22,0.0,0.0,2800.0,6600.0
2,1,23,0.0,0.0,2800.0,6600.0
2,2,0,0.0,0.0,2800.0,6600.0
2,2,1,0.0,0.0,2800.0,6600.0
2,2,2,0.0,0.0,2800.0,6600.0
2,2,3,0.0,0.0,2800.0,6600.0
2,2,4,0.0,0.0,2800.0,6600.0
2,2,5,0.0,0.0,2800.0,6600.0
2,2,6,0.0,0.0,2800.0,6600.0
2,2,7,-0.0,-0.0,2800.0,6600.0
2,2,8,55.309894,47.191977,2800.0,6600.0
2,2,9,150.888463,128.766294,2800.0,6600.0
2,2,10,224.057299,190.891622,2800.0,6600.0
2,2,11,145.29237899999998,123.815665,2800.0,6600.0
2,2,12,141.113223,120.18958,2800.0,6600.0
2,2,13,177.544296,151.08746,2800.0,6600.0
2,2,14,284.47884000000005,241.435478,2800.0,6600.0
2,2,15,194.04411,165.020501,2800.0,6600.0
2,2,16,48.776573,41.510861,2800.0,3996.150340809066
2,2,17,-0.0,-0.0,362.10752792468406,441.94225849075616
2,2,18,0.0,0.0,416.3395915497286,508.1309975606924
2,2,19,0.0,0.0,2800.0,3996.150340809066
2,2,20,0.0,0.0,2800.0,6600.0
2,2,21,0.0,0.0,2800.0,6600.0
2,2,22,0.0,0.0,2800.0,6600.0
2,2,23,0.0,0.0,2800.0,6600.0
2,3,0,0.0,0.0,2800.0,6600.0
2,3,1,0.0,0.0,2800.0,6600.0
2,3,2,0.0,0.0,2800.0,6600.0
2,3,3,0.0,0.0,2800.0,6600.0
2,3,4,0.0,0.0,2800.0,6600.0
2,3,5,0.0,0.0,2800.0,6600.0
2,3,6,0.0,0.0,2800.0,6600.0
2,3,7,3.6288,3.063576,2800.0,6600.0
2,3,8,115.11281600000001,98.161399,2800.0,6600.0
2,3,9,226.156552,192.419351,2800.0,6600.0
2,3,10,303.567028,257.912357,2800.0,6600.0
2,3,11,357.338145,303.31681199999997,2800.0,6600.0
2,3,12,379.69796399999996,322.18326299999995,2800.0,6600.0
2,3,13,383.00546,325.020749,2800.0,6600.0
2,3,14,186.189762,158.710779,2800.0,6600.0
2,3,15,138.45085,118.128807,2800.0,6600.0
2,3,16,52.14266000000001,44.478068,2800.0,6600.0
2,3,17,49.40782299999999,42.160176,2800.0,6600.0
2,3,18,0.0,0.0,2800.0,6600.0
2,3,19,0.0,0.0,2800.0,6600.0
2,3,20,0.0,0.0,2800.0,6600.0
2,3,21,0.0,0.0,2800.0,6600.0
2,3,22,0.0,0.0,2800.0,6600.0
2,3,23,0.0,0.0,2800.0,6600.0
2,4,0,0.0,0.0,2800.0,6600.0
2,4,1,0.0,0.0,2800.0,6600.0
2,4,2,0.0,0.0,2800.0,6600.0
2,4,3,0.0,0.0,2800.0,6600.0
2,4,4,0.0,0.0,2800.0,6600.0
2,4,5,0.0,0.0,2800.0,6600.0
2,4,6,0.0,0.0,2800.0,6600.0
2,4,7,11.600206,9.875017,2800.0,6600.0
2,4,8,147.260281,125.849174,2800.0,6600.0
2,4,9,268.051756,228.56551199999998,2800.0,6600.0
2,4,10,353.52544900000004,300.726236,2800.0,6600.0
2,4,11,403.88308,342.98851299999995,2800.0,6600.0
2,4,12,422.772839,358.767181,2800.0,6600.0
2,4,13,409.694928,347.832601,2800.0,6600.0
2,4,14,365.397457,310.664599,2800.0,6600.0
2,4,15,290.634777,247.640624,2800.0,6600.0
2,4,16,184.09995800000002,157.20290599999998,2800.0,6600.0
2,4,17,57.610288,49.205743999999996,2800.0,6600.0
2,4,18,0.0,0.0,2800.0,6600.0
2,4,19,0.0,0.0,2800.0,6600.0
2,4,20,0.0,0.0,2800.0,6600.0
2,4,21,0.0,0.0,2800.0,6600.0
2,4,22,0.0,0.0,2800.0,6600.0
2,4,23,0.0,0.0,2800.0,6600.0
2,5,0,0.0,0.0,2800.0,6600.0
2,5,1,0.0,0.0,2800.0,6600.0
2,5,2,0.0,0.0,2800.0,6600.0
2,5,3,0.0,0.0,2800.0,6600.0
2,5,4,0.0,0.0,2800.0,6600.0
2,5,5,0.0,0.0,2800.0,6600.0
2,5,6,0.0,0.0,2800.0,6600.0
2,5,7,6.427954,5.453429,2800.0,6600.0
2,5,8,128.197387,109.501381,2800.0,6600.0
2,5,9,245.62646900000001,209.38904300000002,2800.0,6600.0
2,5,10,329.4385,280.21986300000003,2800.0,6600.0
2,5,11,382.789918,325.071958,2800.0,6600.0
2,5,12,403.260521,342.268657,2800.0,6600.0
2,5,13,372.637216,316.57931099999996,2800.0,6600.0
2,5,14,331.68881400000004,282.051168,2800.0,6600.0
2,5,15,261.07808900000003,222.37692800000002,2800.0,6600.0
2,5,16,159.668595,136.25425099999998,2800.0,6600.0
2,5,17,50.656966999999995,43.233907,2800.0,6600.0
2,5,18,0.0,0.0,2800.0,6600.0
2,5,19,0.0,0.0,2800.0,6600.0
2,5,20,0.0,0.0,2800.0,6600.0
2,5,21,0.0,0.0,2800.0,6600.0
2,5,22,0.0,0.0,2800.0,6600.0
2,5,23,0.0,0.0,2800.0,6600.0
2,6,0,0.0,0.0,2800.0,6600.0
2,6,1,0.0,0.0,2800.0,5033.998538121269
2,6,2,0.0,0.0,2800.0,3860.699345383164
2,6,3,0.0,0.0,2549.630956168769,3111.754316583931
2,6,4,0.0,0.0,1405.1461214803344,1714.9421167673372
2,6,5,0.0,0.0,388.5930680097703,474.2671302481448
2,6,6,0.0,0.0,52.04244894371608,63.51637469508655
2,6,7,0.306408,0.24301499999999998,71.8766678693094,87.7234922814406
2,6,8,89.484128,76.38375199999999,475.7328897807615,580.6188812284884
2,6,9,199.23554199999998,169.819162,416.3395915497286,508.1309975606924
2,6,10,306.591401,260.723223,475.7328897807615,580.6188812284884
2,6,11,362.138597,307.60682099999997,138.67213448175264,169.24551846198156
2,6,12,384.773426,326.75708899999995,119.20203674758558,145.48280075492727
2,6,13,373.63543300000003,317.461973,445.37642374118406,543.569651022705
2,6,14,329.21095199999996,280.10334600000004,1605.5985030100696,1959.588724146148
2,6,15,255.534219,217.830351,2800.0,5444.184846176627
2,6,16,156.438226,133.58344,2800.0,6600.0
2,6,17,49.75709,42.470519,2800.0,6600.0
2,6,18,0.0,0.0,2800.0,6600.0
2,6,19,0.0,0.0,2800.0,6600.0
2,6,20,0.0,0.0,2800.0,6600.0
2,6,21,0.0,0.0,2800.0,6600.0
2,6,22,0.0,0.0,2800.0,6600.0
2,6,23,0.0,0.0,2800.0,6600.0
2,7,0,0.0,0.0,2800.0,6600.0
2,7,1,0.0,0.0,2800.0,6600.0
2,7,2,0.0,0.0,2800.0,6600.0
2,7,3,0.0,0.0,2800.0,6600.0
2,7,4,0.0,0.0,2800.0,6600.0
2,7,5,0.0,0.0,2800.0,6600.0
2,7,6,0.0,0.0,2800.0,6600.0
2,7,7,17.336136999999997,14.770602,2800.0,6600.0
2,7,8,154.12199299999997,131.645399,2800.0,6600.0
2,7,9,202.22327299999998,172.543549,2800.0,6600.0
2,7,10,361.08563699999996,306.85229100000004,2800.0,6600.0
2,7,11,412.415797,349.8961,2800.0,6600.0
2,7,12,425.0,362.5,2800.0,6600.0
2,7,13,416.936297,353.660424,2800.0,6600.0
2,7,14,371.711277,315.756858,2800.0,6600.0
2,7,15,296.865747,252.767704,2800.0,6600.0
2,7,16,190.666876,162.735142,2800.0,6600.0
2,7,17,51.250586000000006,43.763217,2800.0,4721.09628485135
2,7,18,0.0,0.0,402.3068740231014,491.0044525478796
2,7,19,0.0,0.0,257.74098596133337,314.56577026776904
2,7,20,0.0,0.0,2800.0,6600.0
2,7,21,0.0,0.0,2800.0,6600.0
2,7,22,0.0,0.0,2800.0,6600.0
2,7,23,0.0,0.0,2800.0,6600.0
2,8,0,0.0,0.0,2800.0,6600.0
2,8,1,0.0,0.0,2800.0,6600.0
2,8,2,0.0,0.0,2800.0,6600.0
2,8,3,0.0,0.0,2800.0,6600.0
2,8,4,0.0,0.0,2800.0,6600.0
2,8,5,0.0,0.0,2800.0,6600.0
2,8,6,0.0,0.0,2800.0,6600.0
2,8,7,11.719995999999998,9.977049999999998,2800.0,6600.0
2,8,8,136.855059,116.86292200000001,2800.0,6600.0
2,8,9,252.767603,215.15197,2800.0,6600.0
2,8,10,337.626719,286.40739399999995,2800.0,6600.0
2,8,11,387.840915,328.22443699999997,2800.0,6600.0
2,8,12,406.47299699999996,343.661724,2800.0,6600.0
2,8,13,394.869241,333.990441,2800.0,6600.0
2,8,14,352.963978,299.104854,2800.0,6600.0
2,8,15,278.760211,236.86265799999998,2800.0,6600.0
2,8,16,176.77540900000002,150.623079,2800.0,6600.0
2,8,17,57.241781,48.828352,2800.0,6600.0
2,8,18,0.0,0.0,2800.0,6600.0
2,8,19,0.0,0.0,2800.0,6600.0
2,8,20,0.0,0.0,2800.0,6600.0
2,8,21,0.0,0.0,2800.0,6600.0
2,8,22,0.0,0.0,2800.0,6600.0
2,8,23,0.0,0.0,2800.0,6600.0
2,9,0,0.0,0.0,2800.0,6600.0
2,9,1,0.0,0.0,2800.0,6600.0
2,9,2,0.0,0.0,2800.0,6600.0
2,9,3,0.0,0.0,2800.0,6600.0
2,9,4,0.0,0.0,2800.0,6600.0
2,9,5,0.0,0.0,2800.0,6600.0
2,9,6,0.0,0.0,2800.0,6600.0
2,9,7,1.839989,1.545133,2800.0,6600.0
2,9,8,90.24494,76.953675,2800.0,6600.0
2,9,9,35.94646,30.600254,2800.0,6600.0
2,9,10,130.699391,111.21069100000001,2800.0,6600.0
2,9,11,132.291383,112.526878,2800.0,6600.0
2,9,12,234.510622,198.644314,2800.0,6600.0
2,9,13,228.950613,194.051876,2800.0,6600.0
2,9,14,76.174126,64.804915,2800.0,6600.0
2,9,15,72.888816,62.003422,2800.0,6600.0
2,9,16,40.394426,34.346928,2800.0,6600.0
2,9,17,0.005664,-0.0,2800.0,6600.0
2,9,18,0.0,0.0,2800.0,6600.0
2,9,19,0.0,0.0,2800.0,6600.0
2,9,20,0.0,0.0,2800.0,6600.0
2,9,21,0.0,0.0,2800.0,6600.0
2,9,22,0.0,0.0,2800.0,6600.0
2,9,23,0.0,0.0,2800.0,6600.0
2,10,0,0.0,0.0,2800.0,6600.0
2,10,1,0.0,0.0,2800.0,6600.0
2,10,2,0.0,0.0,2800.0,6600.0
2,10,3,0.0,0.0,2800.0,6600.0
2,10,4,0.0,0.0,2800.0,6600.0
2,10,5,0.0,0.0,2800.0,6600.0
2,10,6,0.0,0.0,2800.0,6600.0
2,10,7,6.65696,5.645303,2800.0,6600.0
2,10,8,121.208305,103.517162,2800.0,6600.0
2,10,9,241.323691,205.7128,2800.0,6600.0
2,10,10,316.718464,269.52401899999995,2800.0,6600.0
2,10,11,379.538411,322.492986,2800.0,6600.0
2,10,12,409.382624,347.643448,2800.0,6600.0
2,10,13,400.814959,340.53156,2800.0,6600.0
2,10,14,357.911702,304.48040100000003,2800.0,6600.0
2,10,15,284.917352,242.83532300000002,2800.0,6600.0
2,10,16,183.68452100000002,156.861873,2800.0,6600.0
2,10,17,61.988514,52.955234,2800.0,6600.0
2,10,18,0.0,0.0,2800.0,6600.0
2,10,19,0.0,0.0,2800.0,6600.0
2,10,20,0.0,0.0,2800.0,6600.0
2,10,21,0.0,0.0,2800.0,6600.0
2,10,22,0.0,0.0,2800.0,6600.0
2,10,23,0.0,0.0,2800.0,6600.0
2,11,0,0.0,0.0,2800.0,6600.0
2,11,1,0.0,0.0,2800.0,6600.0
2,11,2,0.0,0.0,2800.0,6600.0
2,11,3,0.0,0.0,2800.0,6600.0
2,11,4,0.0,0.0,2800.0,6600.0
2,11,5,0.0,0.0,2800.0,6600.0
2,11,6,0.0,0.0,2800.0,6600.0
2,11,7,4.405093,3.729758,2800.0,6600.0
2,11,8,93.549055,79.74325,2800.0,6600.0
2,11,9,177.372433,150.69157800000002,2800.0,6600.0
2,11,10,232.612826,197.095476,2800.0,6600.0
2,11,11,274.225636,231.921899,2800.0,6600.0
2,11,12,358.44385600000004,302.124257,2800.0,6600.0
2,11,13,343.519997,290.019751,2800.0,6600.0
2,11,14,303.593678,256.949902,2800.0,6600.0
2,11,15,214.18755900000002,181.881874,2800.0,6600.0
2,11,16,143.866295,122.41097500000001,2800.0,6600.0
2,11,17,0.018082,-0.0,2800.0,6600.0
2,11,18,0.0,0.0,2800.0,6600.0
2,11,19,0.0,0.0,2800.0,6600.0
2,11,20,0.0,0.0,2800.0,6600.0
2,11,21,0.0,0.0,2800.0,6600.0
2,11,22,0.0,0.0,2800.0,4495.12565696385
2,11,23,0.0,0.0,2020.963642713616,2466.530430083547
2,12,0,0.0,0.0,1193.2453053765432,1456.323010498931
2,12,1,0.0,0.0,1786.5196926460033,2180.398050079768
2,12,2,0.0,0.0,2800.0,5114.326798854228
2,12,3,0.0,0.0,2800.0,6600.0
2,12,4,0.0,0.0,2800.0,6600.0
2,12,5,0.0,0.0,2800.0,6600.0
2,12,6,0.0,0.0,2800.0,6600.0
2,12,7,1.882386,1.580099,2800.0,6600.0
2,12,8,101.29696000000001,86.502696,2800.0,6600.0
2,12,9,183.215575,156.346935,2800.0,6600.0
2,12,10,321.63151899999997,273.774292,2800.0,3860.699345383164
2,12,11,391.760416,332.99023,769.610460224766,939.288356967234
2,12,12,425.0,362.5,2800.0,5444.184846176627
2,12,13,419.711112,356.67305,2800.0,6600.0
2,12,14,379.202288,322.65313799999996,2800.0,6600.0
2,12,15,302.91351199999997,258.235189,2800.0,6600.0
2,12,16,195.604097,167.087456,2800.0,6600.0
2,12,17,67.52258400000001,57.699951,2800.0,6600.0
2,12,18,0.0,0.0,2800.0,6600.0
2,12,19,0.0,0.0,2800.0,6600.0
2,12,20,0.0,0.0,2800.0,6600.0
2,12,21,0.0,0.0,2800.0,6600.0
2,12,22,0.0,0.0,2800.0,6600.0
2,12,23,0.0,0.0,2800.0,6600.0
2,13,0,0.0,0.0,2800.0,6600.0
2,13,1,0.0,0.0,2800.0,6600.0
2,13,2,0.0,0.0,2800.0,6600.0
2,13,3,0.0,0.0,2800.0,6600.0
2,13,4,0.0,0.0,2800.0,6600.0
2,13,5,0.0,0.0,2800.0,6600.0
2,13,6,0.0,0.0,2800.0,6600.0
2,13,7,21.389986,18.241066999999997,2800.0,6600.0
2,13,8,155.390817,132.81751300000002,2800.0,6600.0
2,13,9,273.202923,233.023839,2800.0,6600.0
2,13,10,360.86127700000003,307.090308,2800.0,6600.0
2,13,11,413.34786599999995,351.19476099999997,2800.0,6600.0
2,13,12,425.0,362.5,2800.0,6600.0
2,13,13,424.209356,360.29488699999996,2800.0,6600.0
2,13,14,380.957264,323.97282299999995,2800.0,6600.0
2,13,15,303.610032,258.734665,2800.0,6600.0
2,13,16,197.659044,168.810351,2800.0,6600.0
2,13,17,69.052463,59.018997999999996,2800.0,6600.0
2,13,18,0.0,0.0,2800.0,6600.0
2,13,19,0.0,0.0,2800.0,6600.0
2,13,20,0.0,0.0,2800.0,6600.0
2,13,21,0.0,0.0,2800.0,6600.0
2,13,22,0.0,0.0,2800.0,6600.0
2,13,23,0.0,0.0,2800.0,6600.0
2,14,0,0.0,0.0,2800.0,6600.0
2,14,1,0.0,0.0,2800.0,6600.0
2,14,2,0.0,0.0,2800.0,6600.0
2,14,3,0.0,0.0,2800.0,6600.0
2,14,4,0.0,0.0,2800.0,6600.0
2,14,5,0.0,0.0,2800.0,6600.0
2,14,6,0.0,0.0,2800.0,6600.0
2,14,7,13.32542,11.351888,2800.0,6600.0
2,14,8,141.8172,121.20078500000001,2800.0,6600.0
2,14,9,263.82469699999996,224.89567399999999,2800.0,6600.0
2,14,10,352.408298,299.626247,2800.0,6600.0
2,14,11,408.38382299999995,346.610538,2800.0,6600.0
2,14,12,425.0,362.5,2800.0,6600.0
2,14,13,420.157274,356.65664000000004,2800.0,6600.0
2,14,14,376.60667,320.165253,2800.0,6600.0
2,14,15,300.63531,256.163957,2275.070137118247,2776.660403569514
2,14,16,195.34581500000002,166.82926500000002,2364.2786071344885,2885.536882723194
2,14,17,67.465394,57.658755,2800.0,6600.0
2,14,18,0.0,0.0,2800.0,6600.0
2,14,19,0.0,0.0,2800.0,6600.0
2,14,20,0.0,0.0,2800.0,6600.0
2,14,21,0.0,0.0,2800.0,6600.0
2,14,22,0.0,0.0,2800.0,6600.0
2,14,23,0.0,0.0,2800.0,6600.0
2,15,0,0.0,0.0,2800.0,6600.0
2,15,1,0.0,0.0,2800.0,6600.0
2,15,2,0.0,0.0,2800.0,6600.0
2,15,3,0.0,0.0,2800.0,6600.0
2,15,4,0.0,0.0,2800.0,6600.0
2,15,5,0.0,0.0,2800.0,6600.0
2,15,6,0.0,0.0,2800.0,6600.0
2,15,7,17.346533,14.786611,2800.0,6600.0
2,15,8,145.117182,123.987221,2800.0,6600.0
2,15,9,264.628178,225.554967,2800.0,6600.0
2,15,10,359.139538,305.28713,2800.0,6600.0
2,15,11,411.80354800000003,349.569951,2800.0,6600.0
2,15,12,425.0,362.5,2800.0,6600.0
2,15,13,423.748105,359.87890600000003,2800.0,6600.0
2,15,14,374.417777,318.482864,2800.0,6600.0
2,15,15,295.26542800000004,251.663037,2800.0,6600.0
2,15,16,189.177302,161.57180799999998,2800.0,6600.0
2,15,17,66.253768,56.614255,2800.0,5965.099051003621
2,15,18,0.0,0.0,2549.630956168769,3111.754316583931
2,15,19,0.0,0.0,268.18869820056244,327.31691512667066
2,15,20,0.0,0.0,33.523587275070305,40.91461439083383
2,15,21,0.0,0.0,1786.5196926460033,2180.398050079768
2,15,22,0.0,0.0,2800.0,6600.0
2,15,23,0.0,0.0,2800.0,6600.0
2,16,0,0.0,0.0,2800.0,6600.0
2,16,1,0.0,0.0,2800.0,6600.0
2,16,2,0.0,0.0,2800.0,6600.0
2,16,3,0.0,0.0,2800.0,6600.0
2,16,4,0.0,0.0,2800.0,6600.0
2,16,5,0.0,0.0,2800.0,6600.0
2,16,6,0.0,0.0,2800.0,6600.0
2,16,7,19.779564999999998,16.867714,2800.0,6600.0
2,16,8,147.59199600000002,126.048655,2800.0,6600.0
2,16,9,263.131761,224.086014,2800.0,6600.0
2,16,10,340.62612800000005,289.345697,2800.0,6600.0
2,16,11,391.897988,332.319635,2800.0,6600.0
2,16,12,411.521581,348.764405,2800.0,6600.0
2,16,13,393.311303,333.559548,2800.0,6600.0
2,16,14,349.221195,296.57634,2800.0,6600.0
2,16,15,276.005667,234.850904,2800.0,6600.0
2,16,16,172.717196,147.286765,2800.0,6600.0
2,16,17,61.065452,52.118066,2800.0,6600.0
2,16,18,0.0,0.0,2800.0,6600.0
2,16,19,0.0,0.0,2800.0,6600.0
2,16,20,0.0,0.0,2800.0,6600.0
2,16,21,0.0,0.0,2800.0,6600.0
2,16,22,0.0,0.0,2800.0,6600.0
2,16,23,0.0,0.0,2800.0,6600.0
2,17,0,0.0,0.0,2800.0,6600.0
2,17,1,0.0,0.0,2800.0,6600.0
2,17,2,0.0,0.0,2800.0,6600.0
2,17,3,0.0,0.0,2800.0,6600.0
2,17,4,0.0,0.0,2800.0,6600.0
2,17,5,0.0,0.0,2800.0,6600.0
2,17,6,0.0,0.0,2800.0,6600.0
2,17,7,4.684949,3.969192,2800.0,6600.0
2,17,8,100.595303,85.899395,2800.0,6600.0
2,17,9,206.978728,176.291473,2800.0,6600.0
2,17,10,313.68465399999997,266.200995,2800.0,6600.0
2,17,11,365.267783,309.19763900000004,2800.0,6600.0
2,17,12,343.91584,291.205579,2800.0,6600.0
2,17,13,372.269651,314.855157,2800.0,6600.0
2,17,14,330.16751400000004,279.59263699999997,2800.0,6600.0
2,17,15,208.514138,177.12487299999998,2800.0,6600.0
2,17,16,157.96396900000002,134.309123,2800.0,6600.0
2,17,17,0.387767,0.30489,2800.0,6600.0
2,17,18,0.0,0.0,2800.0,6600.0
2,17,19,0.0,0.0,2800.0,6600.0
2,17,20,0.0,0.0,2800.0,6600.0
2,17,21,0.0,0.0,2800.0,6600.0
2,17,22,0.0,0.0,2800.0,6600.0
2,17,23,0.0,0.0,2800.0,6600.0
2,18,0,0.0,0.0,2800.0,6600.0
2,18,1,0.0,0.0,2800.0,6600.0
2,18,2,0.0,0.0,2800.0,6600.0
2,18,3,0.0,0.0,2800.0,6600.0
2,18,4,0.0,0.0,2800.0,6600.0
2,18,5,0.0,0.0,2800.0,6600.0
2,18,6,0.0,0.0,2800.0,6600.0
2,18,7,12.294789000000002,10.452043999999999,2800.0,6600.0
2,18,8,130.66650199999998,111.47657000000001,2800.0,6600.0
2,18,9,248.588225,211.511946,2800.0,6600.0
2,18,10,336.964901,285.898332,2800.0,6600.0
2,18,11,392.398362,332.37561200000005,2800.0,6600.0
2,18,12,415.583755,351.910289,2800.0,6600.0
2,18,13,398.958369,338.15062900000004,2800.0,6600.0
2,18,14,356.04919900000004,302.280117,2800.0,6600.0
2,18,15,283.466546,241.205671,2800.0,6600.0
2,18,16,183.116193,156.19334,2800.0,6600.0
2,18,17,65.70190799999999,56.081012,2800.0,6600.0
2,18,18,0.0,0.0,2800.0,6600.0
2,18,19,0.0,0.0,2800.0,6600.0
2,18,20,0.0,0.0,2800.0,6600.0
2,18,21,0.0,0.0,2800.0,6600.0
2,18,22,0.0,0.0,2800.0,6600.0
2,18,23,0.0,0.0,2800.0,6600.0
2,19,0,0.0,0.0,2800.0,6600.0
2,19,1,0.0,0.0,2800.0,6600.0
2,19,2,0.0,0.0,2800.0,6600.0
2,19,3,0.0,0.0,2800.0,6600.0
2,19,4,0.0,0.0,2800.0,6600.0
2,19,5,0.0,0.0,2800.0,6600.0
2,19,6,0.0,0.0,2800.0,6600.0
2,19,7,23.579823,20.104778,2800.0,6600.0
2,19,8,113.2746,96.767591,2800.0,6600.0
2,19,9,272.096379,231.831854,2800.0,6600.0
2,19,10,353.90228499999995,300.76933299999996,2800.0,6600.0
2,19,11,407.456337,345.654238,2800.0,6600.0
2,19,12,425.0,361.694008,2800.0,6600.0
2,19,13,414.327632,351.295773,2800.0,6600.0
2,19,14,372.142744,315.915139,2800.0,6600.0
2,19,15,298.68140999999997,254.080768,2800.0,6600.0
2,19,16,195.50525,166.711468,2800.0,6600.0
2,19,17,70.78076399999999,60.421634,2800.0,6600.0
2,19,18,0.0,0.0,2800.0,6600.0
2,19,19,0.0,0.0,2800.0,6600.0
2,19,20,0.0,0.0,2800.0,6600.0
2,19,21,0.0,0.0,2800.0,6600.0
2,19,22,0.0,0.0,2800.0,6600.0
2,19,23,0.0,0.0,2800.0,6600.0
2,20,0,0.0,0.0,2800.0,6600.0
2,20,1,0.0,0.0,2800.0,6600.0
2,20,2,0.0,0.0,2800.0,6600.0
2,20,3,0.0,0.0,2800.0,6600.0
2,20,4,0.0,0.0,2800.0,6600.0
2,20,5,0.0,0.0,2800.0,6600.0
2,20,6,0.0,0.0,2800.0,6600.0
2,20,7,28.637598,24.450483,2800.0,6600.0
2,20,8,162.53941500000002,138.72229199999998,2800.0,6600.0
2,20,9,275.292324,233.857741,2800.0,6600.0
2,20,10,348.809876,295.033565,2800.0,6600.0
2,20,11,392.25853600000005,330.298327,2800.0,6600.0
2,20,12,402.504408,337.675317,2800.0,6600.0
2,20,13,388.352417,326.131652,2800.0,6600.0
2,20,14,351.06699599999996,296.02175900000003,2800.0,6600.0
2,20,15,281.810229,238.608766,2800.0,6600.0
2,20,16,182.78680300000002,155.38273900000002,2800.0,6600.0
2,20,17,65.978427,56.213627,2800.0,6600.0
2,20,18,0.0,0.0,2800.0,6600.0
2,20,19,0.0,0.0,2800.0,6600.0
2,20,20,0.0,0.0,2800.0,6600.0
2,20,21,0.0,0.0,2800.0,6600.0
2,20,22,0.0,0.0,2800.0,6600.0
2,20,23,0.0,0.0,2800.0,6600.0
2,21,0,0.0,0.0,2800.0,6600.0
2,21,1,0.0,0.0,2800.0,6600.0
2,21,2,0.0,0.0,2800.0,6600.0
2,21,3,0.0,0.0,2800.0,6600.0
2,21,4,0.0,0.0,2800.0,6600.0
2,21,5,0.0,0.0,2800.0,6600.0
2,21,6,0.0,0.0,2800.0,6600.0
2,21,7,16.372435,13.948856,2800.0,6600.0
2,21,8,131.21017999999998,112.10336,2800.0,6600.0
2,21,9,240.43878899999999,204.911676,2800.0,6600.0
2,21,10,317.475957,269.801102,2800.0,6600.0
2,21,11,361.492114,306.536276,2800.0,6600.0
2,21,12,374.703148,317.376977,2800.0,6600.0
2,21,13,367.277343,310.942159,2800.0,6600.0
2,21,14,303.023521,256.926408,2800.0,6600.0
2,21,15,149.345487,127.03276,2800.0,6600.0
2,21,16,143.30372,121.863168,2800.0,6600.0
2,21,17,2.596819,2.174869,2800.0,6600.0
2,21,18,0.0,0.0,2800.0,6600.0
2,21,19,0.0,0.0,2800.0,6600.0
2,21,20,0.0,0.0,2800.0,6600.0
2,21,21,0.0,0.0,2800.0,6600.0
2,21,22,0.0,0.0,2800.0,6600.0
2,21,23,0.0,0.0,2800.0,6600.0
2,22,0,0.0,0.0,2800.0,6600.0
2,22,1,0.0,0.0,2800.0,6600.0
2,22,2,0.0,0.0,2800.0,6600.0
2,22,3,0.0,0.0,2800.0,6600.0
2,22,4,0.0,0.0,2800.0,6600.0
2,22,5,0.0,0.0,2800.0,6600.0
2,22,6,0.0,0.0,2800.0,6600.0
2,22,7,5.038362,4.266491,2800.0,6600.0
2,22,8,100.306557,85.63645600000001,2800.0,6600.0
2,22,9,203.619213,173.495821,2800.0,6600.0
2,22,10,306.427942,260.206503,2800.0,6600.0
2,22,11,360.10816600000004,305.04303600000003,2800.0,6600.0
2,22,12,382.18106300000005,323.41780900000003,2800.0,6600.0
2,22,13,367.795655,311.41283000000004,2800.0,6600.0
2,22,14,325.610241,276.15005099999996,2800.0,6600.0
2,22,15,259.323653,220.41804199999999,2800.0,6600.0
2,22,16,168.368832,143.436306,2800.0,6600.0
2,22,17,62.890971,53.624341,2800.0,6600.0
2,22,18,0.0,0.0,2800.0,6600.0
2,22,19,0.0,0.0,2800.0,6600.0
2,22,20,0.0,0.0,2800.0,6600.0
2,22,21,0.0,0.0,2800.0,6600.0
2,22,22,0.0,0.0,2800.0,6600.0
2,22,23,0.0,0.0,2800.0,6600.0
2,23,0,0.0,0.0,2800.0,6600.0
2,23,1,0.0,0.0,2800.0,6600.0
2,23,2,0.0,0.0,2800.0,6600.0
2,23,3,0.0,0.0,2800.0,6600.0
2,23,4,0.0,0.0,2800.0,6600.0
2,23,5,0.0,0.0,2800.0,6600.0
2,23,6,0.0,0.0,2800.0,6600.0
2,23,7,21.23453,18.096138,2800.0,6600.0
2,23,8,145.51902299999998,124.074519,2800.0,6600.0
2,23,9,254.510865,216.033122,2800.0,6600.0
2,23,10,331.865794,280.38946500000003,2800.0,6600.0
2,23,11,380.01691,319.86936099999997,2800.0,6600.0
2,23,12,402.157569,338.411996,2800.0,6600.0
2,23,13,395.88875,333.567273,2800.0,6600.0
2,23,14,356.94294,301.64820899999995,2800.0,6600.0
2,23,15,285.975732,242.512568,2800.0,6600.0
2,23,16,185.574161,157.879911,2800.0,6600.0
2,23,17,68.182305,58.116707000000005,2800.0,6600.0
2,23,18,0.0,0.0,2800.0,6600.0
2,23,19,0.0,0.0,2800.0,6600.0
2,23,20,0.0,0.0,2800.0,6145.847517348083
2,23,21,0.0,0.0,2020.963642713616,2466.530430083547
2,23,22,0.0,0.0,324.6794129073232,396.2622755955519
2,23,23,0.0,0.0,81.04201369779398,98.90954427683516
2,24,0,0.0,0.0,2502.4167786610287,3054.130714113854
2,24,1,0.0,0.0,2800.0,6600.0
2,24,2,0.0,0.0,2800.0,6600.0
2,24,3,0.0,0.0,2800.0,6600.0
2,24,4,0.0,0.0,2800.0,6600.0
2,24,5,0.0,0.0,2800.0,6600.0
2,24,6,0.0,0.0,2800.0,6600.0
2,24,7,11.712221,9.966643,2800.0,6600.0
2,24,8,130.198219,111.065573,2800.0,6600.0
2,24,9,238.12571,202.053552,2800.0,6600.0
2,24,10,307.652555,259.224038,2800.0,6600.0
2,24,11,355.275452,298.638758,2800.0,6600.0
2,24,12,381.256321,321.122952,2800.0,6600.0
2,24,13,373.472151,315.263734,2800.0,6600.0
2,24,14,332.668727,281.592925,2800.0,6600.0
2,24,15,259.96331599999996,220.69864900000002,2800.0,6600.0
2,24,16,166.746746,141.95229999999998,2800.0,6600.0
2,24,17,61.554657,52.472103000000004,1373.4523042863404,1676.2606863337226
2,24,18,0.0,0.0,218.66271769222345,266.87182080546955
2,24,19,0.0,0.0,707.2412654778989,863.1684736147585
2,24,20,0.0,0.0,2800.0,6600.0
2,24,21,0.0,0.0,2800.0,6600.0
2,24,22,0.0,0.0,2800.0,6600.0
2,24,23,0.0,0.0,2800.0,6600.0
2,25,0,0.0,0.0,2800.0,6600.0
2,25,1,0.0,0.0,2800.0,6600.0
2,25,2,0.0,0.0,2800.0,6600.0
2,25,3,0.0,0.0,2800.0,6600.0
2,25,4,0.0,0.0,2800.0,6600.0
2,25,5,0.0,0.0,2800.0,6600.0
2,25,6,0.0,0.0,2800.0,6600.0
2,25,7,15.647746,13.312777,2800.0,6600.0
2,25,8,128.123045,109.109882,2800.0,6600.0
2,25,9,235.704207,199.52860800000002,2800.0,6600.0
2,25,10,310.319441,261.75034899999997,2800.0,6600.0
2,25,11,362.73732,305.46256300000005,2800.0,6600.0
2,25,12,385.218736,324.39660200000003,2800.0,6600.0
2,25,13,363.770353,306.942342,2800.0,6600.0
2,25,14,326.085578,275.84056300000003,2800.0,6600.0
2,25,15,255.83246100000002,217.02008600000002,2800.0,4644.951049827907
2,25,16,161.561085,137.430473,2800.0,4721.09628485135
2,25,17,58.151533,49.521846,2800.0,6600.0
2,25,18,0.0,0.0,2800.0,6600.0
2,25,19,0.0,0.0,2800.0,6600.0
2,25,20,0.0,0.0,2800.0,6600.0
2,25,21,0.0,0.0,2800.0,6600.0
2,25,22,0.0,0.0,2800.0,6600.0
2,25,23,0.0,0.0,2800.0,6600.0
2,26,0,0.0,0.0,2800.0,6600.0
2,26,1,0.0,0.0,2800.0,6600.0
2,26,2,0.0,0.0,2800.0,6600.0
2,26,3,0.0,0.0,2800.0,6600.0
2,26,4,0.0,0.0,2800.0,6600.0
2,26,5,0.0,0.0,2800.0,6600.0
2,26,6,0.0,0.0,2800.0,6600.0
2,26,7,10.662884,9.05182,2800.0,6600.0
2,26,8,114.82883500000001,97.85633299999999,2800.0,6600.0
2,26,9,217.690071,184.580492,2800.0,6600.0
2,26,10,301.476121,254.04736300000002,2800.0,6600.0
2,26,11,357.80726400000003,301.796115,2800.0,6600.0
2,26,12,382.30744799999997,323.00761,2800.0,6600.0
2,26,13,371.555363,314.412219,2800.0,6600.0
2,26,14,215.87498399999998,183.401878,2800.0,6600.0
2,26,15,25.927332999999997,21.998754,1003.7965929387176,1225.1060779960724
2,26,16,164.94102299999997,140.069709,2800.0,3599.0492231594667
2,26,17,8.286726,7.000978,2800.0,6600.0
2,26,18,0.0,0.0,2800.0,6600.0
2,26,19,0.0,0.0,2800.0,6600.0
2,26,20,0.0,0.0,2800.0,6600.0
2,26,21,0.0,0.0,2800.0,6600.0
2,26,22,0.0,0.0,2800.0,6600.0
2,26,23,0.0,0.0,2800.0,6600.0
2,27,0,0.0,0.0,2800.0,6600.0
2,27,1,0.0,0.0,2800.0,6600.0
2,27,2,0.0,0.0,2800.0,6600.0
2,27,3,0.0,0.0,2800.0,6600.0
2,27,4,0.0,0.0,2800.0,6600.0
2,27,5,0.0,0.0,2800.0,6600.0
2,27,6,0.0,0.0,2800.0,6600.0
2,27,7,13.283301999999999,11.280376,2800.0,6600.0
2,27,8,99.35534299999999,84.709349,2800.0,6600.0
2,27,9,178.410889,151.84085399999998,2800.0,6600.0
2,27,10,270.957675,229.888716,2800.0,6600.0
2,27,11,350.864123,296.66858,2800.0,6600.0
2,27,12,368.596358,311.219829,2800.0,6600.0
2,27,13,345.14305099999996,291.479404,2800.0,6600.0
2,27,14,142.938169,121.316111,2800.0,6600.0
2,27,15,234.208515,198.36794500000002,2800.0,6600.0
2,27,16,5.22958,4.391107,2800.0,6600.0
2,27,17,7.05896,5.947944000000001,2800.0,6600.0
2,27,18,0.0,0.0,2800.0,6600.0
2,27,19,0.0,0.0,2800.0,6600.0
2,27,20,0.0,0.0,2800.0,6600.0
2,27,21,0.0,0.0,2800.0,6600.0
2,27,22,0.0,0.0,2800.0,6600.0
2,27,23,0.0,0.0,2800.0,6600.0
2,28,0,0.0,0.0,2800.0,6600.0
2,28,1,0.0,0.0,2800.0,6600.0
2,28,2,0.0,0.0,2800.0,6600.0
2,28,3,0.0,0.0,2800.0,6600.0
2,28,4,0.0,0.0,2800.0,6600.0
2,28,5,0.0,0.0,2800.0,6600.0
2,28,6,0.0,0.0,2800.0,6600.0
2,28,7,6.551797,5.542038,2800.0,6600.0
2,28,8,93.484285,79.69282799999999,2800.0,6600.0
2,28,9,192.903563,164.183195,2800.0,6600.0
2,28,10,271.281489,230.295405,2800.0,6600.0
2,28,11,325.13437400000004,275.341971,2800.0,6600.0
2,28,12,345.16361700000004,291.871596,2800.0,6600.0
2,28,13,353.692767,298.724918,2800.0,6600.0
2,28,14,308.07544199999995,260.376023,2800.0,6600.0
2,28,15,94.60389599999999,80.320425,2800.0,6600.0
2,28,16,67.485713,57.294452,2800.0,6600.0
2,28,17,50.906518,43.232426,2800.0,6600.0
2,28,18,0.0,0.0,2800.0,6600.0
2,28,19,0.0,0.0,2800.0,6600.0
2,28,20,0.0,0.0,2800.0,6600.0
2,28,21,0.0,0.0,2800.0,5033.998538121269
2,28,22,0.0,0.0,1503.1454301264964,1834.5475722016292
2,28,23,0.0,0.0,402.3068740231014,491.0044525478796
3,1,0,0.0,0.0,237.66666698837332,290.0656171905344
3,1,1,0.0,0.0,1469.9890187508342,1794.0810858770024
3,1,2,0.0,0.0,2794.6277004301824,3410.766091076207
3,1,3,0.0,0.0,2800.0,6330.21083371745
3,1,4,0.0,0.0,2800.0,6600.0
3,1,5,0.0,0.0,2800.0,6600.0
3,1,6,0.0,0.0,2800.0,5033.998538121269
3,1,7,40.927121,34.940958,2188.134369840437,2670.5576954745493
3,1,8,174.424152,148.720865,2364.2786071344885,2885.536882723194
3,1,9,283.09175300000004,240.257046,2800.0,5195.505086201954
3,1,10,354.073513,299.345732,2800.0,6600.0
3,1,11,400.046416,337.385538,2800.0,6600.0
3,1,12,417.97474800000003,352.07512099999997,2800.0,6600.0
3,1,13,406.22506599999997,342.43100300000003,2800.0,6600.0
3,1,14,366.907648,309.903318,2800.0,6600.0
3,1,15,296.815335,251.457153,2800.0,6600.0
3,1,16,195.37102900000002,166.086122,2800.0,6600.0
3,1,17,75.02678200000001,63.931708,2800.0,6600.0
3,1,18,0.0,0.0,2800.0,6600.0
3,1,19,0.0,0.0,2800.0,6600.0
3,1,20,0.0,0.0,2800.0,6600.0
3,1,21,0.0,0.0,145.60448877556777,177.70626582844886
3,1,22,0.0,0.0,2800.0,6600.0
3,1,23,0.0,0.0,2800.0,6600.0
3,2,0,0.0,0.0,2800.0,6600.0
3,2,1,0.0,0.0,2364.2786071344885,2885.536882723194
3,2,2,0.0,0.0,592.796019999516,723.4912055112203
3,2,3,0.0,0.0,2800.0,3928.035620383037
3,2,4,0.0,0.0,2800.0,6600.0
3,2,5,0.0,0.0,2800.0,6600.0
3,2,6,0.0,0.0,2800.0,6600.0
3,2,7,41.007169000000005,34.989351,2800.0,6600.0
3,2,8,173.328007,147.633867,1980.545579523704,2417.201297843891
3,2,9,279.591788,236.885562,2800.0,6600.0
3,2,10,356.220098,300.455222,2800.0,5360.429636038867
3,2,11,405.29625300000004,341.17696,1164.8359102045422,1421.650126627591
3,2,12,425.0,358.316869,2800.0,6600.0
3,2,13,412.055057,347.287652,2800.0,6600.0
3,2,14,374.265901,316.333306,2800.0,6600.0
3,2,15,302.527631,256.52601,2800.0,6600.0
3,2,16,197.97305799999998,168.415119,2800.0,6600.0
3,2,17,76.289042,65.016705,2800.0,6237.575082367505
3,2,18,0.0,0.0,2800.0,6600.0
3,2,19,0.0,0.0,2800.0,6600.0
3,2,20,0.0,0.0,1109.377075854021,1353.9641476958525
3,2,21,0.0,0.0,209.55296754900695,255.75362181178016
3,2,22,0.0,0.0,324.6794129073232,396.2622755955519
3,2,23,0.0,0.0,475.7328897807615,580.6188812284884
3,3,0,0.0,0.0,610.9415963527902,745.6373813754526
3,3,1,0.0,0.0,1749.3017415377876,2134.9745664437564
3,3,2,0.0,0.0,2800.0,5700.675903358588
3,3,3,0.0,0.0,2800.0,6600.0
3,3,4,0.0,0.0,2800.0,6600.0
3,3,5,0.0,0.0,2800.0,6055.023664834879
3,3,6,0.0,0.0,2188.134369840437,2670.5576954745493
3,3,7,37.167553999999996,31.713109,648.3361095823518,791.2763542146813
3,3,8,165.613832,141.246578,575.0133429544752,701.7879382515248
3,3,9,276.682458,235.10400700000002,402.3068740231014,491.0044525478796
3,3,10,358.18142800000004,303.38730400000003,791.1870845831577,965.6220323652713
3,3,11,407.489383,344.410349,2800.0,6600.0
3,3,12,425.0,360.379743,2800.0,6600.0
3,3,13,408.50237699999997,345.403355,2800.0,6600.0
3,3,14,365.33883299999997,309.412023,2800.0,6600.0
3,3,15,291.46376000000004,247.417376,2800.0,6600.0
3,3,16,182.092683,154.993659,2800.0,6600.0
3,3,17,71.55715,60.988364000000004,2800.0,6600.0
3,3,18,0.0,0.0,2800.0,6600.0
3,3,19,0.0,0.0,2800.0,6600.0
3,3,20,0.0,0.0,2800.0,6600.0
3,3,21,0.0,0.0,2800.0,6600.0
3,3,22,0.0,0.0,2800.0,6600.0
3,3,23,0.0,0.0,2800.0,6600.0
3,4,0,0.0,0.0,2800.0,6600.0
3,4,1,0.0,0.0,2800.0,6600.0
3,4,2,0.0,0.0,2800.0,6600.0
3,4,3,0.0,0.0,2800.0,6600.0
3,4,4,0.0,0.0,2800.0,6600.0
3,4,5,0.0,0.0,2800.0,6600.0
3,4,6,0.0,0.0,2800.0,6600.0
3,4,7,47.379127999999994,40.433088000000005,2800.0,4205.209912886971
3,4,8,184.558772,157.262111,1570.9465066065366,1917.296917511915
3,4,9,293.499634,249.151245,1055.7070784976213,1288.4613950167818
3,4,10,370.876402,313.83913900000005,2645.8334855800563,3229.1668524795964
3,4,11,419.072852,353.968358,2800.0,6600.0
3,4,12,425.0,362.5,2800.0,6600.0
3,4,13,425.0,360.00026299999996,2800.0,6600.0
3,4,14,382.073539,323.464786,2800.0,6600.0
3,4,15,307.744228,261.201043,2800.0,6600.0
3,4,16,199.770745,170.05923499999997,2800.0,6600.0
3,4,17,76.95532899999999,65.615975,2800.0,6600.0
3,4,18,0.0,0.0,2800.0,6600.0
3,4,19,0.0,0.0,2800.0,6600.0
3,4,20,0.0,0.0,2800.0,6600.0
3,4,21,0.0,0.0,2800.0,6600.0
3,4,22,0.0,0.0,2800.0,5876.06920203001
3,4,23,0.0,0.0,1342.23868718708,1638.1653268818693
3,5,0,0.0,0.0,192.09958802440056,234.45225310064637
3,5,1,0.0,0.0,131.96338481220266,161.05767437709773
3,5,2,0.0,0.0,460.3878697051685,561.8907071204812
3,5,3,0.0,0.0,1193.2453053765432,1456.323010498931
3,5,4,0.0,0.0,2502.4167786610287,3054.130714113854
3,5,5,0.0,0.0,2800.0,5700.675903358588
3,5,6,0.0,0.0,2800.0,6600.0
3,5,7,36.395945,31.027705,2800.0,6600.0
3,5,8,158.60581,135.027887,2800.0,6600.0
3,5,9,262.109449,222.205094,1786.5196926460033,2180.398050079768
3,5,10,333.257485,281.862585,1109.377075854021,1353.9641476958525
3,5,11,383.075159,323.460633,2800.0,6600.0
3,5,12,404.33698599999997,341.261908,2800.0,6600.0
3,5,13,398.066884,336.12957900000004,2800.0,6600.0
3,5,14,355.144271,300.405755,2800.0,6600.0
3,5,15,283.519317,240.41053599999998,2800.0,6600.0
3,5,16,184.51988500000002,156.878082,2800.0,6600.0
3,5,17,72.932955,62.107889,2800.0,6600.0
3,5,18,0.0,0.0,2800.0,6600.0
3,5,19,0.0,0.0,2800.0,6600.0
3,5,20,0.0,0.0,2800.0,6600.0
3,5,21,0.0,0.0,2800.0,6600.0
3,5,22,0.0,0.0,2800.0,6600.0
3,5,23,0.0,0.0,2800.0,6600.0
3,6,0,0.0,0.0,2800.0,6600.0
3,6,1,0.0,0.0,2800.0,6600.0
3,6,2,0.0,0.0,2800.0,6600.0
3,6,3,0.0,0.0,2800.0,6600.0
3,6,4,0.0,0.0,2800.0,6600.0
3,6,5,0.0,0.0,2800.0,6600.0
3,6,6,0.0,0.0,2800.0,6600.0
3,6,7,33.816968,28.835926,2800.0,6600.0
3,6,8,158.338751,134.96912400000002,2800.0,6600.0
3,6,9,219.213556,186.39687899999998,2800.0,6600.0
3,6,10,348.713915,295.066105,2800.0,6600.0
3,6,11,400.041163,337.732227,2800.0,6600.0
3,6,12,420.149693,354.422411,2800.0,6600.0
3,6,13,406.710886,343.39340100000004,2800.0,6600.0
3,6,14,366.01378000000005,309.674289,2800.0,6600.0
3,6,15,293.480843,249.02186300000002,2800.0,6600.0
3,6,16,194.273146,165.322113,2800.0,6600.0
3,6,17,76.55629300000001,65.246633,2800.0,6600.0
3,6,18,0.0,0.0,2800.0,6600.0
3,6,19,0.0,0.0,2800.0,6600.0
3,6,20,0.0,0.0,2800.0,6600.0
3,6,21,0.0,0.0,1570.9465066065366,1917.296917511915
3,6,22,0.0,0.0,648.3361095823518,791.2763542146813
3,6,23,0.0,0.0,1342.23868718708,1638.1653268818693
3,7,0,0.0,0.0,2800.0,3728.344236364732
3,7,1,0.0,0.0,2800.0,6055.023664834879
3,7,2,0.0,0.0,2800.0,6600.0
3,7,3,0.0,0.0,2800.0,6600.0
3,7,4,0.0,0.0,2800.0,6600.0
3,7,5,0.0,0.0,2800.0,6600.0
3,7,6,0.0,0.0,2800.0,6600.0
3,7,7,35.258146999999994,30.060247,2800.0,6600.0
3,7,8,148.92659700000002,126.966729,2800.0,6600.0
3,7,9,252.27726199999998,214.49256599999998,2800.0,6600.0
3,7,10,128.33568499999998,109.328327,2800.0,5876.06920203001
3,7,11,309.923321,262.75914,2800.0,6600.0
3,7,12,350.758482,296.96561599999995,2800.0,6600.0
3,7,13,307.743981,260.91381,2800.0,6600.0
3,7,14,245.37424600000003,208.420454,2800.0,6600.0
3,7,15,11.465817,9.710794,2800.0,6600.0
3,7,16,6.163556,5.204751,2800.0,6600.0
3,7,17,74.19842200000001,63.247061,2800.0,6600.0
3,7,18,0.0,0.0,2800.0,6600.0
3,7,19,0.0,0.0,2800.0,6600.0
3,7,20,0.0,0.0,2800.0,6600.0
3,7,21,0.0,0.0,2800.0,6423.759245222193
3,7,22,0.0,0.0,2800.0,6600.0
3,7,23,0.0,0.0,2800.0,6600.0
3,8,0,0.0,0.0,2800.0,6600.0
3,8,1,0.0,0.0,2800.0,6600.0
3,8,2,0.0,0.0,2800.0,6600.0
3,8,3,0.0,0.0,2800.0,6600.0
3,8,4,0.0,0.0,2800.0,6600.0
3,8,5,0.0,0.0,2800.0,6600.0
3,8,6,0.0,0.0,2800.0,6600.0
3,8,7,38.872721,33.128620000000005,2800.0,6600.0
3,8,8,161.539714,137.56075,2800.0,6600.0
3,8,9,270.25512699999996,229.417349,2800.0,6600.0
3,8,10,348.812702,295.202041,2800.0,5195.505086201954
3,8,11,399.099443,337.01345299999997,1640.756359055384,2002.4979185321613
3,8,12,420.12857299999996,354.509749,1373.4523042863404,1676.2606863337226
3,8,13,410.699897,346.902271,2800.0,5700.675903358588
3,8,14,304.554346,258.281763,2800.0,6600.0
3,8,15,296.27109,251.445405,2800.0,6600.0
3,8,16,195.956658,166.711962,2800.0,6600.0
3,8,17,76.20195600000001,64.905658,2800.0,6600.0
3,8,18,0.0,0.0,2800.0,6600.0
3,8,19,0.0,0.0,2800.0,6600.0
3,8,20,0.0,0.0,2800.0,6600.0
3,8,21,0.0,0.0,2800.0,6600.0
3,8,22,0.0,0.0,2800.0,6600.0
3,8,23,0.0,0.0,2800.0,6600.0
3,9,0,0.0,0.0,2800.0,6600.0
3,9,1,0.0,0.0,2800.0,6600.0
3,9,2,0.0,0.0,2800.0,6600.0
3,9,3,0.0,0.0,2800.0,6600.0
3,9,4,0.0,0.0,2800.0,6600.0
3,9,5,0.0,0.0,2800.0,6600.0
3,9,6,0.0,0.0,2800.0,6600.0
3,9,7,43.329963000000006,36.930008,2800.0,6600.0
3,9,8,168.69351,143.545842,2800.0,6600.0
3,9,9,273.020968,231.046673,2800.0,6600.0
3,9,10,345.802679,291.15804599999996,2800.0,6600.0
3,9,11,391.955578,329.049049,2800.0,6600.0
3,9,12,410.88322800000003,344.70502,2800.0,6600.0
3,9,13,400.745347,336.718888,2800.0,6600.0
3,9,14,363.933086,306.703771,2800.0,6600.0
3,9,15,294.36744699999997,248.99717,2800.0,6600.0
3,9,16,198.397131,168.42291500000002,1980.545579523704,2417.201297843891
3,9,17,77.826079,66.21930499999999,67.56525302384776,82.46152928107404
3,9,18,0.0,0.0,237.66666698837332,290.0656171905344
3,9,19,0.0,0.0,2744.426018516277,3349.496321811205
3,9,20,0.0,0.0,2800.0,6600.0
3,9,21,0.0,0.0,2800.0,6600.0
3,9,22,0.0,0.0,2800.0,6600.0
3,9,23,0.0,0.0,2800.0,6600.0
3,10,0,0.0,0.0,2800.0,6600.0
3,10,1,0.0,0.0,2800.0,6600.0
3,10,2,0.0,0.0,2800.0,6600.0
3,10,3,0.0,0.0,2800.0,6600.0
3,10,4,0.0,0.0,2800.0,6600.0
3,10,5,0.0,0.0,2800.0,6600.0
3,10,6,0.0,0.0,2800.0,6600.0
3,10,7,50.139264000000004,42.76717,2800.0,6600.0
3,10,8,178.103274,151.772764,2800.0,6600.0
3,10,9,283.616304,240.857691,2800.0,6600.0
3,10,10,358.297407,302.914898,2800.0,6600.0
3,10,11,397.98839899999996,334.895462,2800.0,6600.0
3,10,12,408.763656,342.919755,2800.0,6600.0
3,10,13,391.17852899999997,328.152234,2800.0,6600.0
3,10,14,350.952265,295.17670400000003,2800.0,6600.0
3,10,15,283.830559,239.78417100000001,2800.0,6600.0
3,10,16,188.366096,159.749967,349.3284625537728,426.3457613845259
3,10,17,29.106769,24.70402,445.37642374118406,543.569651022705
3,10,18,0.0,0.0,2800.0,4569.628998473504
3,10,19,0.0,0.0,2800.0,6600.0
3,10,20,0.0,0.0,2800.0,6600.0
3,10,21,0.0,0.0,2800.0,6600.0
3,10,22,0.0,0.0,2800.0,6600.0
3,10,23,0.0,0.0,2800.0,6600.0
3,11,0,0.0,0.0,2800.0,6600.0
3,11,1,0.0,0.0,2800.0,6600.0
3,11,2,0.0,0.0,2800.0,6600.0
3,11,3,0.0,0.0,2800.0,6600.0
3,11,4,0.0,0.0,2800.0,6600.0
3,11,5,0.0,0.0,2800.0,6600.0
3,11,6,0.0,0.0,2800.0,6600.0
3,11,7,-0.0,-0.0,2800.0,6600.0
3,11,8,113.417716,96.641018,2800.0,6600.0
3,11,9,194.281125,165.21520900000002,2800.0,6600.0
3,11,10,268.828299,228.124996,2800.0,6600.0
3,11,11,181.655571,154.46593900000002,2800.0,6600.0
3,11,12,71.427057,60.773495000000004,2800.0,6600.0
3,11,13,279.767082,237.419378,2800.0,6600.0
3,11,14,60.477733,51.457925,2800.0,6600.0
3,11,15,29.228625,24.83261,2800.0,6600.0
3,11,16,45.911508000000005,39.070955000000005,2800.0,6600.0
3,11,17,-0.0,-0.0,2800.0,6600.0
3,11,18,0.0,0.0,2800.0,6600.0
3,11,19,0.0,0.0,2800.0,6600.0
3,11,20,0.0,0.0,2800.0,6518.224790706034
3,11,21,0.0,0.0,2800.0,6423.759245222193
3,11,22,0.0,0.0,2800.0,5965.099051003621
3,11,23,0.0,0.0,2800.0,4798.06917736812
3,12,0,0.0,0.0,2597.435303258585,3170.098204764415
3,12,1,0.0,0.0,1712.6043126696648,2090.186365856677
3,12,2,0.0,0.0,2800.0,3472.7785151730586
3,12,3,0.0,0.0,2800.0,6600.0
3,12,4,0.0,0.0,2800.0,6600.0
3,12,5,0.0,0.0,2800.0,6600.0
3,12,6,0.0,0.0,2800.0,6600.0
3,12,7,29.136168,24.818402,2800.0,6600.0
3,12,8,135.53934700000002,115.630673,2800.0,6600.0
3,12,9,241.700492,205.79254699999998,2800.0,6600.0
3,12,10,319.29803999999996,271.326886,2800.0,5195.505086201954
3,12,11,376.740484,319.61768199999995,2800.0,4798.06917736812
3,12,12,401.70817999999997,340.54060499999997,2800.0,6600.0
3,12,13,392.330538,332.658205,2800.0,6600.0
3,12,14,354.218052,300.661113,2800.0,6600.0
3,12,15,287.06586599999997,244.122575,2800.0,6600.0
3,12,16,187.749932,160.025704,2800.0,6600.0
3,12,17,77.583342,66.196371,2800.0,6600.0
3,12,18,0.0,0.0,2800.0,6600.0
3,12,19,0.0,0.0,2800.0,6600.0
3,12,20,0.0,0.0,2800.0,6600.0
3,12,21,0.0,0.0,2800.0,6600.0
3,12,22,0.0,0.0,2800.0,6600.0
3,12,23,0.0,0.0,2800.0,6600.0
3,13,0,0.0,0.0,2800.0,6600.0
3,13,1,0.0,0.0,2800.0,6600.0
3,13,2,0.0,0.0,2800.0,6600.0
3,13,3,0.0,0.0,2800.0,6600.0
3,13,4,0.0,0.0,2800.0,6600.0
3,13,5,0.0,0.0,2800.0,6600.0
3,13,6,0.0,0.0,2800.0,6600.0
3,13,7,46.575483,39.716487,2800.0,6600.0
3,13,8,168.580081,143.395827,2800.0,6600.0
3,13,9,271.123875,229.461781,2800.0,6600.0
3,13,10,343.757936,289.58684000000005,2800.0,6600.0
3,13,11,389.779944,327.43972499999995,2800.0,6600.0
3,13,12,412.015243,346.285858,2800.0,6600.0
3,13,13,406.905389,342.702129,2800.0,6600.0
3,13,14,367.49715000000003,310.478653,2800.0,6600.0
3,13,15,296.03630699999997,250.93363200000002,2800.0,6600.0
3,13,16,195.976196,166.67625099999998,2800.0,6600.0
3,13,17,78.53922100000001,66.927087,2800.0,6600.0
3,13,18,0.0,0.0,2800.0,6600.0
3,13,19,0.0,0.0,2800.0,6600.0
3,13,20,0.0,0.0,2800.0,6600.0
3,13,21,0.0,0.0,2800.0,6600.0
3,13,22,0.0,0.0,2800.0,6600.0
3,13,23,0.0,0.0,2800.0,6600.0
3,14,0,0.0,0.0,2800.0,6600.0
3,14,1,0.0,0.0,2800.0,6600.0
3,14,2,0.0,0.0,2800.0,6600.0
3,14,3,0.0,0.0,2800.0,6600.0
3,14,4,0.0,0.0,2800.0,6600.0
3,14,5,0.0,0.0,2800.0,6600.0
3,14,6,-0.0,-0.0,2800.0,6600.0
3,14,7,49.461453999999996,42.179607000000004,2800.0,6600.0
3,14,8,173.643668,147.593999,2800.0,6600.0
3,14,9,275.839458,233.053478,2800.0,5444.184846176627
3,14,10,345.38349200000005,290.115792,2319.3884514592746,2830.7496848518704
3,14,11,377.557963,316.81001000000003,2188.134369840437,2670.5576954745493
3,14,12,414.715813,347.917348,2800.0,5614.303506012198
3,14,13,408.239723,343.277604,2800.0,6600.0
3,14,14,338.951545,286.247486,2800.0,6600.0
3,14,15,249.85315,211.85764799999998,2800.0,6600.0
3,14,16,199.964859,169.895713,2800.0,6600.0
3,14,17,20.924088,17.772468,2800.0,6600.0
3,14,18,0.0,0.0,2800.0,6600.0
3,14,19,0.0,0.0,2800.0,6600.0
3,14,20,0.0,0.0,2800.0,6600.0
3,14,21,0.0,0.0,2800.0,6600.0
3,14,22,0.0,0.0,2800.0,6423.759245222193
3,14,23,0.0,0.0,2800.0,4721.09628485135
3,15,0,0.0,0.0,2800.0,3535.5380679260493
3,15,1,0.0,0.0,2597.435303258585,3170.098204764415
3,15,2,0.0,0.0,2364.2786071344885,2885.536882723194
3,15,3,0.0,0.0,1437.3238044186396,1754.214092007001
3,15,4,0.0,0.0,1082.3203053763452,1320.942104986878
3,15,5,0.0,0.0,1281.237390674447,1563.7149256262935
3,15,6,-0.0,-0.0,1373.4523042863404,1676.2606863337226
3,15,7,49.677954,42.397414,2103.4419801044355,2567.192967843996
3,15,8,174.247118,148.39695600000002,748.4297260208111,913.4378545923286
3,15,9,274.005531,232.04327600000002,14.900254593448198,18.18535009436591
3,15,10,336.116701,282.891726,1980.545579523704,2417.201297843891
3,15,11,378.497934,317.61295,2800.0,6600.0
3,15,12,402.289652,338.182372,2800.0,6600.0
3,15,13,388.204025,327.09572399999996,2800.0,6600.0
3,15,14,348.149883,293.903594,2800.0,6600.0
3,15,15,278.378364,235.691665,2800.0,6600.0
3,15,16,182.106763,154.644857,2800.0,6600.0
3,15,17,74.01920299999999,62.977479,2800.0,6600.0
3,15,18,0.0,0.0,2800.0,6600.0
3,15,19,0.0,0.0,2800.0,6600.0
3,15,20,0.0,0.0,2800.0,5033.998538121269
3,15,21,0.0,0.0,2319.3884514592746,2830.7496848518704
3,15,22,0.0,0.0,1251.4423799619176,1527.350936173994
3,15,23,0.0,0.0,1222.1129067458091,1491.5551224063024
3,16,0,0.0,0.0,1405.1461214803344,1714.9421167673372
3,16,1,0.0,0.0,1281.237390674447,1563.7149256262935
3,16,2,0.0,0.0,1082.3203053763452,1320.942104986878
3,16,3,0.0,0.0,748.4297260208111,913.4378545923286
3,16,4,0.0,0.0,336.8536460978451,411.1205916942204
3,16,5,0.0,0.0,107.29111938509163,130.9458543676315
3,16,6,-0.0,-0.0,6.505306117964509,7.939546836885818
3,16,7,40.114473,34.165597,48.57413350122129,59.283391281018105
3,16,8,172.51220999999998,146.701273,475.7328897807615,580.6188812284884
3,16,9,269.991326,228.235124,2800.0,6600.0
3,16,10,333.907213,280.619279,2800.0,6600.0
3,16,11,370.82667499999997,310.41213,2800.0,6600.0
3,16,12,387.126308,324.222587,2800.0,6600.0
3,16,13,381.16569300000003,320.017251,2800.0,6600.0
3,16,14,318.343866,268.398734,2800.0,6600.0
3,16,15,176.500223,149.608186,2800.0,6600.0
3,16,16,176.48305,149.616661,2800.0,6600.0
3,16,17,72.308065,61.434204,2800.0,6600.0
3,16,18,0.0,0.0,2800.0,6600.0
3,16,19,0.0,0.0,2800.0,6600.0
3,16,20,0.0,0.0,2800.0,6600.0
3,16,21,0.0,0.0,2800.0,6600.0
3,16,22,0.0,0.0,2800.0,6600.0
3,16,23,0.0,0.0,2800.0,6600.0
3,17,0,0.0,0.0,2800.0,6600.0
3,17,1,0.0,0.0,2800.0,6600.0
3,17,2,0.0,0.0,2800.0,6600.0
3,17,3,0.0,0.0,2800.0,6600.0
3,17,4,0.0,0.0,2800.0,6600.0
3,17,5,0.0,0.0,2800.0,6600.0
3,17,6,-0.0,-0.0,2800.0,6600.0
3,17,7,1.203388,0.997458,2800.0,6600.0
3,17,8,19.165045999999997,16.266628,2800.0,6600.0
3,17,9,145.90879800000002,124.05385799999999,2800.0,6600.0
3,17,10,244.141434,206.688611,2800.0,6600.0
3,17,11,269.59782299999995,227.516527,2800.0,6600.0
3,17,12,360.676147,302.53598100000005,2800.0,6600.0
3,17,13,305.296296,257.874482,2800.0,6600.0
3,17,14,288.701603,244.603891,2800.0,6600.0
3,17,15,45.088719,38.307152,2800.0,6600.0
3,17,16,7.225238,6.095361,2800.0,6600.0
3,17,17,1.52868,1.268427,2800.0,6600.0
3,17,18,0.0,0.0,2800.0,6600.0
3,17,19,0.0,0.0,2800.0,6600.0
3,17,20,0.0,0.0,2800.0,6600.0
3,17,21,0.0,0.0,2800.0,6600.0
3,17,22,0.0,0.0,2800.0,6600.0
3,17,23,0.0,0.0,2800.0,6600.0
3,18,0,0.0,0.0,2800.0,6600.0
3,18,1,0.0,0.0,2800.0,6600.0
3,18,2,0.0,0.0,2800.0,6600.0
3,18,3,0.0,0.0,2800.0,6600.0
3,18,4,0.0,0.0,2800.0,6600.0
3,18,5,0.0,0.0,2800.0,6600.0
3,18,6,-0.0,-0.0,2800.0,6600.0
3,18,7,32.287218,27.474416,2800.0,6600.0
3,18,8,135.845344,115.72575900000001,2800.0,6600.0
3,18,9,233.928936,198.83651600000002,2800.0,6600.0
3,18,10,307.585956,260.719811,2800.0,6600.0
3,18,11,351.783866,297.470884,2800.0,6600.0
3,18,12,365.60267,308.631881,2800.0,6600.0
3,18,13,333.620606,281.659242,2800.0,6600.0
3,18,14,279.57695,236.281818,2800.0,6600.0
3,18,15,75.25125999999999,63.867933,2800.0,6600.0
3,18,16,43.159116999999995,36.614332000000005,2800.0,6600.0
3,18,17,47.472154,40.309339,2800.0,6600.0
3,18,18,0.0,0.0,2800.0,6600.0
3,18,19,0.0,0.0,2800.0,6600.0
3,18,20,0.0,0.0,2800.0,6600.0
3,18,21,0.0,0.0,2800.0,6600.0
3,18,22,0.0,0.0,2800.0,6600.0
3,18,23,0.0,0.0,2800.0,6600.0
3,19,0,0.0,0.0,2800.0,6600.0
3,19,1,0.0,0.0,2800.0,6600.0
3,19,2,0.0,0.0,2800.0,6600.0
3,19,3,0.0,0.0,2800.0,6600.0
3,19,4,0.0,0.0,2800.0,6600.0
3,19,5,0.0,0.0,2800.0,6600.0
3,19,6,-0.0,-0.0,2800.0,6600.0
3,19,7,35.388499,30.121768,2800.0,6600.0
3,19,8,140.318274,119.575568,2800.0,6600.0
3,19,9,219.61733600000002,186.801649,2800.0,6600.0
3,19,10,282.84736,239.907466,2800.0,6600.0
3,19,11,305.06077799999997,258.10068,2800.0,6600.0
3,19,12,369.676755,311.42687,2800.0,6600.0
3,19,13,348.44153700000004,293.316457,2800.0,6600.0
3,19,14,253.770442,214.256824,2800.0,6600.0
3,19,15,223.998628,189.32438399999998,2800.0,6600.0
3,19,16,93.715288,79.552261,2800.0,6600.0
3,19,17,66.52009699999999,56.533193,2800.0,6600.0
3,19,18,0.0,0.0,2800.0,6600.0
3,19,19,0.0,0.0,2800.0,6600.0
3,19,20,0.0,0.0,2800.0,6600.0
3,19,21,0.0,0.0,2800.0,6423.759245222193
3,19,22,0.0,0.0,2800.0,6600.0
3,19,23,0.0,0.0,2800.0,6600.0
3,20,0,0.0,0.0,2800.0,6600.0
3,20,1,0.0,0.0,2800.0,6600.0
3,20,2,0.0,0.0,2800.0,6600.0
3,20,3,0.0,0.0,2800.0,6600.0
3,20,4,0.0,0.0,2800.0,6600.0
3,20,5,0.0,0.0,2800.0,6600.0
3,20,6,-0.0,-0.0,2800.0,6600.0
3,20,7,43.977183,37.449512000000006,2800.0,6600.0
3,20,8,151.53529500000002,128.885797,2800.0,6600.0
3,20,9,245.779215,208.212083,2800.0,6600.0
3,20,10,323.81456,273.43310499999995,2800.0,6600.0
3,20,11,374.052368,315.59418300000004,2800.0,6600.0
3,20,12,394.822343,333.246667,2800.0,6600.0
3,20,13,389.000408,328.598477,2800.0,6600.0
3,20,14,350.181525,296.324969,2800.0,6600.0
3,20,15,283.349046,240.313915,2800.0,6600.0
3,20,16,193.613188,164.64543799999998,2800.0,6600.0
3,20,17,79.416049,67.64541,2800.0,6600.0
3,20,18,0.0,0.0,2800.0,5965.099051003621
3,20,19,0.0,0.0,1373.4523042863404,1676.2606863337226
3,20,20,0.0,0.0,113.14210705336222,138.08682356906414
3,20,21,0.0,0.0,3.563011389929472,4.34855720818164
3,20,22,0.0,0.0,748.4297260208111,913.4378545923286
3,20,23,0.0,0.0,2800.0,6600.0
3,21,0,0.0,0.0,2800.0,6600.0
3,21,1,0.0,0.0,2800.0,6600.0
3,21,2,0.0,0.0,2800.0,6600.0
3,21,3,0.0,0.0,2800.0,6600.0
3,21,4,0.0,0.0,2800.0,6600.0
3,21,5,0.0,0.0,2800.0,6600.0
3,21,6,-0.0,-0.0,2800.0,6600.0
3,21,7,66.81721300000001,56.988312,2800.0,6600.0
3,21,8,161.74207199999998,137.684183,2800.0,6600.0
3,21,9,298.211434,252.582348,2800.0,6600.0
3,21,10,350.49705200000005,296.466898,2800.0,6600.0
3,21,11,362.076021,306.327623,2800.0,6600.0
3,21,12,339.60496,287.60671,2800.0,6600.0
3,21,13,292.09015000000005,247.783161,2800.0,6600.0
3,21,14,229.342129,194.946335,2800.0,6600.0
3,21,15,108.05277099999999,92.01791300000001,2800.0,6600.0
3,21,16,124.687518,106.225449,2800.0,6600.0
3,21,17,54.040935,46.030854,2800.0,6600.0
3,21,18,0.017013,-0.0,2800.0,6600.0
3,21,19,0.0,0.0,2800.0,6600.0
3,21,20,0.0,0.0,2800.0,6600.0
3,21,21,0.0,0.0,2800.0,6600.0
3,21,22,0.0,0.0,2800.0,6600.0
3,21,23,0.0,0.0,2800.0,6600.0
3,22,0,0.0,0.0,2800.0,6600.0
3,22,1,0.0,0.0,2800.0,6600.0
3,22,2,0.0,0.0,2800.0,6600.0
3,22,3,0.0,0.0,2800.0,6600.0
3,22,4,0.0,0.0,2800.0,6600.0
3,22,5,0.0,0.0,2800.0,6600.0
3,22,6,-0.0,-0.0,2800.0,6600.0
3,22,7,-0.0,-0.0,2800.0,6600.0
3,22,8,3.478678,2.928815,2800.0,6600.0
3,22,9,121.58467399999999,103.689248,2800.0,6600.0
3,22,10,225.12944,191.778016,2800.0,6600.0
3,22,11,127.23277800000001,108.49321499999999,2800.0,6600.0
3,22,12,256.700487,218.529774,2800.0,6600.0
3,22,13,153.218875,130.60980800000002,2800.0,6600.0
3,22,14,68.351803,58.253705000000004,2800.0,6600.0
3,22,15,135.382891,115.45802400000001,2800.0,6600.0
3,22,16,42.293142,36.031969,2800.0,6600.0
3,22,17,-0.0,-0.0,2800.0,6600.0
3,22,18,-0.0,-0.0,2800.0,6600.0
3,22,19,0.0,0.0,2800.0,6600.0
3,22,20,0.0,0.0,2800.0,6600.0
3,22,21,0.0,0.0,2800.0,6600.0
3,22,22,0.0,0.0,2800.0,6600.0
3,22,23,0.0,0.0,2800.0,6600.0
3,23,0,0.0,0.0,2800.0,6600.0
3,23,1,0.0,0.0,2800.0,6600.0
3,23,2,0.0,0.0,2800.0,6600.0
3,23,3,0.0,0.0,2800.0,6600.0
3,23,4,0.0,0.0,2800.0,6600.0
3,23,5,0.0,0.0,2800.0,6600.0
3,23,6,-0.0,-0.0,2800.0,6600.0
3,23,7,61.324478000000006,52.345862000000004,2800.0,6600.0
3,23,8,184.051958,156.82259299999998,2800.0,6600.0
3,23,9,288.936161,245.410387,2800.0,6600.0
3,23,10,366.89180200000004,310.798043,2800.0,6600.0
3,23,11,413.130104,349.379714,2800.0,6600.0
3,23,12,425.0,362.5,2800.0,6600.0
3,23,13,418.13287699999995,353.665879,2800.0,6600.0
3,23,14,367.242307,311.124978,2800.0,6600.0
3,23,15,287.95512,244.513663,2800.0,6600.0
3,23,16,190.872155,162.45616,2800.0,6600.0
3,23,17,78.067059,66.53163,2800.0,6600.0
3,23,18,0.7453200000000001,0.6110549999999999,2800.0,6600.0
3,23,19,0.0,0.0,2800.0,6600.0
3,23,20,0.0,0.0,2800.0,6600.0
3,23,21,0.0,0.0,2800.0,6600.0
3,23,22,0.0,0.0,2800.0,6600.0
3,23,23,0.0,0.0,2800.0,6600.0
3,24,0,0.0,0.0,2800.0,6600.0
3,24,1,0.0,0.0,2800.0,6600.0
3,24,2,0.0,0.0,2800.0,6600.0
3,24,3,0.0,0.0,2800.0,6600.0
3,24,4,0.0,0.0,2800.0,6600.0
3,24,5,0.0,0.0,2800.0,6600.0
3,24,6,-0.0,-0.0,2800.0,6600.0
3,24,7,56.844909,48.490482,2800.0,6600.0
3,24,8,175.80013200000002,149.875513,2800.0,6600.0
3,24,9,280.486106,238.552854,2800.0,6600.0
3,24,10,373.554635,316.91825900000003,2800.0,6600.0
3,24,11,425.0,360.407339,2800.0,6600.0
3,24,12,425.0,362.5,2800.0,6600.0
3,24,13,425.0,362.5,2800.0,6600.0
3,24,14,384.86949300000003,326.691733,2800.0,6600.0
3,24,15,308.13448700000004,262.098899,2800.0,6600.0
3,24,16,203.75247,173.692084,2800.0,6600.0
3,24,17,82.694435,70.55077800000001,2800.0,6600.0
3,24,18,2.956301,2.4886190000000004,2800.0,6600.0
3,24,19,0.0,0.0,2800.0,6600.0
3,24,20,0.0,0.0,2800.0,6600.0
3,24,21,0.0,0.0,2800.0,6600.0
3,24,22,0.0,0.0,2800.0,6600.0
3,24,23,0.0,0.0,2800.0,6600.0
3,25,0,0.0,0.0,2800.0,6600.0
3,25,1,0.0,0.0,2800.0,6600.0
3,25,2,0.0,0.0,2800.0,5033.998538121269
3,25,3,0.0,0.0,2275.070137118247,2776.660403569514
3,25,4,0.0,0.0,1003.7965929387176,1225.1060779960724
3,25,5,0.0,0.0,475.7328897807615,580.6188812284884
3,25,6,-0.0,-0.0,375.1945078601572,457.9145568371997
3,25,7,65.393658,55.800496,748.4297260208111,913.4378545923286
3,25,8,188.36361,160.341606,610.9415963527902,745.6373813754526
3,25,9,288.102759,244.091527,312.8020973326286,381.76633926423176
3,25,10,361.35425,304.783047,402.3068740231014,491.0044525478796
3,25,11,408.294894,343.629163,2800.0,3535.5380679260493
3,25,12,425.0,360.321582,2800.0,6600.0
3,25,13,412.466213,347.751047,2800.0,6600.0
3,25,14,336.610533,284.771078,2800.0,6600.0
3,25,15,297.812427,252.30197700000002,2800.0,6600.0
3,25,16,158.951279,135.19816,2800.0,6600.0
3,25,17,42.583144,36.236112,2800.0,6600.0
3,25,18,3.4217809999999997,2.880692,2800.0,6600.0
3,25,19,0.0,0.0,2800.0,6600.0
3,25,20,0.0,0.0,2800.0,6600.0
3,25,21,0.0,0.0,2800.0,5700.675903358588
3,25,22,0.0,0.0,1940.6700324713545,2368.5342915988967
3,25,23,0.0,0.0,575.0133429544752,701.7879382515248
3,26,0,0.0,0.0,138.67213448175264,169.24551846198156
3,26,1,0.0,0.0,42.10670576223064,51.39007396177755
3,26,2,0.0,0.0,18.20056109694597,22.213283228556108
3,26,3,0.0,0.0,76.36769954409877,93.20467267193158
3,26,4,0.0,0.0,460.3878697051685,561.8907071204812
3,26,5,0.0,0.0,1749.3017415377876,2134.9745664437564
3,26,6,-0.0,-0.0,2800.0,4954.515830178791
3,26,7,71.46109799999999,60.971657,2800.0,6600.0
3,26,8,196.10591,166.675734,2800.0,6600.0
3,26,9,291.74948,246.373394,2800.0,6600.0
3,26,10,362.279197,304.510195,2800.0,6600.0
3,26,11,407.98750900000005,342.387747,2597.435303258585,3170.098204764415
3,26,12,425.0,359.199915,2364.2786071344885,2885.536882723194
3,26,13,417.068398,350.97315299999997,2800.0,6600.0
3,26,14,375.109733,316.56672399999997,2800.0,6600.0
3,26,15,304.913112,258.151923,2800.0,6600.0
3,26,16,207.66566699999998,176.42159,2800.0,6600.0
3,26,17,83.40594999999999,71.01889999999999,2800.0,6600.0
3,26,18,3.6700500000000003,3.091657,2800.0,6600.0
3,26,19,0.0,0.0,2800.0,6600.0
3,26,20,0.0,0.0,2800.0,6600.0
3,26,21,0.0,0.0,2800.0,6600.0
3,26,22,0.0,0.0,2800.0,6600.0
3,26,23,0.0,0.0,2800.0,6600.0
3,27,0,0.0,0.0,2800.0,6600.0
3,27,1,0.0,0.0,2800.0,6600.0
3,27,2,0.0,0.0,2800.0,6600.0
3,27,3,0.0,0.0,2800.0,6600.0
3,27,4,0.0,0.0,2800.0,6600.0
3,27,5,0.0,0.0,2800.0,6600.0
3,27,6,-0.0,-0.0,2800.0,6600.0
3,27,7,80.66102000000001,68.778106,2800.0,6600.0
3,27,8,208.811181,177.29333,2800.0,6600.0
3,27,9,303.697157,256.072764,2800.0,6600.0
3,27,10,368.802976,308.935428,2800.0,6600.0
3,27,11,404.433659,337.36268800000005,2800.0,6600.0
3,27,12,423.322207,353.516567,2800.0,6600.0
3,27,13,400.43611300000003,336.12757500000004,2800.0,6600.0
3,27,14,378.42334700000004,318.580329,2800.0,6600.0
3,27,15,305.924714,258.475681,2800.0,6600.0
3,27,16,206.315662,174.947594,2800.0,6600.0
3,27,17,83.53185,71.036288,2800.0,6600.0
3,27,18,4.124876,3.473143,2800.0,6600.0
3,27,19,0.0,0.0,2455.7891050857875,2997.2229235298983
3,27,20,0.0,0.0,460.3878697051685,561.8907071204812
3,27,21,0.0,0.0,48.57413350122129,59.283391281018105
3,27,22,0.0,0.0,4.190448409383788,5.114326798854229
3,27,23,0.0,0.0,30.94602468005788,37.7687702788108
3,28,0,0.0,0.0,268.18869820056244,327.31691512667066
3,28,1,0.0,0.0,1640.756359055384,2002.4979185321613
3,28,2,0.0,0.0,2800.0,6600.0
3,28,3,0.0,0.0,2800.0,6600.0
3,28,4,0.0,0.0,2800.0,6600.0
3,28,5,0.0,0.0,2800.0,6600.0
3,28,6,-0.0,-0.0,2800.0,6600.0
3,28,7,83.571204,71.22489200000001,2800.0,6600.0
3,28,8,211.052627,179.35386,2800.0,6600.0
3,28,9,306.159658,258.750368,2800.0,6600.0
3,28,10,364.381727,306.45831,2800.0,6600.0
3,28,11,404.475134,339.29050900000004,2800.0,6600.0
3,28,12,418.424436,350.879025,2800.0,6600.0
3,28,13,401.053002,336.62590600000004,2800.0,6600.0
3,28,14,356.523462,299.744599,2800.0,6600.0
3,28,15,284.63641600000005,239.97325899999998,2800.0,6600.0
3,28,16,188.604059,159.652492,2800.0,6600.0
3,28,17,76.76321899999999,65.179301,2800.0,6600.0
3,28,18,3.0875909999999998,2.5863400000000003,2800.0,6600.0
3,28,19,0.0,0.0,2800.0,6600.0
3,28,20,0.0,0.0,2800.0,6600.0
3,28,21,0.0,0.0,2800.0,6600.0
3,28,22,0.0,0.0,2800.0,6600.0
3,28,23,0.0,0.0,2800.0,6600.0
3,29,0,0.0,0.0,2800.0,6600.0
3,29,1,0.0,0.0,2800.0,6600.0
3,29,2,0.0,0.0,2800.0,6600.0
3,29,3,0.0,0.0,2800.0,6600.0
3,29,4,0.0,0.0,2800.0,6600.0
3,29,5,0.0,0.0,2800.0,6600.0
3,29,6,-0.0,-0.0,2800.0,6600.0
3,29,7,59.770263,50.895955,2800.0,6600.0
3,29,8,0.783274,0.63715,2800.0,6600.0
3,29,9,87.294651,74.240447,2800.0,6600.0
3,29,10,329.02991399999996,278.133098,2800.0,6600.0
3,29,11,370.055742,311.883911,2800.0,6600.0
3,29,12,387.673183,326.059819,2800.0,6600.0
3,29,13,373.725076,314.26132299999995,2800.0,6600.0
3,29,14,308.13809399999997,260.119627,2800.0,6600.0
3,29,15,237.480686,201.2177,2800.0,6600.0
3,29,16,176.556319,149.96782000000002,2800.0,6600.0
3,29,17,32.399009,27.506818,2800.0,6600.0
3,29,18,0.457084,0.361053,2800.0,6600.0
3,29,19,0.0,0.0,2800.0,6600.0
3,29,20,0.0,0.0,2800.0,6600.0
3,29,21,0.0,0.0,2800.0,6600.0
3,29,22,0.0,0.0,2800.0,6600.0
3,29,23,0.0,0.0,2800.0,6600.0
3,30,0,0.0,0.0,2800.0,6600.0
3,30,1,0.0,0.0,2800.0,6600.0
3,30,2,0.0,0.0,2800.0,6600.0
3,30,3,0.0,0.0,2800.0,6600.0
3,30,4,0.0,0.0,2800.0,6600.0
3,30,5,0.0,0.0,2800.0,6600.0
3,30,6,-0.0,-0.0,2800.0,6600.0
3,30,7,-0.0,-0.0,2800.0,6600.0
3,30,8,95.524558,81.259238,2800.0,6600.0
3,30,9,203.849165,173.115758,2800.0,6600.0
3,30,10,344.45286200000004,291.79537,2800.0,6600.0
3,30,11,388.162191,328.872661,2800.0,6600.0
3,30,12,353.379987,299.758221,2800.0,6600.0
3,30,13,141.469091,120.47792299999999,2800.0,6600.0
3,30,14,198.947097,169.24559599999998,2800.0,6600.0
3,30,15,190.38905799999998,161.927928,2800.0,6600.0
3,30,16,98.156175,83.558496,2800.0,6600.0
3,30,17,1.556128,1.293549,2800.0,6600.0
3,30,18,-0.0,-0.0,2800.0,6600.0
3,30,19,0.0,0.0,2800.0,6600.0
3,30,20,0.0,0.0,2800.0,6600.0
3,30,21,0.0,0.0,2800.0,6600.0
3,30,22,0.0,0.0,2800.0,6600.0
3,30,23,0.0,0.0,2800.0,6600.0
3,31,0,0.0,0.0,2800.0,6600.0
3,31,1,0.0,0.0,2800.0,6600.0
3,31,2,0.0,0.0,2800.0,6600.0
3,31,3,0.0,0.0,2800.0,6600.0
3,31,4,0.0,0.0,2800.0,6600.0
3,31,5,0.0,0.0,2800.0,6600.0
3,31,6,-0.0,-0.0,2800.0,6600.0
3,31,7,68.166846,58.104684,2800.0,6600.0
3,31,8,185.83922,158.145841,2800.0,6600.0
3,31,9,288.111142,244.421799,2800.0,6600.0
3,31,10,359.60274599999997,304.274881,2800.0,6600.0
3,31,11,407.99168,344.59964299999996,2800.0,6600.0
3,31,12,425.0,358.896713,2800.0,6600.0
3,31,13,407.53623200000004,344.288594,2800.0,6600.0
3,31,14,364.292543,308.223108,2800.0,6600.0
3,31,15,293.852462,249.239599,2800.0,6600.0
3,31,16,194.261098,165.212215,2800.0,6600.0
3,31,17,80.32425199999999,68.417351,2800.0,5195.505086201954
3,31,18,4.405162000000001,3.715073,2800.0,6600.0
3,31,19,0.0,0.0,2800.0,6600.0
3,31,20,0.0,0.0,2800.0,6600.0
3,31,21,0.0,0.0,2800.0,6600.0
3,31,22,0.0,0.0,2800.0,6600.0
3,31,23,0.0,0.0,2103.4419801044355,2567.192967843996
4,1,0,0.0,0.0,687.226207839785,838.7406473635172
4,1,1,0.0,0.0,1222.1129067458091,1491.5551224063024
4,1,2,0.0,0.0,1222.1129067458091,1491.5551224063024
4,1,3,0.0,0.0,2800.0,4954.515830178791
4,1,4,0.0,0.0,2800.0,6600.0
4,1,5,0.0,0.0,2800.0,6600.0
4,1,6,-0.0,-0.0,2800.0,5965.099051003621
4,1,7,69.85218499999999,59.408415999999995,2800.0,3599.0492231594667
4,1,8,182.93796700000001,155.031279,2800.0,6145.847517348083
4,1,9,272.866942,229.81662100000003,2800.0,6600.0
4,1,10,337.932399,283.823239,2800.0,6600.0
4,1,11,381.448758,320.05994699999997,2800.0,6600.0
4,1,12,399.24805599999996,335.26657,2800.0,6600.0
4,1,13,393.466999,330.866403,2800.0,6600.0
4,1,14,350.963166,295.77375,2800.0,6600.0
4,1,15,280.276347,236.79501000000002,2800.0,6600.0
4,1,16,185.804863,157.412679,2800.0,6600.0
4,1,17,77.227199,65.54738400000001,2800.0,6600.0
4,1,18,4.042962,3.393805,2800.0,6600.0
4,1,19,0.0,0.0,2800.0,6600.0
4,1,20,0.0,0.0,2800.0,6600.0
4,1,21,0.0,0.0,2800.0,6600.0
4,1,22,0.0,0.0,2800.0,6600.0
4,1,23,0.0,0.0,2800.0,6600.0
4,2,0,0.0,0.0,2800.0,6600.0
4,2,1,0.0,0.0,2800.0,6600.0
4,2,2,0.0,0.0,2800.0,6600.0
4,2,3,0.0,0.0,2800.0,6600.0
4,2,4,0.0,0.0,2800.0,6600.0
4,2,5,0.0,0.0,2800.0,6600.0
4,2,6,-0.0,-0.0,2800.0,6600.0
4,2,7,77.334951,65.707177,2800.0,6600.0
4,2,8,193.619355,163.880935,2800.0,6600.0
4,2,9,283.666773,238.75363000000002,2800.0,6600.0
4,2,10,348.055542,291.699021,2800.0,6600.0
4,2,11,389.264876,325.52496399999995,2800.0,6600.0
4,2,12,402.929836,336.797467,2800.0,6600.0
4,2,13,390.17424800000003,326.609945,2800.0,6600.0
4,2,14,348.55379700000003,292.482154,2800.0,6600.0
4,2,15,280.43978000000004,236.22834400000002,2800.0,6600.0
4,2,16,184.197391,155.76857800000002,2800.0,6600.0
4,2,17,75.993253,64.442682,2800.0,6600.0
4,2,18,4.006041,3.357855,2800.0,6600.0
4,2,19,0.0,0.0,2800.0,6600.0
4,2,20,0.0,0.0,2800.0,6600.0
4,2,21,0.0,0.0,2800.0,6600.0
4,2,22,0.0,0.0,2800.0,6600.0
4,2,23,0.0,0.0,2800.0,6600.0
4,3,0,0.0,0.0,2800.0,6600.0
4,3,1,0.0,0.0,2800.0,6600.0
4,3,2,0.0,0.0,2800.0,6600.0
4,3,3,0.0,0.0,2800.0,6600.0
4,3,4,0.0,0.0,2800.0,6600.0
4,3,5,0.0,0.0,2800.0,6600.0
4,3,6,-0.0,-0.0,2800.0,6600.0
4,3,7,79.388052,67.517841,2800.0,6600.0
4,3,8,195.733606,166.134597,2800.0,6600.0
4,3,9,288.832778,244.08087,2800.0,6600.0
4,3,10,352.262064,296.23861999999997,2800.0,6600.0
4,3,11,387.256516,324.235643,2800.0,6600.0
4,3,12,393.598636,328.611075,2800.0,6600.0
4,3,13,378.607581,315.746984,2800.0,6600.0
4,3,14,336.67726600000003,281.395232,2800.0,6600.0
4,3,15,272.06910899999997,228.427703,2800.0,6600.0
4,3,16,181.218493,153.024634,2800.0,6600.0
4,3,17,76.161925,64.537271,2800.0,6600.0
4,3,18,3.742511,3.132136,2800.0,6600.0
4,3,19,0.0,0.0,2800.0,6600.0
4,3,20,0.0,0.0,2800.0,6600.0
4,3,21,0.0,0.0,2800.0,6600.0
4,3,22,0.0,0.0,2800.0,6600.0
4,3,23,0.0,0.0,2800.0,6600.0
4,4,0,0.0,0.0,2800.0,6600.0
4,4,1,0.0,0.0,2800.0,6600.0
4,4,2,0.0,0.0,2800.0,6600.0
4,4,3,0.0,0.0,2800.0,6600.0
4,4,4,0.0,0.0,2800.0,6600.0
4,4,5,0.0,0.0,2800.0,6600.0
4,4,6,-0.0,-0.0,2800.0,6600.0
4,4,7,75.530096,64.292526,2800.0,6600.0
4,4,8,190.520907,161.900978,2800.0,6600.0
4,4,9,287.282052,243.330292,2800.0,6600.0
4,4,10,361.184059,304.923042,2800.0,6600.0
4,4,11,401.38079200000004,337.99836700000003,2800.0,6600.0
4,4,12,412.74163799999997,347.123403,2800.0,6600.0
4,4,13,398.583721,335.38891600000005,2800.0,6600.0
4,4,14,353.54780800000003,298.099353,2800.0,6600.0
4,4,15,281.359771,237.918247,2800.0,6600.0
4,4,16,188.325627,159.72118400000002,2800.0,6600.0
4,4,17,78.17407,66.416911,2800.0,6600.0
4,4,18,4.303183,3.6160360000000003,2800.0,6600.0
4,4,19,0.0,0.0,2800.0,6600.0
4,4,20,0.0,0.0,2800.0,6600.0
4,4,21,0.0,0.0,2800.0,6600.0
4,4,22,0.0,0.0,2800.0,6600.0
4,4,23,0.0,0.0,2800.0,6600.0
4,5,0,0.0,0.0,2800.0,6600.0
4,5,1,0.0,0.0,2800.0,6600.0
4,5,2,0.0,0.0,2800.0,6600.0
4,5,3,0.0,0.0,2800.0,6600.0
4,5,4,0.0,0.0,2800.0,6600.0
4,5,5,0.0,0.0,2800.0,6600.0
4,5,6,-0.0,-0.0,2800.0,6600.0
4,5,7,75.672936,64.48353,2800.0,6600.0
4,5,8,191.397334,162.813039,2800.0,6600.0
4,5,9,287.14349599999997,243.509506,2800.0,6518.224790706034
4,5,10,360.960101,305.233669,2800.0,6600.0
4,5,11,405.507536,342.311184,2800.0,6600.0
4,5,12,419.557668,354.04179200000004,2800.0,6600.0
4,5,13,402.724339,340.146064,2800.0,6600.0
4,5,14,356.92298,302.01766399999997,2800.0,6600.0
4,5,15,283.336787,240.354383,2800.0,6600.0
4,5,16,190.386022,161.903758,2800.0,6600.0
4,5,17,80.482799,68.527132,2800.0,6600.0
4,5,18,3.138274,2.6353069999999996,2800.0,6600.0
4,5,19,0.0,0.0,2800.0,6600.0
4,5,20,0.0,0.0,2800.0,6600.0
4,5,21,0.0,0.0,2800.0,6600.0
4,5,22,0.0,0.0,2800.0,6600.0
4,5,23,0.0,0.0,2800.0,6600.0
4,6,0,0.0,0.0,2800.0,6600.0
4,6,1,0.0,0.0,2800.0,6600.0
4,6,2,0.0,0.0,2800.0,6600.0
4,6,3,0.0,0.0,2800.0,6600.0
4,6,4,0.0,0.0,2800.0,6518.224790706034
4,6,5,0.0,0.0,2800.0,6600.0
4,6,6,-0.0,-0.0,2800.0,6600.0
4,6,7,79.13439699999999,67.447872,2800.0,6600.0
4,6,8,192.88825,164.20916200000002,2800.0,4065.047980485539
4,6,9,287.319678,244.00422500000002,1373.4523042863404,1676.2606863337226
4,6,10,372.48753700000003,315.4837,2364.2786071344885,2885.536882723194
4,6,11,416.639113,352.258239,2800.0,6600.0
4,6,12,425.0,362.5,2800.0,6600.0
4,6,13,418.97153399999996,354.110538,2800.0,6600.0
4,6,14,372.23832699999997,315.117959,2800.0,6600.0
4,6,15,298.593573,253.369781,2800.0,6600.0
4,6,16,195.751214,166.55043799999999,2800.0,6600.0
4,6,17,81.643614,69.557957,2800.0,6600.0
4,6,18,4.648492,3.921073,2800.0,6600.0
4,6,19,0.0,0.0,2800.0,6600.0
4,6,20,0.0,0.0,2800.0,6600.0
4,6,21,0.0,0.0,2800.0,6600.0
4,6,22,0.0,0.0,2800.0,6600.0
4,6,23,0.0,0.0,2800.0,4421.436551474658
4,7,0,0.0,0.0,2794.6277004301824,3410.766091076207
4,7,1,0.0,0.0,2800.0,4798.06917736812
4,7,2,0.0,0.0,2800.0,6600.0
4,7,3,0.0,0.0,2800.0,6600.0
4,7,4,0.0,0.0,2800.0,6600.0
4,7,5,0.0,0.0,2800.0,6600.0
4,7,6,1.141598,0.949316,2800.0,6600.0
4,7,7,88.558978,75.504252,2800.0,6600.0
4,7,8,209.214297,177.90728,2800.0,6600.0
4,7,9,304.536551,257.946668,2800.0,6600.0
4,7,10,373.95966,315.671076,2800.0,6600.0
4,7,11,415.617511,350.24213799999995,2800.0,6600.0
4,7,12,425.0,359.121914,2800.0,6600.0
4,7,13,413.95266499999997,349.341189,2800.0,6600.0
4,7,14,369.823037,312.823561,2800.0,6600.0
4,7,15,295.351141,250.457419,2800.0,6600.0
4,7,16,193.834308,164.820163,2800.0,6600.0
4,7,17,80.16916099999999,68.263989,2800.0,6600.0
4,7,18,4.634889,3.9079430000000004,2800.0,6600.0
4,7,19,0.0,0.0,2800.0,6600.0
4,7,20,0.0,0.0,2800.0,6600.0
4,7,21,0.0,0.0,2800.0,6600.0
4,7,22,0.0,0.0,2800.0,6600.0
4,7,23,0.0,0.0,2800.0,6600.0
4,8,0,0.0,0.0,2800.0,6600.0
4,8,1,0.0,0.0,2800.0,6600.0
4,8,2,0.0,0.0,2800.0,6600.0
4,8,3,0.0,0.0,2800.0,6600.0
4,8,4,0.0,0.0,2800.0,6600.0
4,8,5,0.0,0.0,2800.0,6600.0
4,8,6,-0.0,-0.0,2800.0,6600.0
4,8,7,78.803131,67.161922,2800.0,6600.0
4,8,8,194.0094,165.070355,2800.0,6600.0
4,8,9,291.288291,247.161186,2800.0,6600.0
4,8,10,377.09434000000005,319.03817499999997,2800.0,6600.0
4,8,11,421.174012,355.624521,2800.0,6600.0
4,8,12,425.0,362.5,2800.0,6600.0
4,8,13,411.65053600000005,347.42942999999997,2800.0,6600.0
4,8,14,367.651838,310.749499,2800.0,6600.0
4,8,15,295.940623,250.694694,2800.0,6600.0
4,8,16,197.59729199999998,167.85686900000002,2800.0,6600.0
4,8,17,81.105002,69.015924,2800.0,6600.0
4,8,18,6.118361,5.167372,2800.0,6600.0
4,8,19,0.0,0.0,2800.0,6600.0
4,8,20,0.0,0.0,2800.0,6600.0
4,8,21,0.0,0.0,2800.0,6600.0
4,8,22,0.0,0.0,2800.0,6600.0
4,8,23,0.0,0.0,2800.0,6330.21083371745
4,9,0,0.0,0.0,2549.630956168769,3111.754316583931
4,9,1,0.0,0.0,1055.7070784976213,1288.4613950167818
4,9,2,0.0,0.0,707.2412654778989,863.1684736147585
4,9,3,0.0,0.0,228.03272895548625,278.3076613236249
4,9,4,0.0,0.0,1.3422386871870802,1.6381653268818694
4,9,5,0.0,0.0,6.505306117964509,7.939546836885818
4,9,6,3.1353400000000002,2.6445079999999996,81.04201369779398,98.90954427683516
4,9,7,90.87128999999999,77.497281,349.3284625537728,426.3457613845259
4,9,8,211.05985800000002,179.485207,101.6454080931955,124.05541932634095
4,9,9,304.159364,257.66543,610.9415963527902,745.6373813754526
4,9,10,373.628788,315.25405,2800.0,3728.344236364732
4,9,11,413.354124,347.950061,2800.0,6600.0
4,9,12,424.88778499999995,357.422717,2800.0,6600.0
4,9,13,406.745995,342.472824,2800.0,6600.0
4,9,14,360.295853,303.956499,2800.0,6600.0
4,9,15,286.759696,242.57042,2800.0,6600.0
4,9,16,192.276361,163.127269,2800.0,6600.0
4,9,17,80.548535,68.456213,2800.0,6600.0
4,9,18,5.795431,4.883966,2800.0,6600.0
4,9,19,0.0,0.0,2800.0,6600.0
4,9,20,0.0,0.0,2800.0,6600.0
4,9,21,0.0,0.0,2800.0,6600.0
4,9,22,0.0,0.0,2800.0,5195.505086201954
4,9,23,0.0,0.0,2800.0,4205.209912886971
4,10,0,0.0,0.0,2800.0,3996.150340809066
4,10,1,0.0,0.0,1749.3017415377876,2134.9745664437564
4,10,2,0.0,0.0,540.5220241907821,659.6922342485923
4,10,3,0.0,0.0,575.0133429544752,701.7879382515248
4,10,4,0.0,0.0,2061.927887690667,2516.5261621421523
4,10,5,0.0,0.0,2800.0,6600.0
4,10,6,1.2912519999999998,1.07606,2800.0,6600.0
4,10,7,81.036447,69.105265,2800.0,6600.0
4,10,8,189.26421599999998,161.01324100000002,2800.0,6600.0
4,10,9,281.29026899999997,238.345272,2800.0,6600.0
4,10,10,344.67038199999996,290.746821,1373.4523042863404,1676.2606863337226
4,10,11,379.373036,318.64089,2800.0,3599.0492231594667
4,10,12,385.281709,322.496383,2800.0,6600.0
4,10,13,361.786223,302.228151,2800.0,6600.0
4,10,14,320.90285600000004,268.645417,2800.0,6600.0
4,10,15,260.53976800000004,219.39330900000002,2800.0,6600.0
4,10,16,174.094348,147.346726,2800.0,6600.0
4,10,17,76.387849,64.82054099999999,2800.0,6600.0
4,10,18,3.2985819999999997,2.7611410000000003,2800.0,6600.0
4,10,19,0.0,0.0,2800.0,6600.0
4,10,20,0.0,0.0,2800.0,6600.0
4,10,21,0.0,0.0,2800.0,6600.0
4,10,22,0.0,0.0,2800.0,6600.0
4,10,23,0.0,0.0,2800.0,6600.0
4,11,0,0.0,0.0,2800.0,6600.0
4,11,1,0.0,0.0,2800.0,6600.0
4,11,2,0.0,0.0,2800.0,6600.0
4,11,3,0.0,0.0,2800.0,6600.0
4,11,4,0.0,0.0,2800.0,6600.0
4,11,5,0.0,0.0,2800.0,6600.0
4,11,6,-0.0,-0.0,2800.0,6600.0
4,11,7,71.87244899999999,61.188834,2800.0,6600.0
4,11,8,175.114044,148.806941,2800.0,6600.0
4,11,9,261.990323,221.71581099999997,2800.0,4644.951049827907
4,11,10,320.198306,269.94223,1251.4423799619176,1527.350936173994
4,11,11,358.280721,301.156485,362.10752792468406,441.94225849075616
4,11,12,368.083013,308.872793,2800.0,3663.3164546975977
4,11,13,356.92462900000004,299.45329399999997,2800.0,6600.0
4,11,14,313.38297600000004,263.452315,2800.0,6600.0
4,11,15,249.496645,210.427993,2800.0,6600.0
4,11,16,166.405888,140.810952,2800.0,6600.0
4,11,17,73.28538800000001,62.150259,2800.0,6600.0
4,11,18,1.841033,1.526022,2800.0,6600.0
4,11,19,0.0,0.0,2800.0,6600.0
4,11,20,0.0,0.0,2800.0,6600.0
4,11,21,0.0,0.0,2800.0,6600.0
4,11,22,0.0,0.0,2800.0,6055.023664834879
4,11,23,0.0,0.0,1676.4237403920558,2046.0289744942413
4,12,0,0.0,0.0,629.4537376638762,768.2309396685104
4,12,1,0.0,0.0,2231.3199984618277,2723.264565051836
4,12,2,0.0,0.0,2800.0,6600.0
4,12,3,0.0,0.0,2800.0,6600.0
4,12,4,0.0,0.0,2800.0,6600.0
4,12,5,0.0,0.0,2800.0,6600.0
4,12,6,-0.0,-0.0,2800.0,6600.0
4,12,7,66.78372900000001,56.818627,2800.0,6600.0
4,12,8,166.65523499999998,141.59054,2800.0,6600.0
4,12,9,254.23154399999999,215.18464600000001,2800.0,6600.0
4,12,10,321.117455,270.63694799999996,2800.0,6600.0
4,12,11,360.18855699999995,302.79745,2800.0,6600.0
4,12,12,372.561569,312.943548,2800.0,6600.0
4,12,13,358.145828,301.030516,2800.0,6600.0
4,12,14,315.500431,265.67762400000004,2800.0,6600.0
4,12,15,251.20297399999998,212.047749,2800.0,6600.0
4,12,16,168.509803,142.6258,2800.0,6600.0
4,12,17,74.14330899999999,62.88117,2800.0,6600.0
4,12,18,3.038151,2.538459,2800.0,6600.0
4,12,19,0.0,0.0,2800.0,6600.0
4,12,20,0.0,0.0,2800.0,6600.0
4,12,21,0.0,0.0,2800.0,6600.0
4,12,22,0.0,0.0,2800.0,6600.0
4,12,23,0.0,0.0,2800.0,6600.0
4,13,0,0.0,0.0,2800.0,6600.0
4,13,1,0.0,0.0,2800.0,6600.0
4,13,2,0.0,0.0,2800.0,6600.0
4,13,3,0.0,0.0,2800.0,6600.0
4,13,4,0.0,0.0,2800.0,6600.0
4,13,5,0.0,0.0,2800.0,6600.0
4,13,6,0.974527,0.799683,2800.0,6600.0
4,13,7,76.689932,65.204302,2800.0,6600.0
4,13,8,180.518466,153.123405,2800.0,6600.0
4,13,9,268.821866,227.116657,2800.0,6600.0
4,13,10,334.22925,281.549942,2800.0,6600.0
4,13,11,377.22265500000003,317.447093,2800.0,6600.0
4,13,12,391.762623,329.72614699999997,2800.0,6600.0
4,13,13,380.24379999999996,320.35617099999996,2800.0,6600.0
4,13,14,337.58610600000003,285.015354,2800.0,6600.0
4,13,15,268.212947,227.02978,2800.0,6600.0
4,13,16,177.843825,150.913704,2800.0,6600.0
4,13,17,77.12078,65.525059,2800.0,6600.0
4,13,18,4.53395,3.8100650000000003,2800.0,6600.0
4,13,19,0.0,0.0,2800.0,6600.0
4,13,20,0.0,0.0,2800.0,6600.0
4,13,21,0.0,0.0,2800.0,6600.0
4,13,22,0.0,0.0,2800.0,6600.0
4,13,23,0.0,0.0,2800.0,3928.035620383037
4,14,0,0.0,0.0,835.542666361563,1019.7567975278918
4,14,1,0.0,0.0,402.3068740231014,491.0044525478796
4,14,2,0.0,0.0,1055.7070784976213,1288.4613950167818
4,14,3,0.0,0.0,2800.0,4798.06917736812
4,14,4,0.0,0.0,2800.0,6600.0
4,14,5,0.0,0.0,2800.0,6600.0
4,14,6,3.5190900000000003,2.9564690000000002,2800.0,6600.0
4,14,7,84.348143,71.66808999999999,2800.0,6600.0
4,14,8,190.154321,160.872051,2800.0,6600.0
4,14,9,274.318473,230.544776,2800.0,6600.0
4,14,10,340.199418,285.36687800000004,2800.0,6600.0
4,14,11,384.83461700000004,322.777175,2800.0,6600.0
4,14,12,401.24526099999997,336.957288,2800.0,6600.0
4,14,13,386.629305,325.400121,2800.0,6600.0
4,14,14,343.08831599999996,289.473473,2800.0,6600.0
4,14,15,270.040621,228.482617,2800.0,6600.0
4,14,16,183.793523,155.899722,2800.0,6600.0
4,14,17,79.23997800000001,67.299453,2800.0,6600.0
4,14,18,5.993957,5.046492,2800.0,6600.0
4,14,19,0.0,0.0,2800.0,6600.0
4,14,20,0.0,0.0,2800.0,6600.0
4,14,21,0.0,0.0,2800.0,6600.0
4,14,22,0.0,0.0,2800.0,6600.0
4,14,23,0.0,0.0,2800.0,6600.0
4,15,0,0.0,0.0,2800.0,6600.0
4,15,1,0.0,0.0,2800.0,6600.0
4,15,2,0.0,0.0,2800.0,6600.0
4,15,3,0.0,0.0,2800.0,6600.0
4,15,4,0.0,0.0,2800.0,6600.0
4,15,5,0.0,0.0,2800.0,6600.0
4,15,6,5.924086,4.995674,2800.0,6600.0
4,15,7,93.030678,79.022447,2800.0,6600.0
4,15,8,202.589416,171.327956,2800.0,6600.0
4,15,9,286.31293900000003,240.447316,2800.0,6600.0
4,15,10,345.160582,288.080311,2800.0,6600.0
4,15,11,379.57250300000004,315.899874,2800.0,6600.0
4,15,12,394.37813,328.569656,2800.0,6600.0
4,15,13,385.23274200000003,322.06634499999996,2800.0,6600.0
4,15,14,346.524234,290.86583399999995,2800.0,6600.0
4,15,15,279.07030699999996,235.21529199999998,2800.0,6600.0
4,15,16,185.951538,157.344579,2800.0,6600.0
4,15,17,77.86726700000001,66.03512300000001,2800.0,6600.0
4,15,18,6.671782,5.613898,2800.0,6600.0
4,15,19,0.0,0.0,2800.0,6600.0
4,15,20,0.0,0.0,2800.0,6600.0
4,15,21,0.0,0.0,2800.0,6600.0
4,15,22,0.0,0.0,2800.0,6600.0
4,15,23,0.0,0.0,2800.0,6600.0
4,16,0,0.0,0.0,2800.0,6600.0
4,16,1,0.0,0.0,2800.0,6600.0
4,16,2,0.0,0.0,2800.0,6600.0
4,16,3,0.0,0.0,2800.0,6600.0
4,16,4,0.0,0.0,2800.0,6600.0
4,16,5,0.0,0.0,2800.0,6600.0
4,16,6,6.6996080000000005,5.651191,2800.0,6600.0
4,16,7,90.411755,76.79732399999999,2800.0,6600.0
4,16,8,201.362166,170.49127900000002,2800.0,6600.0
4,16,9,289.90564,244.247376,2800.0,6600.0
4,16,10,356.743776,299.63537099999996,2800.0,6600.0
4,16,11,396.571147,332.612711,2800.0,6600.0
4,16,12,407.333298,341.517445,2800.0,6600.0
4,16,13,389.009369,326.257865,2800.0,6600.0
4,16,14,343.267172,288.424203,2800.0,6600.0
4,16,15,272.367021,229.560438,2800.0,6600.0
4,16,16,180.654001,152.782184,2800.0,6600.0
4,16,17,77.33760400000001,65.56186699999999,2800.0,6600.0
4,16,18,6.165435,5.1827250000000005,2800.0,6600.0
4,16,19,0.0,0.0,2800.0,6600.0
4,16,20,0.0,0.0,2800.0,6600.0
4,16,21,0.0,0.0,2800.0,6600.0
4,16,22,0.0,0.0,2800.0,6600.0
4,16,23,0.0,0.0,2800.0,6600.0
4,17,0,0.0,0.0,2800.0,6600.0
4,17,1,0.0,0.0,2800.0,6600.0
4,17,2,0.0,0.0,2800.0,6600.0
4,17,3,0.0,0.0,2800.0,6600.0
4,17,4,0.0,0.0,2800.0,6600.0
4,17,5,0.0,0.0,2800.0,6600.0
4,17,6,6.3601030000000005,5.364381000000001,2800.0,6600.0
4,17,7,30.423168,25.820961999999998,2800.0,6600.0
4,17,8,154.330966,131.09435399999998,2800.0,6600.0
4,17,9,269.252977,227.898018,2800.0,6600.0
4,17,10,336.184171,283.58611099999996,2800.0,6600.0
4,17,11,368.010846,309.633185,2800.0,6600.0
4,17,12,375.939325,315.782371,2800.0,6600.0
4,17,13,365.93172,307.07931199999996,2800.0,6600.0
4,17,14,311.961363,262.228289,2800.0,6600.0
4,17,15,255.170728,214.916636,2800.0,6600.0
4,17,16,153.313426,129.639487,2800.0,6600.0
4,17,17,44.11525,37.364387,2800.0,6600.0
4,17,18,3.0095810000000003,2.510631,2800.0,6600.0
4,17,19,0.0,0.0,2800.0,6600.0
4,17,20,0.0,0.0,2800.0,6600.0
4,17,21,0.0,0.0,2800.0,6600.0
4,17,22,0.0,0.0,2800.0,6600.0
4,17,23,0.0,0.0,2800.0,6600.0
4,18,0,0.0,0.0,2800.0,6600.0
4,18,1,0.0,0.0,2800.0,6600.0
4,18,2,0.0,0.0,2800.0,6600.0
4,18,3,0.0,0.0,2800.0,6600.0
4,18,4,0.0,0.0,2800.0,6600.0
4,18,5,0.0,0.0,2800.0,6600.0
4,18,6,3.5935659999999996,3.018263,2800.0,6600.0
4,18,7,1.924558,1.602925,2800.0,6600.0
4,18,8,64.508261,54.869541,2800.0,6600.0
4,18,9,114.87811900000001,97.635171,2800.0,6600.0
4,18,10,134.732406,114.360556,2800.0,6600.0
4,18,11,141.89979300000002,120.296629,2800.0,6600.0
4,18,12,150.331007,127.261673,2800.0,6600.0
4,18,13,135.286108,114.518041,2800.0,6600.0
4,18,14,91.311678,77.37310599999999,2800.0,6600.0
4,18,15,101.255792,85.850438,2800.0,6600.0
4,18,16,61.450995999999996,52.122167999999995,2800.0,6600.0
4,18,17,14.887465,12.578899,2800.0,6600.0
4,18,18,4.734299,3.974329,2800.0,6600.0
4,18,19,0.0,0.0,2800.0,6600.0
4,18,20,0.0,0.0,2800.0,6600.0
4,18,21,0.0,0.0,2800.0,6600.0
4,18,22,0.0,0.0,2800.0,6600.0
4,18,23,0.0,0.0,2800.0,6600.0
4,19,0,0.0,0.0,2800.0,6600.0
4,19,1,0.0,0.0,2800.0,3928.035620383037
4,19,2,0.0,0.0,1251.4423799619176,1527.350936173994
4,19,3,0.0,0.0,575.0133429544752,701.7879382515248
4,19,4,0.0,0.0,278.9149998077284,340.4080706314795
4,19,5,0.0,0.0,200.6998128762587,244.94859051826847
4,19,6,6.361149,5.364274999999999,445.37642374118406,543.569651022705
4,19,7,78.019248,66.296474,1373.4523042863404,1676.2606863337226
4,19,8,116.317382,98.72600299999999,2794.6277004301824,3410.766091076207
4,19,9,10.695681,9.023370000000002,2800.0,6600.0
4,19,10,13.953521,11.779326999999999,2800.0,6600.0
4,19,11,283.552966,239.165006,2800.0,6600.0
4,19,12,286.79762,241.937904,2800.0,6600.0
4,19,13,286.411876,241.57267000000002,2800.0,6600.0
4,19,14,275.907905,232.81755600000002,2800.0,6600.0
4,19,15,5.762284999999999,4.831823,2800.0,6600.0
4,19,16,54.789907,46.458353,2800.0,6600.0
4,19,17,0.742818,0.595693,2800.0,6600.0
4,19,18,1.36453,1.12309,2800.0,6600.0
4,19,19,0.0,0.0,2800.0,6600.0
4,19,20,0.0,0.0,2800.0,6600.0
4,19,21,0.0,0.0,2800.0,6600.0
4,19,22,0.0,0.0,2800.0,6600.0
4,19,23,0.0,0.0,2800.0,6600.0
4,20,0,0.0,0.0,2800.0,6600.0
4,20,1,0.0,0.0,2800.0,6600.0
4,20,2,0.0,0.0,2800.0,6600.0
4,20,3,0.0,0.0,2800.0,6600.0
4,20,4,0.0,0.0,2800.0,6600.0
4,20,5,0.0,0.0,2800.0,6600.0
4,20,6,8.434190000000001,7.130884,2800.0,6600.0
4,20,7,87.800344,74.63717600000001,2800.0,6600.0
4,20,8,183.619767,155.616456,2800.0,6600.0
4,20,9,244.684341,206.762799,2800.0,4875.874201202505
4,20,10,331.587159,279.062912,2800.0,6600.0
4,20,11,352.680431,296.537369,2800.0,6600.0
4,20,12,391.881384,328.975442,2800.0,6600.0
4,20,13,308.250472,260.066973,2800.0,6600.0
4,20,14,294.489662,248.843499,2800.0,6600.0
4,20,15,224.232491,190.015185,2800.0,6600.0
4,20,16,161.082498,136.75956200000002,2800.0,6600.0
4,20,17,19.359236,16.392744,2800.0,6600.0
4,20,18,6.741868,5.681745,2800.0,6600.0
4,20,19,0.0,0.0,2800.0,6600.0
4,20,20,0.0,0.0,2800.0,6600.0
4,20,21,0.0,0.0,2800.0,6600.0
4,20,22,0.0,0.0,2800.0,6600.0
4,20,23,0.0,0.0,2800.0,6600.0
4,21,0,0.0,0.0,2800.0,6600.0
4,21,1,0.0,0.0,2800.0,6600.0
4,21,2,0.0,0.0,2800.0,6600.0
4,21,3,0.0,0.0,2800.0,6600.0
4,21,4,0.0,0.0,2800.0,6600.0
4,21,5,0.0,0.0,2800.0,6600.0
4,21,6,9.672979,8.190873999999999,2800.0,6600.0
4,21,7,95.296531,81.09300400000001,2800.0,6600.0
4,21,8,203.753848,172.88754500000002,2800.0,6600.0
4,21,9,292.603322,247.417777,2800.0,6600.0
4,21,10,359.03898300000003,302.803903,2800.0,6600.0
4,21,11,398.419127,335.53927799999997,2800.0,6600.0
4,21,12,409.727512,344.970713,2800.0,6600.0
4,21,13,394.599807,332.458784,2800.0,6600.0
4,21,14,350.403311,295.75566100000003,2800.0,6600.0
4,21,15,279.15639799999997,236.197247,2800.0,6600.0
4,21,16,186.716544,158.387788,2800.0,6600.0
4,21,17,78.132095,66.36141599999999,2800.0,6600.0
4,21,18,5.8035630000000005,4.884027,2800.0,6600.0
4,21,19,0.0,0.0,2800.0,6600.0
4,21,20,0.0,0.0,2800.0,5876.06920203001
4,21,21,0.0,0.0,1342.23868718708,1638.1653268818693
4,21,22,0.0,0.0,125.47457411733969,153.13825974950905
4,21,23,0.0,0.0,3.563011389929472,4.34855720818164
4,22,0,0.0,0.0,67.56525302384776,82.46152928107404
4,22,1,0.0,0.0,200.6998128762587,244.94859051826847
4,22,2,0.0,0.0,336.8536460978451,411.1205916942204
4,22,3,0.0,0.0,523.8060511729734,639.2908498567786
4,22,4,0.0,0.0,791.1870845831577,965.6220323652713
4,22,5,0.0,0.0,1193.2453053765432,1456.323010498931
4,22,6,9.960411,8.431501,1640.756359055384,2002.4979185321613
4,22,7,95.712953,81.404006,2364.2786071344885,2885.536882723194
4,22,8,203.967948,172.966446,1570.9465066065366,1917.296917511915
4,22,9,292.314928,246.96891399999998,2694.829168782761,3288.9647335537634
4,22,10,354.95832,299.025657,2800.0,6330.21083371745
4,22,11,394.278985,331.671491,2800.0,6600.0
4,22,12,406.04290999999995,341.558218,2800.0,6600.0
4,22,13,388.706928,327.39597499999996,2800.0,6600.0
4,22,14,342.447991,289.066391,2800.0,6600.0
4,22,15,250.91437599999998,212.45388200000002,2800.0,6600.0
4,22,16,160.466703,136.182342,2800.0,6600.0
4,22,17,77.82938499999999,66.10612300000001,2800.0,6600.0
4,22,18,5.563488,4.680135,2800.0,6600.0
4,22,19,0.0,0.0,2800.0,6600.0
4,22,20,0.0,0.0,2800.0,6600.0
4,22,21,0.0,0.0,2800.0,6600.0
4,22,22,0.0,0.0,2800.0,3928.035620383037
4,22,23,0.0,0.0,1251.4423799619176,1527.350936173994
4,23,0,0.0,0.0,278.9149998077284,340.4080706314795
4,23,1,0.0,0.0,5.6579301238231885,6.905347788918065
4,23,2,0.0,0.0,9.545962443012346,11.650584083991449
4,23,3,0.0,0.0,200.6998128762587,244.94859051826847
4,23,4,0.0,0.0,289.9235564324093,353.8437106064838
4,23,5,0.0,0.0,1003.7965929387176,1225.1060779960724
4,23,6,10.779596999999999,9.127377000000001,2455.7891050857875,2997.2229235298983
4,23,7,92.681405,78.833708,2800.0,5528.8079782263085
4,23,8,199.925464,169.570889,2800.0,4205.209912886971
4,23,9,286.82196899999997,242.228765,2800.0,4134.733013236745
4,23,10,345.179361,290.52145,2800.0,6600.0
4,23,11,383.950935,322.43798200000003,2800.0,6600.0
4,23,12,391.077045,328.413548,2800.0,6600.0
4,23,13,333.676309,280.98373499999997,2800.0,6600.0
4,23,14,255.936161,216.219563,2800.0,6600.0
4,23,15,228.630736,193.385417,2800.0,6600.0
4,23,16,115.169405,97.677801,2800.0,6600.0
4,23,17,61.064398999999995,51.808313999999996,2800.0,6600.0
4,23,18,5.269640000000001,4.42751,2800.0,6600.0
4,23,19,0.0,0.0,2800.0,6600.0
4,23,20,0.0,0.0,2800.0,6600.0
4,23,21,0.0,0.0,2800.0,6600.0
4,23,22,0.0,0.0,2800.0,6600.0
4,23,23,0.0,0.0,2800.0,6600.0
4,24,0,0.0,0.0,2800.0,6600.0
4,24,1,0.0,0.0,2800.0,6600.0
4,24,2,0.0,0.0,2800.0,6600.0
4,24,3,0.0,0.0,2800.0,6600.0
4,24,4,0.0,0.0,2800.0,6600.0
4,24,5,0.0,0.0,2800.0,6600.0
4,24,6,11.125463,9.415545,2800.0,6600.0
4,24,7,94.269706,80.071466,2800.0,6600.0
4,24,8,199.202208,168.58337899999998,2800.0,6600.0
4,24,9,286.5471,241.63322200000002,2800.0,6600.0
4,24,10,361.16267700000003,303.716612,2800.0,6600.0
4,24,11,399.450669,335.483293,2800.0,6600.0
4,24,12,411.242483,345.37951,2800.0,6600.0
4,24,13,393.215194,330.630153,2800.0,6600.0
4,24,14,347.94667,293.118739,2800.0,6600.0
4,24,15,277.16028600000004,234.100277,2800.0,6600.0
4,24,16,183.910964,155.74928400000002,2800.0,6600.0
4,24,17,79.868859,67.73858100000001,2800.0,6600.0
4,24,18,5.868516,4.932188,2800.0,6600.0
4,24,19,0.0,0.0,2800.0,6600.0
4,24,20,0.0,0.0,881.5257965526516,1075.877940674496
4,24,21,0.0,0.0,4.887532770822322,5.965099051003621
4,24,22,0.0,0.0,1570.9465066065366,1917.296917511915
4,24,23,0.0,0.0,2800.0,6600.0
4,25,0,0.0,0.0,2800.0,6600.0
4,25,1,0.0,0.0,2800.0,6600.0
4,25,2,0.0,0.0,2800.0,6600.0
4,25,3,0.0,0.0,2800.0,6600.0
4,25,4,0.0,0.0,2800.0,6600.0
4,25,5,0.0,0.0,2800.0,6600.0
4,25,6,12.099150999999999,10.220255,2800.0,3860.699345383164
4,25,7,95.497724,80.946268,2744.426018516277,3349.496321811205
4,25,8,199.58776999999998,168.475764,1222.1129067458091,1491.5551224063024
4,25,9,287.019635,241.523712,6.505306117964509,7.939546836885818
4,25,10,352.100032,295.760042,707.2412654778989,863.1684736147585
4,25,11,392.435737,329.30816,2800.0,4495.12565696385
4,25,12,403.66400500000003,338.76389,2800.0,6600.0
4,25,13,388.346634,326.215582,2800.0,6600.0
4,25,14,343.55682,289.150346,2800.0,6600.0
4,25,15,273.313514,230.631257,2800.0,6600.0
4,25,16,181.636104,153.66665700000001,2800.0,6600.0
4,25,17,78.75202499999999,66.717556,2800.0,6600.0
4,25,18,5.8700969999999995,4.926229999999999,2800.0,6600.0
4,25,19,0.0,0.0,2800.0,6600.0
4,25,20,0.0,0.0,2800.0,6600.0
4,25,21,0.0,0.0,2800.0,6600.0
4,25,22,0.0,0.0,2800.0,6600.0
4,25,23,0.0,0.0,2800.0,6600.0
4,26,0,0.0,0.0,2800.0,6600.0
4,26,1,0.0,0.0,2800.0,6600.0
4,26,2,0.0,0.0,2800.0,6600.0
4,26,3,0.0,0.0,2800.0,6600.0
4,26,4,0.0,0.0,2800.0,6600.0
4,26,5,0.0,0.0,2800.0,6600.0
4,26,6,12.135016,10.248424000000002,2800.0,6600.0
4,26,7,93.40491499999999,79.191631,2800.0,6600.0
4,26,8,195.706261,165.32076500000002,748.4297260208111,913.4378545923286
4,26,9,276.49767599999996,232.298786,71.8766678693094,87.7234922814406
4,26,10,339.812685,284.74483100000003,1003.7965929387176,1225.1060779960724
4,26,11,380.182191,318.57870299999996,2800.0,6600.0
4,26,12,393.22630699999996,329.794215,2800.0,6600.0
4,26,13,375.982581,315.83502799999997,2800.0,6600.0
4,26,14,332.194571,279.649611,2800.0,6600.0
4,26,15,263.925299,222.74005300000002,2800.0,6600.0
4,26,16,173.572074,146.844441,2800.0,6600.0
4,26,17,75.23422599999999,63.717855,2800.0,6600.0
4,26,18,5.645082,4.731737,2800.0,6600.0
4,26,19,0.0,0.0,2800.0,6600.0
4,26,20,0.0,0.0,2800.0,6600.0
4,26,21,0.0,0.0,2800.0,6600.0
4,26,22,0.0,0.0,2800.0,6600.0
4,26,23,0.0,0.0,2800.0,6600.0
4,27,0,0.0,0.0,2800.0,6600.0
4,27,1,0.0,0.0,2800.0,6600.0
4,27,2,0.0,0.0,2800.0,6600.0
4,27,3,0.0,0.0,2800.0,6600.0
4,27,4,0.0,0.0,2800.0,6600.0
4,27,5,0.0,0.0,2800.0,5965.099051003621
4,27,6,10.22404,8.63358,2800.0,6600.0
4,27,7,89.232502,75.742707,2800.0,6600.0
4,27,8,188.601664,159.799021,2800.0,6600.0
4,27,9,220.208921,186.463797,2800.0,6600.0
4,27,10,82.327663,69.834651,2800.0,6600.0
4,27,11,261.222843,221.052916,2800.0,6600.0
4,27,12,381.441935,321.639795,2800.0,6600.0
4,27,13,249.343763,210.985339,2800.0,6600.0
4,27,14,40.333161999999994,34.147203000000005,2800.0,6600.0
4,27,15,5.365742,4.493532,2800.0,6600.0
4,27,16,83.37633500000001,70.752607,2800.0,6600.0
4,27,17,2.209074,1.832801,2800.0,6600.0
4,27,18,1.273069,1.045183,2800.0,6600.0
4,27,19,0.0,0.0,2800.0,6600.0
4,27,20,0.0,0.0,2800.0,6600.0
4,27,21,0.0,0.0,2800.0,6600.0
4,27,22,0.0,0.0,2800.0,6600.0
4,27,23,0.0,0.0,2800.0,6600.0
4,28,0,0.0,0.0,2800.0,6600.0
4,28,1,0.0,0.0,2800.0,6600.0
4,28,2,0.0,0.0,2800.0,6600.0
4,28,3,0.0,0.0,2800.0,6600.0
4,28,4,0.0,0.0,2800.0,6600.0
4,28,5,0.0,0.0,2800.0,6600.0
4,28,6,14.613089,12.38373,2800.0,6600.0
4,28,7,108.684147,92.44007,2800.0,6600.0
4,28,8,221.29221900000002,187.756372,2800.0,6600.0
4,28,9,308.967036,261.430485,2800.0,6600.0
4,28,10,375.036913,316.56367,2800.0,6600.0
4,28,11,413.330924,348.423536,2800.0,6600.0
4,28,12,423.03970400000003,356.553524,2800.0,6600.0
4,28,13,404.456655,341.228538,2800.0,6600.0
4,28,14,358.202227,302.78774599999997,2800.0,6600.0
4,28,15,286.40576400000003,242.649516,2800.0,6600.0
4,28,16,187.459323,159.20728599999998,2800.0,6600.0
4,28,17,43.306768,36.775324,2800.0,6600.0
4,28,18,8.116971,6.849339,2800.0,6600.0
4,28,19,0.0,0.0,2800.0,6600.0
4,28,20,0.0,0.0,2800.0,6600.0
4,28,21,0.0,0.0,2800.0,6600.0
4,28,22,0.0,0.0,2800.0,6600.0
4,28,23,0.0,0.0,2800.0,6600.0
4,29,0,0.0,0.0,2800.0,6600.0
4,29,1,0.0,0.0,2800.0,6600.0
4,29,2,0.0,0.0,2800.0,6600.0
4,29,3,0.0,0.0,2800.0,6600.0
4,29,4,0.0,0.0,2800.0,6600.0
4,29,5,0.0,0.0,2800.0,6600.0
4,29,6,12.381936,10.488566,2800.0,6600.0
4,29,7,31.399423,26.664133999999997,2800.0,6600.0
4,29,8,157.79120600000002,134.15866200000002,2800.0,6600.0
4,29,9,107.042549,90.99499300000001,2800.0,6600.0
4,29,10,332.611244,281.53550900000005,2800.0,6600.0
4,29,11,371.70705499999997,314.122003,2800.0,6600.0
4,29,12,374.974519,316.65568199999996,2800.0,6600.0
4,29,13,352.48567099999997,297.744005,2800.0,6600.0
4,29,14,44.939758999999995,38.101236,2800.0,6600.0
4,29,15,222.93026,188.992116,2800.0,6600.0
4,29,16,120.328383,102.199375,2800.0,6600.0
4,29,17,34.141814,28.955276,2800.0,6600.0
4,29,18,6.653501,5.603782,2800.0,6600.0
4,29,19,0.0,0.0,2800.0,6600.0
4,29,20,0.0,0.0,2800.0,6600.0
4,29,21,0.0,0.0,2275.070137118247,2776.660403569514
4,29,22,0.0,0.0,523.8060511729734,639.2908498567786
4,29,23,0.0,0.0,268.18869820056244,327.31691512667066
4,30,0,0.0,0.0,1082.3203053763452,1320.942104986878
4,30,1,0.0,0.0,2800.0,3728.344236364732
4,30,2,0.0,0.0,2800.0,4954.515830178791
4,30,3,0.0,0.0,2800.0,4644.951049827907
4,30,4,0.0,0.0,2800.0,4134.733013236745
4,30,5,0.0,0.0,2800.0,4134.733013236745
4,30,6,14.601818,12.371929,2800.0,4495.12565696385
4,30,7,96.359251,81.909469,2800.0,6055.023664834879
4,30,8,204.118797,173.096011,2800.0,5528.8079782263085
4,30,9,286.743222,242.489446,2800.0,3535.5380679260493
4,30,10,349.229811,294.57595000000003,2800.0,6600.0
4,30,11,385.082738,324.359701,2800.0,6600.0
4,30,12,372.15656,313.751887,2800.0,6600.0
4,30,13,381.305467,321.550095,2800.0,6600.0
4,30,14,336.224647,284.10170899999997,2800.0,6600.0
4,30,15,265.741188,225.043147,2800.0,6600.0
4,30,16,177.645709,150.74416,2800.0,6600.0
4,30,17,77.20899800000001,65.571033,2800.0,6600.0
4,30,18,6.624785,5.576153000000001,2800.0,6600.0
4,30,19,0.0,0.0,2800.0,6600.0
4,30,20,0.0,0.0,2800.0,6600.0
4,30,21,0.0,0.0,2800.0,6600.0
4,30,22,0.0,0.0,2800.0,6600.0
4,30,23,0.0,0.0,2800.0,6600.0
5,1,0,0.0,0.0,2800.0,6600.0
5,1,1,0.0,0.0,2800.0,6600.0
5,1,2,0.0,0.0,2800.0,6600.0
5,1,3,0.0,0.0,2800.0,6600.0
5,1,4,0.0,0.0,2800.0,6600.0
5,1,5,0.0,0.0,2800.0,6600.0
5,1,6,0.7209930000000001,0.581708,2800.0,6600.0
5,1,7,68.844991,58.472971,2800.0,6600.0
5,1,8,161.67375099999998,137.13189799999998,2800.0,6600.0
5,1,9,242.21639000000002,204.74721599999998,2800.0,6600.0
5,1,10,300.977517,253.65874499999998,2800.0,6600.0
5,1,11,338.708992,285.028575,2800.0,6600.0
5,1,12,350.414838,294.839478,2800.0,6600.0
5,1,13,349.094094,293.733235,2800.0,6600.0
5,1,14,308.670708,260.11139000000003,2800.0,6600.0
5,1,15,246.776871,208.42717100000002,2800.0,6600.0
5,1,16,165.376991,140.02022200000002,2800.0,6600.0
5,1,17,77.137165,65.39202399999999,2800.0,6600.0
5,1,18,4.228219,3.5389749999999998,2800.0,6600.0
5,1,19,0.0,0.0,2800.0,6600.0
5,1,20,0.0,0.0,2800.0,6600.0
5,1,21,0.0,0.0,2800.0,6600.0
5,1,22,0.0,0.0,2800.0,6600.0
5,1,23,0.0,0.0,2800.0,6600.0
5,2,0,0.0,0.0,2800.0,6600.0
5,2,1,0.0,0.0,2800.0,6600.0
5,2,2,0.0,0.0,2800.0,6600.0
5,2,3,0.0,0.0,2800.0,6600.0
5,2,4,0.0,0.0,2800.0,6600.0
5,2,5,0.0,0.0,2800.0,6600.0
5,2,6,3.6891640000000003,3.0967919999999998,2800.0,6600.0
5,2,7,78.811985,66.98511599999999,2800.0,6600.0
5,2,8,170.90274100000002,144.993188,2800.0,6600.0
5,2,9,250.84655300000003,212.162938,2800.0,6600.0
5,2,10,323.26354499999997,272.55262400000004,2800.0,6600.0
5,2,11,361.134658,304.11729499999996,2800.0,6600.0
5,2,12,373.497301,314.483897,2800.0,6600.0
5,2,13,356.374986,300.183659,2800.0,6600.0
5,2,14,315.826314,266.210126,2800.0,6600.0
5,2,15,251.77418,212.570097,2800.0,6600.0
5,2,16,169.967243,143.831453,2800.0,6600.0
5,2,17,79.351189,67.254087,2800.0,6600.0
5,2,18,4.778163999999999,4.00418,2800.0,6600.0
5,2,19,0.0,0.0,2800.0,6600.0
5,2,20,0.0,0.0,2800.0,6600.0
5,2,21,0.0,0.0,2800.0,6600.0
5,2,22,0.0,0.0,2800.0,6600.0
5,2,23,0.0,0.0,2800.0,6600.0
5,3,0,0.0,0.0,2800.0,6600.0
5,3,1,0.0,0.0,2800.0,6600.0
5,3,2,0.0,0.0,2800.0,6600.0
5,3,3,0.0,0.0,2800.0,6600.0
5,3,4,0.0,0.0,2800.0,6600.0
5,3,5,0.0,0.0,2800.0,6600.0
5,3,6,7.11932,6.007817,2800.0,6600.0
5,3,7,85.154984,72.37192999999999,2800.0,6600.0
5,3,8,179.15259700000001,151.89340299999998,2800.0,6600.0
5,3,9,259.963867,219.59639199999998,2800.0,6600.0
5,3,10,320.69282,270.091969,2800.0,6600.0
5,3,11,356.95122100000003,300.17695199999997,2800.0,6600.0
5,3,12,368.795336,310.08631099999997,2800.0,6600.0
5,3,13,354.40891600000003,298.21714299999996,2800.0,6600.0
5,3,14,314.172312,264.730505,2800.0,6600.0
5,3,15,251.967107,212.776461,2800.0,6600.0
5,3,16,166.928924,141.29987100000002,2800.0,6600.0
5,3,17,78.105902,66.192489,2800.0,6600.0
5,3,18,5.137716999999999,4.307142,2800.0,6600.0
5,3,19,0.0,0.0,2800.0,6600.0
5,3,20,0.0,0.0,2800.0,6600.0
5,3,21,0.0,0.0,2800.0,6600.0
5,3,22,0.0,0.0,2800.0,6600.0
5,3,23,0.0,0.0,2800.0,6600.0
5,4,0,0.0,0.0,2800.0,6600.0
5,4,1,0.0,0.0,2800.0,6600.0
5,4,2,0.0,0.0,2800.0,6600.0
5,4,3,0.0,0.0,2800.0,6600.0
5,4,4,0.0,0.0,2800.0,6600.0
5,4,5,0.0,0.0,2800.0,6600.0
5,4,6,7.877757,6.6482280000000005,2800.0,6600.0
5,4,7,84.779857,71.970658,2800.0,6600.0
5,4,8,175.85791,148.91221,2800.0,6600.0
5,4,9,255.52626800000002,215.607415,2800.0,6600.0
5,4,10,321.296989,270.357217,2800.0,6600.0
5,4,11,359.725084,302.40807,2800.0,6600.0
5,4,12,371.461577,312.269773,2800.0,6600.0
5,4,13,351.751255,295.976984,2800.0,6600.0
5,4,14,311.4878,262.532641,2800.0,6600.0
5,4,15,247.90549900000002,209.365119,2800.0,6600.0
5,4,16,166.12734700000001,140.582474,2800.0,6600.0
5,4,17,77.637292,65.759526,2800.0,6600.0
5,4,18,4.6104970000000005,3.856614,2800.0,6600.0
5,4,19,0.0,0.0,2800.0,6600.0
5,4,20,0.0,0.0,2800.0,6600.0
5,4,21,0.0,0.0,2800.0,6600.0
5,4,22,0.0,0.0,2800.0,6600.0
5,4,23,0.0,0.0,2800.0,6600.0
5,5,0,0.0,0.0,2800.0,6600.0
5,5,1,0.0,0.0,2800.0,6600.0
5,5,2,0.0,0.0,2800.0,6600.0
5,5,3,0.0,0.0,2800.0,6600.0
5,5,4,0.0,0.0,2800.0,6600.0
5,5,5,0.0,0.0,2800.0,6600.0
5,5,6,11.703893,9.884293,2800.0,6600.0
5,5,7,88.976719,75.438804,2800.0,6600.0
5,5,8,181.434013,153.40272099999999,2800.0,6600.0
5,5,9,249.703071,210.480806,2800.0,6600.0
5,5,10,328.688178,276.32364,2800.0,6600.0
5,5,11,366.95101400000004,308.258547,2800.0,6600.0
5,5,12,377.932347,317.458795,2800.0,6600.0
5,5,13,357.435653,300.410007,2800.0,6600.0
5,5,14,315.570931,265.570221,2800.0,6600.0
5,5,15,251.29941,211.935589,2800.0,6600.0
5,5,16,168.889728,142.739709,2800.0,6600.0
5,5,17,77.323798,65.425543,2800.0,6600.0
5,5,18,6.581052,5.516515,2800.0,6600.0
5,5,19,0.0,0.0,2800.0,6600.0
5,5,20,0.0,0.0,2800.0,6600.0
5,5,21,0.0,0.0,2800.0,6600.0
5,5,22,0.0,0.0,2800.0,6600.0
5,5,23,0.0,0.0,2800.0,6600.0
5,6,0,0.0,0.0,2800.0,6600.0
5,6,1,0.0,0.0,2800.0,6600.0
5,6,2,0.0,0.0,2800.0,6600.0
5,6,3,0.0,0.0,2800.0,6055.023664834879
5,6,4,0.0,0.0,2645.8334855800563,3229.1668524795964
5,6,5,0.0,0.0,748.4297260208111,913.4378545923286
5,6,6,7.365807,6.195665,28.504091119435778,34.78845766545312
5,6,7,56.065944,47.510278,4.190448409383788,5.114326798854229
5,6,8,4.9885649999999995,4.169079,81.04201369779398,98.90954427683516
5,6,9,189.756745,160.276466,183.74862734385428,224.2601357346253
5,6,10,327.685393,275.659858,101.6454080931955,124.05541932634095
5,6,11,347.265631,292.20894699999997,1003.7965929387176,1225.1060779960724
5,6,12,341.947209,288.06818599999997,2800.0,6600.0
5,6,13,233.547776,197.41298,2800.0,6600.0
5,6,14,312.93243199999995,264.08651199999997,2800.0,6600.0
5,6,15,255.175539,215.709128,2800.0,6600.0
5,6,16,173.38346900000002,146.817587,2800.0,6600.0
5,6,17,79.163864,67.08170600000001,2800.0,6600.0
5,6,18,7.40322,6.21863,2800.0,6600.0
5,6,19,0.0,0.0,2800.0,6600.0
5,6,20,0.0,0.0,2800.0,6600.0
5,6,21,0.0,0.0,2800.0,6600.0
5,6,22,0.0,0.0,2800.0,5614.303506012198
5,6,23,0.0,0.0,2800.0,4065.047980485539
5,7,0,0.0,0.0,2800.0,3535.5380679260493
5,7,1,0.0,0.0,2800.0,3860.699345383164
5,7,2,0.0,0.0,2800.0,4205.209912886971
5,7,3,0.0,0.0,2800.0,3928.035620383037
5,7,4,0.0,0.0,2455.7891050857875,2997.2229235298983
5,7,5,0.0,0.0,1373.4523042863404,1676.2606863337226
5,7,6,14.875208,12.585738,402.3068740231014,491.0044525478796
5,7,7,93.28653800000001,79.247854,125.47457411733969,153.13825974950905
5,7,8,189.962868,161.045258,125.47457411733969,153.13825974950905
5,7,9,275.638665,233.042095,30.94602468005788,37.7687702788108
5,7,10,334.01347100000004,281.800471,36.240444554051166,44.23046382581048
5,7,11,375.33313699999997,316.20652,2794.6277004301824,3410.766091076207
5,7,12,389.968353,328.40858299999996,2800.0,6600.0
5,7,13,380.628448,320.72166,2800.0,6600.0
5,7,14,338.986347,286.09279399999997,2800.0,6600.0
5,7,15,271.653371,229.768823,2800.0,6600.0
5,7,16,181.99126,154.25917199999998,2800.0,6600.0
5,7,17,83.842077,71.136484,2800.0,6600.0
5,7,18,7.599283000000001,6.394474,2800.0,6600.0
5,7,19,0.0,0.0,2800.0,6600.0
5,7,20,0.0,0.0,2800.0,6600.0
5,7,21,0.0,0.0,2800.0,4875.874201202505
5,7,22,0.0,0.0,2231.3199984618277,2723.264565051836
5,7,23,0.0,0.0,1055.7070784976213,1288.4613950167818
5,8,0,0.0,0.0,540.5220241907821,659.6922342485923
5,8,1,0.0,0.0,416.3395915497286,508.1309975606924
5,8,2,0.0,0.0,375.1945078601572,457.9145568371997
5,8,3,0.0,0.0,349.3284625537728,426.3457613845259
5,8,4,0.0,0.0,592.796019999516,723.4912055112203
5,8,5,0.0,0.0,1640.756359055384,2002.4979185321613
5,8,6,17.310355,14.672015,2800.0,4798.06917736812
5,8,7,101.466178,86.250944,2800.0,6600.0
5,8,8,204.210814,173.115555,2800.0,6600.0
5,8,9,291.129529,246.026826,2800.0,5614.303506012198
5,8,10,351.258052,296.197941,1605.5985030100696,1959.588724146148
5,8,11,387.226037,326.132561,1193.2453053765432,1456.323010498931
5,8,12,396.654542,333.932572,2800.0,5033.998538121269
5,8,13,378.94595400000003,319.14865299999997,2800.0,6600.0
5,8,14,334.26041,281.86127600000003,2800.0,6600.0
5,8,15,265.793858,224.571298,2800.0,6600.0
5,8,16,177.330666,150.125531,2800.0,6600.0
5,8,17,81.917059,69.416715,2800.0,6600.0
5,8,18,8.652569999999999,7.280443,2800.0,6600.0
5,8,19,0.0,0.0,2800.0,6600.0
5,8,20,0.0,0.0,2800.0,6600.0
5,8,21,0.0,0.0,2800.0,6600.0
5,8,22,0.0,0.0,2800.0,5195.505086201954
5,8,23,0.0,0.0,2800.0,4644.951049827907
5,9,0,0.0,0.0,2800.0,6600.0
5,9,1,0.0,0.0,2800.0,6600.0
5,9,2,0.0,0.0,2800.0,6600.0
5,9,3,0.0,0.0,2800.0,6600.0
5,9,4,0.0,0.0,2800.0,6600.0
5,9,5,0.0,0.0,2800.0,6600.0
5,9,6,14.779748999999999,12.497172,2800.0,6600.0
5,9,7,95.361786,80.857781,2800.0,6600.0
5,9,8,188.837592,159.513575,2800.0,6600.0
5,9,9,264.701996,222.40269,2800.0,6600.0
5,9,10,311.068232,260.456957,2800.0,6600.0
5,9,11,345.344889,288.913622,2800.0,6600.0
5,9,12,358.09292,300.07122200000003,2800.0,6600.0
5,9,13,352.33506,295.862983,2800.0,6600.0
5,9,14,313.10568800000004,263.599693,2800.0,6600.0
5,9,15,250.386515,211.37428500000001,2800.0,6600.0
5,9,16,168.748898,142.822003,2800.0,6600.0
5,9,17,79.89843300000001,67.70895399999999,2800.0,6600.0
5,9,18,8.039377,6.7605640000000005,2800.0,6600.0
5,9,19,0.0,0.0,2800.0,6600.0
5,9,20,0.0,0.0,2800.0,6600.0
5,9,21,0.0,0.0,2800.0,6600.0
5,9,22,0.0,0.0,2800.0,6600.0
5,9,23,0.0,0.0,2800.0,6600.0
5,10,0,0.0,0.0,2800.0,6600.0
5,10,1,0.0,0.0,2800.0,6600.0
5,10,2,0.0,0.0,2800.0,6600.0
5,10,3,0.0,0.0,2800.0,6600.0
5,10,4,0.0,0.0,2800.0,6600.0
5,10,5,0.0,0.0,2800.0,6600.0
5,10,6,14.388112,12.154313,2800.0,6600.0
5,10,7,91.166099,77.299313,2800.0,6600.0
5,10,8,182.496558,154.37852600000002,2800.0,6600.0
5,10,9,260.406743,219.515456,2800.0,6600.0
5,10,10,320.49363900000003,269.463365,2800.0,6600.0
5,10,11,190.699135,160.981189,2800.0,6600.0
5,10,12,364.21990600000004,305.504752,2800.0,6600.0
5,10,13,350.956687,294.39041100000003,2800.0,6600.0
5,10,14,309.049268,259.534074,2800.0,6600.0
5,10,15,247.207335,208.087394,2800.0,6600.0
5,10,16,166.624938,140.652874,2800.0,6600.0
5,10,17,77.81604899999999,65.807085,2800.0,6600.0
5,10,18,9.43103,7.924781,2800.0,6600.0
5,10,19,0.0,0.0,2800.0,6600.0
5,10,20,0.0,0.0,2800.0,6600.0
5,10,21,0.0,0.0,2800.0,6600.0
5,10,22,0.0,0.0,1469.9890187508342,1794.0810858770024
5,10,23,0.0,0.0,55.67205296764801,67.94620637783812
5,11,0,0.0,0.0,289.9235564324093,353.8437106064838
5,11,1,0.0,0.0,2020.963642713616,2466.530430083547
5,11,2,0.0,0.0,2800.0,5277.537873988738
5,11,3,0.0,0.0,2800.0,6600.0
5,11,4,0.0,0.0,2800.0,6600.0
5,11,5,0.0,0.0,2800.0,6600.0
5,11,6,20.309116000000003,17.192196,2800.0,6600.0
5,11,7,103.083787,87.40461,2800.0,6600.0
5,11,8,201.69911499999998,170.356302,2800.0,6600.0
5,11,9,281.678784,236.843219,2800.0,6600.0
5,11,10,346.945376,291.13929599999994,2800.0,6600.0
5,11,11,382.976752,321.191509,2800.0,6600.0
5,11,12,391.275652,328.24807799999996,2800.0,6600.0
5,11,13,369.236713,310.13721899999996,2800.0,6600.0
5,11,14,325.910979,274.220353,2800.0,6600.0
5,11,15,260.218466,219.46295,2800.0,6600.0
5,11,16,175.496737,148.36127299999998,2800.0,6600.0
5,11,17,81.60204300000001,69.07894999999999,2800.0,6600.0
5,11,18,10.943491,9.212643,2800.0,6600.0
5,11,19,0.0,0.0,2800.0,6600.0
5,11,20,0.0,0.0,2800.0,6600.0
5,11,21,0.0,0.0,2800.0,6600.0
5,11,22,0.0,0.0,2800.0,6600.0
5,11,23,0.0,0.0,2800.0,6600.0
5,12,0,0.0,0.0,2800.0,6600.0
5,12,1,0.0,0.0,2800.0,6600.0
5,12,2,0.0,0.0,2800.0,6600.0
5,12,3,0.0,0.0,2800.0,6600.0
5,12,4,0.0,0.0,2800.0,6600.0
5,12,5,0.0,0.0,2800.0,6600.0
5,12,6,20.279606,17.16596,2800.0,6600.0
5,12,7,101.92009900000001,86.40033,2800.0,6600.0
5,12,8,198.90177400000002,168.114899,2800.0,6600.0
5,12,9,279.90386700000005,235.92905,2800.0,6600.0
5,12,10,332.151042,279.26226,2800.0,6600.0
5,12,11,371.721533,311.74851,2800.0,6600.0
5,12,12,376.421942,315.504555,2800.0,6600.0
5,12,13,357.599067,299.895602,2800.0,6600.0
5,12,14,317.49607299999997,266.796848,2800.0,6600.0
5,12,15,254.151547,214.1454,2800.0,6600.0
5,12,16,170.596365,144.136083,2800.0,6600.0
5,12,17,79.544791,67.302762,2800.0,6600.0
5,12,18,11.063858,9.308968,2800.0,6600.0
5,12,19,0.0,0.0,2800.0,6600.0
5,12,20,0.0,0.0,2800.0,6600.0
5,12,21,0.0,0.0,2800.0,6600.0
5,12,22,0.0,0.0,2800.0,6600.0
5,12,23,0.0,0.0,2800.0,6600.0
5,13,0,0.0,0.0,2800.0,6600.0
5,13,1,0.0,0.0,2800.0,6600.0
5,13,2,0.0,0.0,2800.0,6600.0
5,13,3,0.0,0.0,2800.0,6600.0
5,13,4,0.0,0.0,2800.0,6600.0
5,13,5,0.0,0.0,2800.0,6600.0
5,13,6,19.567808,16.558239,2800.0,6600.0
5,13,7,100.507544,85.207579,2800.0,6600.0
5,13,8,196.987981,166.516879,2800.0,6600.0
5,13,9,277.478195,233.87236199999998,2800.0,6600.0
5,13,10,340.145954,286.11695899999995,2800.0,6600.0
5,13,11,376.392875,316.37829,2800.0,6600.0
5,13,12,385.07418800000005,323.704243,2800.0,6600.0
5,13,13,364.597695,306.720522,2800.0,6600.0
5,13,14,320.723163,270.22490999999997,2800.0,6600.0
5,13,15,254.835196,215.155338,2800.0,6600.0
5,13,16,170.68820300000002,144.417452,2800.0,6600.0
5,13,17,79.691271,67.490913,2800.0,6600.0
5,13,18,11.350244,9.555815,2800.0,6600.0
5,13,19,0.0,0.0,2800.0,6600.0
5,13,20,0.0,0.0,2800.0,6600.0
5,13,21,0.0,0.0,2800.0,6600.0
5,13,22,0.0,0.0,2800.0,6600.0
5,13,23,0.0,0.0,2800.0,6600.0
5,14,0,0.0,0.0,2800.0,6600.0
5,14,1,0.0,0.0,2800.0,6600.0
5,14,2,0.0,0.0,2800.0,6600.0
5,14,3,0.0,0.0,2800.0,6600.0
5,14,4,0.0,0.0,2800.0,6600.0
5,14,5,0.0,0.0,2800.0,6600.0
5,14,6,20.512062999999998,17.366031,2800.0,6600.0
5,14,7,101.49652,86.14402899999999,2800.0,6600.0
5,14,8,200.433582,169.696701,2800.0,6600.0
5,14,9,283.198791,239.079861,2800.0,6600.0
5,14,10,346.238248,291.61525300000005,2800.0,6600.0
5,14,11,384.215655,323.167092,2800.0,6600.0
5,14,12,393.11080499999997,330.51322700000003,2800.0,6600.0
5,14,13,374.043745,314.70771,2800.0,6600.0
5,14,14,330.33802399999996,278.378843,2800.0,6600.0
5,14,15,263.826541,222.790902,2800.0,6600.0
5,14,16,177.479533,150.18844399999998,2800.0,6600.0
5,14,17,82.23548699999999,69.648542,2800.0,6600.0
5,14,18,12.630168,10.640302,2800.0,6600.0
5,14,19,0.0,0.0,2800.0,6600.0
5,14,20,0.0,0.0,2800.0,6600.0
5,14,21,0.0,0.0,2800.0,6600.0
5,14,22,0.0,0.0,2800.0,6600.0
5,14,23,0.0,0.0,2800.0,6600.0
5,15,0,0.0,0.0,2800.0,6600.0
5,15,1,0.0,0.0,2800.0,6600.0
5,15,2,0.0,0.0,2800.0,6600.0
5,15,3,0.0,0.0,2800.0,6600.0
5,15,4,0.0,0.0,2800.0,6600.0
5,15,5,0.0,0.0,2800.0,6600.0
5,15,6,21.633582999999998,18.321586,2800.0,6600.0
5,15,7,105.078118,89.19118399999999,2800.0,6600.0
5,15,8,206.976483,175.22246299999998,2800.0,6600.0
5,15,9,290.638117,245.276245,2800.0,6600.0
5,15,10,347.714457,292.78788099999997,2800.0,6600.0
5,15,11,381.071391,320.47384600000004,2800.0,6600.0
5,15,12,388.097245,326.212588,2800.0,6600.0
5,15,13,372.474222,313.184897,2800.0,6600.0
5,15,14,327.21796,275.481502,2800.0,6600.0
5,15,15,259.816581,219.15260999999998,2800.0,6600.0
5,15,16,173.263719,146.452874,2800.0,6600.0
5,15,17,81.22544500000001,68.729665,2800.0,6600.0
5,15,18,12.480219,10.506831,2800.0,6600.0
5,15,19,0.0,0.0,2800.0,6600.0
5,15,20,0.0,0.0,2800.0,6600.0
5,15,21,0.0,0.0,2800.0,6600.0
5,15,22,0.0,0.0,2800.0,6600.0
5,15,23,0.0,0.0,2800.0,6600.0
5,16,0,0.0,0.0,2800.0,6600.0
5,16,1,0.0,0.0,2800.0,6600.0
5,16,2,0.0,0.0,2800.0,6600.0
5,16,3,0.0,0.0,2800.0,6600.0
5,16,4,0.0,0.0,2800.0,6600.0
5,16,5,0.0,0.0,2800.0,6600.0
5,16,6,21.551406,18.246255,2800.0,6600.0
5,16,7,100.23380800000001,85.00169199999999,2800.0,6600.0
5,16,8,194.803438,164.675434,2800.0,6600.0
5,16,9,273.41693,230.439893,2800.0,6600.0
5,16,10,325.78205099999997,274.045663,2800.0,6600.0
5,16,11,362.66191499999996,304.720626,2800.0,6600.0
5,16,12,373.000276,313.305003,2800.0,6600.0
5,16,13,357.205903,300.271464,2800.0,6600.0
5,16,14,315.142931,265.31129,2800.0,6600.0
5,16,15,251.173056,211.916013,2800.0,6600.0
5,16,16,169.402459,143.24304500000002,2800.0,6600.0
5,16,17,80.781218,68.382918,2800.0,6600.0
5,16,18,12.478347,10.506824,2800.0,6600.0
5,16,19,0.0,0.0,2800.0,6600.0
5,16,20,0.0,0.0,2800.0,6600.0
5,16,21,0.0,0.0,2800.0,6600.0
5,16,22,0.0,0.0,2800.0,6600.0
5,16,23,0.0,0.0,2800.0,6600.0
5,17,0,0.0,0.0,2800.0,6600.0
5,17,1,0.0,0.0,2800.0,6600.0
5,17,2,0.0,0.0,2800.0,6600.0
5,17,3,0.0,0.0,2800.0,6600.0
5,17,4,0.0,0.0,2800.0,6600.0
5,17,5,0.0,0.0,2800.0,6600.0
5,17,6,22.168142,18.776462,2800.0,6600.0
5,17,7,104.94615399999999,89.043072,2800.0,6600.0
5,17,8,204.685125,173.076845,2800.0,6600.0
5,17,9,283.991304,239.20228,2800.0,6600.0
5,17,10,337.90781400000003,283.86070400000006,2800.0,6600.0
5,17,11,370.204654,310.580438,2800.0,6600.0
5,17,12,380.690425,319.36667,2800.0,6600.0
5,17,13,367.031387,308.25379499999997,2800.0,6600.0
5,17,14,330.181453,277.834573,2800.0,6600.0
5,17,15,271.031767,228.59760200000002,2800.0,6600.0
5,17,16,181.920436,153.83589999999998,2800.0,6600.0
5,17,17,81.350791,68.885035,2800.0,6600.0
5,17,18,14.112258,11.897558,2800.0,6600.0
5,17,19,0.0,0.0,2800.0,6600.0
5,17,20,0.0,0.0,2800.0,6600.0
5,17,21,0.0,0.0,2800.0,6600.0
5,17,22,0.0,0.0,2800.0,6600.0
5,17,23,0.0,0.0,2800.0,6600.0
5,18,0,0.0,0.0,2800.0,6600.0
5,18,1,0.0,0.0,2800.0,6600.0
5,18,2,0.0,0.0,2800.0,6600.0
5,18,3,0.0,0.0,2800.0,6600.0
5,18,4,0.0,0.0,2800.0,5614.303506012198
5,18,5,0.0,0.0,491.4151496175413,599.758647171015
5,18,6,22.123784,18.746345,9.545962443012346,11.650584083991449
5,18,7,102.202567,86.768528,727.6412163217148,888.0660514162661
5,18,8,199.409907,168.819054,1862.5318241810248,2273.168761795739
5,18,9,275.41667,232.412805,1676.4237403920558,2046.0289744942413
5,18,10,329.14870299999995,277.178179,2800.0,6600.0
5,18,11,362.39887,304.93046899999996,2800.0,6600.0
5,18,12,371.662036,312.737393,2800.0,6600.0
5,18,13,359.282293,302.414639,2800.0,6600.0
5,18,14,321.49586800000003,270.928786,2800.0,6600.0
5,18,15,260.259889,219.74922700000002,2800.0,6600.0
5,18,16,175.712292,148.710739,2800.0,6600.0
5,18,17,82.6687,70.044108,2800.0,6600.0
5,18,18,14.465027,12.201208000000001,2800.0,6600.0
5,18,19,0.0,0.0,2800.0,6600.0
5,18,20,0.0,0.0,2800.0,3599.0492231594667
5,18,21,0.0,0.0,2188.134369840437,2670.5576954745493
5,18,22,0.0,0.0,2800.0,4721.09628485135
5,18,23,0.0,0.0,2800.0,6600.0
5,19,0,0.0,0.0,2800.0,6600.0
5,19,1,0.0,0.0,2800.0,6600.0
5,19,2,0.0,0.0,2800.0,4798.06917736812
5,19,3,0.0,0.0,2794.6277004301824,3410.766091076207
5,19,4,0.0,0.0,2800.0,6600.0
5,19,5,0.0,0.0,2800.0,6600.0
5,19,6,22.162512,18.774924,2800.0,6600.0
5,19,7,102.740519,87.23778200000001,2800.0,6600.0
5,19,8,199.06568299999998,168.602732,2800.0,6600.0
5,19,9,280.277728,236.667609,2800.0,6600.0
5,19,10,340.019613,286.435909,2800.0,6600.0
5,19,11,376.08455499999997,316.387404,2800.0,6600.0
5,19,12,385.610663,324.348401,2800.0,6600.0
5,19,13,370.55996899999997,311.900983,2800.0,6600.0
5,19,14,328.14425900000003,276.587577,2800.0,6600.0
5,19,15,262.165593,221.395966,2800.0,6600.0
5,19,16,176.205553,149.100556,2800.0,6600.0
5,19,17,83.733807,70.917402,2800.0,6600.0
5,19,18,15.021562,12.668534,2800.0,6600.0
5,19,19,0.0,0.0,2800.0,6600.0
5,19,20,0.0,0.0,2800.0,6600.0
5,19,21,0.0,0.0,2800.0,5965.099051003621
5,19,22,0.0,0.0,2800.0,4721.09628485135
5,19,23,0.0,0.0,2800.0,4134.733013236745
5,20,0,0.0,0.0,2800.0,4875.874201202505
5,20,1,0.0,0.0,2800.0,5033.998538121269
5,20,2,0.0,0.0,2800.0,3996.150340809066
5,20,3,0.0,0.0,2800.0,3860.699345383164
5,20,4,0.0,0.0,2800.0,6423.759245222193
5,20,5,0.0,0.0,2800.0,6600.0
5,20,6,20.978673,17.771478,2800.0,6600.0
5,20,7,103.02456600000001,87.49991499999999,2800.0,6600.0
5,20,8,199.883509,169.344252,2800.0,6600.0
5,20,9,280.523415,236.931815,2800.0,6600.0
5,20,10,343.740906,289.63770500000004,2800.0,6600.0
5,20,11,381.376053,320.90968,2800.0,6600.0
5,20,12,391.806141,329.55620799999997,2800.0,6600.0
5,20,13,374.278284,315.024822,2800.0,6600.0
5,20,14,331.843653,279.74592700000005,2800.0,6600.0
5,20,15,265.93282400000004,224.680734,2800.0,6600.0
5,20,16,179.625924,152.088832,2800.0,6600.0
5,20,17,82.541494,69.95417,2800.0,6600.0
5,20,18,15.586504999999999,13.153283,2800.0,6600.0
5,20,19,0.0,0.0,2800.0,6600.0
5,20,20,0.0,0.0,2800.0,6600.0
5,20,21,0.0,0.0,2364.2786071344885,2885.536882723194
5,20,22,0.0,0.0,402.3068740231014,491.0044525478796
5,20,23,0.0,0.0,152.76411334322614,186.4443903007878
5,21,0,0.0,0.0,2145.5095856044995,2618.5353210133653
5,21,1,0.0,0.0,2800.0,6600.0
5,21,2,0.0,0.0,2800.0,6600.0
5,21,3,0.0,0.0,2800.0,6600.0
5,21,4,0.0,0.0,2800.0,6600.0
5,21,5,0.0,0.0,2800.0,6600.0
5,21,6,23.343411,19.789676,2800.0,6600.0
5,21,7,106.87672500000001,90.817383,2800.0,6600.0
5,21,8,209.14976000000001,177.351124,2800.0,6600.0
5,21,9,295.43253000000004,249.878683,2800.0,5444.184846176627
5,21,10,362.07766200000003,305.60940999999997,278.9149998077284,340.4080706314795
5,21,11,399.270576,336.575724,152.76411334322614,186.4443903007878
5,21,12,408.223127,344.00910100000004,953.6162939806846,1163.862406039418
5,21,13,387.16418699999997,326.466212,2800.0,5444.184846176627
5,21,14,344.019505,290.45855,2800.0,6600.0
5,21,15,277.595462,234.82578700000002,2800.0,6600.0
5,21,16,189.196014,160.383293,2800.0,6600.0
5,21,17,81.962295,69.549353,2800.0,6600.0
5,21,18,15.099763999999999,12.759138,2800.0,6600.0
5,21,19,0.0,0.0,2800.0,6600.0
5,21,20,0.0,0.0,2800.0,6600.0
5,21,21,0.0,0.0,2800.0,6600.0
5,21,22,0.0,0.0,2800.0,6600.0
5,21,23,0.0,0.0,2800.0,6423.759245222193
5,22,0,0.0,0.0,523.8060511729734,639.2908498567786
5,22,1,0.0,0.0,18.20056109694597,22.213283228556108
5,22,2,0.0,0.0,2800.0,6600.0
5,22,3,0.0,0.0,2800.0,6600.0
5,22,4,0.0,0.0,2800.0,6600.0
5,22,5,0.0,0.0,1824.2618316438895,2226.4612905889994
5,22,6,24.790786,21.034165,209.55296754900695,255.75362181178016
5,22,7,110.030633,93.54163899999999,491.4151496175413,599.758647171015
5,22,8,211.83783,179.714522,2645.8334855800563,3229.1668524795964
5,22,9,295.02106699999996,249.583992,2800.0,6600.0
5,22,10,355.491225,300.011321,2800.0,6600.0
5,22,11,389.764258,328.430165,2800.0,6600.0
5,22,12,399.26875900000005,336.29719,2800.0,6600.0
5,22,13,372.905529,314.40556,2800.0,6600.0
5,22,14,330.821105,279.33268599999997,2800.0,6600.0
5,22,15,264.950293,224.17652900000002,2800.0,6600.0
5,22,16,179.75677900000002,152.409809,2800.0,6600.0
5,22,17,85.20171400000001,72.311358,2800.0,6600.0
5,22,18,16.389409,13.855787,2800.0,6600.0
5,22,19,0.0,0.0,2800.0,6600.0
5,22,20,0.0,0.0,2800.0,5114.326798854228
5,22,21,0.0,0.0,2061.927887690667,2516.5261621421523
5,22,22,0.0,0.0,2061.927887690667,2516.5261621421523
5,22,23,0.0,0.0,2800.0,3728.344236364732
5,23,0,0.0,0.0,2800.0,5444.184846176627
5,23,1,0.0,0.0,2800.0,5614.303506012198
5,23,2,0.0,0.0,2800.0,4721.09628485135
5,23,3,0.0,0.0,2800.0,4348.55720818164
5,23,4,0.0,0.0,2800.0,4569.628998473504
5,23,5,0.0,0.0,2800.0,6330.21083371745
5,23,6,24.565618999999998,20.868318,2800.0,6600.0
5,23,7,111.60092399999999,94.953551,2800.0,6600.0
5,23,8,215.324414,182.63995699999998,2800.0,6600.0
5,23,9,294.185226,248.423394,2800.0,6600.0
5,23,10,349.212051,293.490508,2800.0,6600.0
5,23,11,378.57896999999997,317.17339899999996,2800.0,6600.0
5,23,12,386.711155,323.727175,2800.0,6600.0
5,23,13,369.995492,310.09884999999997,2800.0,6600.0
5,23,14,330.02844400000004,277.198195,2800.0,6600.0
5,23,15,265.85584600000004,223.963177,2800.0,6600.0
5,23,16,180.156082,152.21406,2800.0,6600.0
5,23,17,79.947676,67.678326,2800.0,6600.0
5,23,18,15.703214,13.249248999999999,2800.0,6600.0
5,23,19,0.0,0.0,2800.0,6600.0
5,23,20,0.0,0.0,2800.0,6600.0
5,23,21,0.0,0.0,2800.0,5360.429636038867
5,23,22,0.0,0.0,2409.744269793466,2941.0264710077745
5,23,23,0.0,0.0,1469.9890187508342,1794.0810858770024
5,24,0,0.0,0.0,748.4297260208111,913.4378545923286
5,24,1,0.0,0.0,278.9149998077284,340.4080706314795
5,24,2,0.0,0.0,362.10752792468406,441.94225849075616
5,24,3,0.0,0.0,2364.2786071344885,2885.536882723194
5,24,4,0.0,0.0,2800.0,6600.0
5,24,5,0.0,0.0,2800.0,6600.0
5,24,6,22.012882,18.650289,2800.0,6600.0
5,24,7,108.487475,92.02965300000001,2800.0,6600.0
5,24,8,208.012356,175.712617,2800.0,6600.0
5,24,9,285.061451,239.71263000000002,2800.0,6600.0
5,24,10,340.58169699999996,285.38519199999996,2800.0,6600.0
5,24,11,373.17093,312.174006,2800.0,6600.0
5,24,12,382.703018,320.032368,2800.0,6600.0
5,24,13,367.067001,307.276356,2800.0,6600.0
5,24,14,326.937053,274.279538,2800.0,6600.0
5,24,15,263.363335,221.670636,2800.0,6600.0
5,24,16,177.578679,149.96954699999998,2800.0,6600.0
5,24,17,80.125824,67.80991499999999,2800.0,6600.0
5,24,18,16.044019,13.533033999999999,2800.0,6600.0
5,24,19,0.0,0.0,2800.0,6600.0
5,24,20,0.0,0.0,1940.6700324713545,2368.5342915988967
5,24,21,0.0,0.0,881.5257965526516,1075.877940674496
5,24,22,0.0,0.0,687.226207839785,838.7406473635172
5,24,23,0.0,0.0,1405.1461214803344,1714.9421167673372
5,25,0,0.0,0.0,2800.0,3599.0492231594667
5,25,1,0.0,0.0,2800.0,5700.675903358588
5,25,2,0.0,0.0,2800.0,6600.0
5,25,3,0.0,0.0,2800.0,6600.0
5,25,4,0.0,0.0,2800.0,6600.0
5,25,5,0.0,0.0,2800.0,6600.0
5,25,6,24.080685000000003,20.408673999999998,2800.0,6600.0
5,25,7,103.487897,87.896687,2800.0,6600.0
5,25,8,195.404811,165.645768,2800.0,6600.0
5,25,9,270.61771600000003,228.812508,2800.0,6600.0
5,25,10,339.60651,286.295566,2800.0,6600.0
5,25,11,372.809913,313.635978,2800.0,6600.0
5,25,12,380.09549,319.427284,2800.0,6600.0
5,25,13,364.605641,306.344085,2800.0,6600.0
5,25,14,321.290148,270.29221,2800.0,6600.0
5,25,15,256.282525,216.11493299999998,2800.0,6600.0
5,25,16,173.866313,146.986253,2800.0,6600.0
5,25,17,83.065335,70.320258,2800.0,6600.0
5,25,18,16.732028,14.115261,2800.0,6600.0
5,25,19,0.0,0.0,2800.0,6600.0
5,25,20,0.0,0.0,2800.0,6600.0
5,25,21,0.0,0.0,2800.0,6600.0
5,25,22,0.0,0.0,2800.0,6600.0
5,25,23,0.0,0.0,2800.0,6600.0
5,26,0,0.0,0.0,2800.0,6600.0
5,26,1,0.0,0.0,2800.0,6600.0
5,26,2,0.0,0.0,2800.0,6600.0
5,26,3,0.0,0.0,2800.0,6600.0
5,26,4,0.0,0.0,2800.0,6600.0
5,26,5,0.0,0.0,2800.0,6600.0
5,26,6,22.870335999999998,19.358746,2800.0,6600.0
5,26,7,100.188967,85.038249,2800.0,6600.0
5,26,8,189.982976,160.943981,2800.0,6600.0
5,26,9,267.286734,225.772445,2800.0,6600.0
5,26,10,321.784029,270.96965500000005,2800.0,6600.0
5,26,11,352.330772,295.932576,2800.0,6600.0
5,26,12,359.22664299999997,301.326022,2800.0,6600.0
5,26,13,353.077087,296.106588,2800.0,6600.0
5,26,14,313.940672,263.7335,2800.0,6600.0
5,26,15,252.34543599999998,212.557074,2800.0,6600.0
5,26,16,171.693691,145.026802,2800.0,6600.0
5,26,17,82.728673,69.989147,2800.0,6600.0
5,26,18,17.014025,14.344012000000001,2800.0,6600.0
5,26,19,0.0,0.0,2800.0,6600.0
5,26,20,0.0,0.0,2800.0,6600.0
5,26,21,0.0,0.0,2800.0,6600.0
5,26,22,0.0,0.0,2800.0,6600.0
5,26,23,0.0,0.0,2800.0,6600.0
5,27,0,0.0,0.0,2800.0,6600.0
5,27,1,0.0,0.0,2800.0,6600.0
5,27,2,0.0,0.0,2800.0,6600.0
5,27,3,0.0,0.0,2800.0,6600.0
5,27,4,0.0,0.0,2800.0,6600.0
5,27,5,-0.0,-0.0,2800.0,6600.0
5,27,6,23.690671,20.050729,2800.0,6600.0
5,27,7,100.802062,85.516128,2800.0,6600.0
5,27,8,195.668128,165.591418,2800.0,6600.0
5,27,9,271.991581,229.38809799999999,2800.0,6600.0
5,27,10,334.195809,280.761983,2800.0,6600.0
5,27,11,364.90047,305.642766,2800.0,6600.0
5,27,12,372.166763,311.417749,2800.0,6600.0
5,27,13,354.803091,297.140519,2800.0,6600.0
5,27,14,316.127057,265.38458399999996,2800.0,6600.0
5,27,15,254.14516899999998,214.046805,2800.0,6600.0
5,27,16,173.3763,146.45984099999998,2800.0,6600.0
5,27,17,82.39458900000001,69.713982,2800.0,6600.0
5,27,18,17.336339,14.616705,2800.0,6600.0
5,27,19,0.0,0.0,2800.0,6600.0
5,27,20,0.0,0.0,2800.0,6600.0
5,27,21,0.0,0.0,2800.0,6600.0
5,27,22,0.0,0.0,2800.0,6600.0
5,27,23,0.0,0.0,2800.0,6600.0
5,28,0,0.0,0.0,2800.0,6600.0
5,28,1,0.0,0.0,2800.0,6600.0
5,28,2,0.0,0.0,2800.0,6600.0
5,28,3,0.0,0.0,2800.0,6600.0
5,28,4,0.0,0.0,2800.0,6600.0
5,28,5,-0.0,-0.0,2800.0,6600.0
5,28,6,23.295552,19.703944,2800.0,6600.0
5,28,7,101.83166,86.32022599999999,2800.0,6600.0
5,28,8,195.962062,165.67768900000002,2800.0,6600.0
5,28,9,271.93405,229.055802,2800.0,6600.0
5,28,10,327.57824,274.868902,2800.0,6600.0
5,28,11,357.21078700000004,298.85509499999995,2800.0,6600.0
5,28,12,366.116221,306.196074,2800.0,6600.0
5,28,13,355.375408,297.757621,2800.0,6600.0
5,28,14,317.683286,266.995696,2800.0,6600.0
5,28,15,256.24494699999997,216.05727900000002,2800.0,6600.0
5,28,16,174.032682,147.143117,2800.0,6600.0
5,28,17,81.539277,69.02306,2800.0,6600.0
5,28,18,17.298121,14.585751,2800.0,6600.0
5,28,19,0.0,0.0,2800.0,6600.0
5,28,20,0.0,0.0,2800.0,6600.0
5,28,21,0.0,0.0,2800.0,6600.0
5,28,22,0.0,0.0,2800.0,6600.0
5,28,23,0.0,0.0,2800.0,6600.0
5,29,0,0.0,0.0,2800.0,6600.0
5,29,1,0.0,0.0,2800.0,6600.0
5,29,2,0.0,0.0,2800.0,6600.0
5,29,3,0.0,0.0,2800.0,6600.0
5,29,4,0.0,0.0,2800.0,6600.0
5,29,5,-0.0,-0.0,2800.0,6600.0
5,29,6,23.242526,19.65998,2800.0,6600.0
5,29,7,105.694712,89.545018,2800.0,6600.0
5,29,8,204.86223199999998,173.041327,2800.0,6600.0
5,29,9,284.010463,239.12816899999999,2800.0,6600.0
5,29,10,338.826949,284.645847,2800.0,6600.0
5,29,11,373.777404,313.610348,2800.0,6600.0
5,29,12,383.857349,322.055634,2800.0,6600.0
5,29,13,367.56289799999996,308.653062,2800.0,6600.0
5,29,14,326.508125,274.65820299999996,2800.0,6600.0
5,29,15,262.81462,221.59359700000002,2800.0,6600.0
5,29,16,177.733361,150.218142,2800.0,6600.0
5,29,17,82.707003,69.989204,2800.0,6600.0
5,29,18,17.815874,15.020491,2800.0,6600.0
5,29,19,0.0,0.0,2800.0,6600.0
5,29,20,0.0,0.0,2800.0,6600.0
5,29,21,0.0,0.0,2800.0,6600.0
5,29,22,0.0,0.0,2800.0,6600.0
5,29,23,0.0,0.0,1712.6043126696648,2090.186365856677
5,30,0,0.0,0.0,2409.744269793466,2941.0264710077745
5,30,1,0.0,0.0,2800.0,5614.303506012198
5,30,2,0.0,0.0,2800.0,6145.847517348083
5,30,3,0.0,0.0,2800.0,5700.675903358588
5,30,4,0.0,0.0,2800.0,6600.0
5,30,5,-0.0,-0.0,2800.0,6600.0
5,30,6,23.577447,19.938516,2800.0,6600.0
5,30,7,103.95917200000001,88.091499,2800.0,6600.0
5,30,8,200.633443,169.584212,2800.0,6600.0
5,30,9,279.14514199999996,235.22737,2800.0,6600.0
5,30,10,340.08511300000004,285.824266,2800.0,6600.0
5,30,11,373.53874099999996,313.53200300000003,2800.0,6600.0
5,30,12,384.00427,322.28554499999996,2800.0,6600.0
5,30,13,366.262847,307.679848,2800.0,6600.0
5,30,14,325.198118,273.67656300000004,2800.0,6600.0
5,30,15,261.606619,220.637276,2800.0,6600.0
5,30,16,176.855804,149.492166,2800.0,6600.0
5,30,17,82.725346,69.994439,2800.0,6600.0
5,30,18,18.12476,15.278851000000001,2800.0,6600.0
5,30,19,0.0,0.0,2800.0,6600.0
5,30,20,0.0,0.0,2800.0,6600.0
5,30,21,0.0,0.0,2800.0,6600.0
5,30,22,0.0,0.0,2645.8334855800563,3229.1668524795964
5,30,23,0.0,0.0,540.5220241907821,659.6922342485923
5,31,0,0.0,0.0,167.779835898385,204.7706658602337
5,31,1,0.0,0.0,629.4537376638762,768.2309396685104
5,31,2,0.0,0.0,1536.7967041952045,1875.6180248051708
5,31,3,0.0,0.0,2794.6277004301824,3410.766091076207
5,31,4,0.0,0.0,2800.0,6055.023664834879
5,31,5,-0.0,-0.0,2800.0,6600.0
5,31,6,23.665101,20.027076,2800.0,6600.0
5,31,7,104.062443,88.25163400000001,2800.0,6600.0
5,31,8,200.83303400000003,169.90120800000003,2800.0,6600.0
5,31,9,280.380855,236.516806,2800.0,6600.0
5,31,10,335.51615899999996,282.450794,2800.0,6600.0
5,31,11,371.398229,312.274689,2800.0,6600.0
5,31,12,380.928728,320.180892,2800.0,6600.0
5,31,13,365.850554,307.64713,2800.0,6600.0
5,31,14,325.30656400000004,273.908051,2800.0,6600.0
5,31,15,261.274446,220.420051,2800.0,6600.0
5,31,16,177.317637,149.889974,2800.0,6600.0
5,31,17,84.12853,71.178728,2800.0,6600.0
5,31,18,18.658535,15.731706,2800.0,6600.0
5,31,19,0.0,0.0,2800.0,6600.0
5,31,20,0.0,0.0,2800.0,6600.0
5,31,21,0.0,0.0,2800.0,6600.0
5,31,22,0.0,0.0,2800.0,6600.0
5,31,23,0.0,0.0,2800.0,6600.0
6,1,0,0.0,0.0,2800.0,6600.0
6,1,1,0.0,0.0,2800.0,6600.0
6,1,2,0.0,0.0,2800.0,6600.0
6,1,3,0.0,0.0,2800.0,6600.0
6,1,4,0.0,0.0,2800.0,6600.0
6,1,5,-0.0,-0.0,2800.0,6600.0
6,1,6,23.624538,19.991166,2800.0,6600.0
6,1,7,99.714613,84.580129,2800.0,6600.0
6,1,8,191.89876999999998,162.402051,2800.0,6600.0
6,1,9,269.622082,227.459498,2800.0,6600.0
6,1,10,327.25471999999996,275.290683,2800.0,6600.0
6,1,11,360.824044,302.925746,2800.0,6600.0
6,1,12,369.687073,310.043359,2800.0,6600.0
6,1,13,353.258998,296.342808,2800.0,6600.0
6,1,14,314.370629,264.088245,2800.0,6600.0
6,1,15,253.517007,213.49063800000002,2800.0,6600.0
6,1,16,173.198571,146.220948,2800.0,6600.0
6,1,17,84.38772,71.35649599999999,2800.0,6600.0
6,1,18,18.832603,15.876897000000001,2800.0,6600.0
6,1,19,0.0,0.0,2800.0,6600.0
6,1,20,0.0,0.0,2800.0,6600.0
6,1,21,0.0,0.0,2800.0,6600.0
6,1,22,0.0,0.0,2800.0,6600.0
6,1,23,0.0,0.0,2800.0,6600.0
6,2,0,0.0,0.0,2800.0,6600.0
6,2,1,0.0,0.0,2800.0,6600.0
6,2,2,0.0,0.0,2800.0,6600.0
6,2,3,0.0,0.0,2800.0,6600.0
6,2,4,0.0,0.0,2800.0,6600.0
6,2,5,-0.0,-0.0,2800.0,6600.0
6,2,6,21.837535,18.467606,2800.0,6600.0
6,2,7,96.45407300000001,81.739095,2800.0,6600.0
6,2,8,185.10225,156.437849,2800.0,6600.0
6,2,9,259.185297,218.29782500000002,2800.0,6600.0
6,2,10,315.153059,264.665197,2800.0,6600.0
6,2,11,348.598525,292.102533,2800.0,6600.0
6,2,12,357.090869,298.864535,2800.0,6600.0
6,2,13,341.96283600000004,286.22272,2800.0,6600.0
6,2,14,302.430295,253.403176,2800.0,6600.0
6,2,15,243.283014,204.20877900000002,2800.0,6600.0
6,2,16,167.82188699999998,141.154881,2800.0,6600.0
6,2,17,83.13801600000001,70.029352,2800.0,6600.0
6,2,18,18.1707,15.263332,2800.0,6600.0
6,2,19,0.0,0.0,2800.0,6600.0
6,2,20,0.0,0.0,2800.0,6600.0
6,2,21,0.0,0.0,2800.0,6600.0
6,2,22,0.0,0.0,2800.0,6600.0
6,2,23,0.0,0.0,2800.0,6600.0
6,3,0,0.0,0.0,2800.0,6600.0
6,3,1,0.0,0.0,2800.0,6600.0
6,3,2,0.0,0.0,2800.0,6600.0
6,3,3,0.0,0.0,2800.0,6600.0
6,3,4,0.0,0.0,2800.0,6600.0
6,3,5,-0.0,-0.0,2800.0,6600.0
6,3,6,21.717015,18.346576000000002,2800.0,6600.0
6,3,7,97.457324,82.51375,2800.0,6600.0
6,3,8,187.982644,158.814285,2800.0,6600.0
6,3,9,264.147514,222.499092,2800.0,6600.0
6,3,10,321.5703,269.99332,2800.0,6600.0
6,3,11,353.977463,296.377966,2800.0,6600.0
6,3,12,359.73551000000003,300.562979,2800.0,6600.0
6,3,13,342.758673,286.26976,2800.0,6600.0
6,3,14,304.743668,254.860693,2800.0,6600.0
6,3,15,246.77135099999998,206.96564,2800.0,6600.0
6,3,16,169.78917,142.85321299999998,2800.0,6600.0
6,3,17,84.74055,71.464226,2800.0,6600.0
6,3,18,19.006629,15.989156000000001,2800.0,6600.0
6,3,19,0.0,0.0,2800.0,6600.0
6,3,20,0.0,0.0,2800.0,6600.0
6,3,21,0.0,0.0,2800.0,6600.0
6,3,22,0.0,0.0,2800.0,6518.224790706034
6,3,23,0.0,0.0,1164.8359102045422,1421.650126627591
6,4,0,0.0,0.0,48.57413350122129,59.283391281018105
6,4,1,0.0,0.0,1605.5985030100696,1959.588724146148
6,4,2,0.0,0.0,2800.0,6600.0
6,4,3,0.0,0.0,2800.0,6600.0
6,4,4,0.0,0.0,2800.0,6600.0
6,4,5,-0.0,-0.0,2800.0,6600.0
6,4,6,22.143693,18.716115000000002,2800.0,6600.0
6,4,7,96.391183,81.623268,2800.0,6600.0
6,4,8,184.09349799999998,155.47531099999998,2800.0,6600.0
6,4,9,257.184691,216.337748,2800.0,6600.0
6,4,10,310.759924,260.39912,2800.0,6600.0
6,4,11,340.627163,284.648037,2800.0,6600.0
6,4,12,347.85270899999995,290.293342,2800.0,6600.0
6,4,13,330.397492,275.882969,2800.0,6600.0
6,4,14,293.741776,245.848655,2800.0,6600.0
6,4,15,237.61899400000001,199.585444,2800.0,6600.0
6,4,16,163.939955,138.134245,2800.0,6600.0
6,4,17,82.50818,69.645843,2800.0,6600.0
6,4,18,17.577045,14.782081,2800.0,6600.0
6,4,19,0.0,0.0,2800.0,6600.0
6,4,20,0.0,0.0,2800.0,6600.0
6,4,21,0.0,0.0,2800.0,6600.0
6,4,22,0.0,0.0,2800.0,6600.0
6,4,23,0.0,0.0,2800.0,6600.0
6,5,0,0.0,0.0,2800.0,6600.0
6,5,1,0.0,0.0,2800.0,6600.0
6,5,2,0.0,0.0,2800.0,6600.0
6,5,3,0.0,0.0,2800.0,6600.0
6,5,4,0.0,0.0,2800.0,6600.0
6,5,5,-0.0,-0.0,2800.0,6600.0
6,5,6,10.823801,9.117799999999999,2800.0,6600.0
6,5,7,80.766871,68.47882399999999,2800.0,6600.0
6,5,8,162.522394,137.629198,2800.0,6600.0
6,5,9,234.420175,197.973459,2800.0,6600.0
6,5,10,289.180744,243.400053,2800.0,6600.0
6,5,11,319.989645,268.391806,2800.0,6600.0
6,5,12,327.028534,273.58871999999997,2800.0,6600.0
6,5,13,319.470581,266.95473300000003,2800.0,6600.0
6,5,14,283.024335,236.767413,2800.0,6600.0
6,5,15,229.696653,192.717456,2800.0,6600.0
6,5,16,159.35072399999999,134.135896,2800.0,6600.0
6,5,17,81.74365399999999,68.977072,2800.0,6600.0
6,5,18,17.302349,14.551894,2800.0,6600.0
6,5,19,0.0,0.0,2800.0,6600.0
6,5,20,0.0,0.0,2800.0,6600.0
6,5,21,0.0,0.0,2800.0,6600.0
6,5,22,0.0,0.0,2800.0,6600.0
6,5,23,0.0,0.0,2800.0,6600.0
6,6,0,0.0,0.0,2800.0,6600.0
6,6,1,0.0,0.0,2800.0,6600.0
6,6,2,0.0,0.0,2800.0,6600.0
6,6,3,0.0,0.0,2800.0,6600.0
6,6,4,0.0,0.0,2800.0,6600.0
6,6,5,-0.0,-0.0,2800.0,6600.0
6,6,6,13.928048,11.747846,2800.0,6600.0
6,6,7,84.28970100000001,71.48880199999999,2800.0,6600.0
6,6,8,166.34220499999998,140.922314,2800.0,6600.0
6,6,9,238.40229300000001,201.38749299999998,2800.0,6600.0
6,6,10,295.14398700000004,248.400462,2800.0,6600.0
6,6,11,325.11981,272.833148,2800.0,6600.0
6,6,12,333.915751,279.968483,2800.0,6600.0
6,6,13,334.503066,280.704403,2800.0,6600.0
6,6,14,299.249843,251.722071,2800.0,6600.0
6,6,15,241.66031099999998,203.813788,2800.0,6600.0
6,6,16,167.36726199999998,141.45707099999998,2800.0,6600.0
6,6,17,84.27320900000001,71.301496,2800.0,6600.0
6,6,18,19.26353,16.239651,2800.0,6600.0
6,6,19,0.0,0.0,2800.0,6600.0
6,6,20,0.0,0.0,2800.0,6600.0
6,6,21,0.0,0.0,2800.0,5700.675903358588
6,6,22,0.0,0.0,1712.6043126696648,2090.186365856677
6,6,23,0.0,0.0,491.4151496175413,599.758647171015
6,7,0,0.0,0.0,90.95515204021434,111.00825642703326
6,7,1,0.0,0.0,21.955408148130225,26.795970574489644
6,7,2,0.0,0.0,160.15467383430587,195.4643657032867
6,7,3,0.0,0.0,791.1870845831577,965.6220323652713
6,7,4,0.0,0.0,1980.545579523704,2417.201297843891
6,7,5,-0.0,-0.0,2800.0,4134.733013236745
6,7,6,22.147205999999997,18.713615,2800.0,6600.0
6,7,7,94.969943,80.44941,2800.0,6600.0
6,7,8,183.15501999999998,154.792821,2800.0,6600.0
6,7,9,258.104543,217.442573,2800.0,6600.0
6,7,10,291.553361,245.171054,2800.0,6600.0
6,7,11,327.249104,274.776615,2800.0,6600.0
6,7,12,339.73724,285.167399,2800.0,6600.0
6,7,13,332.541397,279.217849,2800.0,6600.0
6,7,14,296.845145,249.55174100000002,2800.0,6600.0
6,7,15,240.145136,202.258604,2800.0,6600.0
6,7,16,167.06798,141.020082,2800.0,6600.0
6,7,17,85.948435,72.64596499999999,2800.0,6600.0
6,7,18,19.294670999999997,16.257562,2800.0,6600.0
6,7,19,0.0,0.0,2800.0,6600.0
6,7,20,0.0,0.0,2800.0,6600.0
6,7,21,0.0,0.0,2800.0,6600.0
6,7,22,0.0,0.0,2800.0,6600.0
6,7,23,0.0,0.0,2800.0,6600.0
6,8,0,0.0,0.0,2800.0,6600.0
6,8,1,0.0,0.0,2800.0,6600.0
6,8,2,0.0,0.0,2800.0,6600.0
6,8,3,0.0,0.0,2800.0,6600.0
6,8,4,0.0,0.0,2800.0,6600.0
6,8,5,-0.0,-0.0,2800.0,6600.0
6,8,6,23.009567999999998,19.463186,2800.0,6600.0
6,8,7,97.44792100000001,82.53778299999999,2800.0,6600.0
6,8,8,185.01663699999997,155.95943,2800.0,6600.0
6,8,9,258.209737,216.718941,2800.0,6600.0
6,8,10,317.239508,265.901168,2800.0,6600.0
6,8,11,352.977118,295.736503,2800.0,6600.0
6,8,12,365.927056,306.70883399999997,2800.0,6600.0
6,8,13,350.83378100000004,294.414043,2800.0,6600.0
6,8,14,311.561836,261.907667,2800.0,6600.0
6,8,15,252.70077600000002,212.907829,2800.0,6600.0
6,8,16,173.911877,146.856989,2800.0,6600.0
6,8,17,86.669781,73.287402,2800.0,6600.0
6,8,18,20.485392,17.272091,2800.0,6600.0
6,8,19,0.0,0.0,2800.0,6600.0
6,8,20,0.0,0.0,2800.0,6600.0
6,8,21,0.0,0.0,2800.0,6600.0
6,8,22,0.0,0.0,2800.0,6600.0
6,8,23,0.0,0.0,2800.0,6600.0
6,9,0,0.0,0.0,2800.0,6600.0
6,9,1,0.0,0.0,2800.0,6600.0
6,9,2,0.0,0.0,2800.0,6600.0
6,9,3,0.0,0.0,2800.0,6600.0
6,9,4,0.0,0.0,2800.0,6600.0
6,9,5,-0.0,-0.0,2800.0,6600.0
6,9,6,23.525733,19.900743,2800.0,6600.0
6,9,7,96.56672599999999,81.850016,2800.0,6600.0
6,9,8,182.445014,154.288577,2800.0,6600.0
6,9,9,255.37857,215.29928,2800.0,6600.0
6,9,10,315.124455,264.79913500000004,2800.0,6600.0
6,9,11,347.576467,291.398504,2800.0,6600.0
6,9,12,356.593305,298.786507,2800.0,6600.0
6,9,13,344.397693,288.82982799999996,2800.0,6600.0
6,9,14,306.263002,257.28717,2800.0,6600.0
6,9,15,246.80919699999998,207.80388699999997,2800.0,6600.0
6,9,16,170.351863,143.768853,2800.0,6600.0
6,9,17,85.129744,71.93669,2800.0,6600.0
6,9,18,20.433850999999997,17.217213,2800.0,6600.0
6,9,19,0.0,0.0,2800.0,5528.8079782263085
6,9,20,0.0,0.0,2800.0,3996.150340809066
6,9,21,0.0,0.0,2800.0,4644.951049827907
6,9,22,0.0,0.0,2800.0,6600.0
6,9,23,0.0,0.0,2800.0,6600.0
6,10,0,0.0,0.0,2800.0,6600.0
6,10,1,0.0,0.0,2800.0,6600.0
6,10,2,0.0,0.0,2800.0,6600.0
6,10,3,0.0,0.0,2800.0,6600.0
6,10,4,0.0,0.0,2800.0,6600.0
6,10,5,-0.0,-0.0,1786.5196926460033,2180.398050079768
6,10,6,20.257881,17.130273000000003,375.1945078601572,457.9145568371997
6,10,7,91.42225599999999,77.521614,460.3878697051685,561.8907071204812
6,10,8,176.13689499999998,148.98996100000002,2275.070137118247,2776.660403569514
6,10,9,247.288604,208.287532,2800.0,6600.0
6,10,10,297.573853,249.394891,2800.0,6600.0
6,10,11,327.572354,273.548385,2800.0,6600.0
6,10,12,341.494984,285.42692800000003,2800.0,6600.0
6,10,13,337.37994699999996,282.715189,2800.0,6600.0
6,10,14,302.619949,254.295088,2800.0,6600.0
6,10,15,245.798316,207.098545,2800.0,6600.0
6,10,16,170.300139,143.81356,2800.0,6600.0
6,10,17,86.225934,72.901268,2800.0,6600.0
6,10,18,20.741349999999997,17.479327,2800.0,6600.0
6,10,19,0.0,0.0,2800.0,6600.0
6,10,20,0.0,0.0,2800.0,6600.0
6,10,21,0.0,0.0,2800.0,6600.0
6,10,22,0.0,0.0,2800.0,6600.0
6,10,23,0.0,0.0,2800.0,6600.0
6,11,0,0.0,0.0,2800.0,6600.0
6,11,1,0.0,0.0,2800.0,6600.0
6,11,2,0.0,0.0,2800.0,5033.998538121269
6,11,3,0.0,0.0,1570.9465066065366,1917.296917511915
6,11,4,0.0,0.0,416.3395915497286,508.1309975606924
6,11,5,-0.0,-0.0,707.2412654778989,863.1684736147585
6,11,6,21.899363,18.526839,2800.0,3860.699345383164
6,11,7,93.45767500000001,79.28574400000001,2800.0,6055.023664834879
6,11,8,181.018391,153.274973,2800.0,4421.436551474658
6,11,9,255.696391,215.714544,2103.4419801044355,2567.192967843996
6,11,10,306.71361099999996,257.599233,835.542666361563,1019.7567975278918
6,11,11,337.023782,282.0303,1222.1129067458091,1491.5551224063024
6,11,12,349.61535399999997,292.711651,2800.0,6600.0
6,11,13,335.987631,281.778572,2800.0,6600.0
6,11,14,300.403483,252.48606700000002,2800.0,6600.0
6,11,15,243.464146,205.14096700000002,2800.0,6600.0
6,11,16,168.856599,142.61533300000002,2800.0,6600.0
6,11,17,85.882887,72.62627099999999,2800.0,6600.0
6,11,18,20.479147,17.260075,2800.0,6600.0
6,11,19,0.0,0.0,2800.0,6600.0
6,11,20,0.0,0.0,2800.0,6600.0
6,11,21,0.0,0.0,2800.0,6600.0
6,11,22,0.0,0.0,2800.0,6600.0
6,11,23,0.0,0.0,2800.0,6600.0
6,12,0,0.0,0.0,2800.0,6600.0
6,12,1,0.0,0.0,2800.0,6600.0
6,12,2,0.0,0.0,2800.0,6600.0
6,12,3,0.0,0.0,2800.0,6600.0
6,12,4,0.0,0.0,2800.0,6600.0
6,12,5,-0.0,-0.0,2800.0,6600.0
6,12,6,20.615036,17.436129,2800.0,6600.0
6,12,7,92.375424,78.369514,2275.070137118247,2776.660403569514
6,12,8,145.8444,123.567796,929.1658003530496,1134.0212523993912
6,12,9,250.020591,210.928712,1136.8810555802274,1387.531996967994
6,12,10,302.726771,254.266594,1749.3017415377876,2134.9745664437564
6,12,11,335.63999800000005,281.27439000000004,2800.0,4421.436551474658
6,12,12,334.672949,280.57455699999997,2800.0,6600.0
6,12,13,335.32577299999997,281.257506,2800.0,6600.0
6,12,14,300.756212,252.78518400000002,2800.0,6600.0
6,12,15,243.41542,205.14481,2800.0,6600.0
6,12,16,168.93678400000002,142.74416200000002,2800.0,6600.0
6,12,17,70.58158,59.706891999999996,2800.0,6600.0
6,12,18,16.275138000000002,13.709575000000001,2800.0,6600.0
6,12,19,0.0,0.0,2800.0,6600.0
6,12,20,0.0,0.0,2800.0,6600.0
6,12,21,0.0,0.0,2800.0,6600.0
6,12,22,0.0,0.0,2800.0,6600.0
6,12,23,0.0,0.0,2800.0,6600.0
6,13,0,0.0,0.0,2800.0,6600.0
6,13,1,0.0,0.0,2800.0,6600.0
6,13,2,0.0,0.0,2800.0,6600.0
6,13,3,0.0,0.0,2800.0,6600.0
6,13,4,0.0,0.0,2800.0,6600.0
6,13,5,-0.0,-0.0,2800.0,6600.0
6,13,6,22.719719,19.223049,2800.0,6600.0
6,13,7,94.71183,80.33250699999999,2800.0,6600.0
6,13,8,182.602323,154.503861,2800.0,6600.0
6,13,9,254.87646900000001,214.74825,2800.0,6600.0
6,13,10,310.042419,259.971808,2800.0,6600.0
6,13,11,339.40713900000003,283.65133399999996,2800.0,6600.0
6,13,12,347.930693,290.485105,2800.0,6600.0
6,13,13,337.167583,281.903463,2800.0,6600.0
6,13,14,303.229014,254.413319,2800.0,6600.0
6,13,15,247.027435,207.99366,2800.0,6600.0
6,13,16,170.576868,144.03017499999999,2800.0,6600.0
6,13,17,83.81982,70.868074,2800.0,6600.0
6,13,18,20.618276,17.377769,2800.0,6600.0
6,13,19,0.0,0.0,2800.0,6600.0
6,13,20,0.0,0.0,2800.0,6600.0
6,13,21,0.0,0.0,2800.0,6600.0
6,13,22,0.0,0.0,2800.0,6600.0
6,13,23,0.0,0.0,2800.0,6600.0
6,14,0,0.0,0.0,2800.0,6600.0
6,14,1,0.0,0.0,2800.0,6600.0
6,14,2,0.0,0.0,2800.0,6600.0
6,14,3,0.0,0.0,2800.0,6600.0
6,14,4,0.0,0.0,2800.0,6600.0
6,14,5,-0.0,-0.0,2800.0,6600.0
6,14,6,22.597458,19.115523,2800.0,6600.0
6,14,7,96.018675,81.422906,2800.0,6600.0
6,14,8,185.28346100000002,156.706987,2800.0,6600.0
6,14,9,257.421102,216.62002900000002,2800.0,6600.0
6,14,10,306.17844199999996,256.003007,2800.0,6600.0
6,14,11,335.36762699999997,279.413434,2800.0,6600.0
6,14,12,351.810455,293.666972,2800.0,6600.0
6,14,13,345.142739,289.04150300000003,2800.0,6600.0
6,14,14,310.64930599999997,261.018058,2800.0,6600.0
6,14,15,251.048372,211.508021,2800.0,6600.0
6,14,16,173.09016699999998,146.16518299999998,2800.0,6600.0
6,14,17,85.348136,72.156639,2800.0,6600.0
6,14,18,21.114366999999998,17.797945,2800.0,6600.0
6,14,19,0.0,0.0,2800.0,6600.0
6,14,20,0.0,0.0,2800.0,6600.0
6,14,21,0.0,0.0,2800.0,6600.0
6,14,22,0.0,0.0,2800.0,6600.0
6,14,23,0.0,0.0,2800.0,6600.0
6,15,0,0.0,0.0,2800.0,6600.0
6,15,1,0.0,0.0,2800.0,6600.0
6,15,2,0.0,0.0,2800.0,6600.0
6,15,3,0.0,0.0,2800.0,6600.0
6,15,4,0.0,0.0,2800.0,6600.0
6,15,5,-0.0,-0.0,2800.0,6600.0
6,15,6,22.152392,18.725386,2800.0,6600.0
6,15,7,94.42201200000001,79.973285,2800.0,6600.0
6,15,8,181.514353,153.15014799999997,2800.0,6600.0
6,15,9,249.209878,208.902473,2800.0,6600.0
6,15,10,304.49825500000003,254.500178,2800.0,6600.0
6,15,11,345.697703,289.368493,2800.0,6600.0
6,15,12,359.111666,300.96745,2800.0,6600.0
6,15,13,348.156005,292.21318699999995,2800.0,6600.0
6,15,14,311.217172,261.645509,2800.0,6600.0
6,15,15,251.65322,212.017727,2800.0,6600.0
6,15,16,174.398402,147.259434,2800.0,6600.0
6,15,17,86.281128,72.948835,2800.0,6600.0
6,15,18,21.405915,18.046495,2800.0,6600.0
6,15,19,0.0,0.0,2800.0,6600.0
6,15,20,0.0,0.0,2800.0,6600.0
6,15,21,0.0,0.0,2800.0,6600.0
6,15,22,0.0,0.0,2800.0,6600.0
6,15,23,0.0,0.0,2800.0,6600.0
6,16,0,0.0,0.0,2800.0,6600.0
6,16,1,0.0,0.0,2800.0,6600.0
6,16,2,0.0,0.0,2800.0,6600.0
6,16,3,0.0,0.0,2800.0,6600.0
6,16,4,0.0,0.0,2800.0,6600.0
6,16,5,-0.0,-0.0,2800.0,6600.0
6,16,6,22.516194,19.04088,2800.0,6600.0
6,16,7,97.079914,82.227883,2800.0,6600.0
6,16,8,188.328551,158.828816,2800.0,6600.0
6,16,9,258.386545,216.49656099999999,2800.0,6600.0
6,16,10,306.860453,255.94592600000001,2800.0,6600.0
6,16,11,345.17854700000004,288.068392,2800.0,6600.0
6,16,12,361.29424,302.164156,2800.0,6600.0
6,16,13,348.38605,291.980456,2800.0,6600.0
6,16,14,311.233918,261.413225,2800.0,6600.0
6,16,15,252.203747,212.33922099999998,2800.0,6600.0
6,16,16,175.290437,147.94692999999998,2800.0,6600.0
6,16,17,88.00847900000001,74.399886,2800.0,6600.0
6,16,18,21.895469000000002,18.462345000000003,2800.0,6600.0
6,16,19,0.0,0.0,2800.0,6600.0
6,16,20,0.0,0.0,2800.0,6600.0
6,16,21,0.0,0.0,2800.0,6600.0
6,16,22,0.0,0.0,2800.0,6600.0
6,16,23,0.0,0.0,2800.0,6600.0
6,17,0,0.0,0.0,2800.0,6600.0
6,17,1,0.0,0.0,2800.0,6600.0
6,17,2,0.0,0.0,2800.0,6600.0
6,17,3,0.0,0.0,2800.0,6600.0
6,17,4,0.0,0.0,2800.0,6600.0
6,17,5,-0.0,-0.0,2800.0,6600.0
6,17,6,22.622666000000002,19.126679,2800.0,6600.0
6,17,7,96.677606,81.907266,2800.0,6600.0
6,17,8,186.661759,157.64554800000002,2800.0,6600.0
6,17,9,258.778221,217.53028700000002,2800.0,6600.0
6,17,10,310.010072,259.342873,2800.0,6600.0
6,17,11,342.494712,286.053102,2800.0,6600.0
6,17,12,357.788115,299.35407,2800.0,6600.0
6,17,13,345.21880200000004,289.492935,2800.0,6600.0
6,17,14,309.765141,260.299558,2800.0,6600.0
6,17,15,250.322792,210.823957,2800.0,6600.0
6,17,16,174.205215,147.04944500000002,2800.0,6600.0
6,17,17,89.30319800000001,75.486571,2800.0,6600.0
6,17,18,22.303398,18.804192999999998,2800.0,6600.0
6,17,19,0.0,0.0,2800.0,6600.0
6,17,20,0.0,0.0,2800.0,6600.0
6,17,21,0.0,0.0,2800.0,6600.0
6,17,22,0.0,0.0,2800.0,6600.0
6,17,23,0.0,0.0,2800.0,6600.0
6,18,0,0.0,0.0,2800.0,6600.0
6,18,1,0.0,0.0,2800.0,6600.0
6,18,2,0.0,0.0,2800.0,6600.0
6,18,3,0.0,0.0,2800.0,6600.0
6,18,4,0.0,0.0,2800.0,6600.0
6,18,5,-0.0,-0.0,2800.0,6600.0
6,18,6,21.727961999999998,18.371228,2800.0,6600.0
6,18,7,94.417458,79.99628,2800.0,6600.0
6,18,8,182.087757,153.71809299999998,2800.0,6600.0
6,18,9,252.79704999999998,212.29143900000003,2800.0,6600.0
6,18,10,304.470034,254.804823,2800.0,6600.0
6,18,11,340.11081800000005,284.276495,2800.0,6600.0
6,18,12,355.334457,297.337012,2800.0,6600.0
6,18,13,342.499058,287.19016999999997,2800.0,6600.0
6,18,14,306.495179,257.511979,2800.0,6600.0
6,18,15,248.300215,209.003963,2800.0,6600.0
6,18,16,173.693476,146.50484899999998,2800.0,6600.0
6,18,17,89.991478,76.01891499999999,2800.0,6600.0
6,18,18,22.664499,19.099970000000003,2800.0,6600.0
6,18,19,0.0,0.0,2800.0,6600.0
6,18,20,0.0,0.0,2800.0,6600.0
6,18,21,0.0,0.0,2800.0,5787.929644089762
6,18,22,0.0,0.0,1164.8359102045422,1421.650126627591
6,18,23,0.0,0.0,648.3361095823518,791.2763542146813
6,19,0,0.0,0.0,769.610460224766,939.288356967234
6,19,1,0.0,0.0,707.2412654778989,863.1684736147585
6,19,2,0.0,0.0,416.3395915497286,508.1309975606924
6,19,3,0.0,0.0,416.3395915497286,508.1309975606924
6,19,4,0.0,0.0,858.3289550807331,1047.566834941052
6,19,5,-0.0,-0.0,1536.7967041952045,1875.6180248051708
6,19,6,22.493222000000003,19.016422,2800.0,3663.3164546975977
6,19,7,97.03083000000001,82.146453,2319.3884514592746,2830.7496848518704
6,19,8,188.669876,159.035911,1222.1129067458091,1491.5551224063024
6,19,9,268.31122700000003,225.674987,667.5923777577954,814.7780988382542
6,19,10,331.76014299999997,278.623759,1570.9465066065366,1917.296917511915
6,19,11,369.43622999999997,310.03188400000005,2800.0,6600.0
6,19,12,382.153927,320.696423,2800.0,6600.0
6,19,13,368.12300799999997,309.173256,2800.0,6600.0
6,19,14,330.024494,277.618956,2800.0,6600.0
6,19,15,269.65106099999997,227.379131,2800.0,6600.0
6,19,16,187.42525,158.432896,2800.0,6600.0
6,19,17,89.016404,75.351936,2800.0,6600.0
6,19,18,21.215128,17.904656,2800.0,6600.0
6,19,19,0.0,0.0,2800.0,6600.0
6,19,20,0.0,0.0,2800.0,6600.0
6,19,21,0.0,0.0,2800.0,6600.0
6,19,22,0.0,0.0,2800.0,6600.0
6,19,23,0.0,0.0,2800.0,4134.733013236745
6,20,0,0.0,0.0,1437.3238044186396,1754.214092007001
6,20,1,0.0,0.0,349.3284625537728,426.3457613845259
6,20,2,0.0,0.0,36.240444554051166,44.23046382581048
6,20,3,0.0,0.0,10.73790949749664,13.105322615054956
6,20,4,0.0,0.0,152.76411334322614,186.4443903007878
6,20,5,-0.0,-0.0,769.610460224766,939.288356967234
6,20,6,23.178357,19.607128,2275.070137118247,2776.660403569514
6,20,7,96.249498,81.60584399999999,2800.0,3599.0492231594667
6,20,8,186.696008,157.928867,1437.3238044186396,1754.214092007001
6,20,9,262.404128,221.221522,1570.9465066065366,1917.296917511915
6,20,10,322.08169,270.564671,2800.0,4644.951049827907
6,20,11,355.714509,298.14082,2800.0,6600.0
6,20,12,365.73111700000004,306.301545,2800.0,6600.0
6,20,13,351.65831,294.73317,2800.0,6600.0
6,20,14,314.283461,263.92502399999995,2800.0,6600.0
6,20,15,255.064794,214.78516699999997,2800.0,6600.0
6,20,16,176.93283799999998,149.38387,2800.0,6600.0
6,20,17,88.74557700000001,75.057066,2800.0,6600.0
6,20,18,22.600558,19.066422,2800.0,6600.0
6,20,19,0.0,0.0,2800.0,6600.0
6,20,20,0.0,0.0,2800.0,6600.0
6,20,21,0.0,0.0,2800.0,6600.0
6,20,22,0.0,0.0,2800.0,6600.0
6,20,23,0.0,0.0,2800.0,5444.184846176627
6,21,0,0.0,0.0,2800.0,4134.733013236745
6,21,1,0.0,0.0,2800.0,3663.3164546975977
6,21,2,0.0,0.0,2800.0,3535.5380679260493
6,21,3,0.0,0.0,2800.0,5033.998538121269
6,21,4,0.0,0.0,2800.0,6600.0
6,21,5,-0.0,-0.0,2800.0,6600.0
6,21,6,21.799819,18.424937999999997,2800.0,6600.0
6,21,7,91.96416,77.847996,2800.0,6600.0
6,21,8,179.390706,151.32775,2800.0,6600.0
6,21,9,250.16066899999998,209.985709,2800.0,6600.0
6,21,10,300.460014,250.952767,2800.0,6600.0
6,21,11,334.34963799999997,278.908835,2800.0,6600.0
6,21,12,350.361326,292.84945799999997,2800.0,6600.0
6,21,13,338.13949699999995,283.33936,2800.0,6600.0
6,21,14,303.20186,254.72930100000002,2800.0,6600.0
6,21,15,246.034506,207.252907,2800.0,6600.0
6,21,16,170.303063,143.82613500000002,2800.0,6600.0
6,21,17,87.156678,73.704556,2800.0,6600.0
6,21,18,22.214105,18.731047999999998,2800.0,6600.0
6,21,19,0.0,0.0,2800.0,6600.0
6,21,20,0.0,0.0,2800.0,6600.0
6,21,21,0.0,0.0,2800.0,6600.0
6,21,22,0.0,0.0,2800.0,6600.0
6,21,23,0.0,0.0,2800.0,6600.0
6,22,0,0.0,0.0,2800.0,6600.0
6,22,1,0.0,0.0,2800.0,6600.0
6,22,2,0.0,0.0,2800.0,6600.0
6,22,3,0.0,0.0,2800.0,6600.0
6,22,4,0.0,0.0,2800.0,6600.0
6,22,5,-0.0,-0.0,2800.0,6600.0
6,22,6,20.444591,17.273477,2800.0,6600.0
6,22,7,90.509297,76.695849,2800.0,6600.0
6,22,8,176.539345,149.320894,2800.0,6600.0
6,22,9,250.919393,211.573815,2800.0,6600.0
6,22,10,306.7753,257.877683,2800.0,6600.0
6,22,11,339.470108,284.753636,2800.0,6600.0
6,22,12,349.569879,292.991896,2800.0,6600.0
6,22,13,341.96497899999997,286.739662,2800.0,6600.0
6,22,14,305.927742,257.02824100000004,2800.0,6600.0
6,22,15,249.111083,209.83952100000002,2800.0,6600.0
6,22,16,173.58162299999998,146.59317199999998,2800.0,6600.0
6,22,17,88.13140700000001,74.53306500000001,2800.0,6600.0
6,22,18,22.693377,19.140220000000003,2800.0,6600.0
6,22,19,0.0,0.0,2800.0,6600.0
6,22,20,0.0,0.0,2800.0,6600.0
6,22,21,0.0,0.0,2800.0,6600.0
6,22,22,0.0,0.0,2800.0,6600.0
6,22,23,0.0,0.0,2800.0,6600.0
6,23,0,0.0,0.0,2800.0,6600.0
6,23,1,0.0,0.0,2800.0,6600.0
6,23,2,0.0,0.0,2800.0,6600.0
6,23,3,0.0,0.0,2800.0,6600.0
6,23,4,0.0,0.0,2800.0,6600.0
6,23,5,0.0,0.0,2800.0,6600.0
6,23,6,20.474793000000002,17.302846000000002,2800.0,6600.0
6,23,7,91.044841,77.185959,2800.0,6600.0
6,23,8,176.239462,149.21431099999998,2800.0,6600.0
6,23,9,208.84091899999999,176.61047399999998,2800.0,6600.0
6,23,10,209.99358600000002,177.512474,2800.0,6600.0
6,23,11,342.469416,288.430406,2800.0,6600.0
6,23,12,356.453542,300.120452,2800.0,6600.0
6,23,13,352.13608500000004,296.562124,2800.0,6600.0
6,23,14,316.129135,266.583101,2800.0,6600.0
6,23,15,258.188742,218.15287,2800.0,6600.0
6,23,16,180.76271100000002,153.034426,2800.0,6600.0
6,23,17,90.94127499999999,77.069082,2800.0,6600.0
6,23,18,7.795911,6.545822,2800.0,6600.0
6,23,19,0.0,0.0,2800.0,6600.0
6,23,20,0.0,0.0,2800.0,6600.0
6,23,21,0.0,0.0,2800.0,6600.0
6,23,22,0.0,0.0,2800.0,6600.0
6,23,23,0.0,0.0,2800.0,6600.0
6,24,0,0.0,0.0,2800.0,6600.0
6,24,1,0.0,0.0,2800.0,6600.0
6,24,2,0.0,0.0,2800.0,6600.0
6,24,3,0.0,0.0,2800.0,6600.0
6,24,4,0.0,0.0,2800.0,6600.0
6,24,5,0.0,0.0,2800.0,6600.0
6,24,6,20.928732,17.691958,2800.0,6600.0
6,24,7,87.208567,73.955298,2800.0,6600.0
6,24,8,180.768119,153.14286199999998,2800.0,6600.0
6,24,9,259.620527,219.555436,2800.0,6600.0
6,24,10,320.048825,270.22301799999997,2800.0,6600.0
6,24,11,359.76745400000004,303.38670299999995,2800.0,6600.0
6,24,12,373.011334,314.383942,2800.0,6600.0
6,24,13,364.25928600000003,307.03420500000004,2800.0,6600.0
6,24,14,325.908773,274.96653399999997,2800.0,6600.0
6,24,15,265.404215,224.288762,2800.0,6600.0
6,24,16,185.41683600000002,156.970734,2800.0,6600.0
6,24,17,90.957813,77.071471,2800.0,6600.0
6,24,18,22.356678,18.884258000000003,2800.0,6600.0
6,24,19,0.0,0.0,2800.0,6600.0
6,24,20,0.0,0.0,2800.0,6600.0
6,24,21,0.0,0.0,2800.0,6600.0
6,24,22,0.0,0.0,2800.0,6600.0
6,24,23,0.0,0.0,2800.0,6600.0
6,25,0,0.0,0.0,2800.0,6600.0
6,25,1,0.0,0.0,2800.0,6600.0
6,25,2,0.0,0.0,2800.0,6600.0
6,25,3,0.0,0.0,2800.0,6600.0
6,25,4,0.0,0.0,2800.0,6600.0
6,25,5,0.0,0.0,2800.0,6600.0
6,25,6,18.640481,15.757568,2800.0,6600.0
6,25,7,88.58680100000001,75.152875,2800.0,6600.0
6,25,8,175.664791,148.858124,2800.0,6600.0
6,25,9,253.69767199999998,214.604019,2800.0,6600.0
6,25,10,327.921984,276.822214,2800.0,6600.0
6,25,11,368.42313,310.585223,2800.0,6600.0
6,25,12,382.72220799999997,322.45151,2800.0,6600.0
6,25,13,370.474354,312.20587900000004,2800.0,6600.0
6,25,14,332.54977,280.54181300000005,2800.0,6600.0
6,25,15,271.10925799999995,229.086176,2800.0,6600.0
6,25,16,189.425848,160.370274,2800.0,6600.0
6,25,17,92.674773,78.53223200000001,2800.0,6600.0
6,25,18,23.262446,19.656428,2800.0,6600.0
6,25,19,0.0,0.0,2800.0,6600.0
6,25,20,0.0,0.0,2800.0,6600.0
6,25,21,0.0,0.0,2800.0,6600.0
6,25,22,0.0,0.0,2800.0,6600.0
6,25,23,0.0,0.0,2800.0,6600.0
6,26,0,0.0,0.0,2800.0,6600.0
6,26,1,0.0,0.0,2800.0,6600.0
6,26,2,0.0,0.0,2800.0,6600.0
6,26,3,0.0,0.0,2800.0,6600.0
6,26,4,0.0,0.0,2800.0,6600.0
6,26,5,0.0,0.0,2800.0,6600.0
6,26,6,20.881308,17.647158,2800.0,6600.0
6,26,7,95.707251,81.15297,2800.0,6600.0
6,26,8,192.25532199999998,162.841047,2800.0,6600.0
6,26,9,275.652448,232.96632300000002,2800.0,6600.0
6,26,10,338.97601099999997,285.86298100000005,2800.0,3860.699345383164
6,26,11,372.227125,313.507304,1786.5196926460033,2180.398050079768
6,26,12,377.56120899999996,317.939285,2800.0,5965.099051003621
6,26,13,368.27952,310.225052,2800.0,6600.0
6,26,14,328.408943,276.985811,2800.0,6600.0
6,26,15,265.224642,224.109703,2800.0,6600.0
6,26,16,183.342733,155.20014,2800.0,6600.0
6,26,17,91.98639299999999,77.93930999999999,2800.0,6600.0
6,26,18,23.712715,20.033873,2800.0,6600.0
6,26,19,0.0,0.0,2800.0,6600.0
6,26,20,0.0,0.0,2800.0,6600.0
6,26,21,0.0,0.0,2800.0,6600.0
6,26,22,0.0,0.0,2800.0,6600.0
6,26,23,0.0,0.0,2800.0,6600.0
6,27,0,0.0,0.0,2188.134369840437,2670.5576954745493
6,27,1,0.0,0.0,55.67205296764801,67.94620637783812
6,27,2,0.0,0.0,1109.377075854021,1353.9641476958525
6,27,3,0.0,0.0,2800.0,6600.0
6,27,4,0.0,0.0,2800.0,6600.0
6,27,5,0.0,0.0,2800.0,6600.0
6,27,6,17.837366000000003,15.074519,2800.0,6600.0
6,27,7,88.184754,74.79052800000001,2800.0,6600.0
6,27,8,174.28107699999998,147.62017699999998,2800.0,6600.0
6,27,9,252.21179800000002,213.24167300000002,2800.0,6600.0
6,27,10,318.934871,269.17738199999997,2800.0,6600.0
6,27,11,357.212033,301.139033,2800.0,6600.0
6,27,12,370.878582,312.558406,2800.0,6600.0
6,27,13,353.038115,297.658178,1136.8810555802274,1387.531996967994
6,27,14,317.608168,268.062629,28.504091119435778,34.78845766545312
6,27,15,260.733127,220.399756,1311.5016045329749,1600.651564587489
6,27,16,182.851606,154.83545,2800.0,6600.0
6,27,17,94.389115,79.990728,2800.0,6600.0
6,27,18,24.37978,20.599859000000002,2800.0,6600.0
6,27,19,0.0,0.0,2800.0,6600.0
6,27,20,0.0,0.0,2800.0,6600.0
6,27,21,0.0,0.0,2800.0,6600.0
6,27,22,0.0,0.0,2800.0,6600.0
6,27,23,0.0,0.0,2800.0,6600.0
6,28,0,0.0,0.0,2800.0,6600.0
6,28,1,0.0,0.0,2800.0,6600.0
6,28,2,0.0,0.0,2800.0,6600.0
6,28,3,0.0,0.0,2800.0,6600.0
6,28,4,0.0,0.0,2800.0,6600.0
6,28,5,0.0,0.0,2800.0,6600.0
6,28,6,21.063264999999998,17.816101999999997,2800.0,6600.0
6,28,7,95.760133,81.242989,2800.0,6600.0
6,28,8,189.695258,160.70068799999999,2800.0,6600.0
6,28,9,269.564882,227.922807,2800.0,6600.0
6,28,10,330.438046,278.921741,2800.0,6600.0
6,28,11,368.02334499999995,310.270383,2800.0,6600.0
6,28,12,380.114591,320.333906,2800.0,6600.0
6,28,13,367.831347,310.072264,2800.0,6600.0
6,28,14,328.955873,277.611022,2800.0,6600.0
6,28,15,267.015066,225.695471,2800.0,6600.0
6,28,16,185.467954,157.036616,2800.0,6600.0
6,28,17,94.457261,80.032343,2800.0,6600.0
6,28,18,24.066651,20.33331,2800.0,6600.0
6,28,19,0.0,0.0,2800.0,6600.0
6,28,20,0.0,0.0,2800.0,6600.0
6,28,21,0.0,0.0,2800.0,6600.0
6,28,22,0.0,0.0,2800.0,6600.0
6,28,23,0.0,0.0,2800.0,6600.0
6,29,0,0.0,0.0,2145.5095856044995,2618.5353210133653
6,29,1,0.0,0.0,687.226207839785,838.7406473635172
6,29,2,0.0,0.0,71.8766678693094,87.7234922814406
6,29,3,0.0,0.0,2.0619278876906666,2.516526162142152
6,29,4,0.0,0.0,52.04244894371608,63.51637469508655
6,29,5,0.0,0.0,349.3284625537728,426.3457613845259
6,29,6,20.221837,17.114095000000002,881.5257965526516,1075.877940674496
6,29,7,92.849712,78.79116,475.7328897807615,580.6188812284884
6,29,8,183.300351,155.202764,460.3878697051685,561.8907071204812
6,29,9,259.923092,219.427824,1405.1461214803344,1714.9421167673372
6,29,10,315.41873100000004,265.69303,2800.0,6600.0
6,29,11,352.313737,296.402159,2800.0,6600.0
6,29,12,362.789001,305.190156,2800.0,6600.0
6,29,13,352.12611,296.396657,2800.0,6600.0
6,29,14,314.482993,265.09387599999997,2800.0,6600.0
6,29,15,255.04254600000002,215.373542,2800.0,6600.0
6,29,16,178.75851,151.242018,2800.0,6600.0
6,29,17,93.09274099999999,78.854515,2800.0,6600.0
6,29,18,24.326992999999998,20.556754,2800.0,6600.0
6,29,19,0.0,0.0,2800.0,6600.0
6,29,20,0.0,0.0,2800.0,6600.0
6,29,21,0.0,0.0,2800.0,6600.0
6,29,22,0.0,0.0,2800.0,6600.0
6,29,23,0.0,0.0,2800.0,6600.0
6,30,0,0.0,0.0,2800.0,4348.55720818164
6,30,1,0.0,0.0,2549.630956168769,3111.754316583931
6,30,2,0.0,0.0,2800.0,3794.137041985159
6,30,3,0.0,0.0,2800.0,5787.929644089762
6,30,4,0.0,0.0,2800.0,6600.0
6,30,5,0.0,0.0,2800.0,6600.0
6,30,6,19.992149,16.929533,2800.0,6600.0
6,30,7,91.955287,78.02638499999999,2800.0,6600.0
6,30,8,182.958372,154.699924,2800.0,6600.0
6,30,9,257.377586,216.48269699999997,2800.0,6600.0
6,30,10,309.52653399999997,258.842493,2800.0,6600.0
6,30,11,336.701302,280.193782,2800.0,6600.0
6,30,12,349.743006,290.92388400000004,2800.0,6600.0
6,30,13,339.263532,282.997908,2800.0,6600.0
6,30,14,309.846037,259.368858,2800.0,6600.0
6,30,15,254.57177,213.97907199999997,2800.0,6600.0
6,30,16,179.873224,151.752319,2800.0,6600.0
6,30,17,91.74018799999999,77.583454,2800.0,6600.0
6,30,18,23.84969,20.134014,2800.0,6600.0
6,30,19,0.0,0.0,2800.0,6600.0
6,30,20,0.0,0.0,2800.0,6600.0
6,30,21,0.0,0.0,2800.0,6600.0
6,30,22,0.0,0.0,2800.0,6600.0
6,30,23,0.0,0.0,2800.0,6600.0
7,1,0,0.0,0.0,2800.0,6600.0
7,1,1,0.0,0.0,2800.0,6600.0
7,1,2,0.0,0.0,2800.0,6600.0
7,1,3,0.0,0.0,2800.0,6600.0
7,1,4,0.0,0.0,2800.0,6600.0
7,1,5,0.0,0.0,2800.0,6600.0
7,1,6,17.776616,15.016935,2800.0,6600.0
7,1,7,88.228015,74.734463,2800.0,6600.0
7,1,8,174.513525,147.339606,2800.0,6600.0
7,1,9,247.911809,208.316411,2800.0,6600.0
7,1,10,291.421482,243.91205100000002,2800.0,6600.0
7,1,11,324.559006,270.888719,2800.0,6600.0
7,1,12,337.427805,281.640268,2800.0,6600.0
7,1,13,332.41258500000004,277.919759,2800.0,6600.0
7,1,14,300.99886499999997,252.492975,2800.0,6600.0
7,1,15,247.246186,208.121106,2800.0,6600.0
7,1,16,174.694522,147.494091,2800.0,6600.0
7,1,17,91.907158,77.718046,2800.0,6600.0
7,1,18,23.335155999999998,19.681728,2800.0,6600.0
7,1,19,0.0,0.0,2800.0,6600.0
7,1,20,0.0,0.0,2800.0,6600.0
7,1,21,0.0,0.0,2800.0,6600.0
7,1,22,0.0,0.0,2800.0,6600.0
7,1,23,0.0,0.0,2800.0,6600.0
7,2,0,0.0,0.0,2800.0,6600.0
7,2,1,0.0,0.0,2800.0,6600.0
7,2,2,0.0,0.0,2800.0,6600.0
7,2,3,0.0,0.0,2800.0,6600.0
7,2,4,0.0,0.0,2800.0,6600.0
7,2,5,0.0,0.0,2800.0,6600.0
7,2,6,15.841818,13.363144,2800.0,6600.0
7,2,7,84.585567,71.61835799999999,2800.0,6600.0
7,2,8,169.61228400000002,143.226281,2800.0,6600.0
7,2,9,243.436182,204.70310500000002,2800.0,6600.0
7,2,10,297.347337,249.047993,2800.0,6600.0
7,2,11,330.25142900000003,275.76978499999996,2800.0,6600.0
7,2,12,341.59737800000005,284.979396,2800.0,6600.0
7,2,13,336.789662,281.391905,2800.0,6600.0
7,2,14,300.325524,251.83894,2800.0,6600.0
7,2,15,251.93230799999998,211.967166,2800.0,6600.0
7,2,16,176.64628299999998,149.057311,2800.0,6600.0
7,2,17,91.573764,77.395647,2800.0,6600.0
7,2,18,23.95376,20.19638,2800.0,6600.0
7,2,19,0.0,0.0,2800.0,6600.0
7,2,20,0.0,0.0,2800.0,6600.0
7,2,21,0.0,0.0,2800.0,6600.0
7,2,22,0.0,0.0,2800.0,6600.0
7,2,23,0.0,0.0,2800.0,6600.0
7,3,0,0.0,0.0,2800.0,6600.0
7,3,1,0.0,0.0,2800.0,6600.0
7,3,2,0.0,0.0,2800.0,6600.0
7,3,3,0.0,0.0,2800.0,5876.06920203001
7,3,4,0.0,0.0,1901.3333359069868,2320.524937524275
7,3,5,0.0,0.0,324.6794129073232,396.2622755955519
7,3,6,15.871867,13.391378000000001,3.0015560628812588,3.663316454697599
7,3,7,84.67817,71.668982,90.95515204021434,111.00825642703326
7,3,8,168.11805900000002,141.616491,402.3068740231014,491.0044525478796
7,3,9,239.907296,201.061419,592.796019999516,723.4912055112203
7,3,10,297.675715,249.21698,1749.3017415377876,2134.9745664437564
7,3,11,331.794473,277.75812099999996,2800.0,6600.0
7,3,12,346.419772,290.222738,2800.0,6600.0
7,3,13,337.92019500000004,283.492433,2800.0,6600.0
7,3,14,307.59853999999996,258.546365,2800.0,6600.0
7,3,15,255.606647,215.324087,2800.0,6600.0
7,3,16,179.86377299999998,151.883357,2800.0,6600.0
7,3,17,93.029176,78.67403,2800.0,6600.0
7,3,18,24.318278999999997,20.517103,2800.0,6600.0
7,3,19,0.0,0.0,2800.0,6600.0
7,3,20,0.0,0.0,2800.0,6600.0
7,3,21,0.0,0.0,2800.0,6600.0
7,3,22,0.0,0.0,2800.0,6600.0
7,3,23,0.0,0.0,2800.0,6600.0
7,4,0,0.0,0.0,2800.0,6600.0
7,4,1,0.0,0.0,2800.0,6600.0
7,4,2,0.0,0.0,2800.0,6600.0
7,4,3,0.0,0.0,2800.0,5195.505086201954
7,4,4,0.0,0.0,2800.0,4276.483153260508
7,4,5,0.0,0.0,2409.744269793466,2941.0264710077745
7,4,6,18.572681,15.701939,1136.8810555802274,1387.531996967994
7,4,7,89.616253,75.997652,209.55296754900695,255.75362181178016
7,4,8,179.30838699999998,151.735133,30.94602468005788,37.7687702788108
7,4,9,255.22603,215.281662,228.03272895548625,278.3076613236249
7,4,10,308.369753,259.45896700000003,791.1870845831577,965.6220323652713
7,4,11,340.28217099999995,285.901829,1193.2453053765432,1456.323010498931
7,4,12,350.883905,294.691423,1749.3017415377876,2134.9745664437564
7,4,13,340.854647,286.38295400000004,2800.0,5195.505086201954
7,4,14,309.05869,260.003979,2800.0,6600.0
7,4,15,256.436147,216.144748,2800.0,6600.0
7,4,16,181.11972,153.024282,2800.0,6600.0
7,4,17,92.71658500000001,78.44663800000001,2800.0,6600.0
7,4,18,24.002886,20.259967,2800.0,6600.0
7,4,19,0.0,0.0,2800.0,6600.0
7,4,20,0.0,0.0,2800.0,6600.0
7,4,21,0.0,0.0,2800.0,6600.0
7,4,22,0.0,0.0,2800.0,6600.0
7,4,23,0.0,0.0,2800.0,6600.0
7,5,0,0.0,0.0,2800.0,6600.0
7,5,1,0.0,0.0,2800.0,6600.0
7,5,2,0.0,0.0,2800.0,6600.0
7,5,3,0.0,0.0,2800.0,6600.0
7,5,4,0.0,0.0,2800.0,4421.436551474658
7,5,5,0.0,0.0,2455.7891050857875,2997.2229235298983
7,5,6,18.249385999999998,15.429898,2800.0,5700.675903358588
7,5,7,89.886364,76.234925,2800.0,6237.575082367505
7,5,8,182.623628,154.50997700000002,2800.0,5528.8079782263085
7,5,9,252.360585,212.752791,2800.0,4875.874201202505
7,5,10,302.999486,254.803786,2800.0,6600.0
7,5,11,333.39034000000004,280.036761,2800.0,6600.0
7,5,12,342.448584,287.549223,2800.0,6600.0
7,5,13,330.082962,277.228654,2800.0,6600.0
7,5,14,294.501311,247.60765,2800.0,6600.0
7,5,15,236.56485899999998,199.29843499999998,2800.0,6600.0
7,5,16,166.35726699999998,140.43614300000002,2800.0,6600.0
7,5,17,94.274329,79.703508,2800.0,6600.0
7,5,18,28.274645,23.865796999999997,2800.0,6600.0
7,5,19,0.0,0.0,2800.0,6600.0
7,5,20,0.0,0.0,2800.0,6600.0
7,5,21,0.0,0.0,2800.0,6600.0
7,5,22,0.0,0.0,2800.0,6600.0
7,5,23,0.0,0.0,2800.0,5033.998538121269
7,6,0,0.0,0.0,2800.0,4644.951049827907
7,6,1,0.0,0.0,2800.0,3794.137041985159
7,6,2,0.0,0.0,1940.6700324713545,2368.5342915988967
7,6,3,0.0,0.0,727.6412163217148,888.0660514162661
7,6,4,0.0,0.0,183.74862734385428,224.2601357346253
7,6,5,0.0,0.0,257.74098596133337,314.56577026776904
7,6,6,15.590141,13.167534,748.4297260208111,913.4378545923286
7,6,7,84.393944,71.51332000000001,416.3395915497286,508.1309975606924
7,6,8,151.46226199999998,127.98306,71.8766678693094,87.7234922814406
7,6,9,198.661818,167.200954,1.0557070784976212,1.2884613950167818
7,6,10,237.83470499999999,199.322282,21.955408148130225,26.795970574489644
7,6,11,264.508408,221.083987,592.796019999516,723.4912055112203
7,6,12,276.03171999999995,230.945567,2800.0,6600.0
7,6,13,275.136505,230.68798800000002,2800.0,6600.0
7,6,14,246.982913,207.626064,2800.0,6600.0
7,6,15,191.48333,161.389856,2800.0,6600.0
7,6,16,128.475638,108.49226700000001,2800.0,6600.0
7,6,17,74.796564,63.20655,2800.0,6600.0
7,6,18,25.550801,21.549758,2800.0,6600.0
7,6,19,0.0,0.0,2800.0,6600.0
7,6,20,0.0,0.0,2800.0,6600.0
7,6,21,0.0,0.0,2800.0,6600.0
7,6,22,0.0,0.0,2800.0,6600.0
7,6,23,0.0,0.0,2800.0,6600.0
7,7,0,0.0,0.0,2800.0,6600.0
7,7,1,0.0,0.0,2800.0,6600.0
7,7,2,0.0,0.0,2800.0,6330.21083371745
7,7,3,0.0,0.0,2800.0,3794.137041985159
7,7,4,0.0,0.0,2800.0,3599.0492231594667
7,7,5,0.0,0.0,2800.0,6600.0
7,7,6,15.901738,13.416537,2800.0,6600.0
7,7,7,46.938185,39.713774,2800.0,6600.0
7,7,8,79.770872,67.441315,2800.0,6600.0
7,7,9,148.14535,124.886345,2800.0,6600.0
7,7,10,211.857583,177.831052,2800.0,6600.0
7,7,11,267.536729,223.87303500000002,2800.0,6600.0
7,7,12,307.403827,256.931292,2800.0,6600.0
7,7,13,310.59022,260.029482,2800.0,6600.0
7,7,14,281.32277500000004,236.190268,2800.0,6600.0
7,7,15,228.76657600000001,192.535273,2800.0,6600.0
7,7,16,167.618856,141.36774,2800.0,6600.0
7,7,17,90.63154899999999,76.542445,2800.0,6600.0
7,7,18,24.437749,20.58559,2800.0,6600.0
7,7,19,0.0,0.0,2800.0,6600.0
7,7,20,0.0,0.0,2800.0,6600.0
7,7,21,0.0,0.0,2800.0,6518.224790706034
7,7,22,0.0,0.0,1082.3203053763452,1320.942104986878
7,7,23,0.0,0.0,1109.377075854021,1353.9641476958525
7,8,0,0.0,0.0,1824.2618316438895,2226.4612905889994
7,8,1,0.0,0.0,2364.2786071344885,2885.536882723194
7,8,2,0.0,0.0,2061.927887690667,2516.5261621421523
7,8,3,0.0,0.0,1570.9465066065366,1917.296917511915
7,8,4,0.0,0.0,1786.5196926460033,2180.398050079768
7,8,5,0.0,0.0,2744.426018516277,3349.496321811205
7,8,6,13.608433000000002,11.460705,2800.0,5444.184846176627
7,8,7,55.743126,47.155252999999995,2800.0,6600.0
7,8,8,121.480628,102.703052,2800.0,6600.0
7,8,9,205.128287,172.845879,2800.0,6600.0
7,8,10,271.41833,227.68812899999998,2800.0,6600.0
7,8,11,312.748669,261.482687,2800.0,6600.0
7,8,12,320.256548,267.658643,2800.0,6600.0
7,8,13,307.568058,257.356264,2800.0,6600.0
7,8,14,278.169614,233.292293,2800.0,6600.0
7,8,15,234.060007,196.758508,2800.0,6600.0
7,8,16,170.34807500000002,143.535596,2800.0,6600.0
7,8,17,96.792862,81.67539,2800.0,6600.0
7,8,18,23.146995999999998,19.472893,2800.0,6600.0
7,8,19,0.0,0.0,2800.0,6600.0
7,8,20,0.0,0.0,2800.0,6600.0
7,8,21,0.0,0.0,2800.0,6600.0
7,8,22,0.0,0.0,2800.0,6600.0
7,8,23,0.0,0.0,2800.0,6600.0
7,9,0,0.0,0.0,2800.0,6600.0
7,9,1,0.0,0.0,2800.0,6600.0
7,9,2,0.0,0.0,2800.0,6600.0
7,9,3,0.0,0.0,2800.0,6600.0
7,9,4,0.0,0.0,2800.0,6600.0
7,9,5,0.0,0.0,2800.0,4569.628998473504
7,9,6,16.201158,13.665142,2800.0,3996.150340809066
7,9,7,85.14941,72.122447,1862.5318241810248,2273.168761795739
7,9,8,175.223962,148.13916500000002,769.610460224766,939.288356967234
7,9,9,250.70294,211.29326,2800.0,3663.3164546975977
7,9,10,303.053896,254.666097,2800.0,6600.0
7,9,11,337.754074,283.173918,2800.0,6600.0
7,9,12,347.628334,291.024773,2800.0,6600.0
7,9,13,340.313247,284.877887,2800.0,6600.0
7,9,14,305.352244,256.015577,2800.0,6600.0
7,9,15,248.752725,209.012169,2800.0,6600.0
7,9,16,174.914819,147.308174,2800.0,6600.0
7,9,17,89.865083,75.773767,2800.0,6600.0
7,9,18,27.516071,23.148894,2800.0,6600.0
7,9,19,0.0,0.0,2800.0,6600.0
7,9,20,0.0,0.0,2800.0,6600.0
7,9,21,0.0,0.0,2800.0,3860.699345383164
7,9,22,0.0,0.0,1605.5985030100696,1959.588724146148
7,9,23,0.0,0.0,687.226207839785,838.7406473635172
7,10,0,0.0,0.0,175.6432651850418,214.36776459591715
7,10,1,0.0,0.0,388.5930680097703,474.2671302481448
7,10,2,0.0,0.0,2103.4419801044355,2567.192967843996
7,10,3,0.0,0.0,2800.0,6600.0
7,10,4,0.0,0.0,2800.0,6600.0
7,10,5,0.0,0.0,2800.0,6600.0
7,10,6,14.576998999999999,12.275204,2800.0,6600.0
7,10,7,83.028312,70.26074899999999,2800.0,6600.0
7,10,8,169.06032000000002,142.800935,2800.0,6600.0
7,10,9,242.792054,204.37619899999999,2800.0,6600.0
7,10,10,298.475158,250.364764,2800.0,6600.0
7,10,11,330.94118699999996,276.780698,2800.0,6600.0
7,10,12,339.03817499999997,283.05093800000003,2800.0,6600.0
7,10,13,327.521207,273.365023,2800.0,6600.0
7,10,14,294.052289,246.03496299999998,2800.0,6600.0
7,10,15,241.185766,202.59956599999998,2800.0,6600.0
7,10,16,170.815029,143.955818,2800.0,6600.0
7,10,17,89.501282,75.557272,2800.0,6600.0
7,10,18,22.589234,19.015753,2800.0,6600.0
7,10,19,0.0,0.0,2800.0,6600.0
7,10,20,0.0,0.0,2800.0,6600.0
7,10,21,0.0,0.0,2800.0,6423.759245222193
7,10,22,0.0,0.0,1437.3238044186396,1754.214092007001
7,10,23,0.0,0.0,687.226207839785,838.7406473635172
7,11,0,0.0,0.0,247.56819744046305,302.1501622304864
7,11,1,0.0,0.0,192.09958802440056,234.45225310064637
7,11,2,0.0,0.0,507.4383148650858,619.3144787723488
7,11,3,0.0,0.0,1503.1454301264964,1834.5475722016292
7,11,4,0.0,0.0,2800.0,5033.998538121269
7,11,5,0.0,0.0,2800.0,6600.0
7,11,6,13.113453999999999,11.034773999999999,2800.0,6600.0
7,11,7,80.710569,68.264213,2800.0,6600.0
7,11,8,166.403824,140.363992,2800.0,6600.0
7,11,9,240.329993,201.858988,2800.0,6600.0
7,11,10,299.131995,250.566258,2800.0,6600.0
7,11,11,337.303899,282.334474,2800.0,6600.0
7,11,12,352.486669,295.16297499999996,2800.0,6600.0
7,11,13,345.863588,289.902995,2800.0,6600.0
7,11,14,310.354158,260.580246,2800.0,6600.0
7,11,15,253.550142,213.323958,2800.0,6600.0
7,11,16,178.00673,150.078973,2800.0,6600.0
7,11,17,91.288852,77.07898399999999,2800.0,6600.0
7,11,18,23.321984,19.643352999999998,2800.0,6600.0
7,11,19,0.0,0.0,2800.0,6600.0
7,11,20,0.0,0.0,2800.0,6600.0
7,11,21,0.0,0.0,2800.0,3860.699345383164
7,11,22,0.0,0.0,707.2412654778989,863.1684736147585
7,11,23,0.0,0.0,107.29111938509163,130.9458543676315
7,12,0,0.0,0.0,375.1945078601572,457.9145568371997
7,12,1,0.0,0.0,2020.963642713616,2466.530430083547
7,12,2,0.0,0.0,2800.0,6600.0
7,12,3,0.0,0.0,2800.0,6600.0
7,12,4,0.0,0.0,2800.0,6600.0
7,12,5,0.0,0.0,2800.0,6600.0
7,12,6,14.364908,12.112439,2800.0,6600.0
7,12,7,83.03852099999999,70.29614699999999,2800.0,6600.0
7,12,8,171.145394,144.421947,2800.0,6600.0
7,12,9,244.716285,205.425679,2800.0,6600.0
7,12,10,300.322885,251.10460999999998,2800.0,6600.0
7,12,11,335.584983,280.12305200000003,2800.0,6600.0
7,12,12,350.762004,292.960396,2800.0,6600.0
7,12,13,340.261371,284.661697,2800.0,6600.0
7,12,14,306.087631,256.64703099999997,2800.0,6600.0
7,12,15,249.635615,209.86760999999998,2800.0,6600.0
7,12,16,175.515802,147.954546,2800.0,6600.0
7,12,17,90.82184299999999,76.696273,2800.0,6600.0
7,12,18,23.103411,19.462880000000002,2800.0,6600.0
7,12,19,0.0,0.0,2800.0,6600.0
7,12,20,0.0,0.0,2800.0,6600.0
7,12,21,0.0,0.0,2800.0,6600.0
7,12,22,0.0,0.0,2800.0,6600.0
7,12,23,0.0,0.0,2800.0,6518.224790706034
7,13,0,0.0,0.0,1901.3333359069868,2320.524937524275
7,13,1,0.0,0.0,475.7328897807615,580.6188812284884
7,13,2,0.0,0.0,85.90327597997313,104.84258092043964
7,13,3,0.0,0.0,430.6948862392302,525.6512391108714
7,13,4,0.0,0.0,2145.5095856044995,2618.5353210133653
7,13,5,0.0,0.0,2800.0,6600.0
7,13,6,13.627319,11.491933000000001,2800.0,6600.0
7,13,7,82.045056,69.534249,2800.0,6600.0
7,13,8,169.287901,143.21163,2800.0,6600.0
7,13,9,244.397445,205.994677,2800.0,6600.0
7,13,10,298.168696,250.099581,2800.0,6600.0
7,13,11,327.766683,273.65483,2800.0,6600.0
7,13,12,336.245805,280.02439000000004,2800.0,6600.0
7,13,13,330.263418,275.460448,2800.0,6600.0
7,13,14,298.888539,250.244698,2800.0,6600.0
7,13,15,245.77964799999998,206.56357,2800.0,6600.0
7,13,16,172.845584,145.722173,2800.0,6600.0
7,13,17,89.633798,75.694592,2800.0,6600.0
7,13,18,23.25223,19.582441,2800.0,6600.0
7,13,19,0.0,0.0,2800.0,6600.0
7,13,20,0.0,0.0,2800.0,6600.0
7,13,21,0.0,0.0,2800.0,6600.0
7,13,22,0.0,0.0,2800.0,6600.0
7,13,23,0.0,0.0,2800.0,6600.0
7,14,0,0.0,0.0,1980.545579523704,2417.201297843891
7,14,1,0.0,0.0,1749.3017415377876,2134.9745664437564
7,14,2,0.0,0.0,2800.0,6600.0
7,14,3,0.0,0.0,2800.0,6600.0
7,14,4,0.0,0.0,2800.0,6600.0
7,14,5,0.0,0.0,2800.0,6600.0
7,14,6,6.512465,5.462938,2800.0,6600.0
7,14,7,71.38339,60.476079,2800.0,6600.0
7,14,8,151.73360699999998,128.430583,2800.0,6600.0
7,14,9,224.294313,189.374843,2800.0,6600.0
7,14,10,291.046202,244.871823,2800.0,6600.0
7,14,11,322.204289,270.094802,2800.0,6600.0
7,14,12,328.508327,274.542161,2800.0,6600.0
7,14,13,316.399844,263.96181199999995,2800.0,6600.0
7,14,14,283.23673599999995,236.611595,2694.829168782761,3288.9647335537634
7,14,15,233.18331799999999,195.509125,953.6162939806846,1163.862406039418
7,14,16,166.21246299999999,139.932432,1980.545579523704,2417.201297843891
7,14,17,88.639996,74.80729799999999,2800.0,6600.0
7,14,18,21.02627,17.693384,2800.0,6600.0
7,14,19,0.0,0.0,2800.0,6600.0
7,14,20,0.0,0.0,2800.0,6600.0
7,14,21,0.0,0.0,2800.0,6600.0
7,14,22,0.0,0.0,2800.0,6600.0
7,14,23,0.0,0.0,2800.0,6600.0
7,15,0,0.0,0.0,2800.0,6600.0
7,15,1,0.0,0.0,2800.0,6600.0
7,15,2,0.0,0.0,2800.0,6600.0
7,15,3,0.0,0.0,2800.0,6600.0
7,15,4,0.0,0.0,2800.0,6600.0
7,15,5,0.0,0.0,2800.0,6600.0
7,15,6,3.5084009999999997,2.9192489999999998,2800.0,6600.0
7,15,7,-0.0,-0.0,2800.0,6600.0
7,15,8,148.327702,125.47287399999999,2800.0,6600.0
7,15,9,221.94968799999998,187.264117,2800.0,6600.0
7,15,10,280.368653,235.785408,2800.0,6600.0
7,15,11,314.81228100000004,263.95030599999996,2800.0,6600.0
7,15,12,327.378825,274.024158,2800.0,6600.0
7,15,13,299.015843,250.509117,2800.0,6600.0
7,15,14,268.178883,225.08173499999998,2800.0,6600.0
7,15,15,202.813818,170.738812,2800.0,6600.0
7,15,16,151.031588,127.380413,2800.0,6600.0
7,15,17,90.327715,76.26247199999999,2800.0,6600.0
7,15,18,23.152421999999998,19.492684,2800.0,6600.0
7,15,19,0.0,0.0,2800.0,6600.0
7,15,20,0.0,0.0,2800.0,6600.0
7,15,21,0.0,0.0,2800.0,6600.0
7,15,22,0.0,0.0,2800.0,6600.0
7,15,23,0.0,0.0,2800.0,6600.0
7,16,0,0.0,0.0,2800.0,4134.733013236745
7,16,1,0.0,0.0,1082.3203053763452,1320.942104986878
7,16,2,0.0,0.0,2800.0,6600.0
7,16,3,0.0,0.0,2800.0,6600.0
7,16,4,0.0,0.0,2800.0,6600.0
7,16,5,0.0,0.0,2800.0,6600.0
7,16,6,10.613304,8.926402,2800.0,6600.0
7,16,7,77.73893799999999,65.81031,2800.0,6600.0
7,16,8,163.028619,137.73646100000002,2800.0,6600.0
7,16,9,236.07969,198.48169000000001,2800.0,6600.0
7,16,10,290.825418,243.002691,2800.0,6600.0
7,16,11,324.00534000000005,269.849525,2800.0,6600.0
7,16,12,342.08553,285.31432900000004,2800.0,6600.0
7,16,13,337.095931,281.942796,2800.0,6600.0
7,16,14,305.92026500000003,256.653956,2800.0,6600.0
7,16,15,250.856982,211.062168,2800.0,6600.0
7,16,16,176.934754,149.271786,2800.0,6600.0
7,16,17,92.13939900000001,77.850993,2800.0,6600.0
7,16,18,23.213065999999998,19.558179,2800.0,6600.0
7,16,19,0.0,0.0,2800.0,6600.0
7,16,20,0.0,0.0,2800.0,6600.0
7,16,21,0.0,0.0,2800.0,6600.0
7,16,22,0.0,0.0,2800.0,6600.0
7,16,23,0.0,0.0,2800.0,6330.21083371745
7,17,0,0.0,0.0,2597.435303258585,3170.098204764415
7,17,1,0.0,0.0,475.7328897807615,580.6188812284884
7,17,2,0.0,0.0,96.20130752809575,117.41104462090426
7,17,3,0.0,0.0,2800.0,3472.7785151730586
7,17,4,0.0,0.0,2800.0,6600.0
7,17,5,0.0,0.0,2800.0,6600.0
7,17,6,12.435073000000001,10.473065,2800.0,6600.0
7,17,7,80.605864,68.269075,2800.0,6600.0
7,17,8,168.778042,142.744723,2800.0,6600.0
7,17,9,246.36250399999997,207.758904,2800.0,6600.0
7,17,10,298.236951,250.787992,2800.0,6600.0
7,17,11,333.715125,279.867665,2800.0,6600.0
7,17,12,339.691634,284.557372,2800.0,6600.0
7,17,13,337.987322,282.959693,2800.0,6600.0
7,17,14,303.676973,254.656296,2800.0,6600.0
7,17,15,247.89066699999998,208.424299,2800.0,6600.0
7,17,16,174.413669,147.026876,2800.0,6600.0
7,17,17,90.66780899999999,76.539838,2800.0,6600.0
7,17,18,22.797003,19.186687999999997,2800.0,6600.0
7,17,19,0.0,0.0,2800.0,6330.21083371745
7,17,20,0.0,0.0,2597.435303258585,3170.098204764415
7,17,21,0.0,0.0,2231.3199984618277,2723.264565051836
7,17,22,0.0,0.0,2800.0,5700.675903358588
7,17,23,0.0,0.0,2800.0,6600.0
7,18,0,0.0,0.0,2800.0,6600.0
7,18,1,0.0,0.0,2800.0,6600.0
7,18,2,0.0,0.0,2800.0,5360.429636038867
7,18,3,0.0,0.0,2800.0,4421.436551474658
7,18,4,0.0,0.0,2800.0,4134.733013236745
7,18,5,0.0,0.0,2800.0,4205.209912886971
7,18,6,10.73674,9.046334,2800.0,6600.0
7,18,7,79.50846,67.402179,2800.0,6600.0
7,18,8,166.61037100000001,140.997444,2800.0,6600.0
7,18,9,241.34293,203.469562,2800.0,6600.0
7,18,10,295.465213,247.791457,2800.0,6600.0
7,18,11,325.02279599999997,271.220346,2800.0,5033.998538121269
7,18,12,331.64974,275.77924,2800.0,6600.0
7,18,13,324.197115,270.038946,2800.0,6600.0
7,18,14,295.69541100000004,247.19987,2800.0,6600.0
7,18,15,244.164443,204.901682,2800.0,6600.0
7,18,16,171.870723,144.73149600000002,2800.0,6600.0
7,18,17,89.56916899999999,75.571294,2800.0,6600.0
7,18,18,22.266358,18.732749,2800.0,6600.0
7,18,19,0.0,0.0,2800.0,6600.0
7,18,20,0.0,0.0,2800.0,6600.0
7,18,21,0.0,0.0,2800.0,6600.0
7,18,22,0.0,0.0,2800.0,3728.344236364732
7,18,23,0.0,0.0,2319.3884514592746,2830.7496848518704
7,19,0,0.0,0.0,1901.3333359069868,2320.524937524275
7,19,1,0.0,0.0,1469.9890187508342,1794.0810858770024
7,19,2,0.0,0.0,1373.4523042863404,1676.2606863337226
7,19,3,0.0,0.0,1824.2618316438895,2226.4612905889994
7,19,4,0.0,0.0,2597.435303258585,3170.098204764415
7,19,5,0.0,0.0,2800.0,3599.0492231594667
7,19,6,11.356896,9.562816000000002,2800.0,4721.09628485135
7,19,7,79.974318,67.732962,2800.0,5528.8079782263085
7,19,8,166.92098000000001,140.97189699999998,2800.0,4276.483153260508
7,19,9,239.591592,201.140695,2800.0,3928.035620383037
7,19,10,290.560543,242.37398000000002,2800.0,6600.0
7,19,11,325.114423,270.729254,2800.0,6600.0
7,19,12,340.685538,283.936547,2800.0,6600.0
7,19,13,336.855322,281.17211499999996,2800.0,6600.0
7,19,14,304.589858,254.965622,2800.0,6600.0
7,19,15,249.930676,209.88781400000002,2800.0,6600.0
7,19,16,175.879856,148.158385,2800.0,6600.0
7,19,17,90.55752000000001,76.41585,2800.0,6600.0
7,19,18,22.46342,18.903525000000002,2800.0,6600.0
7,19,19,0.0,0.0,2800.0,6600.0
7,19,20,0.0,0.0,2800.0,6600.0
7,19,21,0.0,0.0,2800.0,6600.0
7,19,22,0.0,0.0,2800.0,6600.0
7,19,23,0.0,0.0,2800.0,6600.0
7,20,0,0.0,0.0,2800.0,6600.0
7,20,1,0.0,0.0,2800.0,6600.0
7,20,2,0.0,0.0,2800.0,6600.0
7,20,3,0.0,0.0,2800.0,6600.0
7,20,4,0.0,0.0,2800.0,6600.0
7,20,5,0.0,0.0,2800.0,6600.0
7,20,6,12.763767,10.750035,2800.0,6600.0
7,20,7,81.63811100000001,69.100087,2800.0,6600.0
7,20,8,169.728274,143.194771,2800.0,6600.0
7,20,9,241.077,202.02593599999997,2800.0,6600.0
7,20,10,291.61987,243.009633,2800.0,6600.0
7,20,11,328.720815,273.66598200000004,2800.0,6600.0
7,20,12,346.508831,288.951052,2800.0,6600.0
7,20,13,341.654264,285.593595,2800.0,6600.0
7,20,14,309.00549,258.963022,2800.0,6600.0
7,20,15,252.82026000000002,212.455271,2800.0,6600.0
7,20,16,177.823283,149.828588,2800.0,6600.0
7,20,17,90.66,76.51774499999999,2800.0,6600.0
7,20,18,22.035955,18.545641,2800.0,6600.0
7,20,19,0.0,0.0,2800.0,6600.0
7,20,20,0.0,0.0,2800.0,6600.0
7,20,21,0.0,0.0,2800.0,6600.0
7,20,22,0.0,0.0,2800.0,6600.0
7,20,23,0.0,0.0,2800.0,6600.0
7,21,0,0.0,0.0,1605.5985030100696,1959.588724146148
7,21,1,0.0,0.0,1469.9890187508342,1794.0810858770024
7,21,2,0.0,0.0,2800.0,6600.0
7,21,3,0.0,0.0,2800.0,6600.0
7,21,4,0.0,0.0,2800.0,6600.0
7,21,5,0.0,0.0,2800.0,6600.0
7,21,6,11.705787,9.856386,2800.0,6600.0
7,21,7,79.388751,67.23936599999999,2800.0,6600.0
7,21,8,166.863198,141.095948,2800.0,6600.0
7,21,9,242.774798,204.541004,2800.0,6600.0
7,21,10,297.927643,249.887176,1193.2453053765432,1456.323010498931
7,21,11,328.96458399999995,274.70921000000004,1029.5337295682716,1256.5175439612765
7,21,12,336.51852,280.149966,2800.0,6600.0
7,21,13,325.73152500000003,271.178381,2800.0,6600.0
7,21,14,294.93435600000004,246.286212,2800.0,6600.0
7,21,15,245.12678,205.75357,2800.0,6600.0
7,21,16,174.483724,147.06573999999998,2800.0,6600.0
7,21,17,90.63356200000001,76.541516,2800.0,6600.0
7,21,18,21.98239,18.510062,2800.0,6600.0
7,21,19,0.0,0.0,2800.0,6600.0
7,21,20,0.0,0.0,2800.0,6600.0
7,21,21,0.0,0.0,2800.0,6600.0
7,21,22,0.0,0.0,2800.0,6600.0
7,21,23,0.0,0.0,2800.0,6600.0
7,22,0,0.0,0.0,2800.0,6600.0
7,22,1,0.0,0.0,2800.0,6600.0
7,22,2,0.0,0.0,2800.0,6600.0
7,22,3,0.0,0.0,2800.0,6600.0
7,22,4,0.0,0.0,2800.0,6600.0
7,22,5,0.0,0.0,2800.0,6600.0
7,22,6,-0.0,-0.0,2800.0,6600.0
7,22,7,53.008312,44.843835,2800.0,6600.0
7,22,8,133.039027,112.560374,2800.0,6600.0
7,22,9,207.881448,175.52856400000002,2800.0,6600.0
7,22,10,273.658691,230.473593,2800.0,4348.55720818164
7,22,11,310.98940799999997,261.448764,2800.0,3535.5380679260493
7,22,12,325.300735,273.286859,2800.0,6600.0
7,22,13,336.56024699999995,282.55179599999997,2800.0,6600.0
7,22,14,301.02909000000005,252.98572000000001,2800.0,6600.0
7,22,15,243.235808,204.74201000000002,2800.0,6600.0
7,22,16,171.362105,144.518501,2800.0,6600.0
7,22,17,46.829581,39.512602,2800.0,6600.0
7,22,18,-0.0,-0.0,2800.0,6600.0
7,22,19,0.0,0.0,2800.0,6600.0
7,22,20,0.0,0.0,2800.0,6600.0
7,22,21,0.0,0.0,2800.0,6600.0
7,22,22,0.0,0.0,2800.0,6600.0
7,22,23,0.0,0.0,2800.0,6600.0
7,23,0,0.0,0.0,2800.0,5033.998538121269
7,23,1,0.0,0.0,152.76411334322614,186.4443903007878
7,23,2,0.0,0.0,575.0133429544752,701.7879382515248
7,23,3,0.0,0.0,2800.0,5277.537873988738
7,23,4,0.0,0.0,2800.0,6600.0
7,23,5,0.0,0.0,2800.0,6600.0
7,23,6,10.20448,8.58118,2800.0,6600.0
7,23,7,78.031364,66.03536199999999,2800.0,6600.0
7,23,8,164.983956,139.325938,2800.0,6600.0
7,23,9,245.261068,206.465862,2800.0,6600.0
7,23,10,300.996865,252.91228700000002,2800.0,4954.515830178791
7,23,11,341.257286,286.408099,63.42978935813572,77.4143098465436
7,23,12,355.928091,298.607732,610.9415963527902,745.6373813754526
7,23,13,339.239485,284.735854,2800.0,6600.0
7,23,14,303.924885,255.360676,2800.0,6600.0
7,23,15,246.771571,207.704553,2800.0,6600.0
7,23,16,174.525626,147.196005,2800.0,6600.0
7,23,17,90.660691,76.582004,2800.0,6600.0
7,23,18,21.836465,18.391495,2800.0,6600.0
7,23,19,0.0,0.0,2800.0,6600.0
7,23,20,0.0,0.0,2800.0,6600.0
7,23,21,0.0,0.0,2800.0,6600.0
7,23,22,0.0,0.0,2800.0,6600.0
7,23,23,0.0,0.0,2800.0,6600.0
7,24,0,0.0,0.0,2800.0,6600.0
7,24,1,0.0,0.0,2800.0,6600.0
7,24,2,0.0,0.0,2800.0,6600.0
7,24,3,0.0,0.0,2800.0,6600.0
7,24,4,0.0,0.0,2800.0,6600.0
7,24,5,0.0,0.0,2800.0,6600.0
7,24,6,10.989541,9.255439,2800.0,6600.0
7,24,7,79.234505,67.11460000000001,2800.0,6600.0
7,24,8,169.58270199999998,143.293684,2800.0,6600.0
7,24,9,246.47024199999998,207.42634,2800.0,6600.0
7,24,10,306.08105800000004,256.79958799999997,2800.0,6600.0
7,24,11,344.386619,288.58562800000004,2231.3199984618277,2723.264565051836
7,24,12,360.241745,301.851051,1676.4237403920558,2046.0289744942413
7,24,13,345.854915,290.108242,2800.0,6600.0
7,24,14,311.318062,261.518748,2800.0,6600.0
7,24,15,254.04810500000002,213.808432,2800.0,6600.0
7,24,16,177.70131899999998,149.904255,2800.0,6600.0
7,24,17,91.351689,77.19042,2800.0,6600.0
7,24,18,21.828875,18.395793,2800.0,6600.0
7,24,19,0.0,0.0,2800.0,6600.0
7,24,20,0.0,0.0,2800.0,6600.0
7,24,21,0.0,0.0,2800.0,6600.0
7,24,22,0.0,0.0,2800.0,6600.0
7,24,23,0.0,0.0,748.4297260208111,913.4378545923286
7,25,0,0.0,0.0,336.8536460978451,411.1205916942204
7,25,1,0.0,0.0,1281.237390674447,1563.7149256262935
7,25,2,0.0,0.0,2800.0,5033.998538121269
7,25,3,0.0,0.0,2800.0,6600.0
7,25,4,0.0,0.0,2800.0,6600.0
7,25,5,0.0,0.0,2800.0,6600.0
7,25,6,11.062014,9.322536,2800.0,6600.0
7,25,7,79.99685099999999,67.784984,2800.0,6600.0
7,25,8,172.228905,145.49381,2800.0,6600.0
7,25,9,245.441985,206.197905,2800.0,6600.0
7,25,10,293.576751,245.45407600000001,2800.0,6600.0
7,25,11,325.512027,272.069614,2800.0,6600.0
7,25,12,352.973625,295.152051,2800.0,6600.0
7,25,13,342.526537,286.739726,2800.0,6600.0
7,25,14,308.024686,258.370115,2800.0,6600.0
7,25,15,251.36632500000002,211.44068900000002,2800.0,6600.0
7,25,16,176.48824100000002,148.928775,2800.0,6600.0
7,25,17,90.69678200000001,76.68384,2800.0,6600.0
7,25,18,21.363111,18.009584999999998,2800.0,6600.0
7,25,19,0.0,0.0,2800.0,6600.0
7,25,20,0.0,0.0,2800.0,6600.0
7,25,21,0.0,0.0,2800.0,6600.0
7,25,22,0.0,0.0,2800.0,6600.0
7,25,23,0.0,0.0,2800.0,6600.0
7,26,0,0.0,0.0,2800.0,6600.0
7,26,1,0.0,0.0,2800.0,6600.0
7,26,2,0.0,0.0,2800.0,6600.0
7,26,3,0.0,0.0,2800.0,6600.0
7,26,4,0.0,0.0,2800.0,6600.0
7,26,5,0.0,0.0,2800.0,6600.0
7,26,6,6.482367,5.440423,2800.0,6600.0
7,26,7,74.759811,63.303616999999996,2800.0,6600.0
7,26,8,159.092547,134.389209,2800.0,6600.0
7,26,9,232.26090599999998,195.480807,2800.0,6600.0
7,26,10,297.867936,249.93001800000002,2800.0,6600.0
7,26,11,336.85503600000004,282.257429,1980.545579523704,2417.201297843891
7,26,12,352.50487599999997,295.301053,1605.5985030100696,1959.588724146148
7,26,13,344.619038,288.939691,2800.0,6600.0
7,26,14,309.913572,260.334882,2800.0,6600.0
7,26,15,252.882017,212.999185,2800.0,6600.0
7,26,16,176.973106,149.470695,2800.0,6600.0
7,26,17,92.097458,77.91028999999999,2800.0,6600.0
7,26,18,21.273284,17.940033,2800.0,6600.0
7,26,19,0.0,0.0,2800.0,6600.0
7,26,20,0.0,0.0,2800.0,6600.0
7,26,21,0.0,0.0,2800.0,6600.0
7,26,22,0.0,0.0,2800.0,6600.0
7,26,23,0.0,0.0,2800.0,6600.0
7,27,0,0.0,0.0,2800.0,6600.0
7,27,1,0.0,0.0,2800.0,6600.0
7,27,2,0.0,0.0,2800.0,6600.0
7,27,3,0.0,0.0,2800.0,6600.0
7,27,4,0.0,0.0,2800.0,6600.0
7,27,5,0.0,0.0,2800.0,6600.0
7,27,6,5.3517719999999995,4.4820590000000005,2800.0,6600.0
7,27,7,72.18460400000001,61.150134,2800.0,6600.0
7,27,8,158.69638,134.204951,2800.0,6600.0
7,27,9,235.319549,198.26632199999997,2800.0,6423.759245222193
7,27,10,293.24289899999997,245.978708,430.6948862392302,525.6512391108714
7,27,11,326.042734,272.51946000000004,200.6998128762587,244.94859051826847
7,27,12,338.720275,282.73881900000003,2800.0,4421.436551474658
7,27,13,329.35912,275.26916600000004,2800.0,6600.0
7,27,14,301.377561,252.47394699999998,2800.0,6600.0
7,27,15,242.896154,204.143823,2800.0,6600.0
7,27,16,172.485102,145.417663,2800.0,6600.0
7,27,17,83.36872199999999,70.425784,2800.0,6600.0
7,27,18,18.015760999999998,15.161907,2800.0,6600.0
7,27,19,0.0,0.0,2800.0,6600.0
7,27,20,0.0,0.0,2800.0,6600.0
7,27,21,0.0,0.0,2800.0,6600.0
7,27,22,0.0,0.0,2800.0,6600.0
7,27,23,0.0,0.0,2800.0,6600.0
7,28,0,0.0,0.0,2800.0,6600.0
7,28,1,0.0,0.0,2800.0,6600.0
7,28,2,0.0,0.0,2800.0,6600.0
7,28,3,0.0,0.0,2800.0,6600.0
7,28,4,0.0,0.0,2800.0,6600.0
7,28,5,0.0,0.0,2800.0,6600.0
7,28,6,6.875871,5.775942,2800.0,6600.0
7,28,7,74.972887,63.56933,2800.0,6600.0
7,28,8,164.148595,138.978533,2800.0,6600.0
7,28,9,242.90014000000002,204.92344599999998,2800.0,6600.0
7,28,10,292.729333,245.960171,1281.237390674447,1563.7149256262935
7,28,11,327.748163,274.384809,107.29111938509163,130.9458543676315
7,28,12,340.128749,284.38815999999997,835.542666361563,1019.7567975278918
7,28,13,330.258719,276.26876899999996,2800.0,6600.0
7,28,14,297.54909100000003,249.466826,2800.0,6600.0
7,28,15,243.164579,204.51606700000002,2800.0,6600.0
7,28,16,170.39881599999998,143.75239499999998,2800.0,6600.0
7,28,17,88.437678,74.744587,2800.0,6600.0
7,28,18,18.772679,15.809498,2800.0,6600.0
7,28,19,0.0,0.0,2800.0,6600.0
7,28,20,0.0,0.0,2800.0,6600.0
7,28,21,0.0,0.0,2800.0,6600.0
7,28,22,0.0,0.0,2800.0,6600.0
7,28,23,0.0,0.0,2800.0,6600.0
7,29,0,0.0,0.0,2800.0,6600.0
7,29,1,0.0,0.0,2800.0,4421.436551474658
7,29,2,0.0,0.0,1342.23868718708,1638.1653268818693
7,29,3,0.0,0.0,858.3289550807331,1047.566834941052
7,29,4,0.0,0.0,445.37642374118406,543.569651022705
7,29,5,0.0,0.0,349.3284625537728,426.3457613845259
7,29,6,6.079645999999999,5.097781,1311.5016045329749,1600.651564587489
7,29,7,72.26121400000001,61.169298000000005,2597.435303258585,3170.098204764415
7,29,8,156.82525,132.33095699999998,2364.2786071344885,2885.536882723194
7,29,9,233.49227199999999,196.526657,2800.0,4569.628998473504
7,29,10,296.728829,249.391978,2800.0,6600.0
7,29,11,337.08104,283.046505,2800.0,6600.0
7,29,12,353.04113299999995,296.426923,2800.0,6600.0
7,29,13,342.166051,287.486725,2800.0,6600.0
7,29,14,306.85305900000003,258.161899,2800.0,6600.0
7,29,15,249.340577,210.235648,2800.0,6600.0
7,29,16,175.150057,148.01629,2800.0,6600.0
7,29,17,89.89068499999999,76.069508,2800.0,6600.0
7,29,18,19.604697,16.529386,2800.0,6600.0
7,29,19,0.0,0.0,2800.0,6600.0
7,29,20,0.0,0.0,2800.0,6600.0
7,29,21,0.0,0.0,2145.5095856044995,2618.5353210133653
7,29,22,0.0,0.0,1109.377075854021,1353.9641476958525
7,29,23,0.0,0.0,475.7328897807615,580.6188812284884
7,30,0,0.0,0.0,81.04201369779398,98.90954427683516
7,30,1,0.0,0.0,9.545962443012346,11.650584083991449
7,30,2,0.0,0.0,28.504091119435778,34.78845766545312
7,30,3,0.0,0.0,167.779835898385,204.7706658602337
7,30,4,0.0,0.0,416.3395915497286,508.1309975606924
7,30,5,0.0,0.0,707.2412654778989,863.1684736147585
7,30,6,8.333977,7.00578,1373.4523042863404,1676.2606863337226
7,30,7,77.824696,65.94574800000001,1029.5337295682716,1256.5175439612765
7,30,8,169.291714,143.29531599999999,39.100262166578574,47.72079240802897
7,30,9,251.942555,212.776296,312.8020973326286,381.76633926423176
7,30,10,318.54495899999995,268.45571,2800.0,6600.0
7,30,11,359.609767,302.67870600000003,2800.0,6600.0
7,30,12,374.405057,315.069864,2800.0,6600.0
7,30,13,359.776931,302.97295,2800.0,6600.0
7,30,14,322.596572,272.057229,2800.0,6600.0
7,30,15,262.646956,221.923662,2800.0,6600.0
7,30,16,183.516062,155.36857,2800.0,6600.0
7,30,17,92.66611,78.51880100000001,2800.0,6600.0
7,30,18,20.405510999999997,17.223116,2800.0,6600.0
7,30,19,0.0,0.0,2800.0,6600.0
7,30,20,0.0,0.0,2800.0,5195.505086201954
7,30,21,0.0,0.0,1901.3333359069868,2320.524937524275
7,30,22,0.0,0.0,1109.377075854021,1353.9641476958525
7,30,23,0.0,0.0,1862.5318241810248,2273.168761795739
7,31,0,0.0,0.0,2800.0,6600.0
7,31,1,0.0,0.0,2800.0,6600.0
7,31,2,0.0,0.0,2800.0,6600.0
7,31,3,0.0,0.0,2800.0,6600.0
7,31,4,0.0,0.0,2800.0,6600.0
7,31,5,0.0,0.0,2800.0,6600.0
7,31,6,8.789442,7.395339,2800.0,6600.0
7,31,7,78.001845,66.11530400000001,2800.0,6600.0
7,31,8,167.007676,141.42586,2800.0,6600.0
7,31,9,247.36594,209.047559,2800.0,6600.0
7,31,10,307.27698200000003,259.19719,2800.0,6600.0
7,31,11,345.13885700000003,290.74855699999995,2800.0,6600.0
7,31,12,359.158521,302.46416,2800.0,6600.0
7,31,13,355.12902399999996,299.123011,2800.0,6600.0
7,31,14,317.125107,267.460849,2800.0,6600.0
7,31,15,256.073099,216.373539,2800.0,6600.0
7,31,16,179.864347,152.260267,2800.0,6600.0
7,31,17,90.44427,76.637088,2800.0,6600.0
7,31,18,19.447603,16.416802,2800.0,6600.0
7,31,19,0.0,0.0,2800.0,6600.0
7,31,20,0.0,0.0,2800.0,6600.0
7,31,21,0.0,0.0,2800.0,6600.0
7,31,22,0.0,0.0,2800.0,6600.0
7,31,23,0.0,0.0,2800.0,5114.326798854228
8,1,0,0.0,0.0,2800.0,3535.5380679260493
8,1,1,0.0,0.0,2800.0,4495.12565696385
8,1,2,0.0,0.0,2800.0,6600.0
8,1,3,0.0,0.0,2800.0,6600.0
8,1,4,0.0,0.0,2800.0,6600.0
8,1,5,0.0,0.0,2800.0,6600.0
8,1,6,7.584794,6.358741,2800.0,6600.0
8,1,7,28.316997999999998,23.890705999999998,2800.0,6600.0
8,1,8,167.66092999999998,141.580723,2800.0,6600.0
8,1,9,242.727075,204.33621,2800.0,6600.0
8,1,10,299.711682,251.577003,2800.0,6600.0
8,1,11,333.018798,278.841313,2800.0,6600.0
8,1,12,343.16607799999997,286.986738,2800.0,6600.0
8,1,13,329.715032,275.681202,2800.0,6600.0
8,1,14,298.789654,250.176933,2800.0,6600.0
8,1,15,243.79288,204.657073,2800.0,6600.0
8,1,16,173.96124600000002,146.43025599999999,2800.0,6600.0
8,1,17,88.720213,74.821968,2800.0,6600.0
8,1,18,18.533825,15.580408,2800.0,6600.0
8,1,19,0.0,0.0,2800.0,6600.0
8,1,20,0.0,0.0,2800.0,4569.628998473504
8,1,21,0.0,0.0,1373.4523042863404,1676.2606863337226
8,1,22,0.0,0.0,257.74098596133337,314.56577026776904
8,1,23,0.0,0.0,289.9235564324093,353.8437106064838
8,2,0,0.0,0.0,1109.377075854021,1353.9641476958525
8,2,1,0.0,0.0,1605.5985030100696,1959.588724146148
8,2,2,0.0,0.0,1940.6700324713545,2368.5342915988967
8,2,3,0.0,0.0,2800.0,3794.137041985159
8,2,4,0.0,0.0,2800.0,6330.21083371745
8,2,5,0.0,0.0,2800.0,6600.0
8,2,6,3.450008,2.869781,2800.0,6600.0
8,2,7,71.752757,60.743055999999996,2800.0,6600.0
8,2,8,157.574443,133.261163,1749.3017415377876,2134.9745664437564
8,2,9,234.90166200000002,198.159253,30.94602468005788,37.7687702788108
8,2,10,298.05555499999997,250.676569,336.8536460978451,411.1205916942204
8,2,11,333.93993800000004,280.189047,2800.0,4798.06917736812
8,2,12,345.84214399999996,289.776348,2800.0,6600.0
8,2,13,338.85856900000005,283.840909,2800.0,6600.0
8,2,14,302.998261,254.088336,2800.0,6600.0
8,2,15,210.172228,176.77786300000002,2800.0,6600.0
8,2,16,127.250617,107.252219,2800.0,6600.0
8,2,17,87.62749099999999,73.89657000000001,2800.0,6600.0
8,2,18,17.466648,14.672421,2800.0,6600.0
8,2,19,0.0,0.0,2800.0,6600.0
8,2,20,0.0,0.0,2800.0,6600.0
8,2,21,0.0,0.0,2800.0,6600.0
8,2,22,0.0,0.0,2800.0,6600.0
8,2,23,0.0,0.0,2800.0,6600.0
8,3,0,0.0,0.0,2800.0,6600.0
8,3,1,0.0,0.0,2800.0,6600.0
8,3,2,0.0,0.0,2800.0,6600.0
8,3,3,0.0,0.0,2800.0,6600.0
8,3,4,0.0,0.0,2800.0,6600.0
8,3,5,0.0,0.0,2800.0,6600.0
8,3,6,3.787725,3.152571,2800.0,6600.0
8,3,7,72.397083,61.246610000000004,2800.0,6600.0
8,3,8,158.957166,134.278506,2800.0,6600.0
8,3,9,234.745035,197.695078,2800.0,4421.436551474658
8,3,10,296.27403100000004,248.63636300000002,707.2412654778989,863.1684736147585
8,3,11,332.18530599999997,278.015453,2800.0,6600.0
8,3,12,344.131527,287.641563,2800.0,6600.0
8,3,13,335.570842,280.68899300000004,2800.0,6600.0
8,3,14,301.201993,252.44347,2800.0,6600.0
8,3,15,244.323421,205.30894800000002,2800.0,6600.0
8,3,16,171.258332,144.282513,2800.0,6600.0
8,3,17,87.216361,73.60889200000001,2800.0,6600.0
8,3,18,16.978539,14.275814,2800.0,6600.0
8,3,19,0.0,0.0,2800.0,6600.0
8,3,20,0.0,0.0,2800.0,6600.0
8,3,21,0.0,0.0,2800.0,6600.0
8,3,22,0.0,0.0,2800.0,6600.0
8,3,23,0.0,0.0,2800.0,6600.0
8,4,0,0.0,0.0,2800.0,6600.0
8,4,1,0.0,0.0,2800.0,4798.06917736812
8,4,2,0.0,0.0,2800.0,4954.515830178791
8,4,3,0.0,0.0,2800.0,6600.0
8,4,4,0.0,0.0,2800.0,6600.0
8,4,5,0.0,0.0,2800.0,6423.759245222193
8,4,6,4.15427,3.462764,2800.0,5700.675903358588
8,4,7,69.810966,59.008224999999996,2800.0,4495.12565696385
8,4,8,156.00893299999998,131.65436400000002,101.6454080931955,124.05541932634095
8,4,9,232.65711199999998,195.75357,107.29111938509163,130.9458543676315
8,4,10,291.630942,244.732565,1193.2453053765432,1456.323010498931
8,4,11,329.870292,276.364392,2800.0,4721.09628485135
8,4,12,343.887064,287.909854,2800.0,6600.0
8,4,13,333.79482,279.49586700000003,2800.0,6600.0
8,4,14,299.193891,250.79123499999997,2800.0,6600.0
8,4,15,242.198496,203.40014799999997,2800.0,5528.8079782263085
8,4,16,170.760228,143.753842,2409.744269793466,2941.0264710077745
8,4,17,86.216122,72.70051,1749.3017415377876,2134.9745664437564
8,4,18,16.826332999999998,14.128941000000001,1980.545579523704,2417.201297843891
8,4,19,0.0,0.0,2800.0,4348.55720818164
8,4,20,0.0,0.0,2800.0,3728.344236364732
8,4,21,0.0,0.0,1605.5985030100696,1959.588724146148
8,4,22,0.0,0.0,1055.7070784976213,1288.4613950167818
8,4,23,0.0,0.0,1251.4423799619176,1527.350936173994
8,5,0,0.0,0.0,2188.134369840437,2670.5576954745493
8,5,1,0.0,0.0,2800.0,3535.5380679260493
8,5,2,0.0,0.0,2645.8334855800563,3229.1668524795964
8,5,3,0.0,0.0,2800.0,3472.7785151730586
8,5,4,0.0,0.0,2800.0,6600.0
8,5,5,0.0,0.0,2800.0,6600.0
8,5,6,3.4411509999999996,2.86293,2800.0,6600.0
8,5,7,71.35346000000001,60.400827,2800.0,6600.0
8,5,8,161.587978,136.635212,2800.0,6600.0
8,5,9,241.48372,203.70244699999998,2800.0,6600.0
8,5,10,298.666784,251.406799,2800.0,6600.0
8,5,11,337.783102,283.859646,2800.0,6600.0
8,5,12,350.256751,294.081615,2800.0,6600.0
8,5,13,340.42754599999995,285.76936800000004,2800.0,6600.0
8,5,14,302.682047,254.335319,2800.0,6600.0
8,5,15,244.554137,205.857019,2800.0,6600.0
8,5,16,166.377081,140.32865900000002,2800.0,6600.0
8,5,17,83.16192,70.19628,2800.0,6600.0
8,5,18,12.280549,10.293494,2800.0,6600.0
8,5,19,0.0,0.0,2800.0,6600.0
8,5,20,0.0,0.0,2800.0,4276.483153260508
8,5,21,0.0,0.0,2800.0,4875.874201202505
8,5,22,0.0,0.0,2800.0,6600.0
8,5,23,0.0,0.0,2800.0,5700.675903358588
8,6,0,0.0,0.0,2800.0,3794.137041985159
8,6,1,0.0,0.0,2145.5095856044995,2618.5353210133653
8,6,2,0.0,0.0,1824.2618316438895,2226.4612905889994
8,6,3,0.0,0.0,2231.3199984618277,2723.264565051836
8,6,4,0.0,0.0,2800.0,5444.184846176627
8,6,5,0.0,0.0,2800.0,6600.0
8,6,6,-0.0,-0.0,2800.0,6600.0
8,6,7,52.354728,44.331509,2800.0,6600.0
8,6,8,134.88737700000001,114.193737,2800.0,6600.0
8,6,9,212.172639,179.167935,2800.0,6600.0
8,6,10,281.616821,236.93688200000003,2800.0,6600.0
8,6,11,317.726017,266.491247,2800.0,6600.0
8,6,12,328.711201,275.090254,2800.0,6600.0
8,6,13,308.960794,258.439569,2800.0,6600.0
8,6,14,275.758776,231.057223,2800.0,6600.0
8,6,15,223.562317,187.897477,2800.0,6600.0
8,6,16,159.35200899999998,134.294019,2800.0,6600.0
8,6,17,78.007757,65.83104700000001,2800.0,6600.0
8,6,18,9.099808000000001,7.613415,2800.0,6600.0
8,6,19,0.0,0.0,2800.0,6600.0
8,6,20,0.0,0.0,2800.0,6600.0
8,6,21,0.0,0.0,2800.0,6600.0
8,6,22,0.0,0.0,2800.0,6600.0
8,6,23,0.0,0.0,2800.0,6600.0
8,7,0,0.0,0.0,2800.0,6600.0
8,7,1,0.0,0.0,2800.0,6600.0
8,7,2,0.0,0.0,2800.0,6600.0
8,7,3,0.0,0.0,2800.0,5277.537873988738
8,7,4,0.0,0.0,2549.630956168769,3111.754316583931
8,7,5,0.0,0.0,2319.3884514592746,2830.7496848518704
8,7,6,-0.0,-0.0,2800.0,5114.326798854228
8,7,7,58.881325,49.836665999999994,2800.0,6600.0
8,7,8,142.505253,120.541134,2800.0,6600.0
8,7,9,218.601257,184.359728,2800.0,6600.0
8,7,10,278.298768,233.797305,2800.0,6600.0
8,7,11,310.86224400000003,260.058173,2800.0,6600.0
8,7,12,317.252125,264.323119,2800.0,6600.0
8,7,13,307.855206,256.20178500000003,2800.0,6600.0
8,7,14,282.093618,236.023927,2800.0,6600.0
8,7,15,231.611981,194.727764,2800.0,6600.0
8,7,16,162.895499,137.400484,2800.0,6600.0
8,7,17,81.071135,68.48201700000001,2800.0,6600.0
8,7,18,11.275562,9.458689,2800.0,6600.0
8,7,19,0.0,0.0,2800.0,6600.0
8,7,20,0.0,0.0,2800.0,6600.0
8,7,21,0.0,0.0,2800.0,6600.0
8,7,22,0.0,0.0,2800.0,6600.0
8,7,23,0.0,0.0,2800.0,6600.0
8,8,0,0.0,0.0,2800.0,6600.0
8,8,1,0.0,0.0,2800.0,6600.0
8,8,2,0.0,0.0,2800.0,6600.0
8,8,3,0.0,0.0,2800.0,6600.0
8,8,4,0.0,0.0,2800.0,6600.0
8,8,5,0.0,0.0,2800.0,6600.0
8,8,6,-0.0,-0.0,2800.0,6600.0
8,8,7,64.098798,54.257594,2800.0,6600.0
8,8,8,151.09224600000002,127.710367,2800.0,6600.0
8,8,9,229.630999,193.36043700000002,2800.0,6600.0
8,8,10,289.16547499999996,242.420633,2800.0,6600.0
8,8,11,325.46015500000004,271.81296299999997,2800.0,6600.0
8,8,12,338.463186,282.314411,2800.0,6600.0
8,8,13,327.88048100000003,273.89777899999996,2800.0,6600.0
8,8,14,296.450902,248.437504,2800.0,6600.0
8,8,15,242.701728,204.10295499999998,2800.0,6600.0
8,8,16,167.710354,141.45118,2800.0,6600.0
8,8,17,84.041132,70.990307,2800.0,6600.0
8,8,18,13.170838,11.064867,2800.0,6600.0
8,8,19,0.0,0.0,2800.0,6600.0
8,8,20,0.0,0.0,2800.0,6600.0
8,8,21,0.0,0.0,2597.435303258585,3170.098204764415
8,8,22,0.0,0.0,592.796019999516,723.4912055112203
8,8,23,0.0,0.0,228.03272895548625,278.3076613236249
8,9,0,0.0,0.0,813.163264745564,992.4433546107276
8,9,1,0.0,0.0,1281.237390674447,1563.7149256262935
8,9,2,0.0,0.0,1003.7965929387176,1225.1060779960724
8,9,3,0.0,0.0,629.4537376638762,768.2309396685104
8,9,4,0.0,0.0,402.3068740231014,491.0044525478796
8,9,5,0.0,0.0,557.58989956809,680.5231057720783
8,9,6,3.090042,2.569366,1824.2618316438895,2226.4612905889994
8,9,7,71.40899499999999,60.445015,2800.0,6600.0
8,9,8,163.260033,137.937628,2800.0,6600.0
8,9,9,246.206799,207.424439,2800.0,6600.0
8,9,10,313.207238,263.225571,2800.0,6600.0
8,9,11,355.45681199999996,298.38295899999997,2800.0,6600.0
8,9,12,371.07324900000003,311.445072,2800.0,6600.0
8,9,13,355.385972,298.567957,2800.0,6600.0
8,9,14,318.844272,268.24253100000004,2800.0,6600.0
8,9,15,256.75714999999997,216.432188,2800.0,6600.0
8,9,16,178.199691,150.540177,2800.0,6600.0
8,9,17,87.27256600000001,73.814506,2800.0,6600.0
8,9,18,14.917593,12.558308,2800.0,6600.0
8,9,19,0.0,0.0,2800.0,6600.0
8,9,20,0.0,0.0,2800.0,5700.675903358588
8,9,21,0.0,0.0,610.9415963527902,745.6373813754526
8,9,22,0.0,0.0,81.04201369779398,98.90954427683516
8,9,23,0.0,0.0,0.0391002621665785,0.0477207924080289
8,10,0,0.0,0.0,7.433326402824398,9.07217001919513
8,10,1,0.0,0.0,167.779835898385,204.7706658602337
8,10,2,0.0,0.0,1570.9465066065366,1917.296917511915
8,10,3,0.0,0.0,2800.0,6600.0
8,10,4,0.0,0.0,2800.0,6600.0
8,10,5,0.0,0.0,2800.0,6600.0
8,10,6,5.734585,4.804305,2800.0,6600.0
8,10,7,76.38923799999999,64.640712,2800.0,6600.0
8,10,8,169.294871,142.759904,2800.0,6600.0
8,10,9,248.436705,208.52265,2800.0,6600.0
8,10,10,308.61306199999996,258.567151,2800.0,6600.0
8,10,11,350.729847,293.637873,2800.0,6600.0
8,10,12,366.05643599999996,306.55886,2800.0,6600.0
8,10,13,354.661668,297.35319400000003,2800.0,6600.0
8,10,14,317.00018800000004,266.218637,2800.0,6600.0
8,10,15,256.425559,215.834958,2800.0,6600.0
8,10,16,177.111075,149.411902,2800.0,6600.0
8,10,17,85.748527,72.42993799999999,2800.0,6600.0
8,10,18,14.204498,11.939232,2800.0,6600.0
8,10,19,0.0,0.0,2800.0,6600.0
8,10,20,0.0,0.0,2800.0,6600.0
8,10,21,0.0,0.0,2800.0,3728.344236364732
8,10,22,0.0,0.0,2800.0,4421.436551474658
8,10,23,0.0,0.0,2800.0,6600.0
8,11,0,0.0,0.0,2800.0,6600.0
8,11,1,0.0,0.0,2800.0,6600.0
8,11,2,0.0,0.0,2800.0,6600.0
8,11,3,0.0,0.0,2800.0,6600.0
8,11,4,0.0,0.0,2800.0,6600.0
8,11,5,0.0,0.0,2800.0,6600.0
8,11,6,6.463127,5.416568,2800.0,6600.0
8,11,7,76.798856,64.939662,2800.0,6600.0
8,11,8,170.487686,143.537137,2800.0,6423.759245222193
8,11,9,246.154665,205.936045,1373.4523042863404,1676.2606863337226
8,11,10,306.479559,255.665599,183.74862734385428,224.2601357346253
8,11,11,347.365092,289.630874,1222.1129067458091,1491.5551224063024
8,11,12,365.523677,305.140333,2800.0,6600.0
8,11,13,354.562528,296.455582,2800.0,6600.0
8,11,14,317.321853,265.930206,2800.0,6600.0
8,11,15,256.666092,215.70213099999998,2800.0,6600.0
8,11,16,178.627206,150.511104,2800.0,6600.0
8,11,17,84.698189,71.493055,2800.0,6600.0
8,11,18,13.125905000000001,11.022662,2800.0,6600.0
8,11,19,0.0,0.0,2800.0,6600.0
8,11,20,0.0,0.0,2800.0,6330.21083371745
8,11,21,0.0,0.0,1901.3333359069868,2320.524937524275
8,11,22,0.0,0.0,1193.2453053765432,1456.323010498931
8,11,23,0.0,0.0,1373.4523042863404,1676.2606863337226
8,12,0,0.0,0.0,1940.6700324713545,2368.5342915988967
8,12,1,0.0,0.0,1980.545579523704,2417.201297843891
8,12,2,0.0,0.0,1940.6700324713545,2368.5342915988967
8,12,3,0.0,0.0,2800.0,4134.733013236745
8,12,4,0.0,0.0,2800.0,6600.0
8,12,5,0.0,0.0,2800.0,6600.0
8,12,6,6.916220999999999,5.808642,2800.0,6600.0
8,12,7,75.44609600000001,63.946171,2800.0,6600.0
8,12,8,170.278158,144.07215,2800.0,6600.0
8,12,9,251.800396,212.165907,2800.0,6600.0
8,12,10,309.98704499999997,259.819299,2800.0,6600.0
8,12,11,341.474939,284.97051799999997,2800.0,6600.0
8,12,12,352.836262,294.053784,2800.0,6600.0
8,12,13,339.917634,283.519511,2800.0,6600.0
8,12,14,304.567275,254.76175700000002,2800.0,6600.0
8,12,15,248.49992600000002,208.726222,2800.0,6600.0
8,12,16,171.263308,144.332699,2800.0,6600.0
8,12,17,83.374344,70.3876,2800.0,6600.0
8,12,18,11.876481,9.967111999999998,2800.0,6600.0
8,12,19,0.0,0.0,2800.0,6600.0
8,12,20,0.0,0.0,2275.070137118247,2776.660403569514
8,12,21,0.0,0.0,1029.5337295682716,1256.5175439612765
8,12,22,0.0,0.0,1109.377075854021,1353.9641476958525
8,12,23,0.0,0.0,2061.927887690667,2516.5261621421523
8,13,0,0.0,0.0,2800.0,3599.0492231594667
8,13,1,0.0,0.0,2364.2786071344885,2885.536882723194
8,13,2,0.0,0.0,1676.4237403920558,2046.0289744942413
8,13,3,0.0,0.0,2364.2786071344885,2885.536882723194
8,13,4,0.0,0.0,2800.0,6600.0
8,13,5,0.0,0.0,2800.0,6600.0
8,13,6,3.077823,2.5601619999999996,2800.0,6600.0
8,13,7,70.488574,59.691902999999996,2800.0,6600.0
8,13,8,161.44831200000002,136.44880600000002,2800.0,6600.0
8,13,9,239.42621,201.554906,2800.0,6600.0
8,13,10,300.31190999999995,251.717553,2800.0,6600.0
8,13,11,336.305907,281.124667,2800.0,6600.0
8,13,12,351.267629,293.674015,2800.0,6600.0
8,13,13,342.755125,287.18478700000003,2800.0,6600.0
8,13,14,307.511578,258.279718,2800.0,6600.0
8,13,15,248.33481099999997,209.083706,2800.0,6600.0
8,13,16,172.479343,145.555617,2800.0,6600.0
8,13,17,83.237408,70.32570799999999,2800.0,6600.0
8,13,18,11.954433000000002,10.037604,2800.0,6600.0
8,13,19,0.0,0.0,2800.0,6600.0
8,13,20,0.0,0.0,2800.0,6600.0
8,13,21,0.0,0.0,2800.0,6600.0
8,13,22,0.0,0.0,2800.0,6600.0
8,13,23,0.0,0.0,2800.0,6600.0
8,14,0,0.0,0.0,2800.0,6600.0
8,14,1,0.0,0.0,2800.0,6600.0
8,14,2,0.0,0.0,2800.0,6600.0
8,14,3,0.0,0.0,2800.0,6600.0
8,14,4,0.0,0.0,2800.0,6600.0
8,14,5,0.0,0.0,2800.0,6600.0
8,14,6,4.514478,3.7724499999999996,2800.0,6600.0
8,14,7,74.34811,62.937238,2800.0,6600.0
8,14,8,168.089696,141.920068,2800.0,6600.0
8,14,9,249.03418100000002,209.319627,2800.0,6600.0
8,14,10,311.22583299999997,260.686247,2800.0,6600.0
8,14,11,350.353958,293.027312,2800.0,6600.0
8,14,12,362.258683,303.11143599999997,2800.0,6600.0
8,14,13,351.84734299999997,294.738593,2800.0,6600.0
8,14,14,313.996914,263.512663,2800.0,6600.0
8,14,15,253.619343,213.33182,2800.0,6600.0
8,14,16,173.988721,146.725714,2800.0,6600.0
8,14,17,83.013738,70.103751,2800.0,6600.0
8,14,18,11.2192,9.415657,2800.0,6600.0
8,14,19,0.0,0.0,2800.0,6600.0
8,14,20,0.0,0.0,2800.0,6600.0
8,14,21,0.0,0.0,2549.630956168769,3111.754316583931
8,14,22,0.0,0.0,507.4383148650858,619.3144787723488
8,14,23,0.0,0.0,209.55296754900695,255.75362181178016
8,15,0,0.0,0.0,278.9149998077284,340.4080706314795
8,15,1,0.0,0.0,237.66666698837332,290.0656171905344
8,15,2,0.0,0.0,200.6998128762587,244.94859051826847
8,15,3,0.0,0.0,835.542666361563,1019.7567975278918
8,15,4,0.0,0.0,2455.7891050857875,2997.2229235298983
8,15,5,0.0,0.0,2800.0,4569.628998473504
8,15,6,5.379001000000001,4.508581,2800.0,6600.0
8,15,7,76.058769,64.440952,2800.0,6600.0
8,15,8,172.25099,145.56904,2800.0,6600.0
8,15,9,251.443824,211.47716,2694.829168782761,3288.9647335537634
8,15,10,304.642154,255.014197,145.60448877556777,177.70626582844886
8,15,11,340.451468,284.138799,491.4151496175413,599.758647171015
8,15,12,250.355294,210.038693,2800.0,4875.874201202505
8,15,13,249.888185,209.79170499999998,2800.0,6600.0
8,15,14,306.116247,256.560813,2800.0,6600.0
8,15,15,246.416427,207.182266,2800.0,6600.0
8,15,16,168.00082999999998,141.70349900000002,2800.0,6600.0
8,15,17,80.76264599999999,68.253098,2800.0,6600.0
8,15,18,9.041889999999999,7.583689000000001,2800.0,6600.0
8,15,19,0.0,0.0,2800.0,6600.0
8,15,20,0.0,0.0,2800.0,6600.0
8,15,21,0.0,0.0,2800.0,6600.0
8,15,22,0.0,0.0,2800.0,5965.099051003621
8,15,23,0.0,0.0,2800.0,5614.303506012198
8,16,0,0.0,0.0,2800.0,6600.0
8,16,1,0.0,0.0,2800.0,6600.0
8,16,2,0.0,0.0,2800.0,6600.0
8,16,3,0.0,0.0,2800.0,6600.0
8,16,4,0.0,0.0,2800.0,6600.0
8,16,5,0.0,0.0,2800.0,6600.0
8,16,6,1.294513,1.057014,2800.0,6600.0
8,16,7,67.81724,57.43657,2800.0,6600.0
8,16,8,158.633575,134.085057,2800.0,6600.0
8,16,9,237.027579,199.48862899999997,2800.0,6600.0
8,16,10,298.152683,249.755318,2800.0,6600.0
8,16,11,332.26905200000004,277.306788,2800.0,6600.0
8,16,12,344.434919,287.210114,2800.0,6600.0
8,16,13,337.423073,281.639587,2800.0,6600.0
8,16,14,303.691076,254.363275,2800.0,5195.505086201954
8,16,15,244.648772,205.657734,2800.0,4065.047980485539
8,16,16,168.00647800000002,141.670182,2409.744269793466,2941.0264710077745
8,16,17,80.101514,67.656648,2800.0,3728.344236364732
8,16,18,2.0404780000000002,1.6739380000000001,2800.0,6600.0
8,16,19,0.0,0.0,2800.0,6600.0
8,16,20,0.0,0.0,2800.0,6600.0
8,16,21,0.0,0.0,2800.0,6600.0
8,16,22,0.0,0.0,2800.0,6600.0
8,16,23,0.0,0.0,2800.0,6600.0
8,17,0,0.0,0.0,2800.0,6600.0
8,17,1,0.0,0.0,2800.0,6600.0
8,17,2,0.0,0.0,2800.0,6600.0
8,17,3,0.0,0.0,2800.0,6600.0
8,17,4,0.0,0.0,2800.0,6600.0
8,17,5,0.0,0.0,2800.0,6600.0
8,17,6,0.924016,0.7425309999999999,2800.0,6600.0
8,17,7,69.815215,59.093644999999995,2800.0,6600.0
8,17,8,161.999494,136.913399,2800.0,6600.0
8,17,9,242.635926,204.40333600000002,2800.0,6600.0
8,17,10,306.94466700000004,257.642077,2800.0,6600.0
8,17,11,344.36586800000003,288.29490999999996,2800.0,6600.0
8,17,12,357.017619,298.525243,813.163264745564,992.4433546107276
8,17,13,344.11082,287.85826899999995,648.3361095823518,791.2763542146813
8,17,14,306.85722999999996,257.261816,2800.0,6600.0
8,17,15,246.555152,207.33295900000002,2800.0,6600.0
8,17,16,168.116094,141.79215200000002,2800.0,6600.0
8,17,17,78.560856,66.36921400000001,2800.0,6600.0
8,17,18,7.054629,5.901902,2800.0,6600.0
8,17,19,0.0,0.0,2800.0,6600.0
8,17,20,0.0,0.0,2800.0,6600.0
8,17,21,0.0,0.0,2800.0,6600.0
8,17,22,0.0,0.0,2800.0,4134.733013236745
8,17,23,0.0,0.0,2800.0,6600.0
8,18,0,0.0,0.0,2800.0,6600.0
8,18,1,0.0,0.0,2800.0,6600.0
8,18,2,0.0,0.0,2800.0,6600.0
8,18,3,0.0,0.0,2800.0,6600.0
8,18,4,0.0,0.0,2800.0,6600.0
8,18,5,0.0,0.0,2800.0,6600.0
8,18,6,1.6186010000000002,1.327499,2800.0,6600.0
8,18,7,70.18132399999999,59.424046000000004,2800.0,6600.0
8,18,8,163.78173,138.524601,2800.0,6600.0
8,18,9,245.36301699999999,206.973311,2800.0,6600.0
8,18,10,315.049197,264.96377,2800.0,6600.0
8,18,11,352.88998300000003,296.13437300000004,2800.0,6600.0
8,18,12,364.010361,305.077037,2800.0,5965.099051003621
8,18,13,350.987647,294.236849,2800.0,6600.0
8,18,14,312.756249,262.677625,2800.0,6600.0
8,18,15,251.790196,212.000929,2800.0,6600.0
8,18,16,172.051573,145.21361100000001,2800.0,6600.0
8,18,17,80.50595799999999,68.024004,2800.0,6600.0
8,18,18,6.765193,5.6566909999999995,2800.0,6600.0
8,18,19,0.0,0.0,2800.0,6600.0
8,18,20,0.0,0.0,2800.0,6600.0
8,18,21,0.0,0.0,2800.0,4348.55720818164
8,18,22,0.0,0.0,1003.7965929387176,1225.1060779960724
8,18,23,0.0,0.0,257.74098596133337,314.56577026776904
8,19,0,0.0,0.0,1.3422386871870802,1.6381653268818694
8,19,1,0.0,0.0,278.9149998077284,340.4080706314795
8,19,2,0.0,0.0,2597.435303258585,3170.098204764415
8,19,3,0.0,0.0,2800.0,6600.0
8,19,4,0.0,0.0,2800.0,6600.0
8,19,5,0.0,0.0,2800.0,6600.0
8,19,6,4.576729,3.826303,2800.0,6600.0
8,19,7,77.765858,65.855943,2800.0,6600.0
8,19,8,176.38920800000002,149.08007,2800.0,6600.0
8,19,9,260.852982,219.716645,2800.0,6600.0
8,19,10,322.61273,270.855515,2800.0,6600.0
8,19,11,361.208864,302.598975,2800.0,6600.0
8,19,12,373.603075,312.840373,2800.0,4134.733013236745
8,19,13,360.06976199999997,301.82606400000003,2800.0,6600.0
8,19,14,321.497524,270.054236,2800.0,6600.0
8,19,15,258.719673,217.906107,2800.0,6600.0
8,19,16,176.348188,148.909815,2800.0,6600.0
8,19,17,81.203322,68.657606,2800.0,6600.0
8,19,18,6.592935000000001,5.516336,2800.0,6600.0
8,19,19,0.0,0.0,2800.0,6600.0
8,19,20,0.0,0.0,2800.0,6600.0
8,19,21,0.0,0.0,2800.0,6600.0
8,19,22,0.0,0.0,1749.3017415377876,2134.9745664437564
8,19,23,0.0,0.0,748.4297260208111,913.4378545923286
8,20,0,0.0,0.0,1003.7965929387176,1225.1060779960724
8,20,1,0.0,0.0,1536.7967041952045,1875.6180248051708
8,20,2,0.0,0.0,2061.927887690667,2516.5261621421523
8,20,3,0.0,0.0,2800.0,3860.699345383164
8,20,4,0.0,0.0,2800.0,6600.0
8,20,5,0.0,0.0,2800.0,6600.0
8,20,6,4.2400910000000005,3.546139,2800.0,6600.0
8,20,7,76.60404700000001,64.905165,2800.0,6600.0
8,20,8,161.37318100000002,136.46924900000002,2800.0,6600.0
8,20,9,240.111867,202.36085,2800.0,6600.0
8,20,10,317.523872,266.387496,2800.0,6600.0
8,20,11,351.86699699999997,294.422168,2319.3884514592746,2830.7496848518704
8,20,12,266.87845799999997,224.163256,1901.3333359069868,2320.524937524275
8,20,13,351.17316800000003,293.840255,2800.0,6600.0
8,20,14,313.03694900000005,262.469829,2800.0,6600.0
8,20,15,251.162682,211.11464900000001,2800.0,6600.0
8,20,16,170.40377299999997,143.6592,2800.0,6600.0
8,20,17,78.682371,66.436758,2800.0,6600.0
8,20,18,6.187339,5.167734,2800.0,6600.0
8,20,19,0.0,0.0,2800.0,6600.0
8,20,20,0.0,0.0,2800.0,6600.0
8,20,21,0.0,0.0,2800.0,6600.0
8,20,22,0.0,0.0,2800.0,6600.0
8,20,23,0.0,0.0,2800.0,6600.0
8,21,0,0.0,0.0,2800.0,6600.0
8,21,1,0.0,0.0,2800.0,6600.0
8,21,2,0.0,0.0,2800.0,6600.0
8,21,3,0.0,0.0,2800.0,6600.0
8,21,4,0.0,0.0,2800.0,6600.0
8,21,5,0.0,0.0,2800.0,6600.0
8,21,6,4.2229149999999995,3.5280810000000002,2800.0,6600.0
8,21,7,76.765378,65.021549,2800.0,6600.0
8,21,8,175.98458,148.7185,2800.0,6600.0
8,21,9,256.785301,215.911356,2800.0,6600.0
8,21,10,311.076315,259.868705,2800.0,6600.0
8,21,11,341.007595,283.393348,2800.0,6600.0
8,21,12,353.491399,293.698618,1003.7965929387176,1225.1060779960724
8,21,13,345.41265899999996,287.989755,2800.0,4721.09628485135
8,21,14,312.772102,262.004632,2800.0,6600.0
8,21,15,252.70009299999998,212.521408,2800.0,6600.0
8,21,16,170.095223,143.48880300000002,2800.0,6600.0
8,21,17,77.697653,65.622645,2800.0,6600.0
8,21,18,5.688831,4.74366,2800.0,6600.0
8,21,19,0.0,0.0,2800.0,6600.0
8,21,20,0.0,0.0,2800.0,6600.0
8,21,21,0.0,0.0,2800.0,6600.0
8,21,22,0.0,0.0,2800.0,6600.0
8,21,23,0.0,0.0,2800.0,5033.998538121269
8,22,0,0.0,0.0,2061.927887690667,2516.5261621421523
8,22,1,0.0,0.0,1164.8359102045422,1421.650126627591
8,22,2,0.0,0.0,1003.7965929387176,1225.1060779960724
8,22,3,0.0,0.0,1055.7070784976213,1288.4613950167818
8,22,4,0.0,0.0,1342.23868718708,1638.1653268818693
8,22,5,0.0,0.0,2275.070137118247,2776.660403569514
8,22,6,3.4875599999999998,2.9108270000000003,2800.0,5033.998538121269
8,22,7,76.854005,65.154422,2800.0,6600.0
8,22,8,175.108994,148.05228200000002,2800.0,6600.0
8,22,9,254.548855,213.944707,2694.829168782761,3288.9647335537634
8,22,10,310.10009499999995,259.068105,648.3361095823518,791.2763542146813
8,22,11,350.350869,292.56554,2800.0,5444.184846176627
8,22,12,366.56928800000003,306.48747499999996,2800.0,6600.0
8,22,13,354.09067200000004,296.55591200000003,2800.0,6600.0
8,22,14,313.75302500000004,263.27717700000005,2800.0,6600.0
8,22,15,251.959282,211.929548,2800.0,6600.0
8,22,16,169.06001999999998,142.532546,2800.0,6600.0
8,22,17,77.20419,65.173323,2800.0,6600.0
8,22,18,5.340161,4.450533999999999,2800.0,6600.0
8,22,19,0.0,0.0,2800.0,6600.0
8,22,20,0.0,0.0,2800.0,6600.0
8,22,21,0.0,0.0,2800.0,6600.0
8,22,22,0.0,0.0,2800.0,6600.0
8,22,23,0.0,0.0,2800.0,6600.0
8,23,0,0.0,0.0,2800.0,6600.0
8,23,1,0.0,0.0,2800.0,6600.0
8,23,2,0.0,0.0,2800.0,6600.0
8,23,3,0.0,0.0,2800.0,6237.575082367505
8,23,4,0.0,0.0,2694.829168782761,3288.9647335537634
8,23,5,0.0,0.0,2794.6277004301824,3410.766091076207
8,23,6,1.969404,1.626591,2800.0,6600.0
8,23,7,70.594977,59.782028,2800.0,6600.0
8,23,8,165.204228,139.589067,2800.0,6600.0
8,23,9,247.407591,208.279023,2800.0,6600.0
8,23,10,308.66071600000004,258.869413,2800.0,6600.0
8,23,11,343.469926,287.22263799999996,2800.0,6600.0
8,23,12,352.48141499999997,294.253528,2800.0,6600.0
8,23,13,339.861544,283.674935,2800.0,6600.0
8,23,14,302.295707,252.956777,2800.0,6600.0
8,23,15,241.481199,202.78428200000002,2800.0,6600.0
8,23,16,164.637815,138.72477600000002,2800.0,6600.0
8,23,17,75.158388,63.442248,2800.0,6600.0
8,23,18,4.408394,3.665972,2800.0,6600.0
8,23,19,0.0,0.0,2800.0,6600.0
8,23,20,0.0,0.0,2800.0,6600.0
8,23,21,0.0,0.0,2800.0,6600.0
8,23,22,0.0,0.0,2800.0,6600.0
8,23,23,0.0,0.0,2800.0,6600.0
8,24,0,0.0,0.0,2549.630956168769,3111.754316583931
8,24,1,0.0,0.0,1109.377075854021,1353.9641476958525
8,24,2,0.0,0.0,813.163264745564,992.4433546107276
8,24,3,0.0,0.0,707.2412654778989,863.1684736147585
8,24,4,0.0,0.0,905.1368564268978,1104.694588552513
8,24,5,0.0,0.0,1605.5985030100696,1959.588724146148
8,24,6,-0.0,-0.0,2800.0,3996.150340809066
8,24,7,64.515323,54.701111,2455.7891050857875,2997.2229235298983
8,24,8,157.045288,133.111672,507.4383148650858,619.3144787723488
8,24,9,241.87265599999998,204.477212,3.563011389929472,4.34855720818164
8,24,10,318.035618,267.880244,76.36769954409877,93.20467267193158
8,24,11,354.48879700000003,297.61553299999997,33.523587275070305,40.91461439083383
8,24,12,362.615099,303.64841600000005,2800.0,3535.5380679260493
8,24,13,346.556152,289.91998700000005,2800.0,6600.0
8,24,14,308.79454499999997,258.892785,2800.0,6600.0
8,24,15,249.776502,210.24766699999998,2800.0,6600.0
8,24,16,166.990573,141.007537,2800.0,6600.0
8,24,17,74.981719,63.385144,2800.0,6600.0
8,24,18,4.429955,3.689597,2800.0,6600.0
8,24,19,0.0,0.0,2800.0,6600.0
8,24,20,0.0,0.0,2800.0,6600.0
8,24,21,0.0,0.0,2800.0,6600.0
8,24,22,0.0,0.0,2800.0,4798.06917736812
8,24,23,0.0,0.0,1222.1129067458091,1491.5551224063024
8,25,0,0.0,0.0,268.18869820056244,327.31691512667066
8,25,1,0.0,0.0,67.56525302384776,82.46152928107404
8,25,2,0.0,0.0,228.03272895548625,278.3076613236249
8,25,3,0.0,0.0,1082.3203053763452,1320.942104986878
8,25,4,0.0,0.0,1901.3333359069868,2320.524937524275
8,25,5,0.0,0.0,1712.6043126696648,2090.186365856677
8,25,6,0.22963399999999998,0.16108799999999998,1164.8359102045422,1421.650126627591
8,25,7,69.661817,59.061291,648.3361095823518,791.2763542146813
8,25,8,164.28079300000002,139.139723,507.4383148650858,619.3144787723488
8,25,9,245.391195,207.14320800000002,475.7328897807615,580.6188812284884
8,25,10,312.113826,262.149795,228.03272895548625,278.3076613236249
8,25,11,341.96261,285.67737800000003,278.9149998077284,340.4080706314795
8,25,12,348.482212,290.290458,2549.630956168769,3111.754316583931
8,25,13,340.685498,284.338656,2800.0,6600.0
8,25,14,307.15306,257.425807,2800.0,6600.0
8,25,15,246.732824,207.549923,2800.0,6600.0
8,25,16,165.412923,139.567483,2800.0,6600.0
8,25,17,74.011523,62.526483,2800.0,6600.0
8,25,18,4.181347,3.477494,2800.0,6600.0
8,25,19,0.0,0.0,2800.0,6600.0
8,25,20,0.0,0.0,2800.0,6600.0
8,25,21,0.0,0.0,1251.4423799619176,1527.350936173994
8,25,22,0.0,0.0,237.66666698837332,290.0656171905344
8,25,23,0.0,0.0,610.9415963527902,745.6373813754526
8,26,0,0.0,0.0,2275.070137118247,2776.660403569514
8,26,1,0.0,0.0,2800.0,5360.429636038867
8,26,2,0.0,0.0,2800.0,6600.0
8,26,3,0.0,0.0,2800.0,6600.0
8,26,4,0.0,0.0,2800.0,6600.0
8,26,5,0.0,0.0,2800.0,6600.0
8,26,6,0.8980990000000001,0.7223440000000001,2800.0,6600.0
8,26,7,70.116079,59.406237000000004,2800.0,6600.0
8,26,8,165.229561,139.82427600000003,2800.0,6600.0
8,26,9,247.500023,208.65076000000002,2800.0,6600.0
8,26,10,267.74951400000003,224.93104,2800.0,6600.0
8,26,11,249.631033,209.279166,2800.0,6600.0
8,26,12,346.414901,288.6575,2800.0,6600.0
8,26,13,340.264151,284.686191,2800.0,6600.0
8,26,14,305.475928,256.520715,2800.0,6600.0
8,26,15,243.581265,205.225162,2800.0,6600.0
8,26,16,164.73545800000002,139.16003099999998,2800.0,6600.0
8,26,17,73.348543,62.025297,2800.0,6600.0
8,26,18,5.005248,4.177223,2800.0,6600.0
8,26,19,0.0,0.0,2800.0,6600.0
8,26,20,0.0,0.0,2800.0,6600.0
8,26,21,0.0,0.0,2364.2786071344885,2885.536882723194
8,26,22,0.0,0.0,687.226207839785,838.7406473635172
8,26,23,0.0,0.0,39.100262166578574,47.72079240802897
8,27,0,0.0,0.0,5.6579301238231885,6.905347788918065
8,27,1,0.0,0.0,192.09958802440056,234.45225310064637
8,27,2,0.0,0.0,769.610460224766,939.288356967234
8,27,3,0.0,0.0,1980.545579523704,2417.201297843891
8,27,4,0.0,0.0,2800.0,3996.150340809066
8,27,5,0.0,0.0,2800.0,4134.733013236745
8,27,6,1.2288240000000001,1.000488,2744.426018516277,3349.496321811205
8,27,7,69.410215,58.778593,2800.0,3663.3164546975977
8,27,8,164.610678,139.187714,2800.0,4495.12565696385
8,27,9,248.10626000000002,209.02871599999997,2800.0,5444.184846176627
8,27,10,309.981311,260.253234,2800.0,6237.575082367505
8,27,11,349.805774,293.203718,2800.0,6600.0
8,27,12,365.542819,306.41474200000005,2800.0,6600.0
8,27,13,352.796571,296.203434,2800.0,6600.0
8,27,14,313.313549,263.604533,2800.0,6600.0
8,27,15,249.509153,210.420632,2800.0,6600.0
8,27,16,165.024895,139.47945800000002,2800.0,6600.0
8,27,17,72.238788,61.102017,2800.0,6600.0
8,27,18,4.778063,3.9869250000000003,2800.0,6600.0
8,27,19,0.0,0.0,2800.0,6600.0
8,27,20,0.0,0.0,2800.0,6600.0
8,27,21,0.0,0.0,2800.0,4134.733013236745
8,27,22,0.0,0.0,430.6948862392302,525.6512391108714
8,27,23,0.0,0.0,76.36769954409877,93.20467267193158
8,28,0,0.0,0.0,13.411389923136454,16.36823179595394
8,28,1,0.0,0.0,28.504091119435778,34.78845766545312
8,28,2,0.0,0.0,85.90327597997313,104.84258092043964
8,28,3,0.0,0.0,45.26344099058551,55.24278231134452
8,28,4,0.0,0.0,76.36769954409877,93.20467267193158
8,28,5,0.0,0.0,978.4920029593812,1194.2225232968824
8,28,6,1.2261659999999999,0.997981,2800.0,4954.515830178791
8,28,7,69.739905,59.021294999999995,2800.0,6600.0
8,28,8,164.504821,138.79637599999998,2800.0,3996.150340809066
8,28,9,245.191709,205.758332,648.3361095823518,791.2763542146813
8,28,10,304.07574800000003,254.27837100000002,301.21803372418333,367.6283088759718
8,28,11,345.096394,288.342962,2800.0,3996.150340809066
8,28,12,360.209119,301.115221,2800.0,6600.0
8,28,13,344.479589,288.467734,2800.0,6600.0
8,28,14,306.360229,257.134518,2800.0,6600.0
8,28,15,243.987845,205.368021,2800.0,6600.0
8,28,16,163.402837,137.926166,2800.0,6600.0
8,28,17,70.800667,59.82964,2800.0,6600.0
8,28,18,4.277751,3.5615740000000002,2800.0,6600.0
8,28,19,0.0,0.0,2800.0,6600.0
8,28,20,0.0,0.0,2800.0,6600.0
8,28,21,0.0,0.0,2800.0,6055.023664834879
8,28,22,0.0,0.0,2409.744269793466,2941.0264710077745
8,28,23,0.0,0.0,1082.3203053763452,1320.942104986878
8,29,0,0.0,0.0,362.10752792468406,441.94225849075616
8,29,1,0.0,0.0,36.240444554051166,44.23046382581048
8,29,2,0.0,0.0,20.019334229288237,24.43304571291084
8,29,3,0.0,0.0,228.03272895548625,278.3076613236249
8,29,4,0.0,0.0,929.1658003530496,1134.0212523993912
8,29,5,0.0,0.0,2409.744269793466,2941.0264710077745
8,29,6,1.93177,1.595531,2800.0,5700.675903358588
8,29,7,74.55341,63.186298,2800.0,6600.0
8,29,8,175.34636799999998,148.290054,2800.0,6600.0
8,29,9,257.004728,216.249205,1342.23868718708,1638.1653268818693
8,29,10,311.95321,260.665226,1570.9465066065366,1917.296917511915
8,29,11,345.615021,287.79102,2800.0,6600.0
8,29,12,361.87063,301.787649,2800.0,6600.0
8,29,13,356.46495699999997,298.42539600000003,2800.0,6600.0
8,29,14,318.956276,267.917081,2800.0,6600.0
8,29,15,254.567407,214.485514,2800.0,6600.0
8,29,16,168.612624,142.433293,2800.0,6600.0
8,29,17,72.834049,61.585046999999996,2800.0,6600.0
8,29,18,4.765032,3.974198,2800.0,6600.0
8,29,19,0.0,0.0,2800.0,6600.0
8,29,20,0.0,0.0,2800.0,6600.0
8,29,21,0.0,0.0,2800.0,6600.0
8,29,22,0.0,0.0,2800.0,6600.0
8,29,23,0.0,0.0,2800.0,6600.0
8,30,0,0.0,0.0,2800.0,6600.0
8,30,1,0.0,0.0,2800.0,6600.0
8,30,2,0.0,0.0,2800.0,6600.0
8,30,3,0.0,0.0,2800.0,6600.0
8,30,4,0.0,0.0,2800.0,6600.0
8,30,5,0.0,0.0,2800.0,6145.847517348083
8,30,6,1.926884,1.5920889999999999,2800.0,4134.733013236745
8,30,7,74.697075,63.31257,2800.0,5360.429636038867
8,30,8,175.70970499999999,148.595373,2800.0,4644.951049827907
8,30,9,258.245567,217.330901,2800.0,5360.429636038867
8,30,10,314.464119,263.053039,2800.0,3996.150340809066
8,30,11,343.284219,285.596364,2800.0,6600.0
8,30,12,351.363051,291.847246,2800.0,6600.0
8,30,13,340.645104,283.869788,2800.0,6600.0
8,30,14,308.029123,258.099489,2800.0,6600.0
8,30,15,246.999944,207.89960399999998,2800.0,6600.0
8,30,16,164.724915,139.08206099999998,2800.0,6600.0
8,30,17,70.06874800000001,59.222769,2800.0,6600.0
8,30,18,3.8013589999999997,3.1592420000000003,2800.0,6600.0
8,30,19,0.0,0.0,2800.0,6600.0
8,30,20,0.0,0.0,2800.0,6600.0
8,30,21,0.0,0.0,2800.0,6600.0
8,30,22,0.0,0.0,2800.0,6600.0
8,30,23,0.0,0.0,2800.0,6600.0
8,31,0,0.0,0.0,2800.0,6600.0
8,31,1,0.0,0.0,2800.0,6600.0
8,31,2,0.0,0.0,2800.0,6600.0
8,31,3,0.0,0.0,2800.0,6600.0
8,31,4,0.0,0.0,2800.0,6600.0
8,31,5,0.0,0.0,2800.0,6600.0
8,31,6,1.896125,1.5637260000000002,2800.0,6600.0
8,31,7,75.571504,63.990325,2800.0,6600.0
8,31,8,175.81975500000001,148.327631,2800.0,6600.0
8,31,9,252.85156099999998,211.74005,2800.0,6600.0
8,31,10,319.66099099999997,267.521761,2800.0,6600.0
8,31,11,362.78247999999996,303.683216,2800.0,6600.0
8,31,12,377.56466700000004,316.225588,2800.0,6600.0
8,31,13,362.420012,303.901138,2800.0,6600.0
8,31,14,320.467416,269.152921,2800.0,6600.0
8,31,15,254.271539,214.040767,2800.0,6600.0
8,31,16,169.012744,142.575964,2800.0,6600.0
8,31,17,70.353992,59.405628,2800.0,6600.0
8,31,18,4.251342999999999,3.536226,2800.0,6600.0
8,31,19,0.0,0.0,2800.0,6600.0
8,31,20,0.0,0.0,2800.0,6600.0
8,31,21,0.0,0.0,2800.0,6600.0
8,31,22,0.0,0.0,2800.0,4569.628998473504
8,31,23,0.0,0.0,1749.3017415377876,2134.9745664437564
9,1,0,0.0,0.0,813.163264745564,992.4433546107276
9,1,1,0.0,0.0,460.3878697051685,561.8907071204812
9,1,2,0.0,0.0,375.1945078601572,457.9145568371997
9,1,3,0.0,0.0,402.3068740231014,491.0044525478796
9,1,4,0.0,0.0,491.4151496175413,599.758647171015
9,1,5,0.0,0.0,523.8060511729734,639.2908498567786
9,1,6,0.855909,0.687297,748.4297260208111,913.4378545923286
9,1,7,72.135837,61.101995,1055.7070784976213,1288.4613950167818
9,1,8,170.809459,144.330758,1570.9465066065366,1917.296917511915
9,1,9,252.619755,212.208297,1281.237390674447,1563.7149256262935
9,1,10,306.08239199999997,255.315839,667.5923777577954,814.7780988382542
9,1,11,339.352909,281.984327,1570.9465066065366,1917.296917511915
9,1,12,357.041832,297.29237,2800.0,6600.0
9,1,13,347.761277,290.74150699999996,2800.0,6600.0
9,1,14,310.58428299999997,260.712105,2800.0,6600.0
9,1,15,246.45288200000002,207.582519,2800.0,6600.0
9,1,16,160.115725,135.259737,2800.0,6600.0
9,1,17,67.85392200000001,57.368652000000004,2800.0,6600.0
9,1,18,1.7135440000000002,1.402517,2800.0,6600.0
9,1,19,0.0,0.0,2800.0,6600.0
9,1,20,0.0,0.0,2800.0,6600.0
9,1,21,0.0,0.0,2800.0,6600.0
9,1,22,0.0,0.0,2800.0,6600.0
9,1,23,0.0,0.0,2800.0,3860.699345383164
9,2,0,0.0,0.0,1109.377075854021,1353.9641476958525
9,2,1,0.0,0.0,460.3878697051685,561.8907071204812
9,2,2,0.0,0.0,152.76411334322614,186.4443903007878
9,2,3,0.0,0.0,28.504091119435778,34.78845766545312
9,2,4,0.0,0.0,175.6432651850418,214.36776459591715
9,2,5,0.0,0.0,1437.3238044186396,1754.214092007001
9,2,6,0.8546699999999999,0.68729,2800.0,5965.099051003621
9,2,7,72.666688,61.56885,2800.0,6600.0
9,2,8,172.097886,145.42546,2800.0,6600.0
9,2,9,255.45028200000002,214.73949299999998,2800.0,6600.0
9,2,10,315.681998,264.14875900000004,2800.0,6600.0
9,2,11,352.90484200000003,294.79881900000004,1164.8359102045422,1421.650126627591
9,2,12,366.880408,306.620647,1.0557070784976212,1.2884613950167818
9,2,13,355.46484000000004,297.77018300000003,2145.5095856044995,2618.5353210133653
9,2,14,314.83903999999995,264.461071,2800.0,6600.0
9,2,15,249.667123,210.32909099999998,2800.0,6600.0
9,2,16,162.785732,137.509816,2800.0,6600.0
9,2,17,67.815179,57.330713,2800.0,6600.0
9,2,18,2.641576,2.183649,2800.0,6600.0
9,2,19,0.0,0.0,2800.0,6600.0
9,2,20,0.0,0.0,2800.0,6600.0
9,2,21,0.0,0.0,2800.0,6600.0
9,2,22,0.0,0.0,2800.0,6600.0
9,2,23,0.0,0.0,2800.0,6600.0
9,3,0,0.0,0.0,2800.0,6600.0
9,3,1,0.0,0.0,2800.0,6600.0
9,3,2,0.0,0.0,2800.0,6600.0
9,3,3,0.0,0.0,2800.0,6600.0
9,3,4,0.0,0.0,2800.0,6600.0
9,3,5,0.0,0.0,2800.0,6600.0
9,3,6,1.1839369999999998,0.964317,2800.0,6600.0
9,3,7,75.064637,63.56991,2800.0,6600.0
9,3,8,176.376444,149.00710999999998,2800.0,6600.0
9,3,9,262.734825,221.241691,2800.0,6600.0
9,3,10,326.37885600000004,274.134632,1980.545579523704,2417.201297843891
9,3,11,366.062743,307.042371,3.0015560628812588,3.663316454697599
9,3,12,378.557931,317.504886,2800.0,4134.733013236745
9,3,13,362.206153,304.094751,2800.0,6600.0
9,3,14,319.536723,268.778595,2800.0,6600.0
9,3,15,252.201675,212.650163,2800.0,6600.0
9,3,16,164.547136,139.059903,2800.0,6600.0
9,3,17,67.994526,57.506953,2800.0,6600.0
9,3,18,2.426598,2.004923,2800.0,6600.0
9,3,19,0.0,0.0,2800.0,6600.0
9,3,20,0.0,0.0,2800.0,6600.0
9,3,21,0.0,0.0,2800.0,6600.0
9,3,22,0.0,0.0,2800.0,6600.0
9,3,23,0.0,0.0,2800.0,6600.0
9,4,0,0.0,0.0,2800.0,6600.0
9,4,1,0.0,0.0,2800.0,6600.0
9,4,2,0.0,0.0,2800.0,6600.0
9,4,3,0.0,0.0,2800.0,6600.0
9,4,4,0.0,0.0,2800.0,6600.0
9,4,5,0.0,0.0,2800.0,6600.0
9,4,6,0.845551,0.680081,2800.0,6600.0
9,4,7,73.089075,61.92896,2800.0,6600.0
9,4,8,172.292303,145.72182199999997,2800.0,6600.0
9,4,9,258.58252799999997,218.027079,2800.0,6600.0
9,4,10,319.54324699999995,268.719701,2800.0,6600.0
9,4,11,358.43760499999996,300.971424,2549.630956168769,3111.754316583931
9,4,12,370.160486,310.69255599999997,2597.435303258585,3170.098204764415
9,4,13,353.972642,297.297801,2800.0,6600.0
9,4,14,311.133893,261.69746599999996,2800.0,6600.0
9,4,15,244.845548,206.34165,2800.0,6600.0
9,4,16,158.584214,133.9302,2800.0,6600.0
9,4,17,65.171443,55.086688,2800.0,6600.0
9,4,18,1.263015,1.0249469999999998,2800.0,6600.0
9,4,19,0.0,0.0,2800.0,6600.0
9,4,20,0.0,0.0,2800.0,6600.0
9,4,21,0.0,0.0,2800.0,6600.0
9,4,22,0.0,0.0,2800.0,6600.0
9,4,23,0.0,0.0,2800.0,6600.0
9,5,0,0.0,0.0,2800.0,6600.0
9,5,1,0.0,0.0,2800.0,5277.537873988738
9,5,2,0.0,0.0,1862.5318241810248,2273.168761795739
9,5,3,0.0,0.0,1082.3203053763452,1320.942104986878
9,5,4,0.0,0.0,1373.4523042863404,1676.2606863337226
9,5,5,0.0,0.0,2744.426018516277,3349.496321811205
9,5,6,0.8423390000000001,0.678425,2800.0,6600.0
9,5,7,75.010105,63.599458,2800.0,6600.0
9,5,8,176.15308,149.031089,2800.0,6600.0
9,5,9,261.99879999999996,220.669071,2800.0,6600.0
9,5,10,315.60734,264.582808,2800.0,6600.0
9,5,11,350.763184,292.858463,2800.0,6600.0
9,5,12,361.807568,301.687501,2800.0,6600.0
9,5,13,346.062522,289.077212,2800.0,6600.0
9,5,14,308.049718,258.22315599999996,2800.0,6600.0
9,5,15,241.720225,203.357508,2800.0,6600.0
9,5,16,157.746392,133.12455,2800.0,6600.0
9,5,17,64.769572,54.732316,2800.0,6600.0
9,5,18,0.11906,0.06305,2800.0,6600.0
9,5,19,0.0,0.0,2800.0,4644.951049827907
9,5,20,0.0,0.0,2103.4419801044355,2567.192967843996
9,5,21,0.0,0.0,2188.134369840437,2670.5576954745493
9,5,22,0.0,0.0,2794.6277004301824,3410.766091076207
9,5,23,0.0,0.0,2800.0,4495.12565696385
9,6,0,0.0,0.0,2800.0,6600.0
9,6,1,0.0,0.0,2800.0,6600.0
9,6,2,0.0,0.0,2800.0,6600.0
9,6,3,0.0,0.0,2800.0,6600.0
9,6,4,0.0,0.0,2800.0,6600.0
9,6,5,0.0,0.0,2800.0,6600.0
9,6,6,-0.0,-0.0,2800.0,6600.0
9,6,7,67.40107499999999,57.163786,2800.0,6600.0
9,6,8,164.536293,139.37965,2800.0,6600.0
9,6,9,248.74689999999998,210.09390299999998,2800.0,6600.0
9,6,10,309.895305,260.904268,2800.0,3928.035620383037
9,6,11,346.180961,290.65733,5.6579301238231885,6.905347788918065
9,6,12,349.778972,293.153564,2800.0,6600.0
9,6,13,344.880853,288.68222499999996,2800.0,6600.0
9,6,14,294.723109,246.83744000000002,2800.0,6600.0
9,6,15,227.941878,191.307894,2800.0,6600.0
9,6,16,145.46298199999998,122.50004700000001,2800.0,6600.0
9,6,17,28.281212,23.819008,2800.0,6600.0
9,6,18,-0.0,-0.0,2800.0,6600.0
9,6,19,0.0,0.0,2800.0,6600.0
9,6,20,0.0,0.0,2800.0,6600.0
9,6,21,0.0,0.0,2800.0,6600.0
9,6,22,0.0,0.0,2800.0,6600.0
9,6,23,0.0,0.0,2800.0,6600.0
9,7,0,0.0,0.0,2800.0,6600.0
9,7,1,0.0,0.0,2800.0,6600.0
9,7,2,0.0,0.0,2800.0,6600.0
9,7,3,0.0,0.0,2800.0,6600.0
9,7,4,0.0,0.0,2800.0,6600.0
9,7,5,0.0,0.0,2800.0,6600.0
9,7,6,-0.0,-0.0,2800.0,6600.0
9,7,7,55.500093,47.027978000000004,2800.0,6600.0
9,7,8,150.444196,127.40978299999999,2800.0,6600.0
9,7,9,234.062912,197.710994,2800.0,6600.0
9,7,10,320.66493699999995,269.824376,2800.0,6600.0
9,7,11,357.330733,299.825272,2800.0,6600.0
9,7,12,365.05078100000003,305.65462199999996,2800.0,6600.0
9,7,13,344.592254,288.298792,2061.927887690667,2516.5261621421523
9,7,14,301.06982,252.20924499999998,2800.0,6600.0
9,7,15,235.80542300000002,198.21758,2800.0,6600.0
9,7,16,153.54906599999998,129.514058,2800.0,6600.0
9,7,17,61.631383,52.051218,2800.0,6600.0
9,7,18,-0.0,-0.0,2800.0,6600.0
9,7,19,0.0,0.0,2800.0,6600.0
9,7,20,0.0,0.0,2800.0,6600.0
9,7,21,0.0,0.0,2800.0,6600.0
9,7,22,0.0,0.0,2800.0,6600.0
9,7,23,0.0,0.0,2800.0,6600.0
9,8,0,0.0,0.0,2800.0,6600.0
9,8,1,0.0,0.0,2800.0,6600.0
9,8,2,0.0,0.0,2800.0,6600.0
9,8,3,0.0,0.0,2800.0,6600.0
9,8,4,0.0,0.0,2800.0,6600.0
9,8,5,0.0,0.0,2800.0,6600.0
9,8,6,-0.0,-0.0,2800.0,6600.0
9,8,7,65.424295,55.430053,2800.0,6600.0
9,8,8,163.04663699999998,138.008422,2800.0,6600.0
9,8,9,247.748063,209.152782,2800.0,6600.0
9,8,10,317.10988799999996,266.997565,2800.0,6600.0
9,8,11,353.912696,297.372077,2800.0,6600.0
9,8,12,363.020828,304.741654,2800.0,6600.0
9,8,13,344.079391,288.94069199999996,2800.0,6600.0
9,8,14,298.16109600000004,250.82286100000002,2800.0,6600.0
9,8,15,232.600269,196.15554500000002,2800.0,6600.0
9,8,16,148.14038699999998,125.221442,2800.0,6600.0
9,8,17,58.336073,49.333819000000005,2800.0,6600.0
9,8,18,-0.0,-0.0,2800.0,6600.0
9,8,19,0.0,0.0,2800.0,6600.0
9,8,20,0.0,0.0,2800.0,6600.0
9,8,21,0.0,0.0,1437.3238044186396,1754.214092007001
9,8,22,0.0,0.0,96.20130752809575,117.41104462090426
9,8,23,0.0,0.0,131.96338481220266,161.05767437709773
9,9,0,0.0,0.0,1342.23868718708,1638.1653268818693
9,9,1,0.0,0.0,2800.0,3860.699345383164
9,9,2,0.0,0.0,2800.0,5033.998538121269
9,9,3,0.0,0.0,2800.0,5528.8079782263085
9,9,4,0.0,0.0,2800.0,6600.0
9,9,5,0.0,0.0,2800.0,6600.0
9,9,6,-0.0,-0.0,2800.0,6600.0
9,9,7,63.487299,53.78201,2800.0,6600.0
9,9,8,161.026102,136.20763200000002,2800.0,6600.0
9,9,9,244.445525,206.061893,2800.0,6600.0
9,9,10,308.177742,258.801394,2800.0,6600.0
9,9,11,342.850355,286.980498,2800.0,6600.0
9,9,12,350.650254,293.01158399999997,2800.0,6600.0
9,9,13,335.13106,280.061036,2800.0,6600.0
9,9,14,293.782826,246.174072,2800.0,6600.0
9,9,15,228.486052,192.268078,2800.0,6600.0
9,9,16,113.85058900000001,96.17750199999999,2800.0,6600.0
9,9,17,55.820981,47.170374,2800.0,6600.0
9,9,18,0.0,0.0,2800.0,6600.0
9,9,19,0.0,0.0,2800.0,6600.0
9,9,20,0.0,0.0,2800.0,6600.0
9,9,21,0.0,0.0,2800.0,6600.0
9,9,22,0.0,0.0,2800.0,6600.0
9,9,23,0.0,0.0,2800.0,6600.0
9,10,0,0.0,0.0,2800.0,6600.0
9,10,1,0.0,0.0,2800.0,6600.0
9,10,2,0.0,0.0,2800.0,6600.0
9,10,3,0.0,0.0,2800.0,6600.0
9,10,4,0.0,0.0,2800.0,6600.0
9,10,5,0.0,0.0,2800.0,6600.0
9,10,6,-0.0,-0.0,2800.0,6600.0
9,10,7,68.12161900000001,57.76435,2800.0,6600.0
9,10,8,168.922953,142.942823,2800.0,6600.0
9,10,9,255.759269,215.41207999999997,2800.0,6600.0
9,10,10,318.077821,266.656908,2800.0,6600.0
9,10,11,354.71693300000004,296.577283,2800.0,6600.0
9,10,12,366.769663,306.736474,2800.0,6600.0
9,10,13,357.13115000000005,299.16146100000003,2800.0,6600.0
9,10,14,314.84740600000003,264.50840000000005,2800.0,6600.0
9,10,15,247.911896,208.947794,2800.0,6600.0
9,10,16,158.18083900000002,133.695494,2800.0,6600.0
9,10,17,60.751047,51.377306,2800.0,6600.0
9,10,18,0.0,0.0,2800.0,6600.0
9,10,19,0.0,0.0,2800.0,6600.0
9,10,20,0.0,0.0,2319.3884514592746,2830.7496848518704
9,10,21,0.0,0.0,523.8060511729734,639.2908498567786
9,10,22,0.0,0.0,1311.5016045329749,1600.651564587489
9,10,23,0.0,0.0,2800.0,5787.929644089762
9,11,0,0.0,0.0,2800.0,6600.0
9,11,1,0.0,0.0,2800.0,6600.0
9,11,2,0.0,0.0,2800.0,6600.0
9,11,3,0.0,0.0,2800.0,6600.0
9,11,4,0.0,0.0,2800.0,6600.0
9,11,5,0.0,0.0,2800.0,6600.0
9,11,6,0.108018,0.060878999999999996,2800.0,6600.0
9,11,7,76.152256,64.576674,2800.0,6600.0
9,11,8,181.670501,153.609643,2800.0,6600.0
9,11,9,265.64457799999997,223.328061,2800.0,6600.0
9,11,10,324.244261,271.086928,2800.0,6600.0
9,11,11,360.347885,300.586793,2800.0,6600.0
9,11,12,374.18081900000004,312.466275,2800.0,6600.0
9,11,13,360.56214,301.848277,2800.0,6600.0
9,11,14,316.90706900000004,266.145955,2800.0,6600.0
9,11,15,248.367595,209.27764000000002,2800.0,6600.0
9,11,16,157.031006,132.69728,2800.0,6600.0
9,11,17,59.605374000000005,50.414938,2800.0,6600.0
9,11,18,0.0,0.0,2800.0,6600.0
9,11,19,0.0,0.0,2800.0,6600.0
9,11,20,0.0,0.0,2800.0,6600.0
9,11,21,0.0,0.0,2800.0,6600.0
9,11,22,0.0,0.0,2800.0,6600.0
9,11,23,0.0,0.0,2800.0,6600.0
9,12,0,0.0,0.0,2800.0,6600.0
9,12,1,0.0,0.0,2800.0,6600.0
9,12,2,0.0,0.0,2800.0,6423.759245222193
9,12,3,0.0,0.0,2800.0,6600.0
9,12,4,0.0,0.0,2800.0,6600.0
9,12,5,0.0,0.0,2800.0,6600.0
9,12,6,-0.0,-0.0,2800.0,6600.0
9,12,7,65.177758,55.31857,2800.0,6600.0
9,12,8,161.205948,136.72195499999998,2800.0,6600.0
9,12,9,246.07119699999998,208.093348,2800.0,6600.0
9,12,10,321.767434,271.006239,2800.0,6600.0
9,12,11,355.869805,298.600013,2800.0,6600.0
9,12,12,361.228903,302.260081,2800.0,6600.0
9,12,13,343.090496,287.061675,2800.0,6600.0
9,12,14,300.68573599999996,252.166088,2800.0,6600.0
9,12,15,233.309538,196.351338,2800.0,6600.0
9,12,16,149.146953,125.957613,2800.0,6600.0
9,12,17,55.996394,47.338283000000004,2800.0,6600.0
9,12,18,0.0,0.0,2800.0,6600.0
9,12,19,0.0,0.0,2800.0,6600.0
9,12,20,0.0,0.0,2800.0,6600.0
9,12,21,0.0,0.0,2800.0,6600.0
9,12,22,0.0,0.0,2800.0,4798.06917736812
9,12,23,0.0,0.0,2188.134369840437,2670.5576954745493
9,13,0,0.0,0.0,1469.9890187508342,1794.0810858770024
9,13,1,0.0,0.0,1437.3238044186396,1754.214092007001
9,13,2,0.0,0.0,1712.6043126696648,2090.186365856677
9,13,3,0.0,0.0,1712.6043126696648,2090.186365856677
9,13,4,0.0,0.0,905.1368564268978,1104.694588552513
9,13,5,0.0,0.0,228.03272895548625,278.3076613236249
9,13,6,-0.0,-0.0,183.74862734385428,224.2601357346253
9,13,7,56.053548,47.546921000000005,2188.134369840437,2670.5576954745493
9,13,8,151.512259,128.546143,2800.0,6600.0
9,13,9,235.60487700000002,199.422731,2800.0,6600.0
9,13,10,297.857592,251.41679000000002,2800.0,6600.0
9,13,11,336.09459499999997,283.03448599999996,2800.0,6600.0
9,13,12,347.273071,292.046961,2800.0,6600.0
9,13,13,355.23653499999995,298.56131,2800.0,6600.0
9,13,14,310.09117,261.038258,2800.0,6600.0
9,13,15,241.2486,203.58964600000002,2800.0,6600.0
9,13,16,151.495931,128.151579,2800.0,6600.0
9,13,17,56.071703,47.443382,2800.0,6600.0
9,13,18,0.0,0.0,2800.0,6600.0
9,13,19,0.0,0.0,2800.0,6600.0
9,13,20,0.0,0.0,2409.744269793466,2941.0264710077745
9,13,21,0.0,0.0,1003.7965929387176,1225.1060779960724
9,13,22,0.0,0.0,540.5220241907821,659.6922342485923
9,13,23,0.0,0.0,929.1658003530496,1134.0212523993912
9,14,0,0.0,0.0,2188.134369840437,2670.5576954745493
9,14,1,0.0,0.0,2800.0,3996.150340809066
9,14,2,0.0,0.0,2800.0,3928.035620383037
9,14,3,0.0,0.0,2502.4167786610287,3054.130714113854
9,14,4,0.0,0.0,1281.237390674447,1563.7149256262935
9,14,5,0.0,0.0,540.5220241907821,659.6922342485923
9,14,6,-0.0,-0.0,1251.4423799619176,1527.350936173994
9,14,7,72.266339,61.282638,2800.0,6600.0
9,14,8,177.09595499999998,149.954354,2800.0,6600.0
9,14,9,267.242057,225.60008499999998,2800.0,5360.429636038867
9,14,10,326.442502,274.839564,2145.5095856044995,2618.5353210133653
9,14,11,366.718118,308.197851,2800.0,5277.537873988738
9,14,12,379.794408,319.040897,2800.0,6600.0
9,14,13,360.04417700000005,302.79049200000003,2800.0,6600.0
9,14,14,314.53028,264.981432,2800.0,6600.0
9,14,15,244.041009,206.062135,2800.0,6600.0
9,14,16,154.774625,130.995726,2800.0,6600.0
9,14,17,57.109921,48.352766,2800.0,6600.0
9,14,18,0.0,0.0,2800.0,6600.0
9,14,19,0.0,0.0,2800.0,6600.0
9,14,20,0.0,0.0,2800.0,6600.0
9,14,21,0.0,0.0,2800.0,6600.0
9,14,22,0.0,0.0,2800.0,6600.0
9,14,23,0.0,0.0,2800.0,6600.0
9,15,0,0.0,0.0,2800.0,4875.874201202505
9,15,1,0.0,0.0,2549.630956168769,3111.754316583931
9,15,2,0.0,0.0,1862.5318241810248,2273.168761795739
9,15,3,0.0,0.0,2231.3199984618277,2723.264565051836
9,15,4,0.0,0.0,2800.0,6518.224790706034
9,15,5,0.0,0.0,2800.0,6600.0
9,15,6,0.07274599999999999,0.03186,2800.0,6600.0
9,15,7,77.137757,65.404674,2800.0,6600.0
9,15,8,183.589387,155.128118,2800.0,6600.0
9,15,9,268.74818300000004,226.00137700000002,2800.0,6600.0
9,15,10,328.448948,275.00055699999996,2597.435303258585,3170.098204764415
9,15,11,364.475141,304.544298,1786.5196926460033,2180.398050079768
9,15,12,377.250142,315.48294500000003,2800.0,6600.0
9,15,13,359.14306400000004,301.184081,2800.0,6600.0
9,15,14,314.594555,264.666721,2800.0,6600.0
9,15,15,244.942131,206.683898,2800.0,6600.0
9,15,16,152.99076399999998,129.44045,2800.0,6600.0
9,15,17,55.27034,46.781371,2800.0,6600.0
9,15,18,0.0,0.0,2800.0,6600.0
9,15,19,0.0,0.0,2800.0,6600.0
9,15,20,0.0,0.0,2800.0,6600.0
9,15,21,0.0,0.0,2800.0,3728.344236364732
9,15,22,0.0,0.0,2455.7891050857875,2997.2229235298983
9,15,23,0.0,0.0,1676.4237403920558,2046.0289744942413
9,16,0,0.0,0.0,1469.9890187508342,1794.0810858770024
9,16,1,0.0,0.0,1503.1454301264964,1834.5475722016292
9,16,2,0.0,0.0,1712.6043126696648,2090.186365856677
9,16,3,0.0,0.0,1940.6700324713545,2368.5342915988967
9,16,4,0.0,0.0,2800.0,3472.7785151730586
9,16,5,0.0,0.0,2800.0,6600.0
9,16,6,-0.0,-0.0,2800.0,6600.0
9,16,7,75.565204,64.096651,2800.0,6600.0
9,16,8,183.087613,154.89042999999998,2800.0,6600.0
9,16,9,270.66408399999995,228.056781,2800.0,6600.0
9,16,10,334.591419,281.03388,2800.0,4954.515830178791
9,16,11,372.86237300000005,312.718535,2800.0,6423.759245222193
9,16,12,384.729627,322.778879,2800.0,6600.0
9,16,13,368.221906,309.265072,2800.0,6600.0
9,16,14,321.70586,270.727141,2800.0,6600.0
9,16,15,249.146796,210.19145699999999,2800.0,6600.0
9,16,16,155.61767,131.603929,2800.0,6600.0
9,16,17,55.556183,46.997595999999994,2800.0,6600.0
9,16,18,0.0,0.0,2800.0,6600.0
9,16,19,0.0,0.0,2800.0,6600.0
9,16,20,0.0,0.0,2800.0,6600.0
9,16,21,0.0,0.0,2800.0,6600.0
9,16,22,0.0,0.0,2800.0,6600.0
9,16,23,0.0,0.0,2800.0,6600.0
9,17,0,0.0,0.0,2800.0,6600.0
9,17,1,0.0,0.0,2800.0,6600.0
9,17,2,0.0,0.0,2800.0,6237.575082367505
9,17,3,0.0,0.0,2800.0,3472.7785151730586
9,17,4,0.0,0.0,1862.5318241810248,2273.168761795739
9,17,5,0.0,0.0,1164.8359102045422,1421.650126627591
9,17,6,-0.0,-0.0,610.9415963527902,745.6373813754526
9,17,7,79.221649,67.198008,375.1945078601572,457.9145568371997
9,17,8,189.644047,160.46299199999999,24.01244850305007,29.306531637580797
9,17,9,280.00685200000004,235.944718,26.194120943625872,31.96920272647252
9,17,10,343.768482,288.736368,707.2412654778989,863.1684736147585
9,17,11,381.28447,319.62842099999995,2800.0,4644.951049827907
9,17,12,391.717757,328.329455,2800.0,6600.0
9,17,13,369.678459,310.206424,2800.0,6600.0
9,17,14,322.857618,271.465609,2800.0,6600.0
9,17,15,250.336646,211.026009,2800.0,6600.0
9,17,16,157.00768100000002,132.69790400000002,2800.0,6600.0
9,17,17,54.394499,45.997178999999996,2800.0,6600.0
9,17,18,0.0,0.0,2800.0,6600.0
9,17,19,0.0,0.0,2800.0,6600.0
9,17,20,0.0,0.0,2800.0,6600.0
9,17,21,0.0,0.0,2800.0,6600.0
9,17,22,0.0,0.0,2800.0,6600.0
9,17,23,0.0,0.0,2800.0,6600.0
9,18,0,0.0,0.0,2800.0,6600.0
9,18,1,0.0,0.0,2800.0,6518.224790706034
9,18,2,0.0,0.0,2800.0,4276.483153260508
9,18,3,0.0,0.0,1980.545579523704,2417.201297843891
9,18,4,0.0,0.0,687.226207839785,838.7406473635172
9,18,5,0.0,0.0,138.67213448175264,169.24551846198156
9,18,6,0.302921,0.22420500000000002,13.411389923136454,16.36823179595394
9,18,7,82.78897599999999,70.129118,160.15467383430587,195.4643657032867
9,18,8,190.62404199999997,160.904979,1342.23868718708,1638.1653268818693
9,18,9,277.531048,233.239601,2800.0,4569.628998473504
9,18,10,338.863165,284.04632,2800.0,5614.303506012198
9,18,11,377.82464699999997,316.366545,2800.0,4644.951049827907
9,18,12,387.891061,324.841823,2800.0,4348.55720818164
9,18,13,365.547019,306.578723,2800.0,6600.0
9,18,14,318.055064,267.293573,2800.0,6600.0
9,18,15,245.961074,207.278343,2800.0,6600.0
9,18,16,151.92293700000002,128.39347,2800.0,6600.0
9,18,17,52.98008,44.800925,2800.0,6600.0
9,18,18,0.0,0.0,2800.0,6600.0
9,18,19,0.0,0.0,2800.0,6600.0
9,18,20,0.0,0.0,2800.0,6600.0
9,18,21,0.0,0.0,2800.0,6600.0
9,18,22,0.0,0.0,2800.0,6600.0
9,18,23,0.0,0.0,2800.0,4569.628998473504
9,19,0,0.0,0.0,1109.377075854021,1353.9641476958525
9,19,1,0.0,0.0,402.3068740231014,491.0044525478796
9,19,2,0.0,0.0,278.9149998077284,340.4080706314795
9,19,3,0.0,0.0,175.6432651850418,214.36776459591715
9,19,4,0.0,0.0,55.67205296764801,67.94620637783812
9,19,5,0.0,0.0,3.0015560628812588,3.663316454697599
9,19,6,-0.0,-0.0,39.100262166578574,47.72079240802897
9,19,7,75.392518,63.955148,610.9415963527902,745.6373813754526
9,19,8,184.67597,156.33138399999999,1786.5196926460033,2180.398050079768
9,19,9,272.98215500000003,230.126909,1570.9465066065366,1917.296917511915
9,19,10,333.102622,279.412819,1251.4423799619176,1527.350936173994
9,19,11,362.20516499999997,302.281183,2800.0,5787.929644089762
9,19,12,363.89097200000003,302.770266,2800.0,6600.0
9,19,13,347.842907,289.84366600000004,2800.0,6600.0
9,19,14,305.470501,255.61858600000002,2800.0,6600.0
9,19,15,238.66598499999998,200.736338,2800.0,6600.0
9,19,16,147.177292,124.277837,2800.0,6600.0
9,19,17,50.653805,42.809582,2800.0,6600.0
9,19,18,0.0,0.0,2800.0,6600.0
9,19,19,0.0,0.0,2800.0,6600.0
9,19,20,0.0,0.0,2800.0,6600.0
9,19,21,0.0,0.0,2800.0,6600.0
9,19,22,0.0,0.0,2800.0,4348.55720818164
9,19,23,0.0,0.0,1824.2618316438895,2226.4612905889994
9,20,0,0.0,0.0,1193.2453053765432,1456.323010498931
9,20,1,0.0,0.0,1136.8810555802274,1387.531996967994
9,20,2,0.0,0.0,1311.5016045329749,1600.651564587489
9,20,3,0.0,0.0,1712.6043126696648,2090.186365856677
9,20,4,0.0,0.0,2409.744269793466,2941.0264710077745
9,20,5,0.0,0.0,2800.0,4875.874201202505
9,20,6,-0.0,-0.0,2800.0,6600.0
9,20,7,76.771747,65.050471,2800.0,6600.0
9,20,8,185.85788699999998,156.84524,2800.0,6600.0
9,20,9,266.78051899999997,223.275713,2800.0,6600.0
9,20,10,331.18291800000003,276.623497,2800.0,6600.0
9,20,11,374.885625,313.41429800000003,2800.0,3996.150340809066
9,20,12,389.09898499999997,325.789689,2800.0,5614.303506012198
9,20,13,370.265062,310.63387,2800.0,6600.0
9,20,14,322.515369,271.260778,2800.0,6600.0
9,20,15,247.896475,209.097343,2800.0,6600.0
9,20,16,151.704256,128.293161,2800.0,6600.0
9,20,17,51.286823,43.378133999999996,2800.0,6600.0
9,20,18,0.0,0.0,2800.0,6600.0
9,20,19,0.0,0.0,2800.0,6600.0
9,20,20,0.0,0.0,2800.0,6600.0
9,20,21,0.0,0.0,2800.0,6600.0
9,20,22,0.0,0.0,2800.0,6600.0
9,20,23,0.0,0.0,2800.0,6600.0
9,21,0,0.0,0.0,2800.0,6600.0
9,21,1,0.0,0.0,2800.0,6600.0
9,21,2,0.0,0.0,2800.0,3860.699345383164
9,21,3,0.0,0.0,1405.1461214803344,1714.9421167673372
9,21,4,0.0,0.0,445.37642374118406,543.569651022705
9,21,5,0.0,0.0,52.04244894371608,63.51637469508655
9,21,6,-0.0,-0.0,71.8766678693094,87.7234922814406
9,21,7,77.82216199999999,66.019408,929.1658003530496,1134.0212523993912
9,21,8,188.900263,159.884266,2455.7891050857875,2997.2229235298983
9,21,9,278.19169,234.594236,2800.0,5033.998538121269
9,21,10,337.826644,284.05773800000003,2800.0,6600.0
9,21,11,374.374603,314.20236,2800.0,6600.0
9,21,12,384.342392,322.502415,2800.0,6600.0
9,21,13,363.972022,305.72721,2800.0,6600.0
9,21,14,317.20196799999997,266.968293,2800.0,6600.0
9,21,15,245.402405,207.065835,2800.0,6600.0
9,21,16,150.444379,127.249883,2800.0,6600.0
9,21,17,50.692991,42.882664,2800.0,6600.0
9,21,18,0.0,0.0,2800.0,6600.0
9,21,19,0.0,0.0,2800.0,6600.0
9,21,20,0.0,0.0,2800.0,6600.0
9,21,21,0.0,0.0,2800.0,6600.0
9,21,22,0.0,0.0,2800.0,6600.0
9,21,23,0.0,0.0,2800.0,6600.0
9,22,0,0.0,0.0,2800.0,6600.0
9,22,1,0.0,0.0,2800.0,6600.0
9,22,2,0.0,0.0,2800.0,4954.515830178791
9,22,3,0.0,0.0,953.6162939806846,1163.862406039418
9,22,4,0.0,0.0,402.3068740231014,491.0044525478796
9,22,5,0.0,0.0,905.1368564268978,1104.694588552513
9,22,6,-0.0,-0.0,1940.6700324713545,2368.5342915988967
9,22,7,76.71054,65.041048,2800.0,6518.224790706034
9,22,8,184.465228,155.953595,2800.0,6600.0
9,22,9,271.97598999999997,228.86611100000002,2800.0,6600.0
9,22,10,332.160125,278.14689500000003,2800.0,6600.0
9,22,11,363.862119,303.527868,2800.0,6600.0
9,22,12,370.70345199999997,308.866858,2800.0,6600.0
9,22,13,357.48056,298.528229,2800.0,6600.0
9,22,14,315.496899,264.564754,2800.0,6600.0
9,22,15,244.822531,206.15068100000002,2800.0,6600.0
9,22,16,150.122291,126.84366899999999,2800.0,6600.0
9,22,17,48.061064,40.631602,2800.0,6600.0
9,22,18,0.0,0.0,2800.0,6600.0
9,22,19,0.0,0.0,2800.0,6600.0
9,22,20,0.0,0.0,2800.0,6600.0
9,22,21,0.0,0.0,2800.0,6600.0
9,22,22,0.0,0.0,2800.0,6600.0
9,22,23,0.0,0.0,2800.0,6600.0
9,23,0,0.0,0.0,2800.0,6600.0
9,23,1,0.0,0.0,2800.0,6600.0
9,23,2,0.0,0.0,2800.0,6600.0
9,23,3,0.0,0.0,2800.0,6600.0
9,23,4,0.0,0.0,2800.0,6600.0
9,23,5,0.0,0.0,2800.0,6600.0
9,23,6,-0.0,-0.0,2800.0,6600.0
9,23,7,82.46708,69.938182,2800.0,6600.0
9,23,8,192.981928,163.096157,2800.0,6600.0
9,23,9,282.135461,237.383016,2800.0,6600.0
9,23,10,346.512946,290.82467099999997,2800.0,6600.0
9,23,11,386.208385,323.934071,2800.0,6600.0
9,23,12,396.269944,332.53180599999996,2800.0,6600.0
9,23,13,377.998603,317.615884,2188.134369840437,2670.5576954745493
9,23,14,328.404926,276.502284,2800.0,4348.55720818164
9,23,15,253.736819,214.166651,2800.0,6600.0
9,23,16,154.64174,130.842333,2800.0,6600.0
9,23,17,48.567648999999996,41.092988,2800.0,6600.0
9,23,18,0.0,0.0,2800.0,6600.0
9,23,19,0.0,0.0,2800.0,6600.0
9,23,20,0.0,0.0,2800.0,6600.0
9,23,21,0.0,0.0,2800.0,6600.0
9,23,22,0.0,0.0,2800.0,6600.0
9,23,23,0.0,0.0,2800.0,6600.0
9,24,0,0.0,0.0,2800.0,6600.0
9,24,1,0.0,0.0,2800.0,6600.0
9,24,2,0.0,0.0,2800.0,6600.0
9,24,3,0.0,0.0,2800.0,6600.0
9,24,4,0.0,0.0,2800.0,6600.0
9,24,5,0.0,0.0,2800.0,6600.0
9,24,6,-0.0,-0.0,2800.0,6600.0
9,24,7,79.007875,67.019304,2800.0,6600.0
9,24,8,193.61256400000002,163.99929600000002,2800.0,6600.0
9,24,9,288.100691,243.354596,2800.0,6600.0
9,24,10,357.529365,301.253075,2800.0,6600.0
9,24,11,395.904255,333.137164,2800.0,6600.0
9,24,12,403.82573599999995,339.71078,2800.0,6600.0
9,24,13,386.231543,325.165204,2800.0,6600.0
9,24,14,333.80224699999997,281.556826,2800.0,6600.0
9,24,15,256.16708,216.578014,2800.0,6600.0
9,24,16,154.938259,131.280711,2800.0,6600.0
9,24,17,47.97835,40.62733,2800.0,6600.0
9,24,18,0.0,0.0,2800.0,6600.0
9,24,19,0.0,0.0,2800.0,6600.0
9,24,20,0.0,0.0,2800.0,5114.326798854228
9,24,21,0.0,0.0,2800.0,3860.699345383164
9,24,22,0.0,0.0,2800.0,6600.0
9,24,23,0.0,0.0,2800.0,6600.0
9,25,0,0.0,0.0,2800.0,6600.0
9,25,1,0.0,0.0,2800.0,6600.0
9,25,2,0.0,0.0,2800.0,6600.0
9,25,3,0.0,0.0,2800.0,6600.0
9,25,4,0.0,0.0,2800.0,6600.0
9,25,5,0.0,0.0,2800.0,6600.0
9,25,6,-0.0,-0.0,2800.0,6600.0
9,25,7,77.864163,66.052461,2800.0,6600.0
9,25,8,190.03234400000002,160.897479,2800.0,6600.0
9,25,9,279.254217,235.61284799999999,2800.0,6600.0
9,25,10,354.384714,297.91904999999997,2800.0,6600.0
9,25,11,387.77788699999996,325.396924,2800.0,6600.0
9,25,12,395.621646,331.945197,2800.0,6600.0
9,25,13,377.333108,317.021117,2800.0,6600.0
9,25,14,329.414998,277.349702,2800.0,6600.0
9,25,15,253.735547,214.231215,2800.0,6600.0
9,25,16,153.492331,129.925667,2800.0,6600.0
9,25,17,46.812561,39.614118000000005,2800.0,6600.0
9,25,18,0.0,0.0,2800.0,6600.0
9,25,19,0.0,0.0,2800.0,6600.0
9,25,20,0.0,0.0,2800.0,6600.0
9,25,21,0.0,0.0,2794.6277004301824,3410.766091076207
9,25,22,0.0,0.0,629.4537376638762,768.2309396685104
9,25,23,0.0,0.0,85.90327597997313,104.84258092043964
9,26,0,0.0,0.0,160.15467383430587,195.4643657032867
9,26,1,0.0,0.0,629.4537376638762,768.2309396685104
9,26,2,0.0,0.0,2794.6277004301824,3410.766091076207
9,26,3,0.0,0.0,2800.0,6600.0
9,26,4,0.0,0.0,2800.0,6600.0
9,26,5,0.0,0.0,2800.0,6600.0
9,26,6,-0.0,-0.0,2800.0,6600.0
9,26,7,78.834395,66.90347100000001,2800.0,6600.0
9,26,8,189.905663,160.881266,2800.0,6600.0
9,26,9,280.586756,237.02384700000002,2800.0,6600.0
9,26,10,347.463376,292.83977000000004,2800.0,6600.0
9,26,11,387.679935,326.384544,2800.0,6600.0
9,26,12,398.43546899999996,335.456454,2800.0,6600.0
9,26,13,388.407043,327.244832,2800.0,6600.0
9,26,14,336.871945,284.34897600000005,2800.0,6600.0
9,26,15,258.400877,218.61495000000002,2800.0,6600.0
9,26,16,155.32067600000002,131.68933900000002,2800.0,6600.0
9,26,17,47.45268,40.209306,2800.0,6600.0
9,26,18,0.0,0.0,2800.0,6600.0
9,26,19,0.0,0.0,2800.0,6600.0
9,26,20,0.0,0.0,2800.0,6600.0
9,26,21,0.0,0.0,2800.0,6600.0
9,26,22,0.0,0.0,2800.0,6600.0
9,26,23,0.0,0.0,2800.0,6600.0
9,27,0,0.0,0.0,2800.0,6600.0
9,27,1,0.0,0.0,2800.0,6600.0
9,27,2,0.0,0.0,2800.0,6600.0
9,27,3,0.0,0.0,2800.0,6600.0
9,27,4,0.0,0.0,2800.0,6600.0
9,27,5,0.0,0.0,2800.0,6600.0
9,27,6,-0.0,-0.0,2800.0,6600.0
9,27,7,81.816503,69.439008,2800.0,6600.0
9,27,8,196.414107,166.28033,2800.0,6600.0
9,27,9,288.268919,243.143701,2800.0,6600.0
9,27,10,355.154922,298.545653,2800.0,6600.0
9,27,11,390.419716,327.545057,2800.0,6600.0
9,27,12,398.000733,333.85259499999995,2800.0,6600.0
9,27,13,375.415533,315.314512,2800.0,6145.847517348083
9,27,14,326.044749,274.558082,2800.0,5787.929644089762
9,27,15,249.35108300000002,210.614311,2800.0,6600.0
9,27,16,149.533017,126.644462,2800.0,6600.0
9,27,17,44.966578999999996,38.081714,2800.0,6600.0
9,27,18,0.0,0.0,2800.0,6600.0
9,27,19,0.0,0.0,2800.0,6600.0
9,27,20,0.0,0.0,2800.0,6600.0
9,27,21,0.0,0.0,2800.0,6600.0
9,27,22,0.0,0.0,2800.0,6600.0
9,27,23,0.0,0.0,2800.0,6600.0
9,28,0,0.0,0.0,2800.0,6600.0
9,28,1,0.0,0.0,2800.0,6600.0
9,28,2,0.0,0.0,2800.0,6600.0
9,28,3,0.0,0.0,2800.0,6600.0
9,28,4,0.0,0.0,2800.0,6600.0
9,28,5,0.0,0.0,2800.0,6600.0
9,28,6,-0.0,-0.0,2800.0,6600.0
9,28,7,84.484382,71.71055199999999,2800.0,6600.0
9,28,8,201.051378,170.262576,2800.0,6600.0
9,28,9,292.221967,246.71904800000002,2800.0,6600.0
9,28,10,354.87078399999996,298.88037699999995,2800.0,6600.0
9,28,11,389.47078100000004,327.47664899999995,2800.0,6600.0
9,28,12,394.648211,331.605483,2800.0,6600.0
9,28,13,370.936811,311.82869900000003,2800.0,6600.0
9,28,14,318.175414,267.92589000000004,2800.0,6600.0
9,28,15,239.609965,202.270028,2800.0,6600.0
9,28,16,140.80148300000002,119.167473,2800.0,6600.0
9,28,17,41.678749,35.26356,2800.0,6600.0
9,28,18,0.0,0.0,2800.0,6600.0
9,28,19,0.0,0.0,2800.0,6600.0
9,28,20,0.0,0.0,2800.0,6600.0
9,28,21,0.0,0.0,2800.0,6600.0
9,28,22,0.0,0.0,2800.0,6600.0
9,28,23,0.0,0.0,2800.0,6600.0
9,29,0,0.0,0.0,2800.0,4644.951049827907
9,29,1,0.0,0.0,1901.3333359069868,2320.524937524275
9,29,2,0.0,0.0,858.3289550807331,1047.566834941052
9,29,3,0.0,0.0,192.09958802440056,234.45225310064637
9,29,4,0.0,0.0,10.73790949749664,13.105322615054956
9,29,5,0.0,0.0,30.94602468005788,37.7687702788108
9,29,6,-0.0,-0.0,592.796019999516,723.4912055112203
9,29,7,75.910433,64.365299,2502.4167786610287,3054.130714113854
9,29,8,186.64903,157.712789,2800.0,3472.7785151730586
9,29,9,273.894445,230.22388899999999,2800.0,3472.7785151730586
9,29,10,333.71148800000003,279.156989,2800.0,6600.0
9,29,11,365.96774200000004,305.257778,2800.0,6600.0
9,29,12,375.571736,313.379665,2800.0,6600.0
9,29,13,362.61801199999996,303.552398,2800.0,6600.0
9,29,14,316.64306,266.09563799999995,2800.0,6600.0
9,29,15,241.349616,203.607608,2800.0,6600.0
9,29,16,142.779351,120.830219,2800.0,6600.0
9,29,17,40.736855000000006,34.466676,2800.0,6600.0
9,29,18,0.0,0.0,2800.0,6600.0
9,29,19,0.0,0.0,2800.0,6600.0
9,29,20,0.0,0.0,2800.0,3535.5380679260493
9,29,21,0.0,0.0,1029.5337295682716,1256.5175439612765
9,29,22,0.0,0.0,175.6432651850418,214.36776459591715
9,29,23,0.0,0.0,6.505306117964509,7.939546836885818
9,30,0,0.0,0.0,36.240444554051166,44.23046382581048
9,30,1,0.0,0.0,152.76411334322614,186.4443903007878
9,30,2,0.0,0.0,430.6948862392302,525.6512391108714
9,30,3,0.0,0.0,1536.7967041952045,1875.6180248051708
9,30,4,0.0,0.0,2800.0,6055.023664834879
9,30,5,0.0,0.0,2800.0,6600.0
9,30,6,-0.0,-0.0,2800.0,6600.0
9,30,7,73.586026,62.398856,2800.0,6600.0
9,30,8,183.740078,155.322389,2800.0,6600.0
9,30,9,272.325524,229.300786,2800.0,6600.0
9,30,10,338.706459,284.283549,402.3068740231014,491.0044525478796
9,30,11,374.046195,313.321328,929.1658003530496,1134.0212523993912
9,30,12,381.357015,319.17609999999996,2800.0,6600.0
9,30,13,359.20586599999996,301.12534700000003,2800.0,6600.0
9,30,14,310.82942599999996,261.361646,2800.0,6600.0
9,30,15,236.30671900000002,199.424644,2800.0,6600.0
9,30,16,137.390734,116.312409,2800.0,6600.0
9,30,17,38.996421000000005,32.999367,2800.0,6600.0
9,30,18,0.0,0.0,2800.0,6600.0
9,30,19,0.0,0.0,2800.0,6600.0
9,30,20,0.0,0.0,2800.0,6600.0
9,30,21,0.0,0.0,2800.0,6600.0
9,30,22,0.0,0.0,2800.0,6600.0
9,30,23,0.0,0.0,2800.0,6600.0
10,1,0,0.0,0.0,2800.0,6600.0
10,1,1,0.0,0.0,2800.0,6600.0
10,1,2,0.0,0.0,2800.0,6600.0
10,1,3,0.0,0.0,2800.0,6600.0
10,1,4,0.0,0.0,2800.0,6600.0
10,1,5,0.0,0.0,2800.0,6600.0
10,1,6,-0.0,-0.0,2800.0,5876.06920203001
10,1,7,72.727696,61.663357000000005,2800.0,3535.5380679260493
10,1,8,181.01793,152.815462,2597.435303258585,3170.098204764415
10,1,9,265.22229999999996,222.602398,2800.0,5360.429636038867
10,1,10,324.312076,271.114594,2800.0,6600.0
10,1,11,362.06412800000004,302.43762300000003,2800.0,6600.0
10,1,12,373.451773,312.458035,2800.0,6600.0
10,1,13,356.948862,299.392413,2800.0,6600.0
10,1,14,308.397642,259.50077799999997,2800.0,6600.0
10,1,15,233.15249,196.81874299999998,2800.0,6600.0
10,1,16,134.693282,114.006605,2800.0,6600.0
10,1,17,37.444204,31.668162,2800.0,6600.0
10,1,18,0.0,0.0,2800.0,6600.0
10,1,19,0.0,0.0,2800.0,6600.0
10,1,20,0.0,0.0,2800.0,6600.0
10,1,21,0.0,0.0,2800.0,6600.0
10,1,22,0.0,0.0,2800.0,6600.0
10,1,23,0.0,0.0,2800.0,6600.0
10,2,0,0.0,0.0,2800.0,6600.0
10,2,1,0.0,0.0,2800.0,6600.0
10,2,2,0.0,0.0,2800.0,6600.0
10,2,3,0.0,0.0,2800.0,6600.0
10,2,4,0.0,0.0,2800.0,6600.0
10,2,5,0.0,0.0,2800.0,6600.0
10,2,6,-0.0,-0.0,2800.0,6600.0
10,2,7,71.820187,60.897011,2800.0,6600.0
10,2,8,182.873932,154.53449799999999,2800.0,6600.0
10,2,9,271.79602,228.640288,2800.0,6423.759245222193
10,2,10,338.212621,283.601002,2800.0,6330.21083371745
10,2,11,377.335185,316.186549,2800.0,6600.0
10,2,12,387.34905200000003,324.838117,2800.0,6600.0
10,2,13,365.634631,307.267559,2800.0,6600.0
10,2,14,315.340645,265.71128100000004,2800.0,6600.0
10,2,15,236.98256099999998,200.26921900000002,2800.0,6600.0
10,2,16,136.308636,115.468462,2800.0,6600.0
10,2,17,36.917519999999996,31.238597000000002,2800.0,6600.0
10,2,18,0.0,0.0,2800.0,6600.0
10,2,19,0.0,0.0,2800.0,6600.0
10,2,20,0.0,0.0,2645.8334855800563,3229.1668524795964
10,2,21,0.0,0.0,978.4920029593812,1194.2225232968824
10,2,22,0.0,0.0,388.5930680097703,474.2671302481448
10,2,23,0.0,0.0,402.3068740231014,491.0044525478796
10,3,0,0.0,0.0,629.4537376638762,768.2309396685104
10,3,1,0.0,0.0,445.37642374118406,543.569651022705
10,3,2,0.0,0.0,107.29111938509163,130.9458543676315
10,3,3,0.0,0.0,1.3422386871870802,1.6381653268818694
10,3,4,0.0,0.0,36.240444554051166,44.23046382581048
10,3,5,0.0,0.0,523.8060511729734,639.2908498567786
10,3,6,-0.0,-0.0,2455.7891050857875,2997.2229235298983
10,3,7,70.66814,59.97341,2800.0,6600.0
10,3,8,184.169315,155.97667199999998,2800.0,6600.0
10,3,9,275.729334,232.62239499999998,2800.0,6600.0
10,3,10,341.89486200000005,287.42562,2800.0,5114.326798854228
10,3,11,377.596817,316.78900799999997,39.100262166578574,47.72079240802897
10,3,12,385.205055,323.15996,2800.0,4065.047980485539
10,3,13,368.44491700000003,309.489014,2800.0,6600.0
10,3,14,317.163848,267.101294,2800.0,6600.0
10,3,15,238.55554199999997,201.51110699999998,2800.0,6600.0
10,3,16,136.637045,115.735361,2800.0,6600.0
10,3,17,36.965356,31.285586,2800.0,6600.0
10,3,18,0.0,0.0,2800.0,6600.0
10,3,19,0.0,0.0,2800.0,6600.0
10,3,20,0.0,0.0,2800.0,6600.0
10,3,21,0.0,0.0,2800.0,6600.0
10,3,22,0.0,0.0,2800.0,6600.0
10,3,23,0.0,0.0,2800.0,6055.023664834879
10,4,0,0.0,0.0,2800.0,3535.5380679260493
10,4,1,0.0,0.0,1503.1454301264964,1834.5475722016292
10,4,2,0.0,0.0,707.2412654778989,863.1684736147585
10,4,3,0.0,0.0,475.7328897807615,580.6188812284884
10,4,4,0.0,0.0,1136.8810555802274,1387.531996967994
10,4,5,0.0,0.0,2800.0,4205.209912886971
10,4,6,-0.0,-0.0,2800.0,6600.0
10,4,7,74.994663,63.666946,2800.0,6600.0
10,4,8,189.019526,159.975312,2800.0,6600.0
10,4,9,278.538149,234.470443,2800.0,3472.7785151730586
10,4,10,325.33949099999995,272.198547,278.9149998077284,340.4080706314795
10,4,11,352.113565,293.004208,592.796019999516,723.4912055112203
10,4,12,362.367492,301.86101,2800.0,6600.0
10,4,13,349.92553200000003,292.832229,2800.0,6600.0
10,4,14,303.711207,255.293201,2800.0,6600.0
10,4,15,229.654775,193.80380499999998,2800.0,6600.0
10,4,16,130.360365,110.33254099999999,2800.0,6600.0
10,4,17,33.749608,28.535787,2800.0,6600.0
10,4,18,0.0,0.0,2800.0,6600.0
10,4,19,0.0,0.0,2800.0,6600.0
10,4,20,0.0,0.0,2800.0,6600.0
10,4,21,0.0,0.0,2800.0,6600.0
10,4,22,0.0,0.0,2597.435303258585,3170.098204764415
10,4,23,0.0,0.0,1405.1461214803344,1714.9421167673372
10,5,0,0.0,0.0,1570.9465066065366,1917.296917511915
10,5,1,0.0,0.0,2794.6277004301824,3410.766091076207
10,5,2,0.0,0.0,2800.0,5360.429636038867
10,5,3,0.0,0.0,2800.0,6330.21083371745
10,5,4,0.0,0.0,2800.0,5965.099051003621
10,5,5,0.0,0.0,2800.0,4569.628998473504
10,5,6,-0.0,-0.0,2549.630956168769,3111.754316583931
10,5,7,51.861886,43.993652000000004,1862.5318241810248,2273.168761795739
10,5,8,136.587171,115.770069,2020.963642713616,2466.530430083547
10,5,9,226.85417,191.625981,2800.0,4721.09628485135
10,5,10,327.62554,275.376506,2800.0,6600.0
10,5,11,360.964256,302.70129,2800.0,6600.0
10,5,12,365.308435,306.224964,2800.0,6600.0
10,5,13,345.04067,289.693408,2800.0,6600.0
10,5,14,296.463331,249.623737,2800.0,6600.0
10,5,15,222.156218,187.64191200000002,2800.0,6600.0
10,5,16,121.80508,103.152156,2800.0,6600.0
10,5,17,29.986925,25.353158,2800.0,6600.0
10,5,18,0.0,0.0,2800.0,6600.0
10,5,19,0.0,0.0,2800.0,6600.0
10,5,20,0.0,0.0,2800.0,6600.0
10,5,21,0.0,0.0,2800.0,6600.0
10,5,22,0.0,0.0,2800.0,6600.0
10,5,23,0.0,0.0,2800.0,6600.0
10,6,0,0.0,0.0,2800.0,6600.0
10,6,1,0.0,0.0,2800.0,6600.0
10,6,2,0.0,0.0,2800.0,6600.0
10,6,3,0.0,0.0,2800.0,6600.0
10,6,4,0.0,0.0,2800.0,6600.0
10,6,5,0.0,0.0,2800.0,6600.0
10,6,6,-0.0,-0.0,2800.0,6600.0
10,6,7,67.875758,57.619601,2800.0,6600.0
10,6,8,179.29767999999999,151.987619,2800.0,6600.0
10,6,9,270.4758,228.594778,2800.0,6600.0
10,6,10,340.54778100000004,286.986566,2800.0,6600.0
10,6,11,376.413342,316.655869,2800.0,6600.0
10,6,12,382.16065399999997,321.37776,2800.0,6600.0
10,6,13,361.016702,303.90322399999997,2800.0,6600.0
10,6,14,309.486795,261.036217,2800.0,6600.0
10,6,15,231.797852,196.018025,2800.0,6600.0
10,6,16,130.643899,110.714226,2800.0,6600.0
10,6,17,32.58482,27.571575,2800.0,6600.0
10,6,18,0.0,0.0,2800.0,6600.0
10,6,19,0.0,0.0,2800.0,6600.0
10,6,20,0.0,0.0,2800.0,6600.0
10,6,21,0.0,0.0,2800.0,6600.0
10,6,22,0.0,0.0,2800.0,6600.0
10,6,23,0.0,0.0,2800.0,6600.0
10,7,0,0.0,0.0,2800.0,6518.224790706034
10,7,1,0.0,0.0,2800.0,3599.0492231594667
10,7,2,0.0,0.0,610.9415963527902,745.6373813754526
10,7,3,0.0,0.0,0.3128020973326286,0.3817663392642318
10,7,4,0.0,0.0,1570.9465066065366,1917.296917511915
10,7,5,0.0,0.0,2800.0,6600.0
10,7,6,-0.0,-0.0,2800.0,6600.0
10,7,7,82.120819,69.722825,2800.0,6600.0
10,7,8,198.40189600000002,168.083832,2800.0,6600.0
10,7,9,291.334759,245.955215,2800.0,6600.0
10,7,10,355.81941600000005,299.50427399999995,2800.0,6600.0
10,7,11,391.219883,328.70463299999994,2800.0,6600.0
10,7,12,396.322221,332.964926,2364.2786071344885,2885.536882723194
10,7,13,375.93258399999996,316.245943,1712.6043126696648,2090.186365856677
10,7,14,324.945576,273.960464,2800.0,4276.483153260508
10,7,15,245.417492,207.456657,2800.0,6600.0
10,7,16,140.719088,119.229027,2800.0,6600.0
10,7,17,33.018411,27.937641,2800.0,6600.0
10,7,18,0.0,0.0,2800.0,6600.0
10,7,19,0.0,0.0,2800.0,6600.0
10,7,20,0.0,0.0,2800.0,6600.0
10,7,21,0.0,0.0,2800.0,6600.0
10,7,22,0.0,0.0,2800.0,6600.0
10,7,23,0.0,0.0,2800.0,6600.0
10,8,0,0.0,0.0,2800.0,6600.0
10,8,1,0.0,0.0,2800.0,6600.0
10,8,2,0.0,0.0,2800.0,6600.0
10,8,3,0.0,0.0,2800.0,6600.0
10,8,4,0.0,0.0,2800.0,6600.0
10,8,5,0.0,0.0,2800.0,6600.0
10,8,6,-0.0,-0.0,2800.0,6600.0
10,8,7,86.99105,73.833249,2800.0,6600.0
10,8,8,203.94411300000002,172.490451,2800.0,6600.0
10,8,9,292.08079200000003,245.877479,2800.0,6600.0
10,8,10,352.24565,295.607486,2800.0,6600.0
10,8,11,386.54098100000004,323.91535,2800.0,6600.0
10,8,12,394.15757199999996,330.496163,1712.6043126696648,2090.186365856677
10,8,13,372.390268,312.87422399999997,2800.0,4798.06917736812
10,8,14,321.13352100000003,270.542375,2800.0,6600.0
10,8,15,242.16920499999998,204.616796,2800.0,6600.0
10,8,16,139.981723,118.564095,2800.0,6600.0
10,8,17,31.673125,26.791543,2800.0,6600.0
10,8,18,0.0,0.0,2800.0,6600.0
10,8,19,0.0,0.0,2800.0,6600.0
10,8,20,0.0,0.0,2800.0,6600.0
10,8,21,0.0,0.0,2800.0,6600.0
10,8,22,0.0,0.0,2800.0,6600.0
10,8,23,0.0,0.0,2800.0,4495.12565696385
10,9,0,0.0,0.0,1536.7967041952045,1875.6180248051708
10,9,1,0.0,0.0,707.2412654778989,863.1684736147585
10,9,2,0.0,0.0,491.4151496175413,599.758647171015
10,9,3,0.0,0.0,523.8060511729734,639.2908498567786
10,9,4,0.0,0.0,592.796019999516,723.4912055112203
10,9,5,0.0,0.0,687.226207839785,838.7406473635172
10,9,6,-0.0,-0.0,881.5257965526516,1075.877940674496
10,9,7,75.085445,63.717258,2800.0,3663.3164546975977
10,9,8,190.005616,160.73933799999998,2800.0,6600.0
10,9,9,278.886279,234.771473,2800.0,6600.0
10,9,10,335.462702,281.18145799999996,2800.0,6600.0
10,9,11,368.487075,308.24001,2800.0,6600.0
10,9,12,376.691913,315.425544,2800.0,6600.0
10,9,13,352.226429,295.631556,2800.0,6600.0
10,9,14,300.145347,252.607801,2800.0,6600.0
10,9,15,223.179155,188.388237,2800.0,6600.0
10,9,16,124.414585,105.284649,2800.0,6600.0
10,9,17,27.615275,23.332796,2800.0,6600.0
10,9,18,0.0,0.0,2800.0,6600.0
10,9,19,0.0,0.0,2800.0,6600.0
10,9,20,0.0,0.0,2800.0,6600.0
10,9,21,0.0,0.0,2800.0,6600.0
10,9,22,0.0,0.0,2800.0,4875.874201202505
10,9,23,0.0,0.0,2549.630956168769,3111.754316583931
10,10,0,0.0,0.0,2103.4419801044355,2567.192967843996
10,10,1,0.0,0.0,2455.7891050857875,2997.2229235298983
10,10,2,0.0,0.0,2800.0,3860.699345383164
10,10,3,0.0,0.0,2800.0,4421.436551474658
10,10,4,0.0,0.0,2800.0,4495.12565696385
10,10,5,0.0,0.0,2800.0,4205.209912886971
10,10,6,-0.0,-0.0,2800.0,4205.209912886971
10,10,7,67.215649,56.994644,2800.0,6600.0
10,10,8,176.351943,148.920337,2800.0,6600.0
10,10,9,259.220357,217.32578400000003,2800.0,6600.0
10,10,10,325.013421,271.903134,2800.0,6600.0
10,10,11,363.908655,304.447859,2800.0,6600.0
10,10,12,373.62442,312.968806,2800.0,6600.0
10,10,13,354.546605,297.700977,2800.0,6600.0
10,10,14,304.037781,256.02538200000004,2800.0,6600.0
10,10,15,226.64318799999998,191.413904,2800.0,6600.0
10,10,16,125.271722,106.06041099999999,2800.0,6600.0
10,10,17,27.306721000000003,23.078530999999998,2800.0,6600.0
10,10,18,0.0,0.0,2800.0,6600.0
10,10,19,0.0,0.0,2800.0,6600.0
10,10,20,0.0,0.0,2800.0,6600.0
10,10,21,0.0,0.0,2800.0,3794.137041985159
10,10,22,0.0,0.0,1676.4237403920558,2046.0289744942413
10,10,23,0.0,0.0,791.1870845831577,965.6220323652713
10,11,0,0.0,0.0,362.10752792468406,441.94225849075616
10,11,1,0.0,0.0,247.56819744046305,302.1501622304864
10,11,2,0.0,0.0,247.56819744046305,302.1501622304864
10,11,3,0.0,0.0,247.56819744046305,302.1501622304864
10,11,4,0.0,0.0,175.6432651850418,214.36776459591715
10,11,5,0.0,0.0,52.04244894371608,63.51637469508655
10,11,6,-0.0,-0.0,0.6109415963527902,0.7456373813754527
10,11,7,62.031608,52.648669,59.46661122259518,72.57736015356105
10,11,8,172.210036,145.807145,48.57413350122129,59.283391281018105
10,11,9,261.094095,219.68355,375.1945078601572,457.9145568371997
10,11,10,316.288493,263.949473,2800.0,6600.0
10,11,11,346.512552,288.009987,2800.0,6600.0
10,11,12,361.721783,301.647448,2800.0,6600.0
10,11,13,343.055962,287.211107,2800.0,6600.0
10,11,14,296.584697,249.30132999999998,2800.0,6600.0
10,11,15,222.069697,187.397695,2800.0,6600.0
10,11,16,115.773307,98.00940200000001,2800.0,6600.0
10,11,17,21.751991,18.369521,2800.0,6600.0
10,11,18,0.0,0.0,2800.0,6600.0
10,11,19,0.0,0.0,2800.0,6600.0
10,11,20,0.0,0.0,2800.0,6600.0
10,11,21,0.0,0.0,2800.0,6600.0
10,11,22,0.0,0.0,2800.0,6600.0
10,11,23,0.0,0.0,2800.0,6600.0
10,12,0,0.0,0.0,2800.0,6600.0
10,12,1,0.0,0.0,2800.0,5700.675903358588
10,12,2,0.0,0.0,2800.0,3794.137041985159
10,12,3,0.0,0.0,1901.3333359069868,2320.524937524275
10,12,4,0.0,0.0,1055.7070784976213,1288.4613950167818
10,12,5,0.0,0.0,430.6948862392302,525.6512391108714
10,12,6,-0.0,-0.0,96.20130752809575,117.41104462090426
10,12,7,63.826195,54.205989,3.563011389929472,4.34855720818164
10,12,8,174.595669,148.06639900000002,167.779835898385,204.7706658602337
10,12,9,267.799125,226.20646,2800.0,4721.09628485135
10,12,10,332.104157,279.364804,2800.0,6600.0
10,12,11,363.27702,304.516122,2800.0,6600.0
10,12,12,364.052566,304.45293300000003,2800.0,6600.0
10,12,13,340.120086,284.389946,2800.0,6600.0
10,12,14,291.6947,244.765922,2800.0,6600.0
10,12,15,218.919138,184.59749100000002,2800.0,6600.0
10,12,16,120.379989,101.862818,2800.0,6600.0
10,12,17,22.931062999999998,19.36043,2800.0,6600.0
10,12,18,0.0,0.0,2800.0,6600.0
10,12,19,0.0,0.0,2800.0,6600.0
10,12,20,0.0,0.0,2800.0,6600.0
10,12,21,0.0,0.0,2800.0,6600.0
10,12,22,0.0,0.0,2800.0,6600.0
10,12,23,0.0,0.0,2800.0,6600.0
10,13,0,0.0,0.0,2800.0,6600.0
10,13,1,0.0,0.0,2800.0,6600.0
10,13,2,0.0,0.0,2800.0,3663.3164546975977
10,13,3,0.0,0.0,2145.5095856044995,2618.5353210133653
10,13,4,0.0,0.0,2800.0,3794.137041985159
10,13,5,0.0,0.0,2800.0,3535.5380679260493
10,13,6,-0.0,-0.0,2364.2786071344885,2885.536882723194
10,13,7,72.424495,61.444792,2455.7891050857875,2997.2229235298983
10,13,8,186.98645199999999,158.077627,2800.0,5444.184846176627
10,13,9,274.983224,231.09204300000002,2800.0,6600.0
10,13,10,338.338569,283.391796,2800.0,6600.0
10,13,11,375.834392,314.68446,2800.0,6600.0
10,13,12,386.459842,324.09074499999997,2800.0,6600.0
10,13,13,365.312298,306.96928399999996,2800.0,6600.0
10,13,14,313.108888,263.825664,2800.0,6600.0
10,13,15,233.22245999999998,197.077057,2800.0,6600.0
10,13,16,129.109333,109.35656399999999,2800.0,6600.0
10,13,17,23.627269000000002,19.961358,2800.0,6600.0
10,13,18,0.0,0.0,2800.0,6600.0
10,13,19,0.0,0.0,2800.0,6600.0
10,13,20,0.0,0.0,2800.0,6600.0
10,13,21,0.0,0.0,2800.0,6055.023664834879
10,13,22,0.0,0.0,1373.4523042863404,1676.2606863337226
10,13,23,0.0,0.0,113.14210705336222,138.08682356906414
10,14,0,0.0,0.0,81.04201369779398,98.90954427683516
10,14,1,0.0,0.0,416.3395915497286,508.1309975606924
10,14,2,0.0,0.0,707.2412654778989,863.1684736147585
10,14,3,0.0,0.0,1082.3203053763452,1320.942104986878
10,14,4,0.0,0.0,1901.3333359069868,2320.524937524275
10,14,5,0.0,0.0,2800.0,4644.951049827907
10,14,6,-0.0,-0.0,2800.0,6600.0
10,14,7,79.499489,67.50363800000001,2800.0,6600.0
10,14,8,196.18633499999999,166.10992199999998,2800.0,6600.0
10,14,9,287.88433299999997,242.643132,2145.5095856044995,2618.5353210133653
10,14,10,349.412636,293.458321,183.74862734385428,224.2601357346253
10,14,11,383.92596100000003,321.939282,1055.7070784976213,1288.4613950167818
10,14,12,390.336459,327.488834,2800.0,6600.0
10,14,13,361.724169,304.071854,2800.0,6600.0
10,14,14,307.799612,259.4055,2800.0,6600.0
10,14,15,227.75365,192.50298999999998,2800.0,6600.0
10,14,16,122.94303,104.16581699999999,2800.0,6600.0
10,14,17,20.738854,17.518838,2800.0,6600.0
10,14,18,0.0,0.0,2800.0,6600.0
10,14,19,0.0,0.0,2800.0,6600.0
10,14,20,0.0,0.0,2800.0,5195.505086201954
10,14,21,0.0,0.0,1640.756359055384,2002.4979185321613
10,14,22,0.0,0.0,648.3361095823518,791.2763542146813
10,14,23,0.0,0.0,445.37642374118406,543.569651022705
10,15,0,0.0,0.0,507.4383148650858,619.3144787723488
10,15,1,0.0,0.0,648.3361095823518,791.2763542146813
10,15,2,0.0,0.0,648.3361095823518,791.2763542146813
10,15,3,0.0,0.0,491.4151496175413,599.758647171015
10,15,4,0.0,0.0,312.8020973326286,381.76633926423176
10,15,5,0.0,0.0,218.66271769222345,266.87182080546955
10,15,6,-0.0,-0.0,257.74098596133337,314.56577026776904
10,15,7,66.97116700000001,56.851177,610.9415963527902,745.6373813754526
10,15,8,182.31631,154.431871,769.610460224766,939.288356967234
10,15,9,273.218343,230.51449100000002,1222.1129067458091,1491.5551224063024
10,15,10,332.1564,279.290773,2800.0,4875.874201202505
10,15,11,365.918966,306.979988,2800.0,6600.0
10,15,12,370.815629,310.93243199999995,2800.0,6600.0
10,15,13,355.240948,298.22306699999996,2800.0,6600.0
10,15,14,303.98438699999997,255.900672,2800.0,6600.0
10,15,15,225.331939,190.22846299999998,2800.0,6600.0
10,15,16,121.927514,103.167661,2800.0,6600.0
10,15,17,18.220474,15.363383,2800.0,6600.0
10,15,18,0.0,0.0,2800.0,6600.0
10,15,19,0.0,0.0,2800.0,5876.06920203001
10,15,20,0.0,0.0,1786.5196926460033,2180.398050079768
10,15,21,0.0,0.0,475.7328897807615,580.6188812284884
10,15,22,0.0,0.0,81.04201369779398,98.90954427683516
10,15,23,0.0,0.0,131.96338481220266,161.05767437709773
10,16,0,0.0,0.0,416.3395915497286,508.1309975606924
10,16,1,0.0,0.0,557.58989956809,680.5231057720783
10,16,2,0.0,0.0,491.4151496175413,599.758647171015
10,16,3,0.0,0.0,629.4537376638762,768.2309396685104
10,16,4,0.0,0.0,1281.237390674447,1563.7149256262935
10,16,5,0.0,0.0,2800.0,3996.150340809066
10,16,6,-0.0,-0.0,2800.0,6600.0
10,16,7,69.28164100000001,58.803597,2800.0,6600.0
10,16,8,187.491181,158.797259,2800.0,6600.0
10,16,9,279.527046,235.728905,2800.0,6600.0
10,16,10,340.478799,285.81655800000004,2800.0,6600.0
10,16,11,369.596137,308.939979,2800.0,6600.0
10,16,12,367.437566,306.184486,2800.0,6330.21083371745
10,16,13,339.578126,283.528972,2800.0,6600.0
10,16,14,292.781248,245.736252,2800.0,6600.0
10,16,15,219.16425700000002,184.869641,2800.0,6600.0
10,16,16,119.116199,100.803596,2800.0,6600.0
10,16,17,14.658119000000001,12.351421,2800.0,6600.0
10,16,18,0.0,0.0,2800.0,6600.0
10,16,19,0.0,0.0,2800.0,6600.0
10,16,20,0.0,0.0,2800.0,6600.0
10,16,21,0.0,0.0,2800.0,6600.0
10,16,22,0.0,0.0,2800.0,6600.0
10,16,23,0.0,0.0,2800.0,6600.0
10,17,0,0.0,0.0,2800.0,6600.0
10,17,1,0.0,0.0,2800.0,6600.0
10,17,2,0.0,0.0,2800.0,6600.0
10,17,3,0.0,0.0,2800.0,6600.0
10,17,4,0.0,0.0,2800.0,6600.0
10,17,5,0.0,0.0,2800.0,6600.0
10,17,6,-0.0,-0.0,2800.0,6600.0
10,17,7,60.823872,51.684798,2800.0,6600.0
10,17,8,173.190061,146.97205300000002,2800.0,6600.0
10,17,9,266.414513,225.215125,2800.0,6600.0
10,17,10,327.548174,275.784066,2800.0,6600.0
10,17,11,356.64241999999996,299.139041,2800.0,6600.0
10,17,12,355.544118,297.365977,2800.0,6600.0
10,17,13,337.849925,282.185507,2800.0,6600.0
10,17,14,289.755586,242.960172,2800.0,6600.0
10,17,15,215.429011,181.606245,2800.0,6600.0
10,17,16,109.669992,92.79986699999999,2800.0,6600.0
10,17,17,10.871495999999999,9.147651,2800.0,6600.0
10,17,18,0.0,0.0,2800.0,6600.0
10,17,19,0.0,0.0,2800.0,6600.0
10,17,20,0.0,0.0,2800.0,5195.505086201954
10,17,21,0.0,0.0,2061.927887690667,2516.5261621421523
10,17,22,0.0,0.0,858.3289550807331,1047.566834941052
10,17,23,0.0,0.0,324.6794129073232,396.2622755955519
10,18,0,0.0,0.0,119.20203674758558,145.48280075492727
10,18,1,0.0,0.0,101.6454080931955,124.05541932634095
10,18,2,0.0,0.0,200.6998128762587,244.94859051826847
10,18,3,0.0,0.0,540.5220241907821,659.6922342485923
10,18,4,0.0,0.0,1570.9465066065366,1917.296917511915
10,18,5,0.0,0.0,2800.0,5033.998538121269
10,18,6,-0.0,-0.0,2800.0,6600.0
10,18,7,60.225336000000006,51.186325,2800.0,6600.0
10,18,8,173.88243400000002,147.555297,2800.0,6600.0
10,18,9,267.63036700000004,226.05185500000002,2800.0,6600.0
10,18,10,335.950466,282.077493,2800.0,6600.0
10,18,11,362.833393,303.17064600000003,2800.0,6600.0
10,18,12,366.291177,305.721628,2800.0,6600.0
10,18,13,344.45971000000003,288.36927399999996,2800.0,6600.0
10,18,14,296.467923,249.288076,2800.0,6600.0
10,18,15,219.727044,185.541367,2800.0,6600.0
10,18,16,113.26241,95.93168399999999,2800.0,6600.0
10,18,17,11.603442,9.773790000000002,2800.0,6600.0
10,18,18,0.0,0.0,2800.0,6600.0
10,18,19,0.0,0.0,2800.0,6600.0
10,18,20,0.0,0.0,2800.0,6600.0
10,18,21,0.0,0.0,2800.0,6600.0
10,18,22,0.0,0.0,2800.0,5876.06920203001
10,18,23,0.0,0.0,2800.0,3472.7785151730586
10,19,0,0.0,0.0,1824.2618316438895,2226.4612905889994
10,19,1,0.0,0.0,1136.8810555802274,1387.531996967994
10,19,2,0.0,0.0,592.796019999516,723.4912055112203
10,19,3,0.0,0.0,278.9149998077284,340.4080706314795
10,19,4,0.0,0.0,119.20203674758558,145.48280075492727
10,19,5,0.0,0.0,85.90327597997313,104.84258092043964
10,19,6,-0.0,-0.0,278.9149998077284,340.4080706314795
10,19,7,63.748238,54.165159,2502.4167786610287,3054.130714113854
10,19,8,180.096509,152.724287,2800.0,6600.0
10,19,9,271.60133,229.176902,2800.0,6600.0
10,19,10,332.22743699999995,278.786403,2800.0,6600.0
10,19,11,360.643844,301.18749699999995,2800.0,6600.0
10,19,12,365.955577,305.33941999999996,2800.0,6600.0
10,19,13,345.534972,289.186009,2800.0,6600.0
10,19,14,296.11722499999996,248.91891099999998,2800.0,6600.0
10,19,15,219.518025,185.320318,2800.0,6600.0
10,19,16,111.823976,94.721187,2800.0,6600.0
10,19,17,11.214597,9.450512,2800.0,6600.0
10,19,18,0.0,0.0,2800.0,6600.0
10,19,19,0.0,0.0,2800.0,6600.0
10,19,20,0.0,0.0,2800.0,6600.0
10,19,21,0.0,0.0,2800.0,6600.0
10,19,22,0.0,0.0,2455.7891050857875,2997.2229235298983
10,19,23,0.0,0.0,375.1945078601572,457.9145568371997
10,20,0,0.0,0.0,36.240444554051166,44.23046382581048
10,20,1,0.0,0.0,48.57413350122129,59.283391281018105
10,20,2,0.0,0.0,138.67213448175264,169.24551846198156
10,20,3,0.0,0.0,491.4151496175413,599.758647171015
10,20,4,0.0,0.0,1136.8810555802274,1387.531996967994
10,20,5,0.0,0.0,2020.963642713616,2466.530430083547
10,20,6,-0.0,-0.0,2800.0,3535.5380679260493
10,20,7,65.21115400000001,55.449497,2800.0,5444.184846176627
10,20,8,182.846557,155.129231,1901.3333359069868,2320.524937524275
10,20,9,273.228344,230.62144899999998,107.29111938509163,130.9458543676315
10,20,10,333.91315999999995,280.371481,81.04201369779398,98.90954427683516
10,20,11,362.900827,303.474777,1940.6700324713545,2368.5342915988967
10,20,12,362.99553399999996,302.773892,2800.0,6600.0
10,20,13,339.06719799999996,282.962343,2800.0,6600.0
10,20,14,290.79424800000004,243.82267499999998,2800.0,6600.0
10,20,15,217.41735,183.294144,2800.0,6600.0
10,20,16,115.522515,97.78276,2800.0,6600.0
10,20,17,11.901641999999999,10.026746999999999,2800.0,6600.0
10,20,18,0.0,0.0,2800.0,6600.0
10,20,19,0.0,0.0,2800.0,6600.0
10,20,20,0.0,0.0,2800.0,6600.0
10,20,21,0.0,0.0,2800.0,6600.0
10,20,22,0.0,0.0,2800.0,6600.0
10,20,23,0.0,0.0,2800.0,4798.06917736812
10,21,0,0.0,0.0,2800.0,3472.7785151730586
10,21,1,0.0,0.0,2800.0,4276.483153260508
10,21,2,0.0,0.0,2800.0,5614.303506012198
10,21,3,0.0,0.0,2800.0,6600.0
10,21,4,0.0,0.0,2800.0,6600.0
10,21,5,0.0,0.0,2800.0,6600.0
10,21,6,-0.0,-0.0,2800.0,6600.0
10,21,7,59.738057999999995,50.805374,2800.0,6600.0
10,21,8,196.25429,166.543892,2800.0,6600.0
10,21,9,258.48220499999996,218.367449,2800.0,6600.0
10,21,10,347.302918,291.45411700000005,1940.6700324713545,2368.5342915988967
10,21,11,374.958404,313.425413,145.60448877556777,177.70626582844886
10,21,12,372.578217,310.568729,119.20203674758558,145.48280075492727
10,21,13,346.949712,289.576575,2800.0,3928.035620383037
10,21,14,300.50773100000004,252.25864,2800.0,6600.0
10,21,15,224.233662,189.213566,2800.0,6600.0
10,21,16,121.05614,102.511394,2800.0,6600.0
10,21,17,12.225072,10.302538,2800.0,6600.0
10,21,18,0.0,0.0,2800.0,6600.0
10,21,19,0.0,0.0,2800.0,6600.0
10,21,20,0.0,0.0,2800.0,6600.0
10,21,21,0.0,0.0,2800.0,6600.0
10,21,22,0.0,0.0,2800.0,6600.0
10,21,23,0.0,0.0,2800.0,6600.0
10,22,0,0.0,0.0,2800.0,6600.0
10,22,1,0.0,0.0,2800.0,6600.0
10,22,2,0.0,0.0,2800.0,6600.0
10,22,3,0.0,0.0,2800.0,6600.0
10,22,4,0.0,0.0,2800.0,6600.0
10,22,5,0.0,0.0,2800.0,6600.0
10,22,6,-0.0,-0.0,2800.0,6600.0
10,22,7,-0.0,-0.0,2800.0,6600.0
10,22,8,134.069031,113.997678,2800.0,6600.0
10,22,9,253.712368,214.952533,2800.0,6600.0
10,22,10,337.581751,284.71607,2800.0,6600.0
10,22,11,365.679416,307.24451500000004,2800.0,6600.0
10,22,12,360.970309,302.319521,2800.0,6600.0
10,22,13,338.286679,283.118773,2800.0,6600.0
10,22,14,246.08718900000002,207.16182,2800.0,6600.0
10,22,15,214.332608,180.929833,2800.0,6600.0
10,22,16,111.762471,94.668004,2800.0,6600.0
10,22,17,10.699572,9.010907999999999,2800.0,6600.0
10,22,18,0.0,0.0,2800.0,6600.0
10,22,19,0.0,0.0,2800.0,6600.0
10,22,20,0.0,0.0,2800.0,6600.0
10,22,21,0.0,0.0,2800.0,4495.12565696385
10,22,22,0.0,0.0,1222.1129067458091,1491.5551224063024
10,22,23,0.0,0.0,301.21803372418333,367.6283088759718
10,23,0,0.0,0.0,247.56819744046305,302.1501622304864
10,23,1,0.0,0.0,575.0133429544752,701.7879382515248
10,23,2,0.0,0.0,727.6412163217148,888.0660514162661
10,23,3,0.0,0.0,748.4297260208111,913.4378545923286
10,23,4,0.0,0.0,748.4297260208111,913.4378545923286
10,23,5,0.0,0.0,1222.1129067458091,1491.5551224063024
10,23,6,-0.0,-0.0,2800.0,4798.06917736812
10,23,7,72.968781,62.072345999999996,2800.0,6600.0
10,23,8,190.86908499999998,161.980366,2800.0,6600.0
10,23,9,280.18182,236.470506,2800.0,6600.0
10,23,10,332.591498,278.950938,2800.0,6600.0
10,23,11,356.48007900000005,297.36453,2800.0,6600.0
10,23,12,357.48793900000004,297.813754,2800.0,6600.0
10,23,13,336.725479,281.56484,2800.0,5360.429636038867
10,23,14,288.710466,242.58536900000001,2800.0,6600.0
10,23,15,212.692274,179.516669,2800.0,6600.0
10,23,16,112.033958,94.879707,2800.0,6600.0
10,23,17,10.334605999999999,8.702306,2800.0,6600.0
10,23,18,0.0,0.0,2800.0,6600.0
10,23,19,0.0,0.0,2800.0,6600.0
10,23,20,0.0,0.0,2800.0,6600.0
10,23,21,0.0,0.0,2800.0,6600.0
10,23,22,0.0,0.0,2800.0,6600.0
10,23,23,0.0,0.0,2800.0,6600.0
10,24,0,0.0,0.0,2800.0,6600.0
10,24,1,0.0,0.0,2800.0,6600.0
10,24,2,0.0,0.0,2800.0,6600.0
10,24,3,0.0,0.0,2800.0,6237.575082367505
10,24,4,0.0,0.0,2800.0,5033.998538121269
10,24,5,0.0,0.0,2800.0,4569.628998473504
10,24,6,-0.0,-0.0,2800.0,4721.09628485135
10,24,7,64.985411,55.238915,2800.0,5965.099051003621
10,24,8,184.305981,156.426672,2800.0,6518.224790706034
10,24,9,276.50396,233.76372,2549.630956168769,3111.754316583931
10,24,10,339.322875,285.657925,540.5220241907821,659.6922342485923
10,24,11,368.244003,308.897484,192.09958802440056,234.45225310064637
10,24,12,367.024666,307.035526,2800.0,5114.326798854228
10,24,13,341.930796,285.86983100000003,2800.0,6600.0
10,24,14,290.807637,243.820549,2800.0,6600.0
10,24,15,214.578954,180.808797,2800.0,6600.0
10,24,16,110.14439200000001,93.20450199999999,2800.0,6600.0
10,24,17,9.733359,8.189446,2800.0,6600.0
10,24,18,0.0,0.0,2800.0,6600.0
10,24,19,0.0,0.0,2800.0,6600.0
10,24,20,0.0,0.0,2800.0,6600.0
10,24,21,0.0,0.0,2800.0,4276.483153260508
10,24,22,0.0,0.0,2694.829168782761,3288.9647335537634
10,24,23,0.0,0.0,2597.435303258585,3170.098204764415
10,25,0,0.0,0.0,2455.7891050857875,2997.2229235298983
10,25,1,0.0,0.0,2409.744269793466,2941.0264710077745
10,25,2,0.0,0.0,2409.744269793466,2941.0264710077745
10,25,3,0.0,0.0,1824.2618316438895,2226.4612905889994
10,25,4,0.0,0.0,1164.8359102045422,1421.650126627591
10,25,5,0.0,0.0,905.1368564268978,1104.694588552513
10,25,6,-0.0,-0.0,1029.5337295682716,1256.5175439612765
10,25,7,69.454524,59.063858,2549.630956168769,3111.754316583931
10,25,8,187.911827,159.506361,2800.0,6600.0
10,25,9,278.851961,235.545421,2800.0,6600.0
10,25,10,339.294756,284.89272700000004,2800.0,6600.0
10,25,11,364.658537,304.754745,2800.0,6600.0
10,25,12,366.57325199999997,305.994722,2800.0,6600.0
10,25,13,342.932809,287.27018300000003,2800.0,6600.0
10,25,14,294.45114,247.664873,2800.0,6600.0
10,25,15,215.187164,181.715215,2800.0,6600.0
10,25,16,112.33487600000001,95.14041,2800.0,6600.0
10,25,17,8.426582,7.08662,2800.0,6600.0
10,25,18,0.0,0.0,2800.0,6600.0
10,25,19,0.0,0.0,2800.0,4276.483153260508
10,25,20,0.0,0.0,1164.8359102045422,1421.650126627591
10,25,21,0.0,0.0,610.9415963527902,745.6373813754526
10,25,22,0.0,0.0,523.8060511729734,639.2908498567786
10,25,23,0.0,0.0,1536.7967041952045,1875.6180248051708
10,26,0,0.0,0.0,2800.0,6600.0
10,26,1,0.0,0.0,2800.0,6600.0
10,26,2,0.0,0.0,2800.0,6600.0
10,26,3,0.0,0.0,2800.0,6600.0
10,26,4,0.0,0.0,2800.0,6600.0
10,26,5,0.0,0.0,2800.0,6600.0
10,26,6,-0.0,-0.0,2800.0,6600.0
10,26,7,68.41573,58.142117,2800.0,6600.0
10,26,8,157.36265799999998,133.559058,2800.0,6600.0
10,26,9,276.769598,233.754694,2800.0,6600.0
10,26,10,340.350123,286.426604,2800.0,6600.0
10,26,11,363.70857900000004,305.751358,2800.0,6600.0
10,26,12,377.903818,317.529123,2800.0,6600.0
10,26,13,351.84694,296.06442300000003,2800.0,6600.0
10,26,14,297.64926299999996,251.061394,2800.0,6600.0
10,26,15,133.942709,113.479957,2800.0,6600.0
10,26,16,112.68458100000001,95.53227700000001,2800.0,5700.675903358588
10,26,17,7.834810999999999,6.5891329999999995,1109.377075854021,1353.9641476958525
10,26,18,0.0,0.0,523.8060511729734,639.2908498567786
10,26,19,0.0,0.0,460.3878697051685,561.8907071204812
10,26,20,0.0,0.0,1503.1454301264964,1834.5475722016292
10,26,21,0.0,0.0,2800.0,6600.0
10,26,22,0.0,0.0,2800.0,6600.0
10,26,23,0.0,0.0,2800.0,6600.0
10,27,0,0.0,0.0,2800.0,6600.0
10,27,1,0.0,0.0,2800.0,6600.0
10,27,2,0.0,0.0,2800.0,6600.0
10,27,3,0.0,0.0,2800.0,5614.303506012198
10,27,4,0.0,0.0,2800.0,4798.06917736812
10,27,5,0.0,0.0,2800.0,6145.847517348083
10,27,6,-0.0,-0.0,2800.0,6600.0
10,27,7,72.513636,61.633862,2800.0,6600.0
10,27,8,193.475456,164.08729699999998,2800.0,6600.0
10,27,9,283.165359,239.203421,2800.0,6600.0
10,27,10,342.841983,288.717776,2800.0,6600.0
10,27,11,376.56379,316.570972,2800.0,6600.0
10,27,12,381.26023499999997,320.521703,2800.0,6600.0
10,27,13,356.513663,300.150043,2800.0,6600.0
10,27,14,301.82397,254.66738,2800.0,6600.0
10,27,15,220.53370199999998,186.588165,2800.0,6600.0
10,27,16,112.71606,95.575253,2800.0,6600.0
10,27,17,8.079515,6.797168,2800.0,6600.0
10,27,18,0.0,0.0,2800.0,6600.0
10,27,19,0.0,0.0,2800.0,6518.224790706034
10,27,20,0.0,0.0,2800.0,4798.06917736812
10,27,21,0.0,0.0,2597.435303258585,3170.098204764415
10,27,22,0.0,0.0,2103.4419801044355,2567.192967843996
10,27,23,0.0,0.0,2275.070137118247,2776.660403569514
10,28,0,0.0,0.0,2800.0,3472.7785151730586
10,28,1,0.0,0.0,2800.0,4569.628998473504
10,28,2,0.0,0.0,2800.0,5614.303506012198
10,28,3,0.0,0.0,2800.0,5195.505086201954
10,28,4,0.0,0.0,2409.744269793466,2941.0264710077745
10,28,5,0.0,0.0,540.5220241907821,659.6922342485923
10,28,6,-0.0,-0.0,18.20056109694597,22.213283228556108
10,28,7,69.803833,59.327103,218.66271769222345,266.87182080546955
10,28,8,186.635567,158.38728,858.3289550807331,1047.566834941052
10,28,9,279.705691,236.716128,375.1945078601572,457.9145568371997
10,28,10,341.66853000000003,288.48268099999996,175.6432651850418,214.36776459591715
10,28,11,375.767667,316.78747100000004,4.190448409383788,5.114326798854229
10,28,12,379.03283500000003,319.479732,200.6998128762587,244.94859051826847
10,28,13,347.43838400000004,293.188443,2597.435303258585,3170.098204764415
10,28,14,293.221956,247.864453,2800.0,6600.0
10,28,15,214.255324,181.51565599999998,2800.0,6600.0
10,28,16,110.04411900000001,93.384887,2800.0,6600.0
10,28,17,7.978825,6.7153599999999996,2800.0,6600.0
10,28,18,0.0,0.0,2800.0,6600.0
10,28,19,0.0,0.0,2800.0,6600.0
10,28,20,0.0,0.0,2800.0,6600.0
10,28,21,0.0,0.0,2800.0,5360.429636038867
10,28,22,0.0,0.0,2800.0,3728.344236364732
10,28,23,0.0,0.0,2455.7891050857875,2997.2229235298983
10,29,0,0.0,0.0,2145.5095856044995,2618.5353210133653
10,29,1,0.0,0.0,1373.4523042863404,1676.2606863337226
10,29,2,0.0,0.0,1003.7965929387176,1225.1060779960724
10,29,3,0.0,0.0,1570.9465066065366,1917.296917511915
10,29,4,0.0,0.0,2800.0,3794.137041985159
10,29,5,0.0,0.0,2800.0,5614.303506012198
10,29,6,-0.0,-0.0,2800.0,6600.0
10,29,7,62.166779000000005,52.814220999999996,2800.0,6600.0
10,29,8,182.00625200000002,154.383295,2800.0,6600.0
10,29,9,274.66396399999996,232.293211,2800.0,6600.0
10,29,10,347.53924800000004,293.093233,2800.0,4205.209912886971
10,29,11,381.797906,321.530918,1862.5318241810248,2273.168761795739
10,29,12,385.170272,324.308985,2645.8334855800563,3229.1668524795964
10,29,13,360.444266,303.792004,2800.0,6600.0
10,29,14,304.119322,256.820214,2800.0,6600.0
10,29,15,220.335516,186.523629,2800.0,6600.0
10,29,16,108.878661,92.350692,2800.0,6600.0
10,29,17,7.083012,5.9562550000000005,2800.0,6600.0
10,29,18,0.0,0.0,2800.0,6600.0
10,29,19,0.0,0.0,2800.0,6600.0
10,29,20,0.0,0.0,2800.0,6600.0
10,29,21,0.0,0.0,2800.0,6600.0
10,29,22,0.0,0.0,2800.0,6600.0
10,29,23,0.0,0.0,2800.0,6600.0
10,30,0,0.0,0.0,2800.0,6600.0
10,30,1,0.0,0.0,2800.0,6600.0
10,30,2,0.0,0.0,2800.0,6600.0
10,30,3,0.0,0.0,2800.0,6600.0
10,30,4,0.0,0.0,2800.0,6600.0
10,30,5,0.0,0.0,2800.0,6600.0
10,30,6,-0.0,-0.0,2800.0,6600.0
10,30,7,68.020624,57.851425000000006,2800.0,6600.0
10,30,8,189.407067,160.709983,2800.0,6600.0
10,30,9,282.717641,238.61770800000002,2800.0,6600.0
10,30,10,335.262183,281.354746,2800.0,6600.0
10,30,11,361.43967200000003,301.71919199999996,2800.0,6600.0
10,30,12,362.18225,301.78265500000003,2800.0,6600.0
10,30,13,342.842633,286.830517,2800.0,6600.0
10,30,14,294.200817,247.216418,2800.0,6600.0
10,30,15,215.100663,181.49999400000002,2800.0,6600.0
10,30,16,108.443969,91.831978,2800.0,6600.0
10,30,17,6.512069,5.470355,2800.0,6600.0
10,30,18,0.0,0.0,2800.0,6600.0
10,30,19,0.0,0.0,2800.0,6600.0
10,30,20,0.0,0.0,2800.0,6600.0
10,30,21,0.0,0.0,2800.0,6600.0
10,30,22,0.0,0.0,2800.0,6600.0
10,30,23,0.0,0.0,2800.0,6600.0
10,31,0,0.0,0.0,2800.0,6600.0
10,31,1,0.0,0.0,2800.0,6600.0
10,31,2,0.0,0.0,2800.0,6600.0
10,31,3,0.0,0.0,2800.0,6600.0
10,31,4,0.0,0.0,2800.0,6600.0
10,31,5,0.0,0.0,2800.0,6600.0
10,31,6,-0.0,-0.0,2800.0,6600.0
10,31,7,56.12807,47.751943,2800.0,6600.0
10,31,8,175.97662400000002,149.571965,2800.0,6600.0
10,31,9,268.300816,227.19854899999999,2800.0,6600.0
10,31,10,344.592611,290.582406,2800.0,6600.0
10,31,11,376.143539,316.427029,2800.0,6600.0
10,31,12,376.848277,316.808208,2800.0,6600.0
10,31,13,351.138529,295.380436,953.6162939806846,1163.862406039418
10,31,14,292.091609,246.23063399999998,416.3395915497286,508.1309975606924
10,31,15,210.52594399999998,177.980839,2800.0,3599.0492231594667
10,31,16,99.042702,83.932098,2800.0,6600.0
10,31,17,4.167789,3.487341,2800.0,6600.0
10,31,18,0.0,0.0,2800.0,6600.0
10,31,19,0.0,0.0,2800.0,6600.0
10,31,20,0.0,0.0,2800.0,6600.0
10,31,21,0.0,0.0,2800.0,6600.0
10,31,22,0.0,0.0,2800.0,6600.0
10,31,23,0.0,0.0,2800.0,6600.0
11,1,0,0.0,0.0,2800.0,6600.0
11,1,1,0.0,0.0,2800.0,6600.0
11,1,2,0.0,0.0,2800.0,6600.0
11,1,3,0.0,0.0,2800.0,6600.0
11,1,4,0.0,0.0,2800.0,6600.0
11,1,5,0.0,0.0,2800.0,6600.0
11,1,6,-0.0,-0.0,2800.0,6600.0
11,1,7,69.322029,59.008199999999995,2800.0,6600.0
11,1,8,189.823923,161.34034599999998,2800.0,6600.0
11,1,9,280.847905,237.86953400000002,2800.0,6600.0
11,1,10,342.172983,288.719729,2800.0,6600.0
11,1,11,370.088908,311.220246,2800.0,6600.0
11,1,12,367.908927,308.546675,2800.0,6600.0
11,1,13,338.021424,283.161551,835.542666361563,1019.7567975278918
11,1,14,288.53267800000003,242.53695499999998,9.545962443012346,11.650584083991449
11,1,15,211.987666,179.07208,2145.5095856044995,2618.5353210133653
11,1,16,108.044969,91.588644,2800.0,6600.0
11,1,17,6.510446,5.471728,2800.0,6600.0
11,1,18,0.0,0.0,2800.0,6600.0
11,1,19,0.0,0.0,2800.0,6600.0
11,1,20,0.0,0.0,2800.0,6600.0
11,1,21,0.0,0.0,2800.0,6600.0
11,1,22,0.0,0.0,2800.0,6600.0
11,1,23,0.0,0.0,2800.0,6600.0
11,2,0,0.0,0.0,2800.0,6600.0
11,2,1,0.0,0.0,2800.0,6600.0
11,2,2,0.0,0.0,2800.0,6600.0
11,2,3,0.0,0.0,2800.0,6600.0
11,2,4,0.0,0.0,2800.0,6600.0
11,2,5,0.0,0.0,2800.0,6600.0
11,2,6,-0.0,-0.0,2800.0,6600.0
11,2,7,60.342054,51.364095999999996,2800.0,6600.0
11,2,8,179.977339,153.02333,2800.0,6600.0
11,2,9,273.112012,231.413163,2800.0,6600.0
11,2,10,337.27784399999996,284.710972,2800.0,6600.0
11,2,11,367.520482,309.19613,2800.0,6600.0
11,2,12,364.959016,306.182776,2800.0,6600.0
11,2,13,334.887333,280.552742,2800.0,6600.0
11,2,14,284.55472,239.19669399999998,2800.0,6600.0
11,2,15,208.95736300000002,176.591899,2800.0,6600.0
11,2,16,104.952168,88.99210799999999,2800.0,6600.0
11,2,17,5.854469,4.916502,2800.0,6600.0
11,2,18,0.0,0.0,2800.0,6600.0
11,2,19,0.0,0.0,2800.0,6600.0
11,2,20,0.0,0.0,2800.0,6600.0
11,2,21,0.0,0.0,2800.0,6600.0
11,2,22,0.0,0.0,2800.0,6600.0
11,2,23,0.0,0.0,2800.0,6600.0
11,3,0,0.0,0.0,2800.0,6600.0
11,3,1,0.0,0.0,2800.0,6600.0
11,3,2,0.0,0.0,2800.0,6600.0
11,3,3,0.0,0.0,2800.0,5114.326798854228
11,3,4,0.0,0.0,2800.0,5277.537873988738
11,3,5,0.0,0.0,2800.0,6600.0
11,3,6,-0.0,-0.0,2800.0,6600.0
11,3,7,58.094620000000006,49.416246,2800.0,6600.0
11,3,8,176.083423,149.541255,2800.0,6600.0
11,3,9,266.277576,225.07446,2800.0,6600.0
11,3,10,323.96968499999997,272.459449,2800.0,6600.0
11,3,11,356.84983,299.46630200000004,2800.0,6600.0
11,3,12,364.153365,305.816462,2800.0,6600.0
11,3,13,335.03009000000003,282.052647,2800.0,6600.0
11,3,14,282.447626,238.466484,2800.0,6600.0
11,3,15,203.606921,172.402431,2800.0,6600.0
11,3,16,99.73130499999999,84.62303299999999,2800.0,6600.0
11,3,17,4.817198,4.040313,2800.0,6600.0
11,3,18,0.0,0.0,2800.0,6600.0
11,3,19,0.0,0.0,2800.0,6600.0
11,3,20,0.0,0.0,2800.0,6600.0
11,3,21,0.0,0.0,2800.0,6600.0
11,3,22,0.0,0.0,2800.0,6600.0
11,3,23,0.0,0.0,2800.0,6600.0
11,4,0,0.0,0.0,2800.0,6600.0
11,4,1,0.0,0.0,2800.0,6600.0
11,4,2,0.0,0.0,2800.0,6600.0
11,4,3,0.0,0.0,2800.0,6600.0
11,4,4,0.0,0.0,2800.0,6600.0
11,4,5,0.0,0.0,2800.0,6600.0
11,4,6,-0.0,-0.0,2800.0,6600.0
11,4,7,56.022399,47.610400999999996,2800.0,6600.0
11,4,8,171.946639,145.887608,2800.0,6600.0
11,4,9,261.091675,220.684584,2800.0,6600.0
11,4,10,328.985885,277.326452,2800.0,6600.0
11,4,11,364.52840999999995,307.033398,2800.0,6600.0
11,4,12,371.232036,312.853682,2800.0,6600.0
11,4,13,344.566062,290.810458,2800.0,6600.0
11,4,14,289.898919,245.157683,2800.0,6600.0
11,4,15,208.86854,177.023627,2800.0,6600.0
11,4,16,102.699602,87.183141,2800.0,6600.0
11,4,17,5.437315,4.5658140000000005,2800.0,6600.0
11,4,18,0.0,0.0,2800.0,6600.0
11,4,19,0.0,0.0,2800.0,6600.0
11,4,20,0.0,0.0,2800.0,6600.0
11,4,21,0.0,0.0,2800.0,6600.0
11,4,22,0.0,0.0,2800.0,6600.0
11,4,23,0.0,0.0,2800.0,6600.0
11,5,0,0.0,0.0,2800.0,6600.0
11,5,1,0.0,0.0,2800.0,6600.0
11,5,2,0.0,0.0,2800.0,6600.0
11,5,3,0.0,0.0,2800.0,6600.0
11,5,4,0.0,0.0,2800.0,6600.0
11,5,5,0.0,0.0,2800.0,6600.0
11,5,6,-0.0,-0.0,2800.0,6600.0
11,5,7,55.488422,47.114834,2800.0,6600.0
11,5,8,171.279946,145.116813,2800.0,6600.0
11,5,9,262.02543299999996,221.09231599999998,2800.0,6600.0
11,5,10,322.41249200000004,270.978331,2800.0,6600.0
11,5,11,354.177071,296.83822100000003,2800.0,6600.0
11,5,12,358.499897,300.390158,2800.0,6600.0
11,5,13,336.529489,282.490369,2800.0,6600.0
11,5,14,285.98704599999996,240.82203700000002,2800.0,6600.0
11,5,15,207.871051,175.67006099999998,2800.0,6600.0
11,5,16,103.927606,88.080679,2800.0,6600.0
11,5,17,5.2915,4.438661,2800.0,6600.0
11,5,18,0.0,0.0,2800.0,6600.0
11,5,19,0.0,0.0,2800.0,6600.0
11,5,20,0.0,0.0,2800.0,6600.0
11,5,21,0.0,0.0,2800.0,6600.0
11,5,22,0.0,0.0,2800.0,6600.0
11,5,23,0.0,0.0,2800.0,6600.0
11,6,0,0.0,0.0,2800.0,6600.0
11,6,1,0.0,0.0,2800.0,6600.0
11,6,2,0.0,0.0,2800.0,6600.0
11,6,3,0.0,0.0,2800.0,6600.0
11,6,4,0.0,0.0,2800.0,6600.0
11,6,5,0.0,0.0,2800.0,6600.0
11,6,6,-0.0,-0.0,2800.0,6600.0
11,6,7,61.306095,52.160011,2800.0,6600.0
11,6,8,182.761582,155.280181,2800.0,6600.0
11,6,9,276.41230099999996,233.936599,2800.0,6600.0
11,6,10,337.567756,284.28835399999997,2800.0,6600.0
11,6,11,360.14599200000004,301.710792,2800.0,6600.0
11,6,12,354.115099,295.392434,2800.0,6600.0
11,6,13,330.123105,276.159633,2800.0,6600.0
11,6,14,284.356314,239.11529199999998,2800.0,6600.0
11,6,15,207.803574,175.59231400000002,2800.0,6600.0
11,6,16,102.834517,87.177261,2800.0,6600.0
11,6,17,4.813664,4.035322,2800.0,6600.0
11,6,18,0.0,0.0,2800.0,6600.0
11,6,19,0.0,0.0,2800.0,6600.0
11,6,20,0.0,0.0,2800.0,6600.0
11,6,21,0.0,0.0,2800.0,6600.0
11,6,22,0.0,0.0,2800.0,6600.0
11,6,23,0.0,0.0,2800.0,6600.0
11,7,0,0.0,0.0,2800.0,6600.0
11,7,1,0.0,0.0,2800.0,6600.0
11,7,2,0.0,0.0,2800.0,6600.0
11,7,3,0.0,0.0,2800.0,6600.0
11,7,4,0.0,0.0,2800.0,6600.0
11,7,5,0.0,0.0,2800.0,6600.0
11,7,6,-0.0,-0.0,2800.0,6600.0
11,7,7,61.691084000000004,52.443442000000005,2800.0,6600.0
11,7,8,180.136538,152.691085,2800.0,6600.0
11,7,9,265.903456,223.99775,2800.0,6600.0
11,7,10,321.661316,270.326728,2800.0,6600.0
11,7,11,356.42971500000004,299.202766,2800.0,6600.0
11,7,12,362.12690399999997,304.06393699999995,2800.0,6600.0
11,7,13,336.268359,282.83653499999997,2800.0,6600.0
11,7,14,283.852592,239.321778,2800.0,6600.0
11,7,15,204.15377299999997,172.649486,2800.0,6600.0
11,7,16,99.97908,84.75055,2800.0,6600.0
11,7,17,4.135697,3.46238,2800.0,6600.0
11,7,18,0.0,0.0,2800.0,6600.0
11,7,19,0.0,0.0,2800.0,6600.0
11,7,20,0.0,0.0,2800.0,6600.0
11,7,21,0.0,0.0,2800.0,6600.0
11,7,22,0.0,0.0,2800.0,6600.0
11,7,23,0.0,0.0,2800.0,4569.628998473504
11,8,0,0.0,0.0,1749.3017415377876,2134.9745664437564
11,8,1,0.0,0.0,881.5257965526516,1075.877940674496
11,8,2,0.0,0.0,592.796019999516,723.4912055112203
11,8,3,0.0,0.0,312.8020973326286,381.76633926423176
11,8,4,0.0,0.0,131.96338481220266,161.05767437709773
11,8,5,0.0,0.0,28.504091119435778,34.78845766545312
11,8,6,0.0,0.0,3.0015560628812588,3.663316454697599
11,8,7,47.22653,40.132864999999995,76.36769954409877,93.20467267193158
11,8,8,162.635636,138.09505900000002,218.66271769222345,266.87182080546955
11,8,9,253.755774,214.675282,336.8536460978451,411.1205916942204
11,8,10,317.099725,267.48789500000004,475.7328897807615,580.6188812284884
11,8,11,351.73357799999997,296.282235,769.610460224766,939.288356967234
11,8,12,354.763875,298.74636499999997,2275.070137118247,2776.660403569514
11,8,13,332.18041800000003,279.95714399999997,2800.0,6600.0
11,8,14,275.669315,232.79544399999997,2800.0,6600.0
11,8,15,196.132337,166.037774,2800.0,6600.0
11,8,16,93.238667,79.08132,2800.0,6600.0
11,8,17,2.767157,2.3048319999999998,2800.0,6600.0
11,8,18,0.0,0.0,2800.0,6600.0
11,8,19,0.0,0.0,2800.0,6600.0
11,8,20,0.0,0.0,2800.0,6600.0
11,8,21,0.0,0.0,2800.0,6600.0
11,8,22,0.0,0.0,2800.0,6600.0
11,8,23,0.0,0.0,2800.0,6600.0
11,9,0,0.0,0.0,2800.0,6600.0
11,9,1,0.0,0.0,2800.0,6600.0
11,9,2,0.0,0.0,2800.0,6600.0
11,9,3,0.0,0.0,2800.0,6600.0
11,9,4,0.0,0.0,2800.0,6600.0
11,9,5,0.0,0.0,2800.0,6600.0
11,9,6,0.0,0.0,2800.0,6600.0
11,9,7,45.466972999999996,38.654102,2800.0,6600.0
11,9,8,160.931419,136.785172,2800.0,6600.0
11,9,9,252.391327,213.92209899999997,2800.0,6600.0
11,9,10,315.58875,266.863183,2800.0,6600.0
11,9,11,351.27937099999997,296.653978,2800.0,6600.0
11,9,12,355.045668,299.791409,2800.0,6600.0
11,9,13,332.99277,281.333234,2800.0,6600.0
11,9,14,276.803555,234.235788,2800.0,6600.0
11,9,15,196.10170300000001,166.265155,2800.0,6600.0
11,9,16,92.897358,78.85941899999999,2800.0,6600.0
11,9,17,2.7870100000000004,2.3240770000000004,2800.0,6600.0
11,9,18,0.0,0.0,2800.0,6600.0
11,9,19,0.0,0.0,2800.0,6600.0
11,9,20,0.0,0.0,2800.0,6600.0
11,9,21,0.0,0.0,2800.0,6600.0
11,9,22,0.0,0.0,2800.0,6600.0
11,9,23,0.0,0.0,2800.0,6600.0
11,10,0,0.0,0.0,2800.0,6600.0
11,10,1,0.0,0.0,2800.0,6600.0
11,10,2,0.0,0.0,2800.0,6600.0
11,10,3,0.0,0.0,2800.0,6600.0
11,10,4,0.0,0.0,2800.0,6600.0
11,10,5,0.0,0.0,2800.0,6600.0
11,10,6,0.0,0.0,2800.0,6600.0
11,10,7,52.073833,44.292425,2800.0,6600.0
11,10,8,175.50382399999998,149.215824,2800.0,6600.0
11,10,9,271.87519199999997,230.490541,2800.0,6600.0
11,10,10,338.82003499999996,286.53904100000005,2800.0,6600.0
11,10,11,370.407285,312.78062,2800.0,6600.0
11,10,12,370.147111,312.443613,2800.0,5033.998538121269
11,10,13,338.76435499999997,286.10222,445.37642374118406,543.569651022705
11,10,14,277.754576,234.90312899999998,1222.1129067458091,1491.5551224063024
11,10,15,191.624265,162.34092800000002,2800.0,6600.0
11,10,16,91.553535,77.637967,2800.0,6600.0
11,10,17,1.8888520000000002,1.5603420000000001,2800.0,6600.0
11,10,18,0.0,0.0,2800.0,6600.0
11,10,19,0.0,0.0,2800.0,6600.0
11,10,20,0.0,0.0,2800.0,6600.0
11,10,21,0.0,0.0,2800.0,6600.0
11,10,22,0.0,0.0,2800.0,6600.0
11,10,23,0.0,0.0,2800.0,4276.483153260508
11,11,0,0.0,0.0,1712.6043126696648,2090.186365856677
11,11,1,0.0,0.0,1003.7965929387176,1225.1060779960724
11,11,2,0.0,0.0,953.6162939806846,1163.862406039418
11,11,3,0.0,0.0,2145.5095856044995,2618.5353210133653
11,11,4,0.0,0.0,2800.0,4348.55720818164
11,11,5,0.0,0.0,2800.0,6600.0
11,11,6,0.0,0.0,2800.0,6600.0
11,11,7,33.007275,28.045202,2800.0,6600.0
11,11,8,142.516527,121.275619,2800.0,6600.0
11,11,9,237.98313399999998,202.067273,2800.0,6600.0
11,11,10,316.18391499999996,267.79679200000004,2800.0,6145.847517348083
11,11,11,347.28783500000003,293.66937800000005,2549.630956168769,3111.754316583931
11,11,12,346.874845,293.154396,2364.2786071344885,2885.536882723194
11,11,13,300.704854,254.30418799999998,2800.0,6600.0
11,11,14,247.186701,209.254416,2800.0,6600.0
11,11,15,167.897395,142.31329300000002,2800.0,6600.0
11,11,16,73.974788,62.725402,2800.0,6600.0
11,11,17,-0.0,-0.0,2800.0,6600.0
11,11,18,0.0,0.0,2800.0,6600.0
11,11,19,0.0,0.0,2800.0,6600.0
11,11,20,0.0,0.0,2800.0,6600.0
11,11,21,0.0,0.0,2800.0,6600.0
11,11,22,0.0,0.0,2800.0,6600.0
11,11,23,0.0,0.0,2800.0,6600.0
11,12,0,0.0,0.0,2800.0,6600.0
11,12,1,0.0,0.0,2800.0,6600.0
11,12,2,0.0,0.0,2800.0,6600.0
11,12,3,0.0,0.0,2800.0,6600.0
11,12,4,0.0,0.0,2800.0,6600.0
11,12,5,0.0,0.0,2800.0,6600.0
11,12,6,0.0,0.0,2800.0,6600.0
11,12,7,-0.0,-0.0,2800.0,6600.0
11,12,8,2.655462,2.219903,2800.0,6600.0
11,12,9,31.220312999999997,26.510397,2800.0,6600.0
11,12,10,28.564196,24.246475,2800.0,6600.0
11,12,11,46.245293,39.309237,2800.0,6600.0
11,12,12,39.291718,33.386413999999995,2800.0,6600.0
11,12,13,122.65414100000001,104.375303,2800.0,6600.0
11,12,14,92.547883,78.747885,2800.0,6600.0
11,12,15,69.14752499999999,58.813862,2800.0,6600.0
11,12,16,93.659257,79.663088,2800.0,6600.0
11,12,17,2.961978,2.4815569999999996,2800.0,6600.0
11,12,18,0.0,0.0,2800.0,6600.0
11,12,19,0.0,0.0,2800.0,6600.0
11,12,20,0.0,0.0,2800.0,6600.0
11,12,21,0.0,0.0,2800.0,6600.0
11,12,22,0.0,0.0,2800.0,6600.0
11,12,23,0.0,0.0,2800.0,6600.0
11,13,0,0.0,0.0,2800.0,6600.0
11,13,1,0.0,0.0,2800.0,6600.0
11,13,2,0.0,0.0,2800.0,6600.0
11,13,3,0.0,0.0,2800.0,6600.0
11,13,4,0.0,0.0,2800.0,6600.0
11,13,5,0.0,0.0,2800.0,6600.0
11,13,6,0.0,0.0,2800.0,6600.0
11,13,7,63.365491999999996,53.955434999999994,2800.0,6600.0
11,13,8,193.777815,164.81661499999998,2800.0,6600.0
11,13,9,292.670768,248.254603,2800.0,6600.0
11,13,10,353.861723,299.497076,2800.0,6600.0
11,13,11,388.76411700000006,328.64313699999997,2800.0,6600.0
11,13,12,391.695793,331.083823,2800.0,4875.874201202505
11,13,13,367.270046,310.642566,813.163264745564,992.4433546107276
11,13,14,311.974088,264.335533,2319.3884514592746,2830.7496848518704
11,13,15,226.734081,192.531924,2800.0,6600.0
11,13,16,111.449212,94.80535,2800.0,6600.0
11,13,17,5.103854999999999,4.298404000000001,2800.0,6600.0
11,13,18,0.0,0.0,2800.0,6600.0
11,13,19,0.0,0.0,2800.0,6600.0
11,13,20,0.0,0.0,2800.0,6600.0
11,13,21,0.0,0.0,2800.0,6600.0
11,13,22,0.0,0.0,2800.0,6600.0
11,13,23,0.0,0.0,2800.0,6600.0
11,14,0,0.0,0.0,2800.0,6600.0
11,14,1,0.0,0.0,2800.0,6600.0
11,14,2,0.0,0.0,2800.0,5033.998538121269
11,14,3,0.0,0.0,2800.0,4875.874201202505
11,14,4,0.0,0.0,2800.0,4276.483153260508
11,14,5,0.0,0.0,2800.0,4421.436551474658
11,14,6,0.0,0.0,2800.0,5965.099051003621
11,14,7,60.839974999999995,51.816858,2800.0,6600.0
11,14,8,187.738148,159.76415400000002,2800.0,6600.0
11,14,9,284.240397,241.390298,2800.0,6600.0
11,14,10,355.19395299999996,301.085911,2145.5095856044995,2618.5353210133653
11,14,11,389.216558,329.64206,2800.0,4134.733013236745
11,14,12,391.831829,331.88034700000003,2800.0,6600.0
11,14,13,367.092086,311.15739,2800.0,6600.0
11,14,14,311.015106,264.02479999999997,2800.0,6600.0
11,14,15,224.208619,190.69603700000002,2800.0,6600.0
11,14,16,108.796011,92.649091,2800.0,6600.0
11,14,17,4.338325,3.650221,2800.0,6600.0
11,14,18,0.0,0.0,2800.0,6600.0
11,14,19,0.0,0.0,2800.0,6600.0
11,14,20,0.0,0.0,2800.0,6600.0
11,14,21,0.0,0.0,2800.0,6600.0
11,14,22,0.0,0.0,2800.0,6600.0
11,14,23,0.0,0.0,2800.0,6600.0
11,15,0,0.0,0.0,2800.0,6600.0
11,15,1,0.0,0.0,2800.0,6600.0
11,15,2,0.0,0.0,2800.0,6600.0
11,15,3,0.0,0.0,2800.0,6600.0
11,15,4,0.0,0.0,2800.0,6600.0
11,15,5,0.0,0.0,2800.0,6600.0
11,15,6,0.0,0.0,2800.0,6600.0
11,15,7,61.02926,51.931017999999995,2800.0,6600.0
11,15,8,188.27949600000002,159.779489,2800.0,6600.0
11,15,9,281.107805,237.67742199999998,2800.0,6600.0
11,15,10,342.51286300000004,288.837889,2800.0,6600.0
11,15,11,375.239297,315.861988,2800.0,6600.0
11,15,12,378.513539,318.43677,2800.0,6600.0
11,15,13,354.163502,298.084727,2800.0,6600.0
11,15,14,301.795371,254.683401,2800.0,6600.0
11,15,15,223.183538,188.984226,2800.0,6600.0
11,15,16,110.291273,93.668547,2800.0,3996.150340809066
11,15,17,2.826118,2.362483,929.1658003530496,1134.0212523993912
11,15,18,0.0,0.0,160.15467383430587,195.4643657032867
11,15,19,0.0,0.0,953.6162939806846,1163.862406039418
11,15,20,0.0,0.0,2800.0,6600.0
11,15,21,0.0,0.0,2800.0,6600.0
11,15,22,0.0,0.0,2800.0,6600.0
11,15,23,0.0,0.0,2800.0,6600.0
11,16,0,0.0,0.0,2800.0,6600.0
11,16,1,0.0,0.0,2800.0,6600.0
11,16,2,0.0,0.0,2800.0,6600.0
11,16,3,0.0,0.0,2800.0,6600.0
11,16,4,0.0,0.0,2800.0,6600.0
11,16,5,0.0,0.0,2800.0,6600.0
11,16,6,0.0,0.0,2800.0,6600.0
11,16,7,60.144927,51.218146999999995,2800.0,6600.0
11,16,8,188.814624,160.40134099999997,2800.0,6600.0
11,16,9,281.026043,237.61271299999999,2800.0,6600.0
11,16,10,347.323021,292.161144,2800.0,6600.0
11,16,11,368.23695299999997,308.402261,2800.0,6600.0
11,16,12,371.341493,310.793071,2800.0,6600.0
11,16,13,348.717203,292.864037,2800.0,6600.0
11,16,14,298.44682,251.697427,2800.0,6600.0
11,16,15,220.006976,186.28057800000002,2800.0,6600.0
11,16,16,106.541431,90.476228,2800.0,6600.0
11,16,17,2.578995,2.1525390000000004,2800.0,6600.0
11,16,18,0.0,0.0,2800.0,6600.0
11,16,19,0.0,0.0,2800.0,6600.0
11,16,20,0.0,0.0,2800.0,6600.0
11,16,21,0.0,0.0,2800.0,6600.0
11,16,22,0.0,0.0,2800.0,6600.0
11,16,23,0.0,0.0,2800.0,6600.0
11,17,0,0.0,0.0,2800.0,6600.0
11,17,1,0.0,0.0,2800.0,6600.0
11,17,2,0.0,0.0,2800.0,6600.0
11,17,3,0.0,0.0,2800.0,6600.0
11,17,4,0.0,0.0,2800.0,6600.0
11,17,5,0.0,0.0,2800.0,6600.0
11,17,6,0.0,0.0,2800.0,6600.0
11,17,7,56.517235,48.153006999999995,2800.0,6600.0
11,17,8,184.89302600000002,157.238823,2800.0,6600.0
11,17,9,277.863904,235.23763200000002,2800.0,6600.0
11,17,10,336.141083,283.053645,2800.0,6600.0
11,17,11,358.27964000000003,300.024408,2800.0,6600.0
11,17,12,356.33937199999997,297.607279,2800.0,6600.0
11,17,13,335.366283,281.127092,2800.0,6600.0
11,17,14,287.559389,242.19192,2800.0,6600.0
11,17,15,207.516321,175.604567,2800.0,6600.0
11,17,16,99.42437600000001,84.399609,2800.0,6600.0
11,17,17,2.0994140000000003,1.7468759999999999,2800.0,6600.0
11,17,18,0.0,0.0,2800.0,6600.0
11,17,19,0.0,0.0,2800.0,6600.0
11,17,20,0.0,0.0,2800.0,6600.0
11,17,21,0.0,0.0,2800.0,6600.0
11,17,22,0.0,0.0,2800.0,6600.0
11,17,23,0.0,0.0,2800.0,6600.0
11,18,0,0.0,0.0,2800.0,4954.515830178791
11,18,1,0.0,0.0,1862.5318241810248,2273.168761795739
11,18,2,0.0,0.0,707.2412654778989,863.1684736147585
11,18,3,0.0,0.0,289.9235564324093,353.8437106064838
11,18,4,0.0,0.0,183.74862734385428,224.2601357346253
11,18,5,0.0,0.0,160.15467383430587,195.4643657032867
11,18,6,0.0,0.0,175.6432651850418,214.36776459591715
11,18,7,47.533725,40.446658000000006,349.3284625537728,426.3457613845259
11,18,8,166.940233,141.701975,460.3878697051685,561.8907071204812
11,18,9,257.746889,217.480653,2275.070137118247,2776.660403569514
11,18,10,321.515055,270.31143,2800.0,6330.21083371745
11,18,11,355.37412900000004,298.264151,2800.0,6600.0
11,18,12,360.782988,302.833154,2800.0,6600.0
11,18,13,339.90603600000003,285.830934,2800.0,6600.0
11,18,14,288.324894,243.15581899999998,2800.0,6600.0
11,18,15,209.363616,177.199682,2800.0,6600.0
11,18,16,100.909612,85.668161,2800.0,6600.0
11,18,17,2.09926,1.746732,2800.0,6600.0
11,18,18,0.0,0.0,2800.0,6600.0
11,18,19,0.0,0.0,2800.0,6600.0
11,18,20,0.0,0.0,2800.0,6600.0
11,18,21,0.0,0.0,2800.0,6600.0
11,18,22,0.0,0.0,2800.0,6600.0
11,18,23,0.0,0.0,2800.0,6600.0
11,19,0,0.0,0.0,2800.0,6600.0
11,19,1,0.0,0.0,2800.0,6600.0
11,19,2,0.0,0.0,2800.0,4798.06917736812
11,19,3,0.0,0.0,1824.2618316438895,2226.4612905889994
11,19,4,0.0,0.0,523.8060511729734,639.2908498567786
11,19,5,0.0,0.0,21.955408148130225,26.795970574489644
11,19,6,0.0,0.0,362.10752792468406,441.94225849075616
11,19,7,46.852466,39.872881,2020.963642713616,2466.530430083547
11,19,8,167.46382,142.265924,2800.0,6600.0
11,19,9,256.709494,216.88216,2800.0,3728.344236364732
11,19,10,312.52778600000005,262.68865600000004,1786.5196926460033,2180.398050079768
11,19,11,346.627865,290.94158500000003,71.8766678693094,87.7234922814406
11,19,12,355.91610499999996,299.21056699999997,610.9415963527902,745.6373813754526
11,19,13,328.731382,277.06130099999996,2800.0,6600.0
11,19,14,275.557232,232.860875,2800.0,6600.0
11,19,15,196.817834,166.81397,2800.0,6600.0
11,19,16,91.697946,77.875584,2800.0,6600.0
11,19,17,0.0,0.0,2800.0,6600.0
11,19,18,0.0,0.0,2800.0,6600.0
11,19,19,0.0,0.0,2800.0,6600.0
11,19,20,0.0,0.0,2800.0,6600.0
11,19,21,0.0,0.0,2800.0,6600.0
11,19,22,0.0,0.0,2800.0,4798.06917736812
11,19,23,0.0,0.0,2800.0,6055.023664834879
11,20,0,0.0,0.0,2800.0,6600.0
11,20,1,0.0,0.0,2800.0,6600.0
11,20,2,0.0,0.0,2800.0,6600.0
11,20,3,0.0,0.0,2800.0,6600.0
11,20,4,0.0,0.0,2800.0,6600.0
11,20,5,0.0,0.0,2800.0,6600.0
11,20,6,0.0,0.0,2800.0,6600.0
11,20,7,38.190732000000004,32.466082,2800.0,6600.0
11,20,8,154.971233,131.45357,2800.0,6600.0
11,20,9,246.120225,207.728848,2800.0,6600.0
11,20,10,304.05712,255.873545,2800.0,6600.0
11,20,11,340.399395,286.19706199999996,2800.0,6600.0
11,20,12,348.567305,293.365473,2800.0,6600.0
11,20,13,324.152514,273.453835,2800.0,6600.0
11,20,14,272.15367599999996,230.2419,2800.0,6600.0
11,20,15,193.97499100000002,164.572189,2800.0,6600.0
11,20,16,90.29993499999999,76.754215,2800.0,6600.0
11,20,17,0.0,0.0,2800.0,6145.847517348083
11,20,18,0.0,0.0,2800.0,6600.0
11,20,19,0.0,0.0,2800.0,4798.06917736812
11,20,20,0.0,0.0,2800.0,6600.0
11,20,21,0.0,0.0,2800.0,6600.0
11,20,22,0.0,0.0,2800.0,6600.0
11,20,23,0.0,0.0,2800.0,6600.0
11,21,0,0.0,0.0,2800.0,6600.0
11,21,1,0.0,0.0,2800.0,6600.0
11,21,2,0.0,0.0,2800.0,6600.0
11,21,3,0.0,0.0,2800.0,6600.0
11,21,4,0.0,0.0,2800.0,6600.0
11,21,5,0.0,0.0,2800.0,6600.0
11,21,6,0.0,0.0,2800.0,6600.0
11,21,7,30.404494,25.832648000000002,2800.0,6600.0
11,21,8,143.307145,121.86040399999999,2800.0,6600.0
11,21,9,194.490519,165.18039199999998,2800.0,6600.0
11,21,10,255.33554800000002,216.521907,2800.0,6600.0
11,21,11,239.14836,202.909384,2800.0,6600.0
11,21,12,357.993597,302.885206,2800.0,6600.0
11,21,13,338.17821399999997,286.398442,2800.0,6600.0
11,21,14,284.92468699999995,241.70296599999998,2800.0,6600.0
11,21,15,203.383836,172.88278200000002,2800.0,6600.0
11,21,16,96.246822,81.918975,2800.0,6600.0
11,21,17,0.0,0.0,2800.0,6600.0
11,21,18,0.0,0.0,2800.0,6600.0
11,21,19,0.0,0.0,2800.0,6600.0
11,21,20,0.0,0.0,2800.0,6600.0
11,21,21,0.0,0.0,2800.0,6600.0
11,21,22,0.0,0.0,2800.0,6600.0
11,21,23,0.0,0.0,2800.0,6600.0
11,22,0,0.0,0.0,2800.0,6600.0
11,22,1,0.0,0.0,2800.0,6600.0
11,22,2,0.0,0.0,2800.0,6600.0
11,22,3,0.0,0.0,2800.0,6600.0
11,22,4,0.0,0.0,2800.0,6600.0
11,22,5,0.0,0.0,2800.0,6237.575082367505
11,22,6,0.0,0.0,2800.0,3599.0492231594667
11,22,7,49.419173,42.090599000000005,1136.8810555802274,1387.531996967994
11,22,8,118.587715,100.994701,402.3068740231014,491.0044525478796
11,22,9,207.886432,176.691279,1029.5337295682716,1256.5175439612765
11,22,10,246.81595199999998,209.44834,2800.0,6600.0
11,22,11,374.754135,316.485032,2800.0,6600.0
11,22,12,380.151248,320.931505,2800.0,6600.0
11,22,13,357.84560100000004,302.357458,2800.0,6600.0
11,22,14,305.36650799999995,258.504529,2800.0,6600.0
11,22,15,224.730345,190.706672,2800.0,6600.0
11,22,16,111.71339599999999,95.018719,2800.0,6600.0
11,22,17,0.0,0.0,2800.0,6600.0
11,22,18,0.0,0.0,2800.0,6600.0
11,22,19,0.0,0.0,2800.0,6600.0
11,22,20,0.0,0.0,2800.0,6600.0
11,22,21,0.0,0.0,2800.0,6600.0
11,22,22,0.0,0.0,2800.0,6600.0
11,22,23,0.0,0.0,2800.0,6600.0
11,23,0,0.0,0.0,2800.0,6600.0
11,23,1,0.0,0.0,2800.0,6600.0
11,23,2,0.0,0.0,2800.0,6600.0
11,23,3,0.0,0.0,2800.0,6600.0
11,23,4,0.0,0.0,2800.0,6600.0
11,23,5,0.0,0.0,2800.0,6600.0
11,23,6,0.0,0.0,2800.0,6600.0
11,23,7,47.604235,40.557938,2800.0,6600.0
11,23,8,132.36614600000001,112.753945,2800.0,6600.0
11,23,9,266.621001,226.382142,2800.0,6600.0
11,23,10,339.78358000000003,287.677451,2645.8334855800563,3229.1668524795964
11,23,11,373.316104,315.454294,2549.630956168769,3111.754316583931
11,23,12,376.320316,317.799832,2800.0,5114.326798854228
11,23,13,351.00860600000004,296.689674,2800.0,6600.0
11,23,14,264.927206,224.548599,2800.0,6600.0
11,23,15,152.34759599999998,129.459765,2800.0,6600.0
11,23,16,21.974253,18.627534,2800.0,6600.0
11,23,17,0.0,0.0,2800.0,6600.0
11,23,18,0.0,0.0,2800.0,6600.0
11,23,19,0.0,0.0,2800.0,6600.0
11,23,20,0.0,0.0,2800.0,6600.0
11,23,21,0.0,0.0,1570.9465066065366,1917.296917511915
11,23,22,0.0,0.0,1029.5337295682716,1256.5175439612765
11,23,23,0.0,0.0,1862.5318241810248,2273.168761795739
11,24,0,0.0,0.0,2800.0,4495.12565696385
11,24,1,0.0,0.0,2800.0,5787.929644089762
11,24,2,0.0,0.0,2800.0,5965.099051003621
11,24,3,0.0,0.0,2800.0,6600.0
11,24,4,0.0,0.0,2800.0,6600.0
11,24,5,0.0,0.0,2800.0,6600.0
11,24,6,0.0,0.0,2800.0,6600.0
11,24,7,16.705462999999998,14.181884,2800.0,4569.628998473504
11,24,8,114.393585,97.467926,1862.5318241810248,2273.168761795739
11,24,9,179.783617,152.99112599999998,881.5257965526516,1075.877940674496
11,24,10,212.580176,180.666276,1570.9465066065366,1917.296917511915
11,24,11,262.81093,222.909474,2800.0,3928.035620383037
11,24,12,161.455818,137.150945,2800.0,6600.0
11,24,13,175.74936499999998,149.238918,2800.0,6600.0
11,24,14,121.085715,102.924279,2800.0,6600.0
11,24,15,4.51302,3.788981,2800.0,6600.0
11,24,16,0.7494890000000001,0.605914,2800.0,6600.0
11,24,17,0.0,0.0,2800.0,6600.0
11,24,18,0.0,0.0,2800.0,6600.0
11,24,19,0.0,0.0,1222.1129067458091,1491.5551224063024
11,24,20,0.0,0.0,312.8020973326286,381.76633926423176
11,24,21,0.0,0.0,687.226207839785,838.7406473635172
11,24,22,0.0,0.0,1469.9890187508342,1794.0810858770024
11,24,23,0.0,0.0,2502.4167786610287,3054.130714113854
11,25,0,0.0,0.0,2800.0,5614.303506012198
11,25,1,0.0,0.0,2800.0,6600.0
11,25,2,0.0,0.0,2800.0,6600.0
11,25,3,0.0,0.0,2800.0,6600.0
11,25,4,0.0,0.0,2800.0,6600.0
11,25,5,0.0,0.0,2800.0,6600.0
11,25,6,0.0,0.0,2800.0,6600.0
11,25,7,10.992977999999999,9.312436,2800.0,6600.0
11,25,8,29.697326,25.243837,2800.0,6600.0
11,25,9,36.513764,31.044192,2800.0,6600.0
11,25,10,18.824893,15.965001,2800.0,6600.0
11,25,11,32.573001,27.670966,2800.0,6600.0
11,25,12,138.434756,117.790436,2800.0,6600.0
11,25,13,234.057564,198.79712,2800.0,6600.0
11,25,14,132.44958499999998,112.675341,2800.0,6600.0
11,25,15,27.561837999999998,23.390888,2800.0,6600.0
11,25,16,0.759145,0.615333,2800.0,6600.0
11,25,17,0.0,0.0,2800.0,6600.0
11,25,18,0.0,0.0,2800.0,6600.0
11,25,19,0.0,0.0,2800.0,6600.0
11,25,20,0.0,0.0,2800.0,6600.0
11,25,21,0.0,0.0,2800.0,6600.0
11,25,22,0.0,0.0,2800.0,6600.0
11,25,23,0.0,0.0,2800.0,6600.0
11,26,0,0.0,0.0,2800.0,6600.0
11,26,1,0.0,0.0,2800.0,4421.436551474658
11,26,2,0.0,0.0,2275.070137118247,2776.660403569514
11,26,3,0.0,0.0,2364.2786071344885,2885.536882723194
11,26,4,0.0,0.0,2800.0,4205.209912886971
11,26,5,0.0,0.0,2800.0,6600.0
11,26,6,0.0,0.0,2800.0,6600.0
11,26,7,26.606861000000002,22.635686,2800.0,6600.0
11,26,8,144.09109899999999,122.746269,2800.0,6600.0
11,26,9,240.490825,204.304095,2800.0,6600.0
11,26,10,318.464515,269.517892,2800.0,6600.0
11,26,11,349.35846000000004,294.65457799999996,2800.0,5360.429636038867
11,26,12,351.246201,295.678616,648.3361095823518,791.2763542146813
11,26,13,330.562122,278.714229,71.8766678693094,87.7234922814406
11,26,14,280.425022,237.241175,2800.0,6600.0
11,26,15,199.25235899999998,169.119917,2800.0,6600.0
11,26,16,91.293485,77.633478,2800.0,6600.0
11,26,17,0.0,0.0,2800.0,6600.0
11,26,18,0.0,0.0,2800.0,6600.0
11,26,19,0.0,0.0,2800.0,6600.0
11,26,20,0.0,0.0,2800.0,6600.0
11,26,21,0.0,0.0,2800.0,6600.0
11,26,22,0.0,0.0,2800.0,5195.505086201954
11,26,23,0.0,0.0,929.1658003530496,1134.0212523993912
11,27,0,0.0,0.0,152.76411334322614,186.4443903007878
11,27,1,0.0,0.0,71.8766678693094,87.7234922814406
11,27,2,0.0,0.0,81.04201369779398,98.90954427683516
11,27,3,0.0,0.0,160.15467383430587,195.4643657032867
11,27,4,0.0,0.0,388.5930680097703,474.2671302481448
11,27,5,0.0,0.0,905.1368564268978,1104.694588552513
11,27,6,0.0,0.0,1980.545579523704,2417.201297843891
11,27,7,37.359462,31.785777,2800.0,4798.06917736812
11,27,8,158.306975,134.56017,2800.0,6600.0
11,27,9,256.422467,217.422123,2455.7891050857875,2997.2229235298983
11,27,10,329.970191,279.251281,1570.9465066065366,1917.296917511915
11,27,11,366.261884,309.831733,2744.426018516277,3349.496321811205
11,27,12,374.196442,316.697532,2800.0,6600.0
11,27,13,348.731317,295.486649,2800.0,6600.0
11,27,14,294.065588,249.57622,2800.0,6600.0
11,27,15,210.934151,179.376973,2800.0,6600.0
11,27,16,5.268466999999999,4.438178,2800.0,6600.0
11,27,17,0.0,0.0,2800.0,6600.0
11,27,18,0.0,0.0,2800.0,6600.0
11,27,19,0.0,0.0,2800.0,6600.0
11,27,20,0.0,0.0,2800.0,6600.0
11,27,21,0.0,0.0,2800.0,6600.0
11,27,22,0.0,0.0,2800.0,6600.0
11,27,23,0.0,0.0,2800.0,4348.55720818164
11,28,0,0.0,0.0,2188.134369840437,2670.5576954745493
11,28,1,0.0,0.0,1901.3333359069868,2320.524937524275
11,28,2,0.0,0.0,2319.3884514592746,2830.7496848518704
11,28,3,0.0,0.0,2800.0,4421.436551474658
11,28,4,0.0,0.0,2800.0,6145.847517348083
11,28,5,0.0,0.0,2800.0,6600.0
11,28,6,0.0,0.0,2800.0,6600.0
11,28,7,26.149351,22.225523000000003,2800.0,6055.023664834879
11,28,8,147.76257199999998,125.770454,2800.0,6600.0
11,28,9,246.89262599999998,209.6805,2319.3884514592746,2830.7496848518704
11,28,10,324.108815,274.606205,1342.23868718708,1638.1653268818693
11,28,11,362.768217,306.999512,2800.0,3663.3164546975977
11,28,12,370.71972999999997,313.65540500000003,2800.0,6600.0
11,28,13,346.243291,293.239791,2800.0,6600.0
11,28,14,292.67154100000005,248.310013,2800.0,6600.0
11,28,15,210.573126,179.025453,2800.0,6600.0
11,28,16,100.711186,85.737257,2800.0,6600.0
11,28,17,0.0,0.0,2800.0,6600.0
11,28,18,0.0,0.0,2800.0,6600.0
11,28,19,0.0,0.0,2800.0,6600.0
11,28,20,0.0,0.0,2800.0,6600.0
11,28,21,0.0,0.0,2800.0,6600.0
11,28,22,0.0,0.0,2800.0,6600.0
11,28,23,0.0,0.0,2800.0,6600.0
11,29,0,0.0,0.0,2800.0,5360.429636038867
11,29,1,0.0,0.0,2800.0,4276.483153260508
11,29,2,0.0,0.0,2800.0,3928.035620383037
11,29,3,0.0,0.0,2800.0,3794.137041985159
11,29,4,0.0,0.0,2800.0,3535.5380679260493
11,29,5,0.0,0.0,2744.426018516277,3349.496321811205
11,29,6,0.0,0.0,2800.0,3728.344236364732
11,29,7,28.552122999999998,24.287525000000002,2800.0,5114.326798854228
11,29,8,147.68805300000002,125.655208,2800.0,6600.0
11,29,9,245.149566,207.66278599999998,2800.0,6600.0
11,29,10,304.76038,257.224956,2800.0,6600.0
11,29,11,341.13663199999996,287.36164399999996,2800.0,6600.0
11,29,12,348.013973,293.03847499999995,2800.0,6600.0
11,29,13,266.146109,225.062197,2800.0,6600.0
11,29,14,230.67703899999998,195.429033,2800.0,6600.0
11,29,15,202.576007,171.850636,2800.0,6600.0
11,29,16,96.914682,82.40080400000001,2800.0,6600.0
11,29,17,0.0,0.0,2800.0,6600.0
11,29,18,0.0,0.0,2800.0,6600.0
11,29,19,0.0,0.0,2800.0,6600.0
11,29,20,0.0,0.0,2800.0,6600.0
11,29,21,0.0,0.0,2800.0,6600.0
11,29,22,0.0,0.0,2800.0,6600.0
11,29,23,0.0,0.0,2800.0,6600.0
11,30,0,0.0,0.0,2800.0,6600.0
11,30,1,0.0,0.0,2800.0,6600.0
11,30,2,0.0,0.0,2800.0,6600.0
11,30,3,0.0,0.0,2800.0,6600.0
11,30,4,0.0,0.0,2800.0,6600.0
11,30,5,0.0,0.0,2800.0,6600.0
11,30,6,0.0,0.0,2800.0,6600.0
11,30,7,30.14212,25.648165000000002,2800.0,6600.0
11,30,8,151.794698,129.075795,2800.0,6600.0
11,30,9,246.966308,208.98004500000002,2800.0,6600.0
11,30,10,306.16670899999997,258.038361,2800.0,6600.0
11,30,11,338.935236,284.677386,2800.0,6600.0
11,30,12,346.258603,290.698825,2800.0,6600.0
11,30,13,293.481064,247.380662,2800.0,6600.0
11,30,14,211.401352,179.0937,2800.0,6600.0
11,30,15,199.211897,169.002492,2800.0,6600.0
11,30,16,94.25486599999999,80.147754,2800.0,6600.0
11,30,17,0.0,0.0,2800.0,6600.0
11,30,18,0.0,0.0,2800.0,6600.0
11,30,19,0.0,0.0,2800.0,6600.0
11,30,20,0.0,0.0,2800.0,6600.0
11,30,21,0.0,0.0,2800.0,6600.0
11,30,22,0.0,0.0,2800.0,6600.0
11,30,23,0.0,0.0,2800.0,6600.0
12,1,0,0.0,0.0,2800.0,6600.0
12,1,1,0.0,0.0,2800.0,3663.3164546975977
12,1,2,0.0,0.0,1786.5196926460033,2180.398050079768
12,1,3,0.0,0.0,1311.5016045329749,1600.651564587489
12,1,4,0.0,0.0,1503.1454301264964,1834.5475722016292
12,1,5,0.0,0.0,2364.2786071344885,2885.536882723194
12,1,6,0.0,0.0,2800.0,3860.699345383164
12,1,7,29.847857,25.401494,2800.0,3472.7785151730586
12,1,8,151.80677,129.206975,2800.0,6600.0
12,1,9,248.851245,210.958557,2800.0,6600.0
12,1,10,311.376104,262.68766100000005,2800.0,6600.0
12,1,11,342.376867,287.759285,2800.0,3860.699345383164
12,1,12,347.811353,292.225918,1373.4523042863404,1676.2606863337226
12,1,13,327.537479,275.924758,2800.0,3860.699345383164
12,1,14,278.732481,235.51902900000002,2800.0,6600.0
12,1,15,160.303492,136.07541899999998,2800.0,6600.0
12,1,16,95.03536,80.785527,2800.0,6600.0
12,1,17,0.0,0.0,2800.0,6600.0
12,1,18,0.0,0.0,2800.0,6600.0
12,1,19,0.0,0.0,2800.0,6600.0
12,1,20,0.0,0.0,2800.0,6600.0
12,1,21,0.0,0.0,2800.0,6600.0
12,1,22,0.0,0.0,2800.0,6600.0
12,1,23,0.0,0.0,2800.0,5444.184846176627
12,2,0,0.0,0.0,2800.0,3728.344236364732
12,2,1,0.0,0.0,2020.963642713616,2466.530430083547
12,2,2,0.0,0.0,1251.4423799619176,1527.350936173994
12,2,3,0.0,0.0,769.610460224766,939.288356967234
12,2,4,0.0,0.0,349.3284625537728,426.3457613845259
12,2,5,0.0,0.0,167.779835898385,204.7706658602337
12,2,6,0.0,0.0,362.10752792468406,441.94225849075616
12,2,7,34.275604,29.176033,1082.3203053763452,1320.942104986878
12,2,8,160.259301,136.325742,2800.0,4134.733013236745
12,2,9,256.761447,217.415957,2800.0,4569.628998473504
12,2,10,320.881849,270.320033,2800.0,4421.436551474658
12,2,11,349.565359,293.150844,1605.5985030100696,1959.588724146148
12,2,12,355.547413,298.065462,1055.7070784976213,1288.4613950167818
12,2,13,338.77825900000005,284.956826,2800.0,6518.224790706034
12,2,14,293.70006800000004,248.033085,2800.0,6600.0
12,2,15,215.57364,182.733728,2800.0,6600.0
12,2,16,104.66086800000001,88.964575,2800.0,6600.0
12,2,17,0.0,0.0,2800.0,6600.0
12,2,18,0.0,0.0,2800.0,6600.0
12,2,19,0.0,0.0,2800.0,6600.0
12,2,20,0.0,0.0,2800.0,6600.0
12,2,21,0.0,0.0,2800.0,6600.0
12,2,22,0.0,0.0,2800.0,4348.55720818164
12,2,23,0.0,0.0,1536.7967041952045,1875.6180248051708
12,3,0,0.0,0.0,629.4537376638762,768.2309396685104
12,3,1,0.0,0.0,362.10752792468406,441.94225849075616
12,3,2,0.0,0.0,257.74098596133337,314.56577026776904
12,3,3,0.0,0.0,200.6998128762587,244.94859051826847
12,3,4,0.0,0.0,167.779835898385,204.7706658602337
12,3,5,0.0,0.0,160.15467383430587,195.4643657032867
12,3,6,0.0,0.0,167.779835898385,204.7706658602337
12,3,7,33.958209000000004,28.895139,167.779835898385,204.7706658602337
12,3,8,158.85683799999998,134.95094899999998,209.55296754900695,255.75362181178016
12,3,9,254.32135,215.134161,36.240444554051166,44.23046382581048
12,3,10,314.91857799999997,265.688338,76.36769954409877,93.20467267193158
12,3,11,274.82820799999996,232.377386,138.67213448175264,169.24551846198156
12,3,12,361.638011,304.883927,1029.5337295682716,1256.5175439612765
12,3,13,339.232523,286.435667,2800.0,6600.0
12,3,14,287.874314,243.613237,2800.0,6600.0
12,3,15,206.979324,175.679472,2800.0,6600.0
12,3,16,98.936292,84.161518,2800.0,6600.0
12,3,17,0.0,0.0,2800.0,6600.0
12,3,18,0.0,0.0,2800.0,6600.0
12,3,19,0.0,0.0,2800.0,6600.0
12,3,20,0.0,0.0,2800.0,6600.0
12,3,21,0.0,0.0,2800.0,6600.0
12,3,22,0.0,0.0,2800.0,6600.0
12,3,23,0.0,0.0,2800.0,6600.0
12,4,0,0.0,0.0,2800.0,6600.0
12,4,1,0.0,0.0,2800.0,6600.0
12,4,2,0.0,0.0,2800.0,6600.0
12,4,3,0.0,0.0,2800.0,6600.0
12,4,4,0.0,0.0,2800.0,6600.0
12,4,5,0.0,0.0,2800.0,6600.0
12,4,6,0.0,0.0,2800.0,6600.0
12,4,7,25.343583,21.556428,2800.0,6600.0
12,4,8,146.246791,124.395934,2800.0,6600.0
12,4,9,246.681334,209.098964,2800.0,6600.0
12,4,10,318.920455,269.52374599999996,2800.0,6600.0
12,4,11,357.86989500000004,302.062349,2800.0,6600.0
12,4,12,365.77946999999995,308.685437,2800.0,6600.0
12,4,13,336.24238099999997,284.19351,2800.0,6600.0
12,4,14,284.540665,241.039952,2800.0,6600.0
12,4,15,203.24877600000002,172.631946,2800.0,6600.0
12,4,16,95.47018399999999,81.242247,2800.0,6600.0
12,4,17,0.0,0.0,2800.0,6600.0
12,4,18,0.0,0.0,2800.0,6600.0
12,4,19,0.0,0.0,2800.0,6600.0
12,4,20,0.0,0.0,2800.0,6600.0
12,4,21,0.0,0.0,2800.0,6600.0
12,4,22,0.0,0.0,2800.0,6600.0
12,4,23,0.0,0.0,2800.0,6600.0
12,5,0,0.0,0.0,2800.0,6600.0
12,5,1,0.0,0.0,2800.0,6600.0
12,5,2,0.0,0.0,2800.0,6600.0
12,5,3,0.0,0.0,2800.0,6600.0
12,5,4,0.0,0.0,2800.0,6600.0
12,5,5,0.0,0.0,2800.0,6600.0
12,5,6,0.0,0.0,2800.0,6600.0
12,5,7,6.270161,5.300812,2800.0,6600.0
12,5,8,94.281472,80.28393399999999,2800.0,6600.0
12,5,9,170.28189300000003,144.728368,2800.0,6600.0
12,5,10,307.58556400000003,260.147172,2800.0,6600.0
12,5,11,346.686511,292.747199,2800.0,6518.224790706034
12,5,12,356.974816,301.43287599999996,2800.0,6600.0
12,5,13,338.241543,285.907178,2800.0,6600.0
12,5,14,288.502902,244.321824,2800.0,6600.0
12,5,15,128.65234,109.333154,2800.0,6600.0
12,5,16,101.594954,86.379751,2800.0,6600.0
12,5,17,0.0,0.0,2800.0,6600.0
12,5,18,0.0,0.0,2800.0,6600.0
12,5,19,0.0,0.0,2800.0,6600.0
12,5,20,0.0,0.0,2800.0,6600.0
12,5,21,0.0,0.0,2800.0,6600.0
12,5,22,0.0,0.0,2800.0,6600.0
12,5,23,0.0,0.0,2800.0,6600.0
12,6,0,0.0,0.0,2800.0,6600.0
12,6,1,0.0,0.0,2800.0,6600.0
12,6,2,0.0,0.0,2800.0,6600.0
12,6,3,0.0,0.0,2800.0,6600.0
12,6,4,0.0,0.0,2800.0,6600.0
12,6,5,0.0,0.0,2800.0,5277.537873988738
12,6,6,0.0,0.0,2319.3884514592746,2830.7496848518704
12,6,7,4.722931,3.981986,1109.377075854021,1353.9641476958525
12,6,8,50.716625,43.118250999999994,748.4297260208111,913.4378545923286
12,6,9,175.198702,148.281462,881.5257965526516,1075.877940674496
12,6,10,303.14043699999996,254.111139,1164.8359102045422,1421.650126627591
12,6,11,307.001207,257.404503,858.3289550807331,1047.566834941052
12,6,12,265.145439,223.618571,835.542666361563,1019.7567975278918
12,6,13,247.509924,209.355957,2800.0,4798.06917736812
12,6,14,192.92328700000002,163.70085500000002,2800.0,6600.0
12,6,15,121.356126,103.18160400000001,2800.0,6600.0
12,6,16,9.068731,7.660059,2800.0,6600.0
12,6,17,0.0,0.0,2800.0,6600.0
12,6,18,0.0,0.0,2800.0,6600.0
12,6,19,0.0,0.0,2800.0,6600.0
12,6,20,0.0,0.0,2800.0,6600.0
12,6,21,0.0,0.0,2800.0,6600.0
12,6,22,0.0,0.0,2800.0,6600.0
12,6,23,0.0,0.0,2800.0,6600.0
12,7,0,0.0,0.0,2800.0,6600.0
12,7,1,0.0,0.0,2800.0,6600.0
12,7,2,0.0,0.0,2800.0,6600.0
12,7,3,0.0,0.0,2800.0,6600.0
12,7,4,0.0,0.0,2800.0,4348.55720818164
12,7,5,0.0,0.0,2800.0,3599.0492231594667
12,7,6,0.0,0.0,2061.927887690667,2516.5261621421523
12,7,7,6.685791,5.659719,1136.8810555802274,1387.531996967994
12,7,8,86.116596,73.487808,1503.1454301264964,1834.5475722016292
12,7,9,206.716161,176.25062100000002,2744.426018516277,3349.496321811205
12,7,10,247.454935,210.798568,2800.0,6600.0
12,7,11,191.463273,163.226959,2800.0,6600.0
12,7,12,124.764473,106.42483,2800.0,6600.0
12,7,13,100.342197,85.599913,2800.0,6600.0
12,7,14,62.963669,53.694758,2800.0,6600.0
12,7,15,47.4856,40.484494,2800.0,6600.0
12,7,16,10.515439,8.923999,2800.0,6600.0
12,7,17,0.0,0.0,2800.0,6600.0
12,7,18,0.0,0.0,2800.0,6600.0
12,7,19,0.0,0.0,2800.0,6600.0
12,7,20,0.0,0.0,2800.0,6600.0
12,7,21,0.0,0.0,2800.0,6600.0
12,7,22,0.0,0.0,2800.0,6600.0
12,7,23,0.0,0.0,2800.0,6600.0
12,8,0,0.0,0.0,2800.0,6600.0
12,8,1,0.0,0.0,2800.0,6600.0
12,8,2,0.0,0.0,2800.0,6600.0
12,8,3,0.0,0.0,2800.0,6600.0
12,8,4,0.0,0.0,2800.0,6600.0
12,8,5,0.0,0.0,2800.0,6600.0
12,8,6,0.0,0.0,2800.0,5700.675903358588
12,8,7,7.862106,6.673076,2364.2786071344885,2885.536882723194
12,8,8,36.225434,30.897186,2597.435303258585,3170.098204764415
12,8,9,111.627083,95.35231,2549.630956168769,3111.754316583931
12,8,10,298.939038,254.77134700000002,2800.0,3860.699345383164
12,8,11,257.59847,219.66793299999998,2800.0,5876.06920203001
12,8,12,225.08259,192.025397,2800.0,6600.0
12,8,13,202.84347599999998,173.09999,2800.0,6600.0
12,8,14,141.975233,121.23019000000001,2800.0,6600.0
12,8,15,91.97655400000001,78.540093,2800.0,6600.0
12,8,16,61.70174,52.671076,2800.0,6600.0
12,8,17,0.0,0.0,2800.0,6600.0
12,8,18,0.0,0.0,2800.0,6600.0
12,8,19,0.0,0.0,2800.0,6600.0
12,8,20,0.0,0.0,2800.0,6600.0
12,8,21,0.0,0.0,2800.0,6600.0
12,8,22,0.0,0.0,2800.0,6600.0
12,8,23,0.0,0.0,2800.0,6145.847517348083
12,9,0,0.0,0.0,2800.0,4875.874201202505
12,9,1,0.0,0.0,2800.0,3728.344236364732
12,9,2,0.0,0.0,2549.630956168769,3111.754316583931
12,9,3,0.0,0.0,2502.4167786610287,3054.130714113854
12,9,4,0.0,0.0,2800.0,3928.035620383037
12,9,5,0.0,0.0,2800.0,6600.0
12,9,6,0.0,0.0,2800.0,6600.0
12,9,7,30.485743,25.983150000000002,2800.0,6600.0
12,9,8,160.539312,136.707764,2800.0,6600.0
12,9,9,259.442495,219.89516899999998,2800.0,6600.0
12,9,10,323.021684,272.734076,2800.0,6600.0
12,9,11,355.46238400000004,299.484967,2188.134369840437,2670.5576954745493
12,9,12,362.91922999999997,305.44996000000003,71.8766678693094,87.7234922814406
12,9,13,344.371289,290.032243,1749.3017415377876,2134.9745664437564
12,9,14,298.644479,252.348556,2800.0,6600.0
12,9,15,227.22501699999998,192.76811999999998,2800.0,6600.0
12,9,16,115.617964,98.421679,2800.0,6600.0
12,9,17,0.0,0.0,2800.0,6600.0
12,9,18,0.0,0.0,2800.0,6600.0
12,9,19,0.0,0.0,2800.0,6600.0
12,9,20,0.0,0.0,2800.0,6600.0
12,9,21,0.0,0.0,2800.0,6600.0
12,9,22,0.0,0.0,2800.0,6600.0
12,9,23,0.0,0.0,2800.0,6055.023664834879
12,10,0,0.0,0.0,2800.0,4954.515830178791
12,10,1,0.0,0.0,2800.0,5528.8079782263085
12,10,2,0.0,0.0,2800.0,6600.0
12,10,3,0.0,0.0,2800.0,6600.0
12,10,4,0.0,0.0,2800.0,6600.0
12,10,5,0.0,0.0,2800.0,4421.436551474658
12,10,6,0.0,0.0,1222.1129067458091,1491.5551224063024
12,10,7,34.432453,29.372405999999998,336.8536460978451,411.1205916942204
12,10,8,167.261209,142.508385,71.8766678693094,87.7234922814406
12,10,9,269.078447,228.495713,2275.070137118247,2776.660403569514
12,10,10,337.981922,286.35357400000004,2800.0,6600.0
12,10,11,377.175252,319.095013,2800.0,6600.0
12,10,12,384.052894,324.7577,2800.0,6600.0
12,10,13,369.783041,312.947082,2800.0,6600.0
12,10,14,316.893575,268.765582,2800.0,6600.0
12,10,15,235.411579,200.176501,2800.0,6600.0
12,10,16,118.141861,100.665582,2800.0,6600.0
12,10,17,0.0,0.0,2800.0,6600.0
12,10,18,0.0,0.0,2800.0,6600.0
12,10,19,0.0,0.0,2800.0,6600.0
12,10,20,0.0,0.0,2800.0,6600.0
12,10,21,0.0,0.0,2800.0,6600.0
12,10,22,0.0,0.0,2800.0,6600.0
12,10,23,0.0,0.0,2800.0,6600.0
12,11,0,0.0,0.0,2800.0,6600.0
12,11,1,0.0,0.0,2800.0,6600.0
12,11,2,0.0,0.0,2800.0,6600.0
12,11,3,0.0,0.0,2597.435303258585,3170.098204764415
12,11,4,0.0,0.0,813.163264745564,992.4433546107276
12,11,5,0.0,0.0,445.37642374118406,543.569651022705
12,11,6,0.0,0.0,667.5923777577954,814.7780988382542
12,11,7,7.421296999999999,6.306274999999999,1503.1454301264964,1834.5475722016292
12,11,8,121.989768,104.204639,2800.0,4644.951049827907
12,11,9,233.51586799999998,198.99660599999999,2800.0,3472.7785151730586
12,11,10,322.70383000000004,274.10292200000004,727.6412163217148,888.0660514162661
12,11,11,360.93084000000005,305.815178,388.5930680097703,474.2671302481448
12,11,12,367.181518,310.722268,8.44565662798097,10.307691160134254
12,11,13,351.301654,297.349977,247.56819744046305,302.1501622304864
12,11,14,297.789137,252.560804,2744.426018516277,3349.496321811205
12,11,15,214.289087,182.20523699999998,2800.0,6600.0
12,11,16,103.245058,87.978834,2800.0,6600.0
12,11,17,1.970416,1.651365,2800.0,6600.0
12,11,18,0.0,0.0,2800.0,6600.0
12,11,19,0.0,0.0,2800.0,6600.0
12,11,20,0.0,0.0,2800.0,6600.0
12,11,21,0.0,0.0,2800.0,6600.0
12,11,22,0.0,0.0,2800.0,6423.759245222193
12,11,23,0.0,0.0,2800.0,6600.0
12,12,0,0.0,0.0,2800.0,6600.0
12,12,1,0.0,0.0,2800.0,3728.344236364732
12,12,2,0.0,0.0,1640.756359055384,2002.4979185321613
12,12,3,0.0,0.0,1469.9890187508342,1794.0810858770024
12,12,4,0.0,0.0,1311.5016045329749,1600.651564587489
12,12,5,0.0,0.0,648.3361095823518,791.2763542146813
12,12,6,0.0,0.0,209.55296754900695,255.75362181178016
12,12,7,17.48078,14.889614,610.9415963527902,745.6373813754526
12,12,8,144.54578700000002,123.262191,2800.0,5195.505086201954
12,12,9,251.626168,213.903712,2800.0,6600.0
12,12,10,326.453859,276.822467,2800.0,4798.06917736812
12,12,11,368.161882,311.620865,2800.0,4798.06917736812
12,12,12,378.190239,320.008667,2800.0,6600.0
12,12,13,358.756312,303.874485,2800.0,6600.0
12,12,14,306.371589,260.009159,2800.0,6600.0
12,12,15,224.561849,191.053631,2800.0,6600.0
12,12,16,110.051523,93.83652099999999,2800.0,6600.0
12,12,17,2.72588,2.295032,2800.0,6600.0
12,12,18,0.0,0.0,2800.0,6600.0
12,12,19,0.0,0.0,2800.0,6600.0
12,12,20,0.0,0.0,2800.0,6600.0
12,12,21,0.0,0.0,2800.0,5360.429636038867
12,12,22,0.0,0.0,1136.8810555802274,1387.531996967994
12,12,23,0.0,0.0,1164.8359102045422,1421.650126627591
12,13,0,0.0,0.0,2744.426018516277,3349.496321811205
12,13,1,0.0,0.0,2800.0,6055.023664834879
12,13,2,0.0,0.0,2800.0,6600.0
12,13,3,0.0,0.0,2800.0,6518.224790706034
12,13,4,0.0,0.0,2800.0,5195.505086201954
12,13,5,0.0,0.0,2800.0,4495.12565696385
12,13,6,0.0,0.0,2800.0,5195.505086201954
12,13,7,23.786886,20.279829000000003,2800.0,6518.224790706034
12,13,8,158.59721299999998,135.24147,2800.0,6600.0
12,13,9,264.465834,224.678807,2800.0,6145.847517348083
12,13,10,332.481605,281.53434000000004,2800.0,6600.0
12,13,11,370.833091,313.316059,2800.0,6600.0
12,13,12,380.588489,321.365865,2800.0,6600.0
12,13,13,364.588807,308.06575799999996,2800.0,6600.0
12,13,14,314.054875,265.96923200000003,2800.0,6600.0
12,13,15,235.523774,200.051773,2800.0,6600.0
12,13,16,121.265114,103.276022,2800.0,6600.0
12,13,17,2.692944,2.263061,2800.0,6600.0
12,13,18,0.0,0.0,2800.0,6600.0
12,13,19,0.0,0.0,2800.0,6600.0
12,13,20,0.0,0.0,2800.0,6600.0
12,13,21,0.0,0.0,2800.0,6600.0
12,13,22,0.0,0.0,2103.4419801044355,2567.192967843996
12,13,23,0.0,0.0,312.8020973326286,381.76633926423176
12,14,0,0.0,0.0,175.6432651850418,214.36776459591715
12,14,1,0.0,0.0,1193.2453053765432,1456.323010498931
12,14,2,0.0,0.0,2800.0,3996.150340809066
12,14,3,0.0,0.0,2800.0,6518.224790706034
12,14,4,0.0,0.0,2800.0,6600.0
12,14,5,0.0,0.0,2800.0,6600.0
12,14,6,0.0,0.0,2800.0,6600.0
12,14,7,6.561972,5.568395000000001,2800.0,6600.0
12,14,8,90.231448,77.035769,2800.0,6600.0
12,14,9,199.904703,170.292899,2800.0,6600.0
12,14,10,288.205875,244.56931899999998,2800.0,6600.0
12,14,11,334.301733,282.654283,2800.0,6600.0
12,14,12,363.645756,306.417625,2800.0,6600.0
12,14,13,316.860724,267.163097,2800.0,6600.0
12,14,14,261.334383,220.828161,2800.0,6600.0
12,14,15,174.924748,148.321378,2800.0,6600.0
12,14,16,83.37595,70.875136,2800.0,6600.0
12,14,17,2.16085,1.806516,2800.0,6600.0
12,14,18,0.0,0.0,2800.0,6600.0
12,14,19,0.0,0.0,2800.0,6600.0
12,14,20,0.0,0.0,2800.0,6600.0
12,14,21,0.0,0.0,2800.0,6600.0
12,14,22,0.0,0.0,2800.0,6600.0
12,14,23,0.0,0.0,2800.0,6600.0
12,15,0,0.0,0.0,2800.0,6600.0
12,15,1,0.0,0.0,2800.0,6600.0
12,15,2,0.0,0.0,2800.0,6600.0
12,15,3,0.0,0.0,2800.0,6600.0
12,15,4,0.0,0.0,2800.0,6600.0
12,15,5,0.0,0.0,2800.0,6600.0
12,15,6,0.0,0.0,2800.0,6600.0
12,15,7,9.202573000000001,7.82031,2800.0,6600.0
12,15,8,124.860311,106.62053999999999,2800.0,6600.0
12,15,9,157.442671,134.29756099999997,2800.0,6600.0
12,15,10,299.905076,254.949799,2800.0,6600.0
12,15,11,339.85757,288.506825,2800.0,6600.0
12,15,12,349.202571,296.316822,2800.0,6600.0
12,15,13,331.592609,281.45454700000005,2800.0,6600.0
12,15,14,277.925299,236.206011,2800.0,6600.0
12,15,15,197.38959400000002,168.06179699999998,2800.0,6600.0
12,15,16,93.71877400000001,79.895891,2800.0,6600.0
12,15,17,1.8801400000000001,1.572719,2800.0,6600.0
12,15,18,0.0,0.0,2800.0,6600.0
12,15,19,0.0,0.0,2800.0,6600.0
12,15,20,0.0,0.0,2800.0,6600.0
12,15,21,0.0,0.0,2800.0,6600.0
12,15,22,0.0,0.0,2800.0,6600.0
12,15,23,0.0,0.0,2800.0,6600.0
12,16,0,0.0,0.0,2800.0,6600.0
12,16,1,0.0,0.0,2800.0,6600.0
12,16,2,0.0,0.0,2800.0,6600.0
12,16,3,0.0,0.0,2800.0,6600.0
12,16,4,0.0,0.0,2800.0,6600.0
12,16,5,0.0,0.0,2800.0,6600.0
12,16,6,0.0,0.0,2800.0,4569.628998473504
12,16,7,17.350786,14.770392,1749.3017415377876,2134.9745664437564
12,16,8,102.85865799999999,87.81539500000001,1570.9465066065366,1917.296917511915
12,16,9,160.062837,136.557782,2800.0,6600.0
12,16,10,332.63261,282.729011,2800.0,6600.0
12,16,11,376.324418,319.40187,2800.0,6600.0
12,16,12,387.209356,328.487054,2800.0,5787.929644089762
12,16,13,366.399745,311.00068400000004,2800.0,6600.0
12,16,14,314.82308,267.598848,2800.0,6600.0
12,16,15,232.837495,198.29705900000002,2800.0,6600.0
12,16,16,119.160681,101.664949,2800.0,6600.0
12,16,17,5.792745,4.904488000000001,2800.0,6600.0
12,16,18,0.0,0.0,2800.0,6600.0
12,16,19,0.0,0.0,2800.0,6600.0
12,16,20,0.0,0.0,2800.0,6600.0
12,16,21,0.0,0.0,2800.0,6600.0
12,16,22,0.0,0.0,2800.0,6600.0
12,16,23,0.0,0.0,2800.0,6600.0
12,17,0,0.0,0.0,2800.0,6600.0
12,17,1,0.0,0.0,2800.0,6600.0
12,17,2,0.0,0.0,2800.0,6600.0
12,17,3,0.0,0.0,2800.0,6600.0
12,17,4,0.0,0.0,2800.0,6600.0
12,17,5,0.0,0.0,2800.0,6600.0
12,17,6,0.0,0.0,2800.0,6600.0
12,17,7,24.415948,20.796200000000002,2800.0,6600.0
12,17,8,158.141966,134.595839,2800.0,6600.0
12,17,9,259.662291,220.030753,2800.0,6600.0
12,17,10,327.523702,276.472613,2800.0,6600.0
12,17,11,362.464224,304.941198,2800.0,6600.0
12,17,12,368.08547899999996,309.134427,2800.0,6600.0
12,17,13,355.06672100000003,298.950768,2800.0,6600.0
12,17,14,311.406783,263.220909,2800.0,6600.0
12,17,15,237.471428,201.522851,2800.0,6600.0
12,17,16,126.070316,107.35697,2800.0,6600.0
12,17,17,7.505024000000001,6.357905,2800.0,6600.0
12,17,18,0.0,0.0,2800.0,6600.0
12,17,19,0.0,0.0,2800.0,6600.0
12,17,20,0.0,0.0,2800.0,6600.0
12,17,21,0.0,0.0,2800.0,6600.0
12,17,22,0.0,0.0,2800.0,6600.0
12,17,23,0.0,0.0,2800.0,6600.0
12,18,0,0.0,0.0,2800.0,6600.0
12,18,1,0.0,0.0,2800.0,6600.0
12,18,2,0.0,0.0,2800.0,6600.0
12,18,3,0.0,0.0,2800.0,6600.0
12,18,4,0.0,0.0,2800.0,6600.0
12,18,5,0.0,0.0,2800.0,6600.0
12,18,6,0.0,0.0,2800.0,6600.0
12,18,7,22.828577000000003,19.462695,2800.0,6600.0
12,18,8,156.84181099999998,133.658734,2800.0,6600.0
12,18,9,256.92909,217.691569,2800.0,6600.0
12,18,10,317.300338,266.991706,2800.0,6600.0
12,18,11,358.89992099999995,301.783727,2800.0,6600.0
12,18,12,375.593999,316.558209,1980.545579523704,2417.201297843891
12,18,13,357.726222,302.139837,1901.3333359069868,2320.524937524275
12,18,14,310.266167,262.72281300000003,2800.0,6600.0
12,18,15,231.201304,196.365348,2800.0,6600.0
12,18,16,117.220769,99.84356299999999,2800.0,6600.0
12,18,17,5.4808,4.635691,2800.0,6600.0
12,18,18,0.0,0.0,2800.0,6600.0
12,18,19,0.0,0.0,2800.0,6600.0
12,18,20,0.0,0.0,2800.0,6600.0
12,18,21,0.0,0.0,2800.0,6600.0
12,18,22,0.0,0.0,2800.0,6600.0
12,18,23,0.0,0.0,2800.0,6600.0
12,19,0,0.0,0.0,2800.0,6600.0
12,19,1,0.0,0.0,2800.0,6600.0
12,19,2,0.0,0.0,2800.0,6600.0
12,19,3,0.0,0.0,2800.0,6600.0
12,19,4,0.0,0.0,2800.0,6600.0
12,19,5,0.0,0.0,2800.0,6600.0
12,19,6,0.0,0.0,2800.0,6600.0
12,19,7,9.531525,8.096301,2800.0,6600.0
12,19,8,127.007096,108.117615,2800.0,6600.0
12,19,9,226.758759,192.39066,2800.0,6600.0
12,19,10,302.51989899999995,256.147083,1640.756359055384,2002.4979185321613
12,19,11,345.558305,292.262646,592.796019999516,723.4912055112203
12,19,12,357.679363,302.54494900000003,1503.1454301264964,1834.5475722016292
12,19,13,339.715898,287.563076,2800.0,5700.675903358588
12,19,14,288.96347499999996,245.072903,2800.0,6600.0
12,19,15,209.155291,177.827696,2800.0,6600.0
12,19,16,102.883556,87.644701,2800.0,6600.0
12,19,17,3.6546909999999997,3.080509,2800.0,6600.0
12,19,18,0.0,0.0,2800.0,6600.0
12,19,19,0.0,0.0,2800.0,6600.0
12,19,20,0.0,0.0,2800.0,6600.0
12,19,21,0.0,0.0,2800.0,6600.0
12,19,22,0.0,0.0,2800.0,6600.0
12,19,23,0.0,0.0,2800.0,4421.436551474658
12,20,0,0.0,0.0,2020.963642713616,2466.530430083547
12,20,1,0.0,0.0,1640.756359055384,2002.4979185321613
12,20,2,0.0,0.0,1824.2618316438895,2226.4612905889994
12,20,3,0.0,0.0,2145.5095856044995,2618.5353210133653
12,20,4,0.0,0.0,1786.5196926460033,2180.398050079768
12,20,5,0.0,0.0,1222.1129067458091,1491.5551224063024
12,20,6,0.0,0.0,835.542666361563,1019.7567975278918
12,20,7,12.778369000000001,10.859826,953.6162939806846,1163.862406039418
12,20,8,132.93934099999998,113.14435300000001,1640.756359055384,2002.4979185321613
12,20,9,233.083634,197.33762,953.6162939806846,1163.862406039418
12,20,10,286.501058,241.81041399999998,575.0133429544752,701.7879382515248
12,20,11,327.965733,276.07104200000003,336.8536460978451,411.1205916942204
12,20,12,339.970393,286.09240600000004,791.1870845831577,965.6220323652713
12,20,13,316.75584299999997,267.32095000000004,2800.0,3535.5380679260493
12,20,14,272.789574,230.79695999999998,2800.0,6600.0
12,20,15,160.13000399999999,136.07282899999998,2800.0,6600.0
12,20,16,40.025220000000004,34.041528,2800.0,6600.0
12,20,17,3.038914,2.554295,2800.0,6600.0
12,20,18,0.0,0.0,2800.0,6600.0
12,20,19,0.0,0.0,2800.0,6600.0
12,20,20,0.0,0.0,2800.0,6600.0
12,20,21,0.0,0.0,2800.0,6600.0
12,20,22,0.0,0.0,2800.0,6600.0
12,20,23,0.0,0.0,2800.0,3996.150340809066
12,21,0,0.0,0.0,1136.8810555802274,1387.531996967994
12,21,1,0.0,0.0,200.6998128762587,244.94859051826847
12,21,2,0.0,0.0,28.504091119435778,34.78845766545312
12,21,3,0.0,0.0,90.95515204021434,111.00825642703326
12,21,4,0.0,0.0,375.1945078601572,457.9145568371997
12,21,5,0.0,0.0,1136.8810555802274,1387.531996967994
12,21,6,0.0,0.0,1786.5196926460033,2180.398050079768
12,21,7,1.505787,1.258227,1676.4237403920558,2046.0289744942413
12,21,8,90.107872,76.793178,2800.0,3472.7785151730586
12,21,9,192.196541,163.299809,2800.0,5114.326798854228
12,21,10,278.438583,235.928667,2800.0,6600.0
12,21,11,326.164194,276.246648,2800.0,6600.0
12,21,12,341.682638,289.518684,2800.0,6600.0
12,21,13,319.95851400000004,271.433335,2800.0,6600.0
12,21,14,272.049876,231.14585699999998,2800.0,6600.0
12,21,15,194.587711,165.635794,2800.0,6600.0
12,21,16,97.060321,82.721459,2800.0,6600.0
12,21,17,2.846849,2.392831,2800.0,6600.0
12,21,18,0.0,0.0,2800.0,6600.0
12,21,19,0.0,0.0,2800.0,6600.0
12,21,20,0.0,0.0,2800.0,6600.0
12,21,21,0.0,0.0,2800.0,6600.0
12,21,22,0.0,0.0,2800.0,6600.0
12,21,23,0.0,0.0,2800.0,6600.0
12,22,0,0.0,0.0,2800.0,6600.0
12,22,1,0.0,0.0,2800.0,6600.0
12,22,2,0.0,0.0,2800.0,6600.0
12,22,3,0.0,0.0,2800.0,6600.0
12,22,4,0.0,0.0,2800.0,6600.0
12,22,5,0.0,0.0,2800.0,6600.0
12,22,6,0.0,0.0,2800.0,6600.0
12,22,7,1.8826500000000002,1.578025,2800.0,6600.0
12,22,8,54.94928,46.84778,2800.0,6600.0
12,22,9,224.50539600000002,191.194313,2800.0,6600.0
12,22,10,303.799269,258.209602,2800.0,6600.0
12,22,11,349.426451,296.585235,2800.0,6600.0
12,22,12,361.50472499999995,306.720596,2800.0,6600.0
12,22,13,349.394431,296.521827,2800.0,6600.0
12,22,14,299.301787,254.30961499999998,2800.0,6600.0
12,22,15,219.22644200000002,186.61443599999998,2800.0,6600.0
12,22,16,113.351627,96.64261599999999,2800.0,6600.0
12,22,17,6.079042,5.1436530000000005,2800.0,6600.0
12,22,18,0.0,0.0,2800.0,6600.0
12,22,19,0.0,0.0,2800.0,6600.0
12,22,20,0.0,0.0,2800.0,6600.0
12,22,21,0.0,0.0,2800.0,6600.0
12,22,22,0.0,0.0,2800.0,6600.0
12,22,23,0.0,0.0,2800.0,6600.0
12,23,0,0.0,0.0,2800.0,6600.0
12,23,1,0.0,0.0,2800.0,6600.0
12,23,2,0.0,0.0,2800.0,6600.0
12,23,3,0.0,0.0,2800.0,6145.847517348083
12,23,4,0.0,0.0,2800.0,4798.06917736812
12,23,5,0.0,0.0,2800.0,4134.733013236745
12,23,6,0.0,0.0,2800.0,4721.09628485135
12,23,7,9.58363,8.143279999999999,2800.0,6600.0
12,23,8,129.205385,110.26459299999999,2800.0,6600.0
12,23,9,233.484665,198.75196100000002,2800.0,6600.0
12,23,10,310.694839,263.75788900000003,2800.0,6600.0
12,23,11,348.803385,295.50650199999995,2800.0,6600.0
12,23,12,356.774728,301.965308,2800.0,6600.0
12,23,13,333.098527,282.069681,2800.0,6600.0
12,23,14,282.761142,239.86125399999997,2800.0,6600.0
12,23,15,205.787566,174.970049,2800.0,6600.0
12,23,16,102.393881,87.21733400000001,2800.0,6600.0
12,23,17,3.724868,3.1363220000000003,2800.0,6600.0
12,23,18,0.0,0.0,2800.0,6600.0
12,23,19,0.0,0.0,2800.0,6600.0
12,23,20,0.0,0.0,1980.545579523704,2417.201297843891
12,23,21,0.0,0.0,247.56819744046305,302.1501622304864
12,23,22,0.0,0.0,0.0391002621665785,0.0477207924080289
12,23,23,0.0,0.0,237.66666698837332,290.0656171905344
12,24,0,0.0,0.0,1605.5985030100696,1959.588724146148
12,24,1,0.0,0.0,2800.0,6145.847517348083
12,24,2,0.0,0.0,2800.0,6600.0
12,24,3,0.0,0.0,2800.0,6600.0
12,24,4,0.0,0.0,2800.0,6600.0
12,24,5,0.0,0.0,2800.0,6600.0
12,24,6,0.0,0.0,2800.0,6600.0
12,24,7,2.2404290000000002,1.883557,2800.0,6600.0
12,24,8,6.6787209999999995,5.6552240000000005,2800.0,6600.0
12,24,9,111.112193,94.746686,2800.0,6600.0
12,24,10,179.19348000000002,152.544783,1136.8810555802274,1387.531996967994
12,24,11,313.50202399999995,265.612438,131.96338481220266,161.05767437709773
12,24,12,294.16168300000004,248.99246599999998,301.21803372418333,367.6283088759718
12,24,13,201.257919,170.678598,2061.927887690667,2516.5261621421523
12,24,14,221.697926,187.568217,2800.0,6600.0
12,24,15,147.827429,125.360837,2800.0,6600.0
12,24,16,65.915228,56.035004,2800.0,6600.0
12,24,17,2.6788980000000002,2.244721,2800.0,6600.0
12,24,18,0.0,0.0,2800.0,6600.0
12,24,19,0.0,0.0,2800.0,6600.0
12,24,20,0.0,0.0,2800.0,6600.0
12,24,21,0.0,0.0,2800.0,6600.0
12,24,22,0.0,0.0,2800.0,6600.0
12,24,23,0.0,0.0,2800.0,6600.0
12,25,0,0.0,0.0,2800.0,6600.0
12,25,1,0.0,0.0,2800.0,6600.0
12,25,2,0.0,0.0,2800.0,6600.0
12,25,3,0.0,0.0,2800.0,6600.0
12,25,4,0.0,0.0,2800.0,6600.0
12,25,5,0.0,0.0,2800.0,6600.0
12,25,6,0.0,0.0,2800.0,6600.0
12,25,7,0.533269,0.433367,2800.0,6600.0
12,25,8,10.241749,8.688259,2800.0,6600.0
12,25,9,194.06671,165.368899,2800.0,6600.0
12,25,10,215.61617900000002,183.497493,2800.0,6600.0
12,25,11,323.361695,274.165081,2800.0,5700.675903358588
12,25,12,311.96946399999996,264.28484999999995,2800.0,4134.733013236745
12,25,13,289.945691,245.566827,2800.0,6600.0
12,25,14,179.61622599999998,152.508158,2800.0,6600.0
12,25,15,57.178204,48.604479,2800.0,6600.0
12,25,16,54.92754,46.704884,2800.0,6600.0
12,25,17,2.330298,1.949804,2800.0,6600.0
12,25,18,0.0,0.0,2800.0,6600.0
12,25,19,0.0,0.0,2800.0,6600.0
12,25,20,0.0,0.0,2800.0,6600.0
12,25,21,0.0,0.0,2800.0,6600.0
12,25,22,0.0,0.0,2800.0,6600.0
12,25,23,0.0,0.0,2800.0,6600.0
12,26,0,0.0,0.0,2800.0,6600.0
12,26,1,0.0,0.0,2800.0,6600.0
12,26,2,0.0,0.0,2800.0,6600.0
12,26,3,0.0,0.0,2800.0,6600.0
12,26,4,0.0,0.0,2800.0,6600.0
12,26,5,0.0,0.0,2800.0,6600.0
12,26,6,0.0,0.0,2800.0,6600.0
12,26,7,0.8268669999999999,0.6823619999999999,2800.0,3728.344236364732
12,26,8,11.049433,9.377761,1342.23868718708,1638.1653268818693
12,26,9,13.727999,11.654206,2800.0,4721.09628485135
12,26,10,46.118756000000005,39.268189,2800.0,6600.0
12,26,11,62.924803,53.569153,2800.0,6600.0
12,26,12,45.986874,39.132,2800.0,6600.0
12,26,13,75.932484,64.69198399999999,2800.0,6600.0
12,26,14,15.208067999999999,12.912584,2800.0,6600.0
12,26,15,58.234727,49.668733,2800.0,6600.0
12,26,16,-0.0,-0.0,2800.0,6600.0
12,26,17,0.765254,0.6303289999999999,2800.0,6600.0
12,26,18,0.0,0.0,2800.0,6600.0
12,26,19,0.0,0.0,2800.0,6600.0
12,26,20,0.0,0.0,2800.0,6600.0
12,26,21,0.0,0.0,2800.0,6600.0
12,26,22,0.0,0.0,2800.0,6600.0
12,26,23,0.0,0.0,2800.0,6600.0
12,27,0,0.0,0.0,2800.0,6600.0
12,27,1,0.0,0.0,2800.0,6600.0
12,27,2,0.0,0.0,2800.0,6600.0
12,27,3,0.0,0.0,2800.0,6600.0
12,27,4,0.0,0.0,2800.0,6600.0
12,27,5,0.0,0.0,2800.0,6600.0
12,27,6,0.0,0.0,2800.0,6600.0
12,27,7,1.050362,0.872692,2800.0,6600.0
12,27,8,117.158854,99.957727,2800.0,6600.0
12,27,9,228.144859,194.185422,2800.0,6600.0
12,27,10,220.50862899999998,187.635222,2800.0,6600.0
12,27,11,359.791098,304.70832900000005,2800.0,6600.0
12,27,12,373.10553999999996,315.815646,2800.0,6600.0
12,27,13,333.76325799999995,282.93910100000005,2800.0,6600.0
12,27,14,308.655755,261.946696,2800.0,6600.0
12,27,15,231.53334700000002,196.99476,2800.0,6600.0
12,27,16,122.81672,104.736089,2800.0,6600.0
12,27,17,7.960287999999999,6.748875,2800.0,6600.0
12,27,18,0.0,0.0,2800.0,6600.0
12,27,19,0.0,0.0,2800.0,6600.0
12,27,20,0.0,0.0,2800.0,6600.0
12,27,21,0.0,0.0,2800.0,6600.0
12,27,22,0.0,0.0,2800.0,6600.0
12,27,23,0.0,0.0,2800.0,6600.0
12,28,0,0.0,0.0,2800.0,4348.55720818164
12,28,1,0.0,0.0,2455.7891050857875,2997.2229235298983
12,28,2,0.0,0.0,2409.744269793466,2941.0264710077745
12,28,3,0.0,0.0,2694.829168782761,3288.9647335537634
12,28,4,0.0,0.0,2800.0,3996.150340809066
12,28,5,0.0,0.0,2800.0,4421.436551474658
12,28,6,0.0,0.0,2800.0,4954.515830178791
12,28,7,12.644171,10.751557,2800.0,5033.998538121269
12,28,8,144.387017,123.098944,2800.0,6423.759245222193
12,28,9,252.1024,214.261115,2800.0,3928.035620383037
12,28,10,323.354082,274.01907400000005,2409.744269793466,2941.0264710077745
12,28,11,367.654623,311.11633500000005,2800.0,4205.209912886971
12,28,12,381.84419199999996,323.09754100000004,2800.0,6600.0
12,28,13,366.74364199999997,310.674096,2800.0,6600.0
12,28,14,319.852331,271.485599,2800.0,6600.0
12,28,15,245.584286,208.94106599999998,2800.0,6600.0
12,28,16,133.983901,114.255408,2800.0,6600.0
12,28,17,10.940933000000001,9.29109,2800.0,6600.0
12,28,18,0.0,0.0,2800.0,6600.0
12,28,19,0.0,0.0,2800.0,6600.0
12,28,20,0.0,0.0,2800.0,6600.0
12,28,21,0.0,0.0,2800.0,6600.0
12,28,22,0.0,0.0,2800.0,5614.303506012198
12,28,23,0.0,0.0,1605.5985030100696,1959.588724146148
12,29,0,0.0,0.0,228.03272895548625,278.3076613236249
12,29,1,0.0,0.0,67.56525302384776,82.46152928107404
12,29,2,0.0,0.0,55.67205296764801,67.94620637783812
12,29,3,0.0,0.0,85.90327597997313,104.84258092043964
12,29,4,0.0,0.0,375.1945078601572,457.9145568371997
12,29,5,0.0,0.0,1605.5985030100696,1959.588724146148
12,29,6,0.0,0.0,2800.0,3996.150340809066
12,29,7,14.072018,11.972858,2800.0,6237.575082367505
12,29,8,149.209115,127.240117,2800.0,6600.0
12,29,9,255.552824,217.309628,2800.0,6600.0
12,29,10,331.398054,280.997842,1676.4237403920558,2046.0289744942413
12,29,11,373.909495,316.50109999999995,67.56525302384776,82.46152928107404
12,29,12,385.542227,326.2903,268.18869820056244,327.31691512667066
12,29,13,367.952461,311.687913,2800.0,6518.224790706034
12,29,14,319.72238500000003,271.316818,2800.0,6600.0
12,29,15,242.639877,206.380839,2800.0,6600.0
12,29,16,132.115847,112.620927,2800.0,6600.0
12,29,17,10.413170000000001,8.839564000000001,2800.0,6600.0
12,29,18,0.0,0.0,2800.0,6600.0
12,29,19,0.0,0.0,2800.0,6600.0
12,29,20,0.0,0.0,2800.0,5787.929644089762
12,29,21,0.0,0.0,2794.6277004301824,3410.766091076207
12,29,22,0.0,0.0,1605.5985030100696,1959.588724146148
12,29,23,0.0,0.0,430.6948862392302,525.6512391108714
12,30,0,0.0,0.0,192.09958802440056,234.45225310064637
12,30,1,0.0,0.0,268.18869820056244,327.31691512667066
12,30,2,0.0,0.0,278.9149998077284,340.4080706314795
12,30,3,0.0,0.0,312.8020973326286,381.76633926423176
12,30,4,0.0,0.0,312.8020973326286,381.76633926423176
12,30,5,0.0,0.0,835.542666361563,1019.7567975278918
12,30,6,0.0,0.0,2409.744269793466,2941.0264710077745
12,30,7,8.115096,6.892873,2800.0,4875.874201202505
12,30,8,137.883965,117.643557,2800.0,6600.0
12,30,9,246.037549,209.166054,2800.0,6423.759245222193
12,30,10,317.505575,268.73444,1136.8810555802274,1387.531996967994
12,30,11,356.729896,300.747204,33.523587275070305,40.91461439083383
12,30,12,367.347717,309.255178,402.3068740231014,491.0044525478796
12,30,13,353.71853600000003,297.959331,2800.0,5114.326798854228
12,30,14,310.264254,262.012921,2800.0,6600.0
12,30,15,239.294414,202.877006,2800.0,6600.0
12,30,16,44.742303,38.07486,2800.0,6600.0
12,30,17,10.990043,9.321757999999999,2800.0,6600.0
12,30,18,0.0,0.0,2800.0,6600.0
12,30,19,0.0,0.0,2800.0,6600.0
12,30,20,0.0,0.0,2800.0,6600.0
12,30,21,0.0,0.0,2800.0,6600.0
12,30,22,0.0,0.0,2800.0,6600.0
12,30,23,0.0,0.0,2800.0,5876.06920203001
12,31,0,0.0,0.0,2800.0,3928.035620383037
12,31,1,0.0,0.0,1901.3333359069868,2320.524937524275
12,31,2,0.0,0.0,1136.8810555802274,1387.531996967994
12,31,3,0.0,0.0,648.3361095823518,791.2763542146813
12,31,4,0.0,0.0,667.5923777577954,814.7780988382542
12,31,5,0.0,0.0,2103.4419801044355,2567.192967843996
12,31,6,0.0,0.0,2800.0,6600.0
12,31,7,4.5220780000000005,3.82607,2800.0,6600.0
12,31,8,122.80614800000001,104.674669,2800.0,6600.0
12,31,9,226.719767,192.334168,2275.070137118247,2776.660403569514
12,31,10,288.477647,243.554192,59.46661122259518,72.57736015356105
12,31,11,341.128824,286.897211,1536.7967041952045,1875.6180248051708
12,31,12,339.16216399999996,285.358602,2800.0,6600.0
12,31,13,341.74404200000004,287.655842,2800.0,6600.0
12,31,14,299.293181,252.574394,2800.0,6600.0
12,31,15,228.10969,193.153694,2800.0,6600.0
12,31,16,124.606208,105.885512,2800.0,6600.0
12,31,17,9.596907999999999,8.121398000000001,2800.0,6600.0
12,31,18,0.0,0.0,2800.0,6600.0
12,31,19,0.0,0.0,2800.0,6600.0
12,31,20,0.0,0.0,2800.0,6600.0
12,31,21,0.0,0.0,2800.0,5033.998538121269
12,31,22,0.0,0.0,2061.927887690667,2516.5261621421523
12,31,23,0.0,0.0,2061.927887690667,2516.5261621421523
