Month,Day,Hour,PV-1 Solar Power,Turbine-1 Power
1,1,0,0.0,2800.0
1,1,1,0.0,2800.0
1,1,2,0.0,2800.0
1,1,3,0.0,2800.0
1,1,4,0.0,2800.0
1,1,5,0.0,2800.0
1,1,6,0.0,2800.0
1,1,7,0.0,2800.0
1,1,8,18.020405,2800.0
1,1,9,131.105997,2800.0
1,1,10,119.674808,2800.0
1,1,11,261.989401,2800.0
1,1,12,183.919694,2800.0
1,1,13,275.355957,2800.0
1,1,14,242.186346,2800.0
1,1,15,181.891729,2800.0
1,1,16,30.952468,2800.0
1,1,17,-0.0,2800.0
1,1,18,0.0,2800.0
1,1,19,0.0,2800.0
1,1,20,0.0,2800.0
1,1,21,0.0,2800.0
1,1,22,0.0,2800.0
1,1,23,0.0,2800.0
1,2,0,0.0,2800.0
1,2,1,0.0,2800.0
1,2,2,0.0,2800.0
1,2,3,0.0,2800.0
1,2,4,0.0,2800.0
1,2,5,0.0,2800.0
1,2,6,0.0,2800.0
1,2,7,0.0,2800.0
1,2,8,0.913186,2800.0
1,2,9,1.190874,2800.0
1,2,10,76.432001,2800.0
1,2,11,123.143999,2800.0
1,2,12,8.713393,2800.0
1,2,13,35.183676,2800.0
1,2,14,152.825965,2800.0
1,2,15,62.135220999999994,2800.0
1,2,16,23.489369999999997,2800.0
1,2,17,-0.0,2800.0
1,2,18,0.0,2800.0
1,2,19,0.0,2800.0
1,2,20,0.0,2800.0
1,2,21,0.0,2800.0
1,2,22,0.0,2800.0
1,2,23,0.0,2800.0
1,3,0,0.0,2800.0
1,3,1,0.0,2800.0
1,3,2,0.0,2800.0
1,3,3,0.0,2800.0
1,3,4,0.0,2800.0
1,3,5,0.0,2800.0
1,3,6,0.0,2800.0
1,3,7,0.0,2800.0
1,3,8,0.058387,2800.0
1,3,9,-0.0,2800.0
1,3,10,28.109398000000002,2800.0
1,3,11,25.746093000000002,2800.0
1,3,12,50.108496,2800.0
1,3,13,42.567982,2800.0
1,3,14,79.085683,2800.0
1,3,15,88.615696,2800.0
1,3,16,8.895558000000001,2800.0
1,3,17,-0.0,2800.0
1,3,18,0.0,2800.0
1,3,19,0.0,2800.0
1,3,20,0.0,2800.0
1,3,21,0.0,2800.0
1,3,22,0.0,2800.0
1,3,23,0.0,2800.0
1,4,0,0.0,2800.0
1,4,1,0.0,2800.0
1,4,2,0.0,2800.0
1,4,3,0.0,2800.0
1,4,4,0.0,2800.0
1,4,5,0.0,2800.0
1,4,6,0.0,2800.0
1,4,7,0.0,2800.0
1,4,8,5.56379,2800.0
1,4,9,5.995349,2800.0
1,4,10,29.802929,2800.0
1,4,11,42.216479,2800.0
1,4,12,35.497271999999995,2800.0
1,4,13,46.930542,2800.0
1,4,14,42.401744,2800.0
1,4,15,18.025586,2800.0
1,4,16,14.324069999999999,2800.0
1,4,17,-0.0,2800.0
1,4,18,0.0,2800.0
1,4,19,0.0,2800.0
1,4,20,0.0,2800.0
1,4,21,0.0,2800.0
1,4,22,0.0,2800.0
1,4,23,0.0,2800.0
1,5,0,0.0,2800.0
1,5,1,0.0,2800.0
1,5,2,0.0,2800.0
1,5,3,0.0,2800.0
1,5,4,0.0,2800.0
1,5,5,0.0,2800.0
1,5,6,0.0,2800.0
1,5,7,0.0,2800.0
1,5,8,-0.0,2800.0
1,5,9,13.939176999999999,2800.0
1,5,10,29.072768,2800.0
1,5,11,45.248446,2800.0
1,5,12,55.807237,2800.0
1,5,13,51.547584,2800.0
1,5,14,65.62469800000001,2800.0
1,5,15,21.094219000000002,2800.0
1,5,16,11.025784,2800.0
1,5,17,-0.0,2800.0
1,5,18,0.0,2800.0
1,5,19,0.0,2800.0
1,5,20,0.0,2800.0
1,5,21,0.0,2800.0
1,5,22,0.0,2800.0
1,5,23,0.0,2800.0
1,6,0,0.0,2800.0
1,6,1,0.0,2800.0
1,6,2,0.0,2800.0
1,6,3,0.0,2800.0
1,6,4,0.0,2800.0
1,6,5,0.0,2800.0
1,6,6,0.0,2800.0
1,6,7,0.0,2800.0
1,6,8,15.82437,2800.0
1,6,9,127.508515,2800.0
1,6,10,214.131177,2800.0
1,6,11,180.086318,2800.0
1,6,12,292.173112,2800.0
1,6,13,286.743252,2800.0
1,6,14,253.448652,2800.0
1,6,15,179.365498,2800.0
1,6,16,74.18828599999999,2800.0
1,6,17,-0.0,2800.0
1,6,18,0.0,2800.0
1,6,19,0.0,2645.8334855800563
1,6,20,0.0,2103.4419801044355
1,6,21,0.0,1940.6700324713545
1,6,22,0.0,2319.3884514592746
1,6,23,0.0,2794.6277004301824
1,7,0,0.0,2800.0
1,7,1,0.0,2800.0
1,7,2,0.0,2800.0
1,7,3,0.0,2800.0
1,7,4,0.0,2800.0
1,7,5,0.0,2800.0
1,7,6,0.0,2800.0
1,7,7,0.0,2800.0
1,7,8,18.073418,2800.0
1,7,9,137.246193,2800.0
1,7,10,117.38683400000001,2800.0
1,7,11,199.890258,2800.0
1,7,12,306.019739,2800.0
1,7,13,301.963476,2800.0
1,7,14,269.902383,2800.0
1,7,15,209.215413,2800.0
1,7,16,113.65463199999999,2800.0
1,7,17,-0.0,2800.0
1,7,18,0.0,2800.0
1,7,19,0.0,2800.0
1,7,20,0.0,2800.0
1,7,21,0.0,2800.0
1,7,22,0.0,2800.0
1,7,23,0.0,2800.0
1,8,0,0.0,2800.0
1,8,1,0.0,2800.0
1,8,2,0.0,2800.0
1,8,3,0.0,2800.0
1,8,4,0.0,2800.0
1,8,5,0.0,2800.0
1,8,6,0.0,2800.0
1,8,7,0.0,2800.0
1,8,8,18.413220000000003,2800.0
1,8,9,91.310758,2800.0
1,8,10,155.325163,2800.0
1,8,11,204.204397,402.3068740231014
1,8,12,175.746385,2103.4419801044355
1,8,13,122.071494,2800.0
1,8,14,80.681889,2800.0
1,8,15,29.690137,2800.0
1,8,16,5.515226999999999,2800.0
1,8,17,-0.0,2800.0
1,8,18,0.0,2800.0
1,8,19,0.0,2800.0
1,8,20,0.0,2800.0
1,8,21,0.0,2800.0
1,8,22,0.0,2800.0
1,8,23,0.0,2800.0
1,9,0,0.0,2800.0
1,9,1,0.0,2800.0
1,9,2,0.0,2800.0
1,9,3,0.0,2800.0
1,9,4,0.0,2800.0
1,9,5,0.0,2800.0
1,9,6,0.0,2800.0
1,9,7,0.0,2800.0
1,9,8,-0.0,2800.0
1,9,9,-0.0,2800.0
1,9,10,23.197765999999998,2800.0
1,9,11,46.357191,2800.0
1,9,12,81.131493,2800.0
1,9,13,161.923391,2800.0
1,9,14,122.907512,2800.0
1,9,15,72.864898,2800.0
1,9,16,91.10528599999999,2800.0
1,9,17,-0.0,2800.0
1,9,18,0.0,2800.0
1,9,19,0.0,2800.0
1,9,20,0.0,2800.0
1,9,21,0.0,2800.0
1,9,22,0.0,2800.0
1,9,23,0.0,2800.0
1,10,0,0.0,2800.0
1,10,1,0.0,2800.0
1,10,2,0.0,2800.0
1,10,3,0.0,2800.0
1,10,4,0.0,2800.0
1,10,5,0.0,2800.0
1,10,6,0.0,2800.0
1,10,7,0.0,2800.0
1,10,8,-0.0,2800.0
1,10,9,13.917005,2800.0
1,10,10,98.45373,2800.0
1,10,11,265.436495,2800.0
1,10,12,293.181408,2800.0
1,10,13,291.06640899999996,2800.0
1,10,14,261.54925399999996,2800.0
1,10,15,206.962539,2800.0
1,10,16,115.629523,2800.0
1,10,17,-0.0,2800.0
1,10,18,0.0,2800.0
1,10,19,0.0,2800.0
1,10,20,0.0,2800.0
1,10,21,0.0,2800.0
1,10,22,0.0,2800.0
1,10,23,0.0,2800.0
1,11,0,0.0,2800.0
1,11,1,0.0,2800.0
1,11,2,0.0,2800.0
1,11,3,0.0,2800.0
1,11,4,0.0,2800.0
1,11,5,0.0,2800.0
1,11,6,0.0,2800.0
1,11,7,0.0,2800.0
1,11,8,-0.0,2800.0
1,11,9,15.341275,2800.0
1,11,10,49.975048,2800.0
1,11,11,189.27328899999998,2800.0
1,11,12,82.853207,2800.0
1,11,13,173.27975899999998,2800.0
1,11,14,273.06762699999996,2800.0
1,11,15,214.86237,2800.0
1,11,16,121.03950900000001,2800.0
1,11,17,-0.0,2800.0
1,11,18,0.0,2800.0
1,11,19,0.0,2800.0
1,11,20,0.0,2800.0
1,11,21,0.0,2800.0
1,11,22,0.0,2800.0
1,11,23,0.0,2800.0
1,12,0,0.0,2145.5095856044995
1,12,1,0.0,2800.0
1,12,2,0.0,2800.0
1,12,3,0.0,2800.0
1,12,4,0.0,2800.0
1,12,5,0.0,2800.0
1,12,6,0.0,2800.0
1,12,7,0.0,2800.0
1,12,8,18.179485,2800.0
1,12,9,89.511231,2800.0
1,12,10,218.815608,2800.0
1,12,11,270.341783,2800.0
1,12,12,224.351392,2800.0
1,12,13,221.757438,2800.0
1,12,14,206.514623,2800.0
1,12,15,72.241129,2800.0
1,12,16,62.395175,2800.0
1,12,17,0.340126,2800.0
1,12,18,0.0,2800.0
1,12,19,0.0,2800.0
1,12,20,0.0,2800.0
1,12,21,0.0,2800.0
1,12,22,0.0,2800.0
1,12,23,0.0,2800.0
1,13,0,0.0,2800.0
1,13,1,0.0,2800.0
1,13,2,0.0,2800.0
1,13,3,0.0,2800.0
1,13,4,0.0,2800.0
1,13,5,0.0,2800.0
1,13,6,0.0,2800.0
1,13,7,0.0,2800.0
1,13,8,5.015367,2800.0
1,13,9,11.877109,2800.0
1,13,10,27.563772,2800.0
1,13,11,3.82806,2800.0
1,13,12,186.685542,2800.0
1,13,13,109.413913,2800.0
1,13,14,45.105056,2800.0
1,13,15,10.492102000000001,2800.0
1,13,16,4.136062,2800.0
1,13,17,-0.0,2800.0
1,13,18,0.0,2800.0
1,13,19,0.0,2800.0
1,13,20,0.0,2800.0
1,13,21,0.0,2800.0
1,13,22,0.0,2800.0
1,13,23,0.0,2800.0
1,14,0,0.0,2800.0
1,14,1,0.0,2800.0
1,14,2,0.0,2800.0
1,14,3,0.0,2800.0
1,14,4,0.0,2800.0
1,14,5,0.0,2800.0
1,14,6,0.0,2800.0
1,14,7,0.0,2800.0
1,14,8,15.505895,2800.0
1,14,9,130.50775199999998,2800.0
1,14,10,217.815313,2800.0
1,14,11,268.121963,2800.0
1,14,12,255.615288,2800.0
1,14,13,222.97885200000002,2800.0
1,14,14,184.543619,2800.0
1,14,15,96.893831,2455.7891050857875
1,14,16,97.23162699999999,1469.9890187508342
1,14,17,1.8240830000000001,2020.963642713616
1,14,18,0.0,2800.0
1,14,19,0.0,2800.0
1,14,20,0.0,2800.0
1,14,21,0.0,2800.0
1,14,22,0.0,2800.0
1,14,23,0.0,2800.0
1,15,0,0.0,2800.0
1,15,1,0.0,2800.0
1,15,2,0.0,2800.0
1,15,3,0.0,2800.0
1,15,4,0.0,2800.0
1,15,5,0.0,2800.0
1,15,6,0.0,2800.0
1,15,7,0.0,2800.0
1,15,8,3.323751,2800.0
1,15,9,72.445543,2800.0
1,15,10,145.226767,2800.0
1,15,11,168.664405,2800.0
1,15,12,121.133342,2800.0
1,15,13,190.65258300000002,2800.0
1,15,14,196.43448999999998,2800.0
1,15,15,153.745525,2800.0
1,15,16,77.573646,2800.0
1,15,17,1.2916969999999999,2800.0
1,15,18,0.0,2800.0
1,15,19,0.0,2800.0
1,15,20,0.0,2800.0
1,15,21,0.0,2800.0
1,15,22,0.0,2800.0
1,15,23,0.0,2800.0
1,16,0,0.0,2800.0
1,16,1,0.0,2800.0
1,16,2,0.0,2800.0
1,16,3,0.0,2800.0
1,16,4,0.0,2800.0
1,16,5,0.0,2800.0
1,16,6,0.0,2800.0
1,16,7,0.0,2800.0
1,16,8,4.208418,2800.0
1,16,9,50.106241000000004,2800.0
1,16,10,120.27786400000001,2800.0
1,16,11,135.162785,2800.0
1,16,12,198.97346299999998,2800.0
1,16,13,200.887959,2800.0
1,16,14,186.91003700000002,2800.0
1,16,15,174.189667,2800.0
1,16,16,84.065724,2800.0
1,16,17,2.0716889999999997,2800.0
1,16,18,0.0,2800.0
1,16,19,0.0,2800.0
1,16,20,0.0,2800.0
1,16,21,0.0,2800.0
1,16,22,0.0,2800.0
1,16,23,0.0,2800.0
1,17,0,0.0,2800.0
1,17,1,0.0,2800.0
1,17,2,0.0,2800.0
1,17,3,0.0,2800.0
1,17,4,0.0,2800.0
1,17,5,0.0,2800.0
1,17,6,0.0,2800.0
1,17,7,0.0,2800.0
1,17,8,1.565323,2800.0
1,17,9,41.194144,2800.0
1,17,10,66.16678900000001,2800.0
1,17,11,108.894716,2800.0
1,17,12,102.74975599999999,2800.0
1,17,13,75.41193700000001,2800.0
1,17,14,35.76686,2800.0
1,17,15,34.928906000000005,2800.0
1,17,16,26.079459999999997,2800.0
1,17,17,0.127609,2800.0
1,17,18,0.0,2800.0
1,17,19,0.0,2800.0
1,17,20,0.0,2800.0
1,17,21,0.0,2800.0
1,17,22,0.0,2800.0
1,17,23,0.0,2800.0
1,18,0,0.0,2800.0
1,18,1,0.0,2800.0
1,18,2,0.0,2800.0
1,18,3,0.0,2800.0
1,18,4,0.0,2800.0
1,18,5,0.0,2800.0
1,18,6,0.0,2694.829168782761
1,18,7,0.0,1222.1129067458091
1,18,8,13.044629,113.14210705336222
1,18,9,37.273635,289.9235564324093
1,18,10,101.77833,2800.0
1,18,11,177.99407399999998,2800.0
1,18,12,72.208763,2800.0
1,18,13,66.491739,2800.0
1,18,14,90.25233999999999,2800.0
1,18,15,103.90649800000001,2800.0
1,18,16,36.079855,2800.0
1,18,17,13.657245999999999,2800.0
1,18,18,0.0,2800.0
1,18,19,0.0,2800.0
1,18,20,0.0,2800.0
1,18,21,0.0,2800.0
1,18,22,0.0,2800.0
1,18,23,0.0,2800.0
1,19,0,0.0,2800.0
1,19,1,0.0,2800.0
1,19,2,0.0,2800.0
1,19,3,0.0,2800.0
1,19,4,0.0,2800.0
1,19,5,0.0,2800.0
1,19,6,0.0,2800.0
1,19,7,0.0,2800.0
1,19,8,3.500951,2800.0
1,19,9,65.68405499999999,2800.0
1,19,10,42.273029,2800.0
1,19,11,84.923007,2800.0
1,19,12,69.055821,2800.0
1,19,13,74.75107000000001,2800.0
1,19,14,80.983132,2800.0
1,19,15,32.88976,2800.0
1,19,16,2.032063,2800.0
1,19,17,-0.0,2800.0
1,19,18,0.0,2800.0
1,19,19,0.0,2800.0
1,19,20,0.0,2800.0
1,19,21,0.0,2800.0
1,19,22,0.0,2800.0
1,19,23,0.0,2800.0
1,20,0,0.0,2800.0
1,20,1,0.0,2800.0
1,20,2,0.0,2800.0
1,20,3,0.0,2800.0
1,20,4,0.0,2800.0
1,20,5,0.0,2800.0
1,20,6,0.0,2800.0
1,20,7,0.0,2800.0
1,20,8,15.529712,2800.0
1,20,9,139.60155600000002,2800.0
1,20,10,241.686532,2800.0
1,20,11,307.683252,2800.0
1,20,12,340.95935499999996,2800.0
1,20,13,341.273996,2800.0
1,20,14,118.17202,2800.0
1,20,15,22.049649000000002,2800.0
1,20,16,5.257939,2800.0
1,20,17,-0.0,2800.0
1,20,18,0.0,2800.0
1,20,19,0.0,2800.0
1,20,20,0.0,2800.0
1,20,21,0.0,2800.0
1,20,22,0.0,2800.0
1,20,23,0.0,2800.0
1,21,0,0.0,2800.0
1,21,1,0.0,2800.0
1,21,2,0.0,2800.0
1,21,3,0.0,2800.0
1,21,4,0.0,2800.0
1,21,5,0.0,2800.0
1,21,6,0.0,2800.0
1,21,7,0.0,2800.0
1,21,8,22.800293,2800.0
1,21,9,154.027601,2800.0
1,21,10,251.680128,2800.0
1,21,11,311.964234,2800.0
1,21,12,340.540994,2800.0
1,21,13,333.681503,2800.0
1,21,14,301.201279,2800.0
1,21,15,239.57315100000002,2800.0
1,21,16,140.561679,2800.0
1,21,17,8.482776,2800.0
1,21,18,0.0,2800.0
1,21,19,0.0,2800.0
1,21,20,0.0,2800.0
1,21,21,0.0,2800.0
1,21,22,0.0,2800.0
1,21,23,0.0,2800.0
1,22,0,0.0,2800.0
1,22,1,0.0,2800.0
1,22,2,0.0,2800.0
1,22,3,0.0,2800.0
1,22,4,0.0,2800.0
1,22,5,0.0,2800.0
1,22,6,0.0,2800.0
1,22,7,0.0,2800.0
1,22,8,1.896377,2800.0
1,22,9,15.251854,575.0133429544752
1,22,10,54.384685,16.495423101525333
1,22,11,72.19307,324.6794129073232
1,22,12,71.704522,2800.0
1,22,13,79.193006,2800.0
1,22,14,99.13285,2800.0
1,22,15,37.498357000000006,2800.0
1,22,16,101.689076,2800.0
1,22,17,6.688192,2800.0
1,22,18,0.0,2800.0
1,22,19,0.0,2800.0
1,22,20,0.0,2800.0
1,22,21,0.0,2800.0
1,22,22,0.0,2800.0
1,22,23,0.0,2800.0
1,23,0,0.0,2800.0
1,23,1,0.0,2800.0
1,23,2,0.0,2800.0
1,23,3,0.0,2800.0
1,23,4,0.0,2800.0
1,23,5,0.0,2800.0
1,23,6,0.0,2800.0
1,23,7,0.0,2800.0
1,23,8,17.944276000000002,2800.0
1,23,9,14.672315000000001,2800.0
1,23,10,55.352434,2800.0
1,23,11,88.657121,2800.0
1,23,12,103.213132,2800.0
1,23,13,115.65194899999999,2800.0
1,23,14,297.169276,2800.0
1,23,15,58.794163999999995,2800.0
1,23,16,144.639923,2800.0
1,23,17,21.061145,2800.0
1,23,18,0.0,2800.0
1,23,19,0.0,2800.0
1,23,20,0.0,2800.0
1,23,21,0.0,2800.0
1,23,22,0.0,2800.0
1,23,23,0.0,2800.0
1,24,0,0.0,2800.0
1,24,1,0.0,2800.0
1,24,2,0.0,2800.0
1,24,3,0.0,2800.0
1,24,4,0.0,2800.0
1,24,5,0.0,2800.0
1,24,6,0.0,2800.0
1,24,7,0.0,2800.0
1,24,8,26.299145,2800.0
1,24,9,158.588031,2800.0
1,24,10,250.44910099999998,2800.0
1,24,11,310.397889,2800.0
1,24,12,341.419894,2800.0
1,24,13,340.20907,2800.0
1,24,14,308.06382199999996,2800.0
1,24,15,246.628185,2188.134369840437
1,24,16,153.736456,540.5220241907821
1,24,17,25.629705,160.15467383430587
1,24,18,0.0,2800.0
1,24,19,0.0,2800.0
1,24,20,0.0,2800.0
1,24,21,0.0,2800.0
1,24,22,0.0,2800.0
1,24,23,0.0,2800.0
1,25,0,0.0,2800.0
1,25,1,0.0,2800.0
1,25,2,0.0,2800.0
1,25,3,0.0,2800.0
1,25,4,0.0,2800.0
1,25,5,0.0,2800.0
1,25,6,0.0,2800.0
1,25,7,0.0,2800.0
1,25,8,16.019049000000003,2800.0
1,25,9,20.373185000000003,2800.0
1,25,10,78.76018499999999,2800.0
1,25,11,70.896842,2800.0
1,25,12,63.478755,2800.0
1,25,13,106.792803,2800.0
1,25,14,292.60382,2800.0
1,25,15,53.576837,2800.0
1,25,16,131.841226,2800.0
1,25,17,16.060835,2800.0
1,25,18,0.0,2800.0
1,25,19,0.0,2800.0
1,25,20,0.0,2800.0
1,25,21,0.0,2800.0
1,25,22,0.0,2800.0
1,25,23,0.0,2800.0
1,26,0,0.0,2800.0
1,26,1,0.0,2800.0
1,26,2,0.0,2800.0
1,26,3,0.0,2800.0
1,26,4,0.0,2800.0
1,26,5,0.0,2800.0
1,26,6,0.0,2800.0
1,26,7,0.0,2800.0
1,26,8,13.114681000000001,2800.0
1,26,9,124.358528,2800.0
1,26,10,223.82260200000002,2800.0
1,26,11,286.37041800000003,2800.0
1,26,12,320.199388,2800.0
1,26,13,322.742143,2800.0
1,26,14,291.912104,2800.0
1,26,15,231.280177,2800.0
1,26,16,135.380798,2800.0
1,26,17,20.355624,2800.0
1,26,18,0.0,2800.0
1,26,19,0.0,2800.0
1,26,20,0.0,2800.0
1,26,21,0.0,2800.0
1,26,22,0.0,2800.0
1,26,23,0.0,2800.0
1,27,0,0.0,2800.0
1,27,1,0.0,2800.0
1,27,2,0.0,2800.0
1,27,3,0.0,2800.0
1,27,4,0.0,2800.0
1,27,5,0.0,2800.0
1,27,6,0.0,2800.0
1,27,7,0.0,2800.0
1,27,8,30.482449,2800.0
1,27,9,160.10290400000002,2800.0
1,27,10,255.138914,2800.0
1,27,11,315.945014,2800.0
1,27,12,346.823821,2800.0
1,27,13,349.083891,2800.0
1,27,14,320.72349099999997,2800.0
1,27,15,260.449491,2800.0
1,27,16,165.860603,2800.0
1,27,17,36.864579,2800.0
1,27,18,0.0,2800.0
1,27,19,0.0,2800.0
1,27,20,0.0,2800.0
1,27,21,0.0,2800.0
1,27,22,0.0,2800.0
1,27,23,0.0,2800.0
1,28,0,0.0,2800.0
1,28,1,0.0,2800.0
1,28,2,0.0,2800.0
1,28,3,0.0,2800.0
1,28,4,0.0,2800.0
1,28,5,0.0,1640.756359055384
1,28,6,0.0,119.20203674758558
1,28,7,0.0,278.9149998077284
1,28,8,2.499787,2800.0
1,28,9,83.630817,2800.0
1,28,10,136.751952,2800.0
1,28,11,147.253386,2800.0
1,28,12,347.468279,2800.0
1,28,13,345.071297,2800.0
1,28,14,248.714435,2800.0
1,28,15,164.555736,2800.0
1,28,16,50.445308,2800.0
1,28,17,6.752712000000001,2800.0
1,28,18,0.0,2800.0
1,28,19,0.0,2800.0
1,28,20,0.0,2800.0
1,28,21,0.0,2800.0
1,28,22,0.0,2800.0
1,28,23,0.0,2800.0
1,29,0,0.0,2800.0
1,29,1,0.0,2800.0
1,29,2,0.0,2800.0
1,29,3,0.0,2800.0
1,29,4,0.0,2800.0
1,29,5,0.0,2800.0
1,29,6,0.0,2800.0
1,29,7,0.0,2800.0
1,29,8,2.5718539999999996,2800.0
1,29,9,23.731812,2800.0
1,29,10,106.000284,2800.0
1,29,11,20.138946,2800.0
1,29,12,61.277721,2800.0
1,29,13,14.961933,2800.0
1,29,14,21.997716,2800.0
1,29,15,10.866727999999998,2800.0
1,29,16,40.358433,2800.0
1,29,17,5.027164,2800.0
1,29,18,0.0,2800.0
1,29,19,0.0,2800.0
1,29,20,0.0,2800.0
1,29,21,0.0,2800.0
1,29,22,0.0,2800.0
1,29,23,0.0,2800.0
1,30,0,0.0,2800.0
1,30,1,0.0,2800.0
1,30,2,0.0,2800.0
1,30,3,0.0,2800.0
1,30,4,0.0,2800.0
1,30,5,0.0,2800.0
1,30,6,0.0,2800.0
1,30,7,0.0,2800.0
1,30,8,1.7885060000000002,2800.0
1,30,9,35.472733,2800.0
1,30,10,38.387381999999995,2800.0
1,30,11,65.885622,2800.0
1,30,12,90.089439,2800.0
1,30,13,83.86931799999999,2800.0
1,30,14,102.576033,2800.0
1,30,15,50.686349,2800.0
1,30,16,23.320025,2800.0
1,30,17,2.306708,2800.0
1,30,18,0.0,2800.0
1,30,19,0.0,2800.0
1,30,20,0.0,2800.0
1,30,21,0.0,2800.0
1,30,22,0.0,2800.0
1,30,23,0.0,2800.0
1,31,0,0.0,2800.0
1,31,1,0.0,2800.0
1,31,2,0.0,2800.0
1,31,3,0.0,2800.0
1,31,4,0.0,2800.0
1,31,5,0.0,2800.0
1,31,6,0.0,2800.0
1,31,7,0.0,2800.0
1,31,8,39.060232000000006,2800.0
1,31,9,163.55184,2645.8334855800563
1,31,10,256.591449,707.2412654778989
1,31,11,317.102639,1373.4523042863404
1,31,12,349.12998200000004,2800.0
1,31,13,346.59924,2800.0
1,31,14,315.476825,2800.0
1,31,15,253.351323,2800.0
1,31,16,154.898851,2800.0
1,31,17,36.771575,2800.0
1,31,18,0.0,2800.0
1,31,19,0.0,2800.0
1,31,20,0.0,2800.0
1,31,21,0.0,2800.0
1,31,22,0.0,2800.0
1,31,23,0.0,2800.0
2,1,0,0.0,2800.0
2,1,1,0.0,2800.0
2,1,2,0.0,2800.0
2,1,3,0.0,2800.0
2,1,4,0.0,1164.8359102045422
2,1,5,0.0,349.3284625537728
2,1,6,0.0,460.3878697051685
2,1,7,0.0,2800.0
2,1,8,9.340091000000001,2800.0
2,1,9,52.73133,2800.0
2,1,10,144.206946,2800.0
2,1,11,61.995333,2800.0
2,1,12,229.771681,2800.0
2,1,13,300.482756,2800.0
2,1,14,278.09644099999997,2800.0
2,1,15,228.669997,2800.0
2,1,16,148.706101,2800.0
2,1,17,44.16268,2800.0
2,1,18,0.0,2800.0
2,1,19,0.0,2800.0
2,1,20,0.0,2800.0
2,1,21,0.0,2800.0
2,1,22,0.0,2800.0
2,1,23,0.0,2800.0
2,2,0,0.0,2800.0
2,2,1,0.0,2800.0
2,2,2,0.0,2800.0
2,2,3,0.0,2800.0
2,2,4,0.0,2800.0
2,2,5,0.0,2800.0
2,2,6,0.0,2800.0
2,2,7,0.0,2800.0
2,2,8,1.5585740000000001,2800.0
2,2,9,14.026031000000001,2800.0
2,2,10,36.960483999999994,2800.0
2,2,11,0.8979600000000001,2800.0
2,2,12,2.230563,2800.0
2,2,13,42.108629,2800.0
2,2,14,7.483663,2800.0
2,2,15,0.19899,2800.0
2,2,16,117.302438,2800.0
2,2,17,29.064977,2800.0
2,2,18,0.0,2800.0
2,2,19,0.0,2800.0
2,2,20,0.0,2800.0
2,2,21,0.0,2800.0
2,2,22,0.0,2800.0
2,2,23,0.0,2800.0
2,3,0,0.0,2800.0
2,3,1,0.0,2800.0
2,3,2,0.0,2800.0
2,3,3,0.0,2800.0
2,3,4,0.0,2800.0
2,3,5,0.0,2800.0
2,3,6,0.0,2800.0
2,3,7,0.0,2800.0
2,3,8,37.561095,2800.0
2,3,9,141.569171,2800.0
2,3,10,44.925873,2800.0
2,3,11,13.419985,2800.0
2,3,12,19.97682,2800.0
2,3,13,12.694941,2800.0
2,3,14,17.986433,2800.0
2,3,15,10.355184999999999,2800.0
2,3,16,5.2701329999999995,2800.0
2,3,17,-0.0,2800.0
2,3,18,0.0,1570.9465066065366
2,3,19,0.0,152.76411334322614
2,3,20,0.0,362.10752792468406
2,3,21,0.0,2145.5095856044995
2,3,22,0.0,2800.0
2,3,23,0.0,2800.0
2,4,0,0.0,2800.0
2,4,1,0.0,2800.0
2,4,2,0.0,2800.0
2,4,3,0.0,2800.0
2,4,4,0.0,2800.0
2,4,5,0.0,2800.0
2,4,6,0.0,2800.0
2,4,7,0.0,2800.0
2,4,8,22.964735,2800.0
2,4,9,93.17788300000001,2800.0
2,4,10,190.727906,2800.0
2,4,11,217.022332,2800.0
2,4,12,333.123423,2800.0
2,4,13,331.146796,2800.0
2,4,14,305.462936,2800.0
2,4,15,251.73218400000002,2800.0
2,4,16,162.398671,2800.0
2,4,17,50.783179,2800.0
2,4,18,0.0,2800.0
2,4,19,0.0,2800.0
2,4,20,0.0,2800.0
2,4,21,0.0,2800.0
2,4,22,0.0,2800.0
2,4,23,0.0,2800.0
2,5,0,0.0,2800.0
2,5,1,0.0,2800.0
2,5,2,0.0,2800.0
2,5,3,0.0,2800.0
2,5,4,0.0,2800.0
2,5,5,0.0,2800.0
2,5,6,0.0,2800.0
2,5,7,0.0,2800.0
2,5,8,44.484221,2800.0
2,5,9,154.714473,2800.0
2,5,10,76.540128,2800.0
2,5,11,98.180786,2800.0
2,5,12,75.848451,2800.0
2,5,13,72.94829,2800.0
2,5,14,45.001486,2800.0
2,5,15,79.391435,2800.0
2,5,16,42.758915,2800.0
2,5,17,9.321882,2800.0
2,5,18,0.0,2800.0
2,5,19,0.0,2800.0
2,5,20,0.0,2800.0
2,5,21,0.0,2800.0
2,5,22,0.0,2800.0
2,5,23,0.0,2800.0
2,6,0,0.0,2800.0
2,6,1,0.0,2800.0
2,6,2,0.0,2800.0
2,6,3,0.0,2800.0
2,6,4,0.0,2800.0
2,6,5,0.0,2800.0
2,6,6,0.0,2800.0
2,6,7,0.0,2800.0
2,6,8,39.503671000000004,2800.0
2,6,9,147.239118,2800.0
2,6,10,237.908636,2800.0
2,6,11,292.70788,2800.0
2,6,12,320.51124300000004,2800.0
2,6,13,319.66402899999997,2800.0
2,6,14,291.351722,2800.0
2,6,15,236.359571,2800.0
2,6,16,152.94215400000002,2800.0
2,6,17,48.410449,2800.0
2,6,18,0.0,2800.0
2,6,19,0.0,2800.0
2,6,20,0.0,2800.0
2,6,21,0.0,2800.0
2,6,22,0.0,2800.0
2,6,23,0.0,2800.0
2,7,0,0.0,2800.0
2,7,1,0.0,2800.0
2,7,2,0.0,2800.0
2,7,3,0.0,2800.0
2,7,4,0.0,2800.0
2,7,5,0.0,2800.0
2,7,6,0.0,2800.0
2,7,7,0.0,2800.0
2,7,8,37.288559,2800.0
2,7,9,132.39494200000001,2800.0
2,7,10,181.01494200000002,2800.0
2,7,11,199.849278,2800.0
2,7,12,183.176659,2800.0
2,7,13,313.315724,2800.0
2,7,14,229.77081700000002,2800.0
2,7,15,235.50315700000002,2800.0
2,7,16,155.561565,2800.0
2,7,17,50.729241,2800.0
2,7,18,0.0,2800.0
2,7,19,0.0,2800.0
2,7,20,0.0,2800.0
2,7,21,0.0,2800.0
2,7,22,0.0,2800.0
2,7,23,0.0,2800.0
2,8,0,0.0,2800.0
2,8,1,0.0,2800.0
2,8,2,0.0,2800.0
2,8,3,0.0,2800.0
2,8,4,0.0,2409.744269793466
2,8,5,0.0,460.3878697051685
2,8,6,0.0,312.8020973326286
2,8,7,0.0,748.4297260208111
2,8,8,38.807959000000004,2800.0
2,8,9,143.39589999999998,2800.0
2,8,10,21.72389,2800.0
2,8,11,29.135958,2800.0
2,8,12,72.116678,2800.0
2,8,13,74.896682,2800.0
2,8,14,74.845926,2800.0
2,8,15,33.504528,2800.0
2,8,16,19.620397,2800.0
2,8,17,4.695274,2800.0
2,8,18,0.0,2800.0
2,8,19,0.0,2800.0
2,8,20,0.0,2800.0
2,8,21,0.0,2800.0
2,8,22,0.0,2800.0
2,8,23,0.0,2800.0
2,9,0,0.0,2800.0
2,9,1,0.0,2800.0
2,9,2,0.0,2800.0
2,9,3,0.0,2800.0
2,9,4,0.0,2800.0
2,9,5,0.0,2800.0
2,9,6,0.0,2800.0
2,9,7,0.0,2800.0
2,9,8,4.810002000000001,2800.0
2,9,9,22.824696,2800.0
2,9,10,112.964425,2800.0
2,9,11,151.703342,2800.0
2,9,12,197.363747,2800.0
2,9,13,288.646109,2800.0
2,9,14,199.334086,2800.0
2,9,15,223.296775,2800.0
2,9,16,139.37921400000002,2800.0
2,9,17,56.644510000000004,2800.0
2,9,18,0.0,2800.0
2,9,19,0.0,2800.0
2,9,20,0.0,2800.0
2,9,21,0.0,2800.0
2,9,22,0.0,2800.0
2,9,23,0.0,2800.0
2,10,0,0.0,2800.0
2,10,1,0.0,2800.0
2,10,2,0.0,2800.0
2,10,3,0.0,2800.0
2,10,4,0.0,2800.0
2,10,5,0.0,2800.0
2,10,6,0.0,2800.0
2,10,7,0.0,2800.0
2,10,8,62.508563,2800.0
2,10,9,188.177236,2800.0
2,10,10,282.44931,2800.0
2,10,11,188.891117,2800.0
2,10,12,258.96810800000003,2800.0
2,10,13,196.021504,2800.0
2,10,14,178.976064,2800.0
2,10,15,223.491768,2800.0
2,10,16,150.853687,2800.0
2,10,17,52.750828,2800.0
2,10,18,0.0,2800.0
2,10,19,0.0,2800.0
2,10,20,0.0,2800.0
2,10,21,0.0,2800.0
2,10,22,0.0,2800.0
2,10,23,0.0,2800.0
2,11,0,0.0,2800.0
2,11,1,0.0,2800.0
2,11,2,0.0,2800.0
2,11,3,0.0,2800.0
2,11,4,0.0,2800.0
2,11,5,0.0,2800.0
2,11,6,0.0,2364.2786071344885
2,11,7,0.0,2800.0
2,11,8,64.71725,1824.2618316438895
2,11,9,186.391458,2061.927887690667
2,11,10,275.591023,2800.0
2,11,11,330.717574,2800.0
2,11,12,357.34841,2800.0
2,11,13,357.54859000000005,2794.6277004301824
2,11,14,331.636228,2020.963642713616
2,11,15,274.775125,1222.1129067458091
2,11,16,188.032471,2800.0
2,11,17,70.519697,2800.0
2,11,18,0.0,2800.0
2,11,19,0.0,2800.0
2,11,20,0.0,2800.0
2,11,21,0.0,2800.0
2,11,22,0.0,2800.0
2,11,23,0.0,2800.0
2,12,0,0.0,2800.0
2,12,1,0.0,1536.7967041952045
2,12,2,0.0,209.55296754900695
2,12,3,0.0,301.21803372418333
2,12,4,0.0,2020.963642713616
2,12,5,0.0,2800.0
2,12,6,0.0,2800.0
2,12,7,0.0,1640.756359055384
2,12,8,13.817819,0.2095529675490071
2,12,9,53.571595,301.21803372418333
2,12,10,40.283548,362.10752792468406
2,12,11,41.739353,2800.0
2,12,12,145.235896,2800.0
2,12,13,87.86427499999999,2800.0
2,12,14,168.471126,2800.0
2,12,15,69.487482,2800.0
2,12,16,43.94005,2800.0
2,12,17,75.552811,2800.0
2,12,18,0.0,2800.0
2,12,19,0.0,2800.0
2,12,20,0.0,2800.0
2,12,21,0.0,2800.0
2,12,22,0.0,2800.0
2,12,23,0.0,2800.0
2,13,0,0.0,2800.0
2,13,1,0.0,2800.0
2,13,2,0.0,2800.0
2,13,3,0.0,2800.0
2,13,4,0.0,2800.0
2,13,5,0.0,2800.0
2,13,6,0.0,2800.0
2,13,7,0.0,2800.0
2,13,8,72.455162,2800.0
2,13,9,194.88972099999998,2800.0
2,13,10,282.684879,2800.0
2,13,11,279.63177,2800.0
2,13,12,362.5,2800.0
2,13,13,362.5,2800.0
2,13,14,338.226344,2800.0
2,13,15,280.484463,2800.0
2,13,16,194.185019,2800.0
2,13,17,75.721879,2800.0
2,13,18,0.0,2800.0
2,13,19,0.0,2275.070137118247
2,13,20,0.0,905.1368564268978
2,13,21,0.0,2800.0
2,13,22,0.0,2800.0
2,13,23,0.0,2800.0
2,14,0,0.0,2800.0
2,14,1,0.0,2800.0
2,14,2,0.0,2800.0
2,14,3,0.0,2800.0
2,14,4,0.0,2800.0
2,14,5,0.0,2800.0
2,14,6,0.0,2800.0
2,14,7,0.0,2800.0
2,14,8,63.397521,2800.0
2,14,9,77.667806,2800.0
2,14,10,56.533028,2800.0
2,14,11,39.394394,2800.0
2,14,12,64.816973,2800.0
2,14,13,65.401663,2800.0
2,14,14,28.313513999999998,2800.0
2,14,15,24.57034,2800.0
2,14,16,14.496189000000001,2800.0
2,14,17,3.556099,2800.0
2,14,18,0.0,2800.0
2,14,19,0.0,2800.0
2,14,20,0.0,2800.0
2,14,21,0.0,2800.0
2,14,22,0.0,2800.0
2,14,23,0.0,2800.0
2,15,0,0.0,2800.0
2,15,1,0.0,2800.0
2,15,2,0.0,2800.0
2,15,3,0.0,2800.0
2,15,4,0.0,2800.0
2,15,5,0.0,2800.0
2,15,6,0.0,2800.0
2,15,7,0.0,2800.0
2,15,8,48.356612999999996,2800.0
2,15,9,12.424558999999999,2800.0
2,15,10,42.446749000000004,2800.0
2,15,11,60.085074999999996,2800.0
2,15,12,162.137945,2800.0
2,15,13,143.692322,2800.0
2,15,14,177.112693,2800.0
2,15,15,193.98426800000001,2800.0
2,15,16,119.870908,2800.0
2,15,17,42.147301,2800.0
2,15,18,0.0,2800.0
2,15,19,0.0,2800.0
2,15,20,0.0,2800.0
2,15,21,0.0,2800.0
2,15,22,0.0,2800.0
2,15,23,0.0,2800.0
2,16,0,0.0,2800.0
2,16,1,0.0,2800.0
2,16,2,0.0,2800.0
2,16,3,0.0,2800.0
2,16,4,0.0,2800.0
2,16,5,0.0,2800.0
2,16,6,0.0,2800.0
2,16,7,0.0,2800.0
2,16,8,5.257167000000001,2800.0
2,16,9,19.443987,2800.0
2,16,10,101.905311,2800.0
2,16,11,82.23377400000001,237.66666698837332
2,16,12,118.55669,2800.0
2,16,13,136.584462,1281.237390674447
2,16,14,61.513508,2800.0
2,16,15,69.687086,2800.0
2,16,16,43.873793,2800.0
2,16,17,14.829358000000001,2800.0
2,16,18,0.0,2800.0
2,16,19,0.0,2800.0
2,16,20,0.0,2800.0
2,16,21,0.0,2800.0
2,16,22,0.0,2800.0
2,16,23,0.0,2800.0
2,17,0,0.0,2800.0
2,17,1,0.0,2800.0
2,17,2,0.0,2800.0
2,17,3,0.0,2800.0
2,17,4,0.0,2800.0
2,17,5,0.0,2800.0
2,17,6,0.0,2800.0
2,17,7,0.0,2800.0
2,17,8,37.823101,2800.0
2,17,9,110.206544,2800.0
2,17,10,267.30192900000003,2800.0
2,17,11,283.517903,2800.0
2,17,12,275.313443,2800.0
2,17,13,165.10747,2800.0
2,17,14,112.743264,2800.0
2,17,15,134.276912,2800.0
2,17,16,52.013678999999996,2800.0
2,17,17,17.786655,2800.0
2,17,18,0.0,2800.0
2,17,19,0.0,2800.0
2,17,20,0.0,2800.0
2,17,21,0.0,2800.0
2,17,22,0.0,2800.0
2,17,23,0.0,2800.0
2,18,0,0.0,2800.0
2,18,1,0.0,2800.0
2,18,2,0.0,2800.0
2,18,3,0.0,2800.0
2,18,4,0.0,2800.0
2,18,5,0.0,2800.0
2,18,6,0.0,2800.0
2,18,7,0.0,2800.0
2,18,8,36.564405,2800.0
2,18,9,104.64964599999999,2800.0
2,18,10,191.534947,2800.0
2,18,11,278.76493800000003,2800.0
2,18,12,267.59997999999996,2800.0
2,18,13,308.780305,2800.0
2,18,14,315.366726,2800.0
2,18,15,237.028144,2800.0
2,18,16,68.160788,2800.0
2,18,17,23.910485,2800.0
2,18,18,0.0,2800.0
2,18,19,0.0,2800.0
2,18,20,0.0,2800.0
2,18,21,0.0,2800.0
2,18,22,0.0,2800.0
2,18,23,0.0,2800.0
2,19,0,0.0,2800.0
2,19,1,0.0,2800.0
2,19,2,0.0,2800.0
2,19,3,0.0,2800.0
2,19,4,0.0,2800.0
2,19,5,0.0,2800.0
2,19,6,0.0,2800.0
2,19,7,0.0,2800.0
2,19,8,40.039788,2800.0
2,19,9,119.684943,2800.0
2,19,10,114.864137,2800.0
2,19,11,155.52868700000002,2800.0
2,19,12,222.461995,2800.0
2,19,13,228.835293,2800.0
2,19,14,242.040568,2800.0
2,19,15,258.114357,2800.0
2,19,16,182.329787,2800.0
2,19,17,75.04467600000001,2800.0
2,19,18,0.0,2800.0
2,19,19,0.0,2800.0
2,19,20,0.0,2800.0
2,19,21,0.0,2800.0
2,19,22,0.0,2800.0
2,19,23,0.0,2800.0
2,20,0,0.0,2800.0
2,20,1,0.0,2800.0
2,20,2,0.0,2800.0
2,20,3,0.0,2800.0
2,20,4,0.0,2800.0
2,20,5,0.0,2800.0
2,20,6,0.0,2800.0
2,20,7,0.0,2800.0
2,20,8,72.12968099999999,2800.0
2,20,9,179.4642,2800.0
2,20,10,254.347514,2800.0
2,20,11,303.774943,2800.0
2,20,12,329.459774,1901.3333359069868
2,20,13,327.95104,2800.0
2,20,14,302.430443,2800.0
2,20,15,250.871159,2800.0
2,20,16,174.577376,2800.0
2,20,17,72.732596,2800.0
2,20,18,0.0,2800.0
2,20,19,0.0,2800.0
2,20,20,0.0,2800.0
2,20,21,0.0,2800.0
2,20,22,0.0,2800.0
2,20,23,0.0,2800.0
2,21,0,0.0,2800.0
2,21,1,0.0,2800.0
2,21,2,0.0,2800.0
2,21,3,0.0,2800.0
2,21,4,0.0,2800.0
2,21,5,0.0,2800.0
2,21,6,0.0,2800.0
2,21,7,0.0,2800.0
2,21,8,63.015425,2800.0
2,21,9,167.01213099999998,2800.0
2,21,10,245.53348,2800.0
2,21,11,298.345592,2800.0
2,21,12,326.436783,2800.0
2,21,13,259.83769,2800.0
2,21,14,152.36120000000003,2800.0
2,21,15,69.05480800000001,2800.0
2,21,16,85.37700699999999,2364.2786071344885
2,21,17,32.597203,33.523587275070305
2,21,18,0.0,2800.0
2,21,19,0.0,2800.0
2,21,20,0.0,2800.0
2,21,21,0.0,2800.0
2,21,22,0.0,2800.0
2,21,23,0.0,2800.0
2,22,0,0.0,2800.0
2,22,1,0.0,2800.0
2,22,2,0.0,2800.0
2,22,3,0.0,2800.0
2,22,4,0.0,2800.0
2,22,5,0.0,2800.0
2,22,6,0.0,2800.0
2,22,7,0.0,2800.0
2,22,8,72.025477,2800.0
2,22,9,63.279114,2800.0
2,22,10,101.100077,2800.0
2,22,11,147.358682,2800.0
2,22,12,325.09247600000003,2800.0
2,22,13,324.98994500000003,2800.0
2,22,14,161.81124,2800.0
2,22,15,255.71470300000001,2800.0
2,22,16,180.310353,2800.0
2,22,17,77.750605,2800.0
2,22,18,-0.0,2800.0
2,22,19,0.0,2800.0
2,22,20,0.0,2800.0
2,22,21,0.0,2800.0
2,22,22,0.0,2800.0
2,22,23,0.0,2800.0
2,23,0,0.0,2800.0
2,23,1,0.0,2800.0
2,23,2,0.0,2800.0
2,23,3,0.0,2800.0
2,23,4,0.0,2800.0
2,23,5,0.0,2800.0
2,23,6,0.0,2800.0
2,23,7,0.0,2800.0
2,23,8,59.55963,2800.0
2,23,9,151.914106,2800.0
2,23,10,265.474997,2800.0
2,23,11,318.068864,2800.0
2,23,12,341.837765,2800.0
2,23,13,337.872084,2800.0
2,23,14,308.532789,2800.0
2,23,15,253.353332,2800.0
2,23,16,141.73006,2800.0
2,23,17,58.045606,2800.0
2,23,18,-0.0,2800.0
2,23,19,0.0,2800.0
2,23,20,0.0,2800.0
2,23,21,0.0,2800.0
2,23,22,0.0,2800.0
2,23,23,0.0,2800.0
2,24,0,0.0,2800.0
2,24,1,0.0,2800.0
2,24,2,0.0,2800.0
2,24,3,0.0,2800.0
2,24,4,0.0,2800.0
2,24,5,0.0,2800.0
2,24,6,0.0,2800.0
2,24,7,-0.0,2800.0
2,24,8,14.78766,2800.0
2,24,9,40.897156,2800.0
2,24,10,6.84549,2800.0
2,24,11,40.423976,2800.0
2,24,12,32.717487,2800.0
2,24,13,34.022511,2800.0
2,24,14,58.137943,2800.0
2,24,15,6.841810000000001,2800.0
2,24,16,17.566436000000003,2800.0
2,24,17,6.067572,2800.0
2,24,18,-0.0,2800.0
2,24,19,0.0,2800.0
2,24,20,0.0,2800.0
2,24,21,0.0,2800.0
2,24,22,0.0,2800.0
2,24,23,0.0,2800.0
2,25,0,0.0,2800.0
2,25,1,0.0,2800.0
2,25,2,0.0,2800.0
2,25,3,0.0,2800.0
2,25,4,0.0,2800.0
2,25,5,0.0,2800.0
2,25,6,0.0,2800.0
2,25,7,-0.0,2800.0
2,25,8,23.526362000000002,2800.0
2,25,9,64.86788,2800.0
2,25,10,14.727504000000001,2800.0
2,25,11,77.72660099999999,2800.0
2,25,12,48.479873,2800.0
2,25,13,143.121588,2800.0
2,25,14,96.592535,2800.0
2,25,15,94.44313199999999,2800.0
2,25,16,29.752679,2800.0
2,25,17,11.655351000000001,2800.0
2,25,18,-0.0,2800.0
2,25,19,0.0,2800.0
2,25,20,0.0,2800.0
2,25,21,0.0,2800.0
2,25,22,0.0,2800.0
2,25,23,0.0,2800.0
2,26,0,0.0,2800.0
2,26,1,0.0,2800.0
2,26,2,0.0,2800.0
2,26,3,0.0,2800.0
2,26,4,0.0,2800.0
2,26,5,0.0,2800.0
2,26,6,0.0,2800.0
2,26,7,-0.0,2800.0
2,26,8,49.838119,2800.0
2,26,9,119.039316,2800.0
2,26,10,218.788499,2800.0
2,26,11,232.27020000000002,2800.0
2,26,12,362.5,2800.0
2,26,13,274.46027000000004,2800.0
2,26,14,66.75408900000001,1536.7967041952045
2,26,15,96.317175,491.4151496175413
2,26,16,12.551207,200.6998128762587
2,26,17,4.237029000000001,1503.1454301264964
2,26,18,-0.0,2800.0
2,26,19,0.0,2800.0
2,26,20,0.0,2800.0
2,26,21,0.0,2800.0
2,26,22,0.0,2800.0
2,26,23,0.0,2800.0
2,27,0,0.0,2800.0
2,27,1,0.0,2800.0
2,27,2,0.0,2800.0
2,27,3,0.0,2800.0
2,27,4,0.0,2800.0
2,27,5,0.0,2800.0
2,27,6,0.0,2800.0
2,27,7,-0.0,2800.0
2,27,8,85.71397999999999,2800.0
2,27,9,197.58398499999998,2800.0
2,27,10,283.656673,2800.0
2,27,11,339.79769300000004,2800.0
2,27,12,362.5,2800.0
2,27,13,290.039504,2800.0
2,27,14,304.95006800000004,2800.0
2,27,15,235.957693,2800.0
2,27,16,195.065775,2800.0
2,27,17,85.177339,2800.0
2,27,18,-0.0,2800.0
2,27,19,0.0,2800.0
2,27,20,0.0,2800.0
2,27,21,0.0,2800.0
2,27,22,0.0,2800.0
2,27,23,0.0,2800.0
2,28,0,0.0,2800.0
2,28,1,0.0,2800.0
2,28,2,0.0,2800.0
2,28,3,0.0,2800.0
2,28,4,0.0,2800.0
2,28,5,0.0,2800.0
2,28,6,0.0,2800.0
2,28,7,-0.0,2800.0
2,28,8,81.981879,2800.0
2,28,9,136.654811,2800.0
2,28,10,219.62177,2800.0
2,28,11,267.71294900000004,2800.0
2,28,12,341.116821,1136.8810555802274
2,28,13,337.596401,2145.5095856044995
2,28,14,306.035426,2800.0
2,28,15,220.733237,2800.0
2,28,16,111.687636,2800.0
2,28,17,40.570849,2800.0
2,28,18,-0.0,2800.0
2,28,19,0.0,2800.0
2,28,20,0.0,2800.0
2,28,21,0.0,2800.0
2,28,22,0.0,2800.0
2,28,23,0.0,2800.0
3,1,0,0.0,2800.0
3,1,1,0.0,2800.0
3,1,2,0.0,2800.0
3,1,3,0.0,2800.0
3,1,4,0.0,2800.0
3,1,5,0.0,2800.0
3,1,6,0.0,2800.0
3,1,7,-0.0,2800.0
3,1,8,91.500654,2800.0
3,1,9,200.077686,2800.0
3,1,10,278.08263400000004,2800.0
3,1,11,331.660192,2800.0
3,1,12,356.78902,2800.0
3,1,13,348.904028,2800.0
3,1,14,320.265776,2800.0
3,1,15,267.327177,2800.0
3,1,16,192.434137,2800.0
3,1,17,83.210968,2800.0
3,1,18,-0.0,2800.0
3,1,19,0.0,2800.0
3,1,20,0.0,2800.0
3,1,21,0.0,2800.0
3,1,22,0.0,2800.0
3,1,23,0.0,2800.0
3,2,0,0.0,2800.0
3,2,1,0.0,2800.0
3,2,2,0.0,2800.0
3,2,3,0.0,2800.0
3,2,4,0.0,2800.0
3,2,5,0.0,2800.0
3,2,6,0.0,2800.0
3,2,7,-0.0,2800.0
3,2,8,49.057349,2800.0
3,2,9,205.951583,2800.0
3,2,10,283.60586700000005,2800.0
3,2,11,335.619752,2800.0
3,2,12,361.423943,2800.0
3,2,13,356.452816,2800.0
3,2,14,328.75532400000003,2800.0
3,2,15,273.36683500000004,2800.0
3,2,16,201.233201,2800.0
3,2,17,94.528049,2800.0
3,2,18,2.064447,2800.0
3,2,19,0.0,2800.0
3,2,20,0.0,2800.0
3,2,21,0.0,2800.0
3,2,22,0.0,2800.0
3,2,23,0.0,2800.0
3,3,0,0.0,2800.0
3,3,1,0.0,2800.0
3,3,2,0.0,2800.0
3,3,3,0.0,2800.0
3,3,4,0.0,2800.0
3,3,5,0.0,2800.0
3,3,6,0.0,2800.0
3,3,7,0.612829,2800.0
3,3,8,73.15230899999999,2800.0
3,3,9,143.706065,2800.0
3,3,10,219.68728099999998,2800.0
3,3,11,263.389452,2800.0
3,3,12,267.657945,2800.0
3,3,13,276.63030699999996,2800.0
3,3,14,228.759842,2800.0
3,3,15,239.531204,2800.0
3,3,16,188.04608199999998,2800.0
3,3,17,41.096877,2800.0
3,3,18,-0.0,2800.0
3,3,19,0.0,2800.0
3,3,20,0.0,2800.0
3,3,21,0.0,2800.0
3,3,22,0.0,2800.0
3,3,23,0.0,2800.0
3,4,0,0.0,2800.0
3,4,1,0.0,2800.0
3,4,2,0.0,2800.0
3,4,3,0.0,2800.0
3,4,4,0.0,2800.0
3,4,5,0.0,2800.0
3,4,6,0.0,2800.0
3,4,7,-0.0,2800.0
3,4,8,32.242148,2800.0
3,4,9,22.473335,2800.0
3,4,10,61.38218,2800.0
3,4,11,114.124774,2800.0
3,4,12,175.79313399999998,2800.0
3,4,13,81.290268,2800.0
3,4,14,43.266791,2800.0
3,4,15,105.460375,2800.0
3,4,16,3.1993009999999997,2800.0
3,4,17,13.086879999999999,2800.0
3,4,18,-0.0,2800.0
3,4,19,0.0,2800.0
3,4,20,0.0,2800.0
3,4,21,0.0,2800.0
3,4,22,0.0,2800.0
3,4,23,0.0,2800.0
3,5,0,0.0,2800.0
3,5,1,0.0,2800.0
3,5,2,0.0,2800.0
3,5,3,0.0,2800.0
3,5,4,0.0,2800.0
3,5,5,0.0,2800.0
3,5,6,0.0,2800.0
3,5,7,-0.0,2800.0
3,5,8,3.776461,2800.0
3,5,9,12.579517,2800.0
3,5,10,27.992021,2800.0
3,5,11,71.770105,2800.0
3,5,12,60.257996,2800.0
3,5,13,25.101218,2800.0
3,5,14,58.048536,2800.0
3,5,15,31.143679,2800.0
3,5,16,26.644418,2800.0
3,5,17,7.840714,2800.0
3,5,18,-0.0,2800.0
3,5,19,0.0,2800.0
3,5,20,0.0,2800.0
3,5,21,0.0,2800.0
3,5,22,0.0,2800.0
3,5,23,0.0,2800.0
3,6,0,0.0,2800.0
3,6,1,0.0,2800.0
3,6,2,0.0,2800.0
3,6,3,0.0,2800.0
3,6,4,0.0,2800.0
3,6,5,0.0,2800.0
3,6,6,0.0,2800.0
3,6,7,3.529806,2800.0
3,6,8,24.574711,2800.0
3,6,9,36.261599000000004,2800.0
3,6,10,64.122967,2800.0
3,6,11,143.06564300000002,2800.0
3,6,12,172.418999,2800.0
3,6,13,204.227984,2800.0
3,6,14,238.52454500000002,2800.0
3,6,15,180.18151699999999,2800.0
3,6,16,94.375062,2800.0
3,6,17,17.104616,2800.0
3,6,18,-0.0,2800.0
3,6,19,0.0,2800.0
3,6,20,0.0,2800.0
3,6,21,0.0,2800.0
3,6,22,0.0,2800.0
3,6,23,0.0,2800.0
3,7,0,0.0,2800.0
3,7,1,0.0,2800.0
3,7,2,0.0,2800.0
3,7,3,0.0,2800.0
3,7,4,0.0,2800.0
3,7,5,0.0,2800.0
3,7,6,0.0,2800.0
3,7,7,5.772923,2800.0
3,7,8,19.563934,2800.0
3,7,9,38.404008000000005,2800.0
3,7,10,55.294314,2800.0
3,7,11,125.298051,2800.0
3,7,12,164.94132000000002,2800.0
3,7,13,280.237941,2800.0
3,7,14,245.118432,2800.0
3,7,15,135.949125,2800.0
3,7,16,117.83797100000001,2800.0
3,7,17,33.512221,2800.0
3,7,18,0.057841000000000004,2800.0
3,7,19,0.0,2800.0
3,7,20,0.0,2800.0
3,7,21,0.0,2800.0
3,7,22,0.0,2800.0
3,7,23,0.0,2800.0
3,8,0,0.0,2800.0
3,8,1,0.0,2800.0
3,8,2,0.0,2800.0
3,8,3,0.0,2800.0
3,8,4,0.0,2800.0
3,8,5,0.0,2800.0
3,8,6,0.0,2800.0
3,8,7,-0.0,2800.0
3,8,8,53.189904999999996,2800.0
3,8,9,186.42822700000002,2800.0
3,8,10,237.56049900000002,2800.0
3,8,11,264.135087,2800.0
3,8,12,192.001665,2800.0
3,8,13,137.067705,2800.0
3,8,14,139.90159500000001,2800.0
3,8,15,48.284400999999995,2800.0
3,8,16,63.844184999999996,2800.0
3,8,17,24.174839,2800.0
3,8,18,-0.0,2800.0
3,8,19,0.0,2800.0
3,8,20,0.0,2800.0
3,8,21,0.0,2800.0
3,8,22,0.0,2800.0
3,8,23,0.0,2800.0
3,9,0,0.0,2800.0
3,9,1,0.0,2800.0
3,9,2,0.0,2800.0
3,9,3,0.0,2800.0
3,9,4,0.0,2800.0
3,9,5,0.0,2800.0
3,9,6,0.0,2800.0
3,9,7,-0.0,2800.0
3,9,8,16.622357,2800.0
3,9,9,70.16743799999999,2800.0
3,9,10,33.768483999999994,2800.0
3,9,11,58.544633000000005,2800.0
3,9,12,60.695677,2800.0
3,9,13,124.56692699999999,2800.0
3,9,14,78.011444,2800.0
3,9,15,250.71970000000002,2800.0
3,9,16,175.100134,2800.0
3,9,17,81.66467999999999,2800.0
3,9,18,2.837143,2800.0
3,9,19,0.0,2800.0
3,9,20,0.0,2800.0
3,9,21,0.0,2800.0
3,9,22,0.0,2800.0
3,9,23,0.0,2800.0
3,10,0,0.0,2800.0
3,10,1,0.0,2800.0
3,10,2,0.0,2455.7891050857875
3,10,3,0.0,257.74098596133337
3,10,4,0.0,2800.0
3,10,5,0.0,2800.0
3,10,6,0.0,2800.0
3,10,7,-0.0,2800.0
3,10,8,2.75744,2800.0
3,10,9,11.869264999999999,2800.0
3,10,10,16.845575,2800.0
3,10,11,38.846692000000004,2800.0
3,10,12,75.120396,2800.0
3,10,13,37.802612,2800.0
3,10,14,38.336637,2800.0
3,10,15,22.346387,2800.0
3,10,16,19.288054,2800.0
3,10,17,7.452049,2800.0
3,10,18,2.938904,2800.0
3,10,19,0.0,2800.0
3,10,20,0.0,2800.0
3,10,21,0.0,2800.0
3,10,22,0.0,2800.0
3,10,23,0.0,2800.0
3,11,0,0.0,2800.0
3,11,1,0.0,2800.0
3,11,2,0.0,2800.0
3,11,3,0.0,2800.0
3,11,4,0.0,2800.0
3,11,5,0.0,2800.0
3,11,6,0.0,2800.0
3,11,7,9.983319,2800.0
3,11,8,115.824795,2800.0
3,11,9,224.116601,2800.0
3,11,10,299.765409,2800.0
3,11,11,348.51967099999996,2800.0
3,11,12,362.5,2800.0
3,11,13,362.5,2800.0
3,11,14,335.779963,2800.0
3,11,15,277.30435,2800.0
3,11,16,161.33222899999998,2800.0
3,11,17,84.650541,2800.0
3,11,18,3.6081930000000004,2800.0
3,11,19,0.0,2800.0
3,11,20,0.0,2800.0
3,11,21,0.0,2800.0
3,11,22,0.0,2800.0
3,11,23,0.0,2800.0
3,12,0,0.0,2800.0
3,12,1,0.0,2800.0
3,12,2,0.0,2800.0
3,12,3,0.0,2800.0
3,12,4,0.0,2800.0
3,12,5,0.0,2800.0
3,12,6,0.0,2800.0
3,12,7,12.049511,2800.0
3,12,8,113.575545,2800.0
3,12,9,218.327416,2800.0
3,12,10,144.528641,2800.0
3,12,11,136.48329999999999,648.3361095823518
3,12,12,147.897754,2800.0
3,12,13,146.551459,2800.0
3,12,14,339.50016700000003,2800.0
3,12,15,195.597646,2800.0
3,12,16,131.274053,2800.0
3,12,17,41.044945,2800.0
3,12,18,6.003698999999999,2800.0
3,12,19,0.0,2800.0
3,12,20,0.0,2800.0
3,12,21,0.0,2800.0
3,12,22,0.0,2800.0
3,12,23,0.0,2800.0
3,13,0,0.0,2800.0
3,13,1,0.0,2800.0
3,13,2,0.0,2800.0
3,13,3,0.0,2800.0
3,13,4,0.0,2800.0
3,13,5,0.0,2800.0
3,13,6,0.0,2800.0
3,13,7,1.721337,2800.0
3,13,8,19.206474999999998,2800.0
3,13,9,49.533732,2800.0
3,13,10,119.735167,2800.0
3,13,11,142.724688,2800.0
3,13,12,188.872266,2800.0
3,13,13,239.108093,2800.0
3,13,14,217.711234,2800.0
3,13,15,269.890745,2800.0
3,13,16,113.766917,2800.0
3,13,17,78.154104,2800.0
3,13,18,3.930645,2800.0
3,13,19,0.0,2800.0
3,13,20,0.0,2800.0
3,13,21,0.0,2800.0
3,13,22,0.0,2800.0
3,13,23,0.0,2800.0
3,14,0,0.0,2800.0
3,14,1,0.0,2800.0
3,14,2,0.0,2800.0
3,14,3,0.0,2800.0
3,14,4,0.0,2800.0
3,14,5,0.0,2800.0
3,14,6,0.0,2800.0
3,14,7,5.353587,2800.0
3,14,8,58.179843,2800.0
3,14,9,116.920606,2800.0
3,14,10,186.483708,2800.0
3,14,11,222.051256,2800.0
3,14,12,220.530643,2800.0
3,14,13,237.20603,2800.0
3,14,14,232.14441399999998,2800.0
3,14,15,150.1766,2800.0
3,14,16,115.607062,2800.0
3,14,17,76.244969,2800.0
3,14,18,5.164991,2800.0
3,14,19,0.0,2800.0
3,14,20,0.0,2800.0
3,14,21,0.0,2800.0
3,14,22,0.0,2597.435303258585
3,14,23,0.0,1437.3238044186396
3,15,0,0.0,1003.7965929387176
3,15,1,0.0,1109.377075854021
3,15,2,0.0,2103.4419801044355
3,15,3,0.0,2800.0
3,15,4,0.0,2800.0
3,15,5,0.0,2800.0
3,15,6,0.0,2800.0
3,15,7,-0.0,2800.0
3,15,8,21.473485,2800.0
3,15,9,11.090557,2800.0
3,15,10,135.73229199999997,2800.0
3,15,11,85.759955,2800.0
3,15,12,53.816158,2800.0
3,15,13,58.310389,2800.0
3,15,14,30.446013999999998,2800.0
3,15,15,11.420738,2800.0
3,15,16,17.840661,2800.0
3,15,17,1.972445,2800.0
3,15,18,4.751092,2800.0
3,15,19,0.0,2800.0
3,15,20,0.0,2800.0
3,15,21,0.0,2800.0
3,15,22,0.0,2800.0
3,15,23,0.0,2800.0
3,16,0,0.0,2800.0
3,16,1,0.0,2800.0
3,16,2,0.0,2800.0
3,16,3,0.0,2800.0
3,16,4,0.0,2800.0
3,16,5,0.0,2800.0
3,16,6,0.0,2800.0
3,16,7,18.207587,2800.0
3,16,8,114.494447,2800.0
3,16,9,214.225793,2800.0
3,16,10,281.89244,2800.0
3,16,11,331.308478,2800.0
3,16,12,354.988733,2800.0
3,16,13,350.128085,2800.0
3,16,14,320.964938,2800.0
3,16,15,212.181479,2800.0
3,16,16,193.199133,2800.0
3,16,17,32.366056,2800.0
3,16,18,2.342479,2800.0
3,16,19,0.0,2800.0
3,16,20,0.0,2800.0
3,16,21,0.0,2800.0
3,16,22,0.0,2800.0
3,16,23,0.0,2800.0
3,17,0,0.0,2800.0
3,17,1,0.0,2800.0
3,17,2,0.0,2800.0
3,17,3,0.0,2800.0
3,17,4,0.0,2800.0
3,17,5,0.0,2800.0
3,17,6,0.0,2800.0
3,17,7,17.831048,2800.0
3,17,8,75.48122599999999,2800.0
3,17,9,127.702488,2800.0
3,17,10,205.568209,2800.0
3,17,11,274.68095,2800.0
3,17,12,301.23040399999996,2800.0
3,17,13,281.289028,2800.0
3,17,14,250.890742,2800.0
3,17,15,185.05739300000002,2800.0
3,17,16,123.411046,2800.0
3,17,17,70.970564,2800.0
3,17,18,5.931987,2800.0
3,17,19,0.0,2800.0
3,17,20,0.0,2800.0
3,17,21,0.0,2800.0
3,17,22,0.0,2800.0
3,17,23,0.0,2800.0
3,18,0,0.0,2800.0
3,18,1,0.0,2800.0
3,18,2,0.0,2800.0
3,18,3,0.0,2800.0
3,18,4,0.0,2800.0
3,18,5,0.0,2800.0
3,18,6,0.0,2800.0
3,18,7,11.942852,2800.0
3,18,8,71.823053,2800.0
3,18,9,187.128219,2800.0
3,18,10,187.785435,2800.0
3,18,11,33.459834,2800.0
3,18,12,28.23763,2800.0
3,18,13,122.772417,2800.0
3,18,14,31.342209,2800.0
3,18,15,190.283911,2800.0
3,18,16,84.831102,2800.0
3,18,17,93.685089,2800.0
3,18,18,10.935289000000001,2800.0
3,18,19,0.0,2800.0
3,18,20,0.0,2800.0
3,18,21,0.0,2800.0
3,18,22,0.0,2800.0
3,18,23,0.0,2800.0
3,19,0,0.0,2800.0
3,19,1,0.0,2800.0
3,19,2,0.0,2800.0
3,19,3,0.0,2800.0
3,19,4,0.0,2800.0
3,19,5,0.0,2800.0
3,19,6,0.0,2800.0
3,19,7,23.526173999999997,2800.0
3,19,8,123.4252,2800.0
3,19,9,222.82018,2800.0
3,19,10,258.321696,2800.0
3,19,11,338.49210800000003,2800.0
3,19,12,360.84442099999995,2800.0
3,19,13,358.202651,2800.0
3,19,14,331.79981300000003,2800.0
3,19,15,268.91292200000004,2800.0
3,19,16,152.378345,2800.0
3,19,17,62.376484,2800.0
3,19,18,7.702332,2800.0
3,19,19,0.0,2800.0
3,19,20,0.0,2800.0
3,19,21,0.0,2800.0
3,19,22,0.0,2800.0
3,19,23,0.0,2800.0
3,20,0,0.0,2800.0
3,20,1,0.0,2800.0
3,20,2,0.0,2800.0
3,20,3,0.0,2800.0
3,20,4,0.0,2800.0
3,20,5,0.0,2800.0
3,20,6,0.0,2800.0
3,20,7,5.22963,2800.0
3,20,8,28.384721000000003,2800.0
3,20,9,25.910439,2800.0
3,20,10,213.886755,2800.0
3,20,11,129.38086,2800.0
3,20,12,129.38577899999999,2800.0
3,20,13,173.978954,2800.0
3,20,14,168.881913,2800.0
3,20,15,149.174047,2800.0
3,20,16,103.952799,2800.0
3,20,17,82.43638899999999,2800.0
3,20,18,9.077689,2800.0
3,20,19,0.0,2800.0
3,20,20,0.0,2800.0
3,20,21,0.0,2800.0
3,20,22,0.0,2800.0
3,20,23,0.0,2800.0
3,21,0,0.0,2800.0
3,21,1,0.0,2800.0
3,21,2,0.0,2800.0
3,21,3,0.0,2800.0
3,21,4,0.0,2800.0
3,21,5,0.0,2800.0
3,21,6,0.0,2800.0
3,21,7,10.46591,2800.0
3,21,8,32.914625,2800.0
3,21,9,104.21159,2800.0
3,21,10,174.17678400000003,2800.0
3,21,11,249.063722,2800.0
3,21,12,318.765305,2800.0
3,21,13,268.683948,2800.0
3,21,14,244.220423,2800.0
3,21,15,155.480352,2800.0
3,21,16,142.938539,2800.0
3,21,17,79.465823,2800.0
3,21,18,9.883398,2800.0
3,21,19,0.0,2800.0
3,21,20,0.0,2800.0
3,21,21,0.0,2800.0
3,21,22,0.0,2800.0
3,21,23,0.0,2800.0
3,22,0,0.0,2800.0
3,22,1,0.0,2800.0
3,22,2,0.0,2800.0
3,22,3,0.0,2800.0
3,22,4,0.0,2800.0
3,22,5,0.0,2800.0
3,22,6,0.0,2800.0
3,22,7,7.986805,2800.0
3,22,8,64.385379,2800.0
3,22,9,161.14484099999999,2800.0
3,22,10,177.03649900000002,2800.0
3,22,11,136.284245,2800.0
3,22,12,147.04269399999998,2800.0
3,22,13,229.98664300000002,2800.0
3,22,14,249.40403400000002,2800.0
3,22,15,148.395492,2800.0
3,22,16,29.782071,2800.0
3,22,17,30.497957999999997,2800.0
3,22,18,1.162876,2800.0
3,22,19,0.0,2800.0
3,22,20,0.0,2800.0
3,22,21,0.0,2800.0
3,22,22,0.0,2800.0
3,22,23,0.0,2800.0
3,23,0,0.0,2800.0
3,23,1,0.0,2800.0
3,23,2,0.0,2800.0
3,23,3,0.0,2800.0
3,23,4,0.0,2800.0
3,23,5,0.0,2800.0
3,23,6,0.0,2800.0
3,23,7,18.447112,2800.0
3,23,8,105.890875,2800.0
3,23,9,204.99174,2800.0
3,23,10,121.466381,2800.0
3,23,11,263.217779,2800.0
3,23,12,359.24825699999997,2800.0
3,23,13,355.63471999999996,2800.0
3,23,14,328.741294,2800.0
3,23,15,223.479386,2800.0
3,23,16,174.401692,2800.0
3,23,17,53.980174,2800.0
3,23,18,8.167564,2800.0
3,23,19,0.0,2800.0
3,23,20,0.0,2800.0
3,23,21,0.0,2800.0
3,23,22,0.0,507.4383148650858
3,23,23,0.0,2800.0
3,24,0,0.0,2800.0
3,24,1,0.0,2800.0
3,24,2,0.0,2800.0
3,24,3,0.0,2800.0
3,24,4,0.0,2800.0
3,24,5,0.0,2800.0
3,24,6,0.0,2800.0
3,24,7,-0.0,2800.0
3,24,8,13.485135,2800.0
3,24,9,48.392178,2800.0
3,24,10,56.897073,2800.0
3,24,11,125.562851,2800.0
3,24,12,188.199706,2800.0
3,24,13,362.5,2800.0
3,24,14,347.953282,2800.0
3,24,15,119.649753,2800.0
3,24,16,90.372759,2800.0
3,24,17,38.21729,2800.0
3,24,18,10.823566999999999,2800.0
3,24,19,0.0,2800.0
3,24,20,0.0,2800.0
3,24,21,0.0,2800.0
3,24,22,0.0,2800.0
3,24,23,0.0,2800.0
3,25,0,0.0,2800.0
3,25,1,0.0,2800.0
3,25,2,0.0,2800.0
3,25,3,0.0,107.29111938509163
3,25,4,0.0,2409.744269793466
3,25,5,0.0,2800.0
3,25,6,0.0,2800.0
3,25,7,2.321542,2800.0
3,25,8,28.051693,2800.0
3,25,9,85.55144899999999,2800.0
3,25,10,205.220605,2800.0
3,25,11,192.429597,2800.0
3,25,12,362.5,2800.0
3,25,13,362.5,2800.0
3,25,14,337.634278,2800.0
3,25,15,286.646679,2800.0
3,25,16,211.43449600000002,2800.0
3,25,17,39.193006000000004,2800.0
3,25,18,9.504742,2800.0
3,25,19,0.0,2800.0
3,25,20,0.0,2800.0
3,25,21,0.0,2800.0
3,25,22,0.0,2800.0
3,25,23,0.0,2800.0
3,26,0,0.0,2800.0
3,26,1,0.0,2800.0
3,26,2,0.0,2800.0
3,26,3,0.0,2800.0
3,26,4,0.0,2800.0
3,26,5,0.0,2800.0
3,26,6,0.0,2800.0
3,26,7,34.489133,2800.0
3,26,8,138.13684,2800.0
3,26,9,234.644126,2800.0
3,26,10,279.48412,2800.0
3,26,11,290.66443,2800.0
3,26,12,279.059467,2800.0
3,26,13,297.010219,2800.0
3,26,14,210.890138,2800.0
3,26,15,150.79587899999999,2800.0
3,26,16,82.741586,2800.0
3,26,17,45.289195,2800.0
3,26,18,5.219051,2800.0
3,26,19,0.0,2800.0
3,26,20,0.0,2800.0
3,26,21,0.0,2800.0
3,26,22,0.0,2800.0
3,26,23,0.0,2800.0
3,27,0,0.0,2800.0
3,27,1,0.0,2800.0
3,27,2,0.0,2800.0
3,27,3,0.0,2800.0
3,27,4,0.0,2800.0
3,27,5,0.0,2800.0
3,27,6,0.0,2800.0
3,27,7,39.213954,2800.0
3,27,8,150.122963,2800.0
3,27,9,252.321307,2800.0
3,27,10,325.632475,2800.0
3,27,11,362.5,2800.0
3,27,12,362.5,2800.0
3,27,13,353.827017,2800.0
3,27,14,353.126979,2800.0
3,27,15,296.03159600000004,2800.0
3,27,16,212.108704,2800.0
3,27,17,100.640999,2800.0
3,27,18,14.026228999999999,2800.0
3,27,19,0.0,2800.0
3,27,20,0.0,2800.0
3,27,21,0.0,2800.0
3,27,22,0.0,2800.0
3,27,23,0.0,2800.0
3,28,0,0.0,2800.0
3,28,1,0.0,2800.0
3,28,2,0.0,2800.0
3,28,3,0.0,2800.0
3,28,4,0.0,2800.0
3,28,5,0.0,2800.0
3,28,6,0.0,2800.0
3,28,7,40.044484,2800.0
3,28,8,102.710377,2800.0
3,28,9,224.99729399999998,2800.0
3,28,10,314.21220400000004,2800.0
3,28,11,357.864373,2800.0
3,28,12,362.5,2800.0
3,28,13,362.5,2800.0
3,28,14,348.140441,2800.0
3,28,15,297.44820899999996,2800.0
3,28,16,217.27112400000001,2800.0
3,28,17,120.060167,2800.0
3,28,18,20.941671,2800.0
3,28,19,0.0,2800.0
3,28,20,0.0,2800.0
3,28,21,0.0,2800.0
3,28,22,0.0,2800.0
3,28,23,0.0,2800.0
3,29,0,0.0,2800.0
3,29,1,0.0,2800.0
3,29,2,0.0,2800.0
3,29,3,0.0,2800.0
3,29,4,0.0,2800.0
3,29,5,0.0,2800.0
3,29,6,0.0,2800.0
3,29,7,-0.0,2800.0
3,29,8,14.893101,2800.0
3,29,9,73.46808800000001,2800.0
3,29,10,212.23884700000002,2800.0
3,29,11,197.666608,2800.0
3,29,12,362.5,2800.0
3,29,13,353.453056,2800.0
3,29,14,303.449886,2800.0
3,29,15,200.689775,2800.0
3,29,16,116.57877,2800.0
3,29,17,80.92333599999999,2800.0
3,29,18,13.163876,2800.0
3,29,19,0.0,2800.0
3,29,20,0.0,2800.0
3,29,21,0.0,2800.0
3,29,22,0.0,2800.0
3,29,23,0.0,2800.0
3,30,0,0.0,2800.0
3,30,1,0.0,2800.0
3,30,2,0.0,2800.0
3,30,3,0.0,2800.0
3,30,4,0.0,2800.0
3,30,5,0.0,2800.0
3,30,6,0.0,2800.0
3,30,7,1.630114,2800.0
3,30,8,61.487746,2800.0
3,30,9,171.22825899999998,2800.0
3,30,10,306.893805,2800.0
3,30,11,354.761571,2800.0
3,30,12,362.5,2800.0
3,30,13,362.5,2800.0
3,30,14,345.20673999999997,2800.0
3,30,15,291.254637,2800.0
3,30,16,216.830287,2800.0
3,30,17,116.653281,2800.0
3,30,18,21.482193,2800.0
3,30,19,0.0,2800.0
3,30,20,0.0,2800.0
3,30,21,0.0,2800.0
3,30,22,0.0,2800.0
3,30,23,0.0,2800.0
3,31,0,0.0,2800.0
3,31,1,0.0,2800.0
3,31,2,0.0,2800.0
3,31,3,0.0,2800.0
3,31,4,0.0,2800.0
3,31,5,0.0,2800.0
3,31,6,0.0,2800.0
3,31,7,38.041197999999994,2800.0
3,31,8,126.768944,2800.0
3,31,9,208.465216,2800.0
3,31,10,274.305037,2800.0
3,31,11,301.410982,2800.0
3,31,12,298.310693,2800.0
3,31,13,302.136817,2800.0
3,31,14,282.876905,2800.0
3,31,15,205.397349,2800.0
3,31,16,178.44115299999999,2800.0
3,31,17,75.33427499999999,2800.0
3,31,18,21.964697,2800.0
3,31,19,0.0,2800.0
3,31,20,0.0,2800.0
3,31,21,0.0,2800.0
3,31,22,0.0,2800.0
3,31,23,0.0,2800.0
4,1,0,0.0,2800.0
4,1,1,0.0,2800.0
4,1,2,0.0,2800.0
4,1,3,0.0,2800.0
4,1,4,0.0,2800.0
4,1,5,0.0,2800.0
4,1,6,0.0,2800.0
4,1,7,20.149412,2800.0
4,1,8,91.859206,2800.0
4,1,9,56.957317,2800.0
4,1,10,250.09464000000003,2800.0
4,1,11,219.362423,2800.0
4,1,12,253.52170900000002,2800.0
4,1,13,246.298172,2800.0
4,1,14,225.624783,2800.0
4,1,15,189.29459599999998,2800.0
4,1,16,203.111324,2800.0
4,1,17,109.406775,2800.0
4,1,18,20.408361,2800.0
4,1,19,0.0,2800.0
4,1,20,0.0,2800.0
4,1,21,0.0,2800.0
4,1,22,0.0,2800.0
4,1,23,0.0,2800.0
4,2,0,0.0,2800.0
4,2,1,0.0,2502.4167786610287
4,2,2,0.0,1136.8810555802274
4,2,3,0.0,1712.6043126696648
4,2,4,0.0,2800.0
4,2,5,0.0,2800.0
4,2,6,-0.0,2800.0
4,2,7,43.411042,2800.0
4,2,8,142.56079300000002,2800.0
4,2,9,231.325841,2800.0
4,2,10,291.641764,2800.0
4,2,11,336.520241,2800.0
4,2,12,354.775548,2800.0
4,2,13,350.040437,2800.0
4,2,14,323.019447,2800.0
4,2,15,271.13955599999997,2800.0
4,2,16,200.30875899999998,2800.0
4,2,17,108.16028999999999,2800.0
4,2,18,21.179681000000002,2800.0
4,2,19,0.0,2800.0
4,2,20,0.0,2800.0
4,2,21,0.0,2800.0
4,2,22,0.0,2800.0
4,2,23,0.0,2800.0
4,3,0,0.0,2800.0
4,3,1,0.0,2800.0
4,3,2,0.0,2800.0
4,3,3,0.0,2800.0
4,3,4,0.0,2800.0
4,3,5,0.0,2800.0
4,3,6,-0.0,2800.0
4,3,7,10.655014999999999,2800.0
4,3,8,82.97130100000001,2800.0
4,3,9,193.847644,2800.0
4,3,10,282.093244,2800.0
4,3,11,323.331908,2800.0
4,3,12,340.975779,2800.0
4,3,13,331.87059899999997,2800.0
4,3,14,306.459602,2800.0
4,3,15,258.816277,2800.0
4,3,16,188.255242,2800.0
4,3,17,79.477323,2800.0
4,3,18,5.82075,2800.0
4,3,19,0.0,2800.0
4,3,20,0.0,2800.0
4,3,21,0.0,2800.0
4,3,22,0.0,2800.0
4,3,23,0.0,2800.0
4,4,0,0.0,2800.0
4,4,1,0.0,2800.0
4,4,2,0.0,2800.0
4,4,3,0.0,2800.0
4,4,4,0.0,2800.0
4,4,5,0.0,1862.5318241810248
4,4,6,-0.0,2020.963642713616
4,4,7,11.704236000000002,2800.0
4,4,8,32.952962,2800.0
4,4,9,25.164960999999998,2800.0
4,4,10,36.777637000000006,2800.0
4,4,11,94.827674,2800.0
4,4,12,61.488654000000004,2800.0
4,4,13,14.525951,2800.0
4,4,14,32.96274,2800.0
4,4,15,26.510671,2800.0
4,4,16,54.994437,2800.0
4,4,17,34.684653,2800.0
4,4,18,10.272802,2800.0
4,4,19,0.0,2800.0
4,4,20,0.0,2800.0
4,4,21,0.0,2800.0
4,4,22,0.0,2800.0
4,4,23,0.0,2800.0
4,5,0,0.0,2800.0
4,5,1,0.0,2800.0
4,5,2,0.0,2800.0
4,5,3,0.0,2800.0
4,5,4,0.0,2800.0
4,5,5,0.0,2800.0
4,5,6,-0.0,2800.0
4,5,7,0.608226,2800.0
4,5,8,14.958787000000001,2800.0
4,5,9,35.194753,2800.0
4,5,10,71.735506,2800.0
4,5,11,101.46981299999999,2800.0
4,5,12,99.92175599999999,2800.0
4,5,13,97.904011,2800.0
4,5,14,89.75622,2800.0
4,5,15,109.865281,2800.0
4,5,16,46.836774,2800.0
4,5,17,22.755142,2800.0
4,5,18,11.200745999999999,2800.0
4,5,19,0.0,2800.0
4,5,20,0.0,2800.0
4,5,21,0.0,2800.0
4,5,22,0.0,2800.0
4,5,23,0.0,2800.0
4,6,0,0.0,2800.0
4,6,1,0.0,2800.0
4,6,2,0.0,2800.0
4,6,3,0.0,2800.0
4,6,4,0.0,2800.0
4,6,5,0.0,2800.0
4,6,6,-0.0,2800.0
4,6,7,18.344063,2800.0
4,6,8,41.960388,2800.0
4,6,9,82.13553599999999,2800.0
4,6,10,212.541162,2800.0
4,6,11,205.638846,2800.0
4,6,12,218.762395,2800.0
4,6,13,151.397563,2800.0
4,6,14,96.372896,2800.0
4,6,15,94.010704,2800.0
4,6,16,37.906091,2800.0
4,6,17,1.2651130000000002,2800.0
4,6,18,0.1845,2800.0
4,6,19,0.0,2800.0
4,6,20,0.0,2800.0
4,6,21,0.0,2800.0
4,6,22,0.0,2800.0
4,6,23,0.0,2800.0
4,7,0,0.0,2800.0
4,7,1,0.0,2800.0
4,7,2,0.0,2800.0
4,7,3,0.0,2800.0
4,7,4,0.0,2800.0
4,7,5,0.0,2800.0
4,7,6,-0.0,2800.0
4,7,7,47.521505,2800.0
4,7,8,136.879201,2800.0
4,7,9,24.895666000000002,2800.0
4,7,10,43.923792,2800.0
4,7,11,48.708336,2800.0
4,7,12,53.929758,2800.0
4,7,13,58.030808,2800.0
4,7,14,49.236974000000004,2800.0
4,7,15,41.252278,2800.0
4,7,16,188.300997,2800.0
4,7,17,102.600909,2800.0
4,7,18,23.347721,2800.0
4,7,19,0.0,2800.0
4,7,20,0.0,2800.0
4,7,21,0.0,2800.0
4,7,22,0.0,2800.0
4,7,23,0.0,2800.0
4,8,0,0.0,2800.0
4,8,1,0.0,2800.0
4,8,2,0.0,2800.0
4,8,3,0.0,2800.0
4,8,4,0.0,2800.0
4,8,5,0.0,2800.0
4,8,6,-0.0,2800.0
4,8,7,0.266635,2800.0
4,8,8,41.218286,2800.0
4,8,9,43.894451000000004,2800.0
4,8,10,49.709436000000004,2800.0
4,8,11,51.897282,2800.0
4,8,12,60.690017,2800.0
4,8,13,69.59258,2800.0
4,8,14,54.848605000000006,2800.0
4,8,15,34.744475,2800.0
4,8,16,24.052127,2800.0
4,8,17,9.544821,2800.0
4,8,18,27.018784,2800.0
4,8,19,0.0,2800.0
4,8,20,0.0,2800.0
4,8,21,0.0,2800.0
4,8,22,0.0,2800.0
4,8,23,0.0,2800.0
4,9,0,0.0,2800.0
4,9,1,0.0,2800.0
4,9,2,0.0,2800.0
4,9,3,0.0,2800.0
4,9,4,0.0,2800.0
4,9,5,0.0,2800.0
4,9,6,0.369623,2800.0
4,9,7,6.7690600000000005,2800.0
4,9,8,19.459263999999997,2800.0
4,9,9,46.739416,2800.0
4,9,10,176.870476,2800.0
4,9,11,315.12597700000003,2800.0
4,9,12,362.5,2800.0
4,9,13,276.305844,2800.0
4,9,14,347.73209499999996,2800.0
4,9,15,294.697563,2800.0
4,9,16,221.122077,2800.0
4,9,17,122.79140600000001,2800.0
4,9,18,27.916205,2800.0
4,9,19,0.0,2800.0
4,9,20,0.0,2800.0
4,9,21,0.0,2800.0
4,9,22,0.0,2800.0
4,9,23,0.0,2800.0
4,10,0,0.0,2800.0
4,10,1,0.0,2800.0
4,10,2,0.0,2800.0
4,10,3,0.0,2800.0
4,10,4,0.0,2800.0
4,10,5,0.0,2800.0
4,10,6,1.346996,2800.0
4,10,7,63.011353,2800.0
4,10,8,174.246783,2800.0
4,10,9,265.417777,2800.0
4,10,10,332.501234,2800.0
4,10,11,362.5,2800.0
4,10,12,362.5,2800.0
4,10,13,362.5,2800.0
4,10,14,349.879452,2800.0
4,10,15,296.17855099999997,2800.0
4,10,16,223.404318,2800.0
4,10,17,125.311107,2800.0
4,10,18,27.824794,2800.0
4,10,19,0.0,2800.0
4,10,20,0.0,2800.0
4,10,21,0.0,2800.0
4,10,22,0.0,2800.0
4,10,23,0.0,2800.0
4,11,0,0.0,2800.0
4,11,1,0.0,2800.0
4,11,2,0.0,2800.0
4,11,3,0.0,2800.0
4,11,4,0.0,2800.0
4,11,5,0.0,2800.0
4,11,6,1.3037260000000002,2800.0
4,11,7,60.674718999999996,2800.0
4,11,8,163.14701399999998,2800.0
4,11,9,247.81661300000002,2800.0
4,11,10,308.542854,2800.0
4,11,11,346.752437,2800.0
4,11,12,362.5,2800.0
4,11,13,355.113265,2800.0
4,11,14,326.42555300000004,2800.0
4,11,15,272.71752899999996,2800.0
4,11,16,201.017459,2800.0
4,11,17,109.14931200000001,2800.0
4,11,18,26.461436000000003,2800.0
4,11,19,0.0,2800.0
4,11,20,0.0,2800.0
4,11,21,0.0,2800.0
4,11,22,0.0,2800.0
4,11,23,0.0,2800.0
4,12,0,0.0,2800.0
4,12,1,0.0,2800.0
4,12,2,0.0,2800.0
4,12,3,0.0,2800.0
4,12,4,0.0,2800.0
4,12,5,0.0,2800.0
4,12,6,1.068644,2800.0
4,12,7,61.931409,2800.0
4,12,8,167.76213,2800.0
4,12,9,254.96890100000002,2800.0
4,12,10,318.554108,2800.0
4,12,11,361.55249599999996,2800.0
4,12,12,362.5,2800.0
4,12,13,362.5,2800.0
4,12,14,347.178432,2800.0
4,12,15,295.774678,2800.0
4,12,16,223.354994,2800.0
4,12,17,125.84595900000001,2800.0
4,12,18,28.830679,2800.0
4,12,19,0.0,2800.0
4,12,20,0.0,2800.0
4,12,21,0.0,2800.0
4,12,22,0.0,2800.0
4,12,23,0.0,2800.0
4,13,0,0.0,2800.0
4,13,1,0.0,2800.0
4,13,2,0.0,2800.0
4,13,3,0.0,2800.0
4,13,4,0.0,2800.0
4,13,5,0.0,2800.0
4,13,6,1.684432,2800.0
4,13,7,63.657841,2800.0
4,13,8,167.208848,2800.0
4,13,9,252.53275200000002,2800.0
4,13,10,312.776792,2800.0
4,13,11,350.20203999999995,2800.0
4,13,12,362.5,2800.0
4,13,13,356.88095400000003,2800.0
4,13,14,329.076679,2800.0
4,13,15,279.11657299999996,2800.0
4,13,16,210.563219,2800.0
4,13,17,119.054281,2800.0
4,13,18,28.632274000000002,2800.0
4,13,19,0.0,2800.0
4,13,20,0.0,2800.0
4,13,21,0.0,2800.0
4,13,22,0.0,2800.0
4,13,23,0.0,2800.0
4,14,0,0.0,2800.0
4,14,1,0.0,2800.0
4,14,2,0.0,2800.0
4,14,3,0.0,2800.0
4,14,4,0.0,2800.0
4,14,5,0.0,2800.0
4,14,6,1.4633099999999999,2800.0
4,14,7,59.576357,2800.0
4,14,8,151.205131,2800.0
4,14,9,232.90040599999998,2800.0
4,14,10,283.191547,2800.0
4,14,11,323.74138,2800.0
4,14,12,343.817033,2800.0
4,14,13,337.16475199999996,2800.0
4,14,14,309.73867700000005,2800.0
4,14,15,260.178361,2800.0
4,14,16,187.323557,2800.0
4,14,17,94.764329,2800.0
4,14,18,25.349036,2800.0
4,14,19,0.0,2800.0
4,14,20,0.0,2800.0
4,14,21,0.0,2800.0
4,14,22,0.0,2800.0
4,14,23,0.0,2800.0
4,15,0,0.0,2800.0
4,15,1,0.0,2800.0
4,15,2,0.0,2800.0
4,15,3,0.0,2800.0
4,15,4,0.0,2800.0
4,15,5,0.0,2800.0
4,15,6,2.130936,2800.0
4,15,7,61.515308,2800.0
4,15,8,158.052448,2800.0
4,15,9,240.359959,2800.0
4,15,10,302.24003899999997,2800.0
4,15,11,343.553039,2800.0
4,15,12,359.318108,2800.0
4,15,13,353.905371,2800.0
4,15,14,327.24000900000004,2800.0
4,15,15,238.954565,2800.0
4,15,16,175.514203,2800.0
4,15,17,99.08028,2800.0
4,15,18,23.901208,2800.0
4,15,19,0.0,2800.0
4,15,20,0.0,2800.0
4,15,21,0.0,2800.0
4,15,22,0.0,2800.0
4,15,23,0.0,2800.0
4,16,0,0.0,2800.0
4,16,1,0.0,2800.0
4,16,2,0.0,2800.0
4,16,3,0.0,2800.0
4,16,4,0.0,2800.0
4,16,5,0.0,2800.0
4,16,6,2.497138,2800.0
4,16,7,61.186146,2800.0
4,16,8,152.398482,2800.0
4,16,9,201.8991,2800.0
4,16,10,242.73512899999997,2800.0
4,16,11,305.646187,2800.0
4,16,12,263.955014,2800.0
4,16,13,249.33963599999998,2800.0
4,16,14,246.35911199999998,2800.0
4,16,15,116.26212,2800.0
4,16,16,169.046508,2800.0
4,16,17,93.12853999999999,2800.0
4,16,18,-0.0,2800.0
4,16,19,0.0,2800.0
4,16,20,0.0,2800.0
4,16,21,0.0,2800.0
4,16,22,0.0,2800.0
4,16,23,0.0,2800.0
4,17,0,0.0,2800.0
4,17,1,0.0,2800.0
4,17,2,0.0,2800.0
4,17,3,0.0,2800.0
4,17,4,0.0,2800.0
4,17,5,0.0,2800.0
4,17,6,0.6816380000000001,2800.0
4,17,7,29.752848,2800.0
4,17,8,12.185102,2800.0
4,17,9,114.777673,2800.0
4,17,10,181.055354,2800.0
4,17,11,204.35847700000002,2800.0
4,17,12,82.204601,2800.0
4,17,13,42.186071000000005,2800.0
4,17,14,103.744201,2800.0
4,17,15,36.929935,2800.0
4,17,16,143.96984400000002,2800.0
4,17,17,106.785624,2800.0
4,17,18,29.763388,2800.0
4,17,19,0.0,2800.0
4,17,20,0.0,2800.0
4,17,21,0.0,2800.0
4,17,22,0.0,2800.0
4,17,23,0.0,2800.0
4,18,0,0.0,2800.0
4,18,1,0.0,2800.0
4,18,2,0.0,2800.0
4,18,3,0.0,2800.0
4,18,4,0.0,2800.0
4,18,5,0.0,2800.0
4,18,6,2.184906,2800.0
4,18,7,15.296880999999999,2800.0
4,18,8,60.693683,2800.0
4,18,9,103.460409,2800.0
4,18,10,182.127336,2800.0
4,18,11,206.948317,2800.0
4,18,12,332.451864,2800.0
4,18,13,330.953281,2800.0
4,18,14,276.404041,2800.0
4,18,15,187.731063,2800.0
4,18,16,112.97346499999999,2800.0
4,18,17,48.972726,2744.426018516277
4,18,18,1.109785,1373.4523042863404
4,18,19,-0.0,2800.0
4,18,20,0.0,2800.0
4,18,21,0.0,2800.0
4,18,22,0.0,2800.0
4,18,23,0.0,2800.0
4,19,0,0.0,2800.0
4,19,1,0.0,2800.0
4,19,2,0.0,2800.0
4,19,3,0.0,2800.0
4,19,4,0.0,2800.0
4,19,5,0.0,2800.0
4,19,6,2.6316219999999997,2800.0
4,19,7,49.780691,2800.0
4,19,8,115.96056200000001,2800.0
4,19,9,196.542978,2800.0
4,19,10,228.76845699999998,2800.0
4,19,11,283.83777100000003,2800.0
4,19,12,302.268005,2800.0
4,19,13,296.01064399999996,2800.0
4,19,14,130.348801,2800.0
4,19,15,85.83429,2800.0
4,19,16,99.683718,2800.0
4,19,17,64.070453,2800.0
4,19,18,19.409534999999998,2800.0
4,19,19,-0.0,2800.0
4,19,20,0.0,2800.0
4,19,21,0.0,2800.0
4,19,22,0.0,2800.0
4,19,23,0.0,2800.0
4,20,0,0.0,2800.0
4,20,1,0.0,2800.0
4,20,2,0.0,2800.0
4,20,3,0.0,2800.0
4,20,4,0.0,2800.0
4,20,5,0.0,2800.0
4,20,6,-0.0,2800.0
4,20,7,0.766593,2800.0
4,20,8,89.95131699999999,2800.0
4,20,9,185.59158,2800.0
4,20,10,297.770127,2800.0
4,20,11,183.548313,2800.0
4,20,12,361.986302,2800.0
4,20,13,300.383438,2800.0
4,20,14,319.606272,2800.0
4,20,15,214.75787599999998,2800.0
4,20,16,202.68069699999998,2800.0
4,20,17,116.08491099999999,2800.0
4,20,18,31.949317,2800.0
4,20,19,-0.0,2800.0
4,20,20,0.0,2800.0
4,20,21,0.0,2800.0
4,20,22,0.0,2800.0
4,20,23,0.0,2800.0
4,21,0,0.0,2800.0
4,21,1,0.0,2800.0
4,21,2,0.0,2800.0
4,21,3,0.0,2800.0
4,21,4,0.0,2800.0
4,21,5,0.0,2800.0
4,21,6,0.5099549999999999,2800.0
4,21,7,55.733107000000004,1676.4237403920558
4,21,8,124.896876,125.47457411733969
4,21,9,87.881799,388.5930680097703
4,21,10,80.57342600000001,2645.8334855800563
4,21,11,54.661529,2800.0
4,21,12,56.130228,2800.0
4,21,13,33.290644,2800.0
4,21,14,46.571436999999996,2800.0
4,21,15,36.602946,2800.0
4,21,16,35.292556,2800.0
4,21,17,22.577541,2800.0
4,21,18,4.580421,2800.0
4,21,19,-0.0,2800.0
4,21,20,0.0,2800.0
4,21,21,0.0,2275.070137118247
4,21,22,0.0,2800.0
4,21,23,0.0,2800.0
4,22,0,0.0,2800.0
4,22,1,0.0,2800.0
4,22,2,0.0,2800.0
4,22,3,0.0,2800.0
4,22,4,0.0,2800.0
4,22,5,0.0,2800.0
4,22,6,6.885211,2800.0
4,22,7,22.457865,2800.0
4,22,8,48.555784,2800.0
4,22,9,80.483318,2800.0
4,22,10,85.818071,2800.0
4,22,11,227.264688,2800.0
4,22,12,179.568134,2800.0
4,22,13,362.5,2800.0
4,22,14,346.32426,2800.0
4,22,15,293.78785999999997,2800.0
4,22,16,220.563141,2800.0
4,22,17,128.901512,2800.0
4,22,18,35.821349000000005,2800.0
4,22,19,-0.0,2800.0
4,22,20,0.0,2800.0
4,22,21,0.0,2800.0
4,22,22,0.0,2800.0
4,22,23,0.0,2800.0
4,23,0,0.0,2800.0
4,23,1,0.0,2800.0
4,23,2,0.0,2800.0
4,23,3,0.0,2800.0
4,23,4,0.0,2800.0
4,23,5,0.0,2800.0
4,23,6,7.5783890000000005,2800.0
4,23,7,79.075946,2800.0
4,23,8,181.489272,2800.0
4,23,9,262.373908,2800.0
4,23,10,320.931728,2800.0
4,23,11,356.84011499999997,2800.0
4,23,12,362.5,2800.0
4,23,13,362.5,2800.0
4,23,14,335.00096,2800.0
4,23,15,284.78515000000004,2800.0
4,23,16,217.041339,2800.0
4,23,17,100.72150500000001,2800.0
4,23,18,35.443825,2800.0
4,23,19,-0.0,2800.0
4,23,20,0.0,2800.0
4,23,21,0.0,2800.0
4,23,22,0.0,2800.0
4,23,23,0.0,2800.0
4,24,0,0.0,2800.0
4,24,1,0.0,2800.0
4,24,2,0.0,2800.0
4,24,3,0.0,2800.0
4,24,4,0.0,2800.0
4,24,5,0.0,2800.0
4,24,6,7.935686,2800.0
4,24,7,46.56075,2800.0
4,24,8,69.54416099999999,2800.0
4,24,9,155.642403,2800.0
4,24,10,205.890682,2800.0
4,24,11,165.954671,2800.0
4,24,12,200.64848800000001,2800.0
4,24,13,256.751071,2800.0
4,24,14,65.702923,2800.0
4,24,15,161.05944699999998,2800.0
4,24,16,38.357513,2800.0
4,24,17,42.943438,2800.0
4,24,18,16.438467,460.3878697051685
4,24,19,-0.0,2744.426018516277
4,24,20,0.0,2800.0
4,24,21,0.0,2800.0
4,24,22,0.0,2800.0
4,24,23,0.0,2800.0
4,25,0,0.0,2800.0
4,25,1,0.0,2800.0
4,25,2,0.0,2800.0
4,25,3,0.0,2800.0
4,25,4,0.0,2800.0
4,25,5,0.0,2800.0
4,25,6,0.691995,2800.0
4,25,7,16.361234,2800.0
4,25,8,8.560646,2800.0
4,25,9,58.285082,2800.0
4,25,10,20.916592,2800.0
4,25,11,57.624281,2800.0
4,25,12,92.106993,2800.0
4,25,13,71.40166099999999,2800.0
4,25,14,93.848943,2800.0
4,25,15,99.013385,2800.0
4,25,16,66.144102,2800.0
4,25,17,5.624091999999999,2800.0
4,25,18,10.188676,2800.0
4,25,19,-0.0,2800.0
4,25,20,0.0,2800.0
4,25,21,0.0,2800.0
4,25,22,0.0,2800.0
4,25,23,0.0,2800.0
4,26,0,0.0,2800.0
4,26,1,0.0,2800.0
4,26,2,0.0,2800.0
4,26,3,0.0,2800.0
4,26,4,0.0,2800.0
4,26,5,0.0,2800.0
4,26,6,10.770358,2800.0
4,26,7,80.328895,2800.0
4,26,8,179.64695999999998,2800.0
4,26,9,261.379464,2800.0
4,26,10,323.469268,2800.0
4,26,11,360.37632299999996,2800.0
4,26,12,362.5,2800.0
4,26,13,362.5,2800.0
4,26,14,337.766886,2800.0
4,26,15,284.888062,2800.0
4,26,16,214.022675,2800.0
4,26,17,124.31724700000001,2800.0
4,26,18,36.608803,2800.0
4,26,19,-0.0,2800.0
4,26,20,0.0,2800.0
4,26,21,0.0,2800.0
4,26,22,0.0,2800.0
4,26,23,0.0,2800.0
4,27,0,0.0,2800.0
4,27,1,0.0,2800.0
4,27,2,0.0,2800.0
4,27,3,0.0,2800.0
4,27,4,0.0,2800.0
4,27,5,0.0,2800.0
4,27,6,10.219276,2800.0
4,27,7,79.062319,2800.0
4,27,8,174.150415,2800.0
4,27,9,251.825836,2800.0
4,27,10,307.036699,2800.0
4,27,11,345.274102,2800.0
4,27,12,361.748597,2800.0
4,27,13,356.766655,2800.0
4,27,14,327.52789399999995,2800.0
4,27,15,278.789653,2800.0
4,27,16,212.545538,2800.0
4,27,17,124.571229,2800.0
4,27,18,35.889405,2800.0
4,27,19,-0.0,2800.0
4,27,20,0.0,2800.0
4,27,21,0.0,2800.0
4,27,22,0.0,2800.0
4,27,23,0.0,2800.0
4,28,0,0.0,2800.0
4,28,1,0.0,2800.0
4,28,2,0.0,2800.0
4,28,3,0.0,2800.0
4,28,4,0.0,2800.0
4,28,5,0.0,2800.0
4,28,6,11.051575999999999,2800.0
4,28,7,74.871034,2800.0
4,28,8,163.604736,2800.0
4,28,9,179.894253,2800.0
4,28,10,192.54709599999998,2800.0
4,28,11,168.056419,2800.0
4,28,12,254.648315,2800.0
4,28,13,236.46285500000002,2800.0
4,28,14,239.18522700000003,2800.0
4,28,15,141.484836,2800.0
4,28,16,22.960189,2800.0
4,28,17,19.241176,2800.0
4,28,18,0.425377,2800.0
4,28,19,-0.0,2800.0
4,28,20,0.0,2800.0
4,28,21,0.0,2800.0
4,28,22,0.0,2800.0
4,28,23,0.0,2800.0
4,29,0,0.0,2800.0
4,29,1,0.0,2800.0
4,29,2,0.0,1342.23868718708
4,29,3,0.0,592.796019999516
4,29,4,0.0,1222.1129067458091
4,29,5,0.0,2800.0
4,29,6,9.948021,2800.0
4,29,7,79.03355599999999,2800.0
4,29,8,174.325682,2800.0
4,29,9,223.56403899999998,2800.0
4,29,10,263.94059899999996,2800.0
4,29,11,277.774004,2800.0
4,29,12,285.23922600000003,2800.0
4,29,13,270.93562199999997,2800.0
4,29,14,272.030661,2800.0
4,29,15,199.431428,2800.0
4,29,16,143.688763,2800.0
4,29,17,81.04948900000001,2800.0
4,29,18,25.909272,2800.0
4,29,19,-0.0,2800.0
4,29,20,0.0,2800.0
4,29,21,0.0,2800.0
4,29,22,0.0,2800.0
4,29,23,0.0,2800.0
4,30,0,0.0,2800.0
4,30,1,0.0,2800.0
4,30,2,0.0,2800.0
4,30,3,0.0,2800.0
4,30,4,0.0,2800.0
4,30,5,0.0,2800.0
4,30,6,9.792772000000001,2800.0
4,30,7,40.539377,2800.0
4,30,8,52.283026,2800.0
4,30,9,120.823557,2800.0
4,30,10,222.219692,2800.0
4,30,11,286.206075,2800.0
4,30,12,305.040081,2800.0
4,30,13,281.543791,2800.0
4,30,14,283.245182,2800.0
4,30,15,208.38393,2800.0
4,30,16,152.076907,2800.0
4,30,17,112.279801,2800.0
4,30,18,29.214429,2800.0
4,30,19,-0.0,2800.0
4,30,20,0.0,2800.0
4,30,21,0.0,2800.0
4,30,22,0.0,2800.0
4,30,23,0.0,2800.0
5,1,0,0.0,2800.0
5,1,1,0.0,2800.0
5,1,2,0.0,2800.0
5,1,3,0.0,2800.0
5,1,4,0.0,2800.0
5,1,5,0.0,2800.0
5,1,6,10.827834000000001,2800.0
5,1,7,82.849988,2800.0
5,1,8,42.632525,2800.0
5,1,9,17.326701,2800.0
5,1,10,18.597583999999998,2800.0
5,1,11,26.634356,2800.0
5,1,12,79.265539,2800.0
5,1,13,22.273747,2800.0
5,1,14,33.139711000000005,2800.0
5,1,15,132.65635200000003,2800.0
5,1,16,42.968624000000005,2800.0
5,1,17,75.67768099999999,2800.0
5,1,18,29.441309,2800.0
5,1,19,0.031487,2800.0
5,1,20,0.0,2800.0
5,1,21,0.0,2800.0
5,1,22,0.0,2800.0
5,1,23,0.0,2800.0
5,2,0,0.0,2800.0
5,2,1,0.0,2800.0
5,2,2,0.0,2800.0
5,2,3,0.0,2800.0
5,2,4,0.0,2800.0
5,2,5,0.0,2800.0
5,2,6,12.565022,2800.0
5,2,7,56.648398,2800.0
5,2,8,148.237609,2800.0
5,2,9,194.697736,2800.0
5,2,10,217.652648,2800.0
5,2,11,310.31128,2800.0
5,2,12,103.801453,2800.0
5,2,13,114.53485,2800.0
5,2,14,57.779191,2800.0
5,2,15,125.87466,2800.0
5,2,16,41.250930999999994,2800.0
5,2,17,45.527134,2800.0
5,2,18,19.281325000000002,2800.0
5,2,19,1.458289,2800.0
5,2,20,0.0,2800.0
5,2,21,0.0,2800.0
5,2,22,0.0,2800.0
5,2,23,0.0,2800.0
5,3,0,0.0,2800.0
5,3,1,0.0,2800.0
5,3,2,0.0,2800.0
5,3,3,0.0,2800.0
5,3,4,0.0,2800.0
5,3,5,0.0,2800.0
5,3,6,12.994412,2800.0
5,3,7,88.270543,2800.0
5,3,8,151.769382,2800.0
5,3,9,213.911393,2800.0
5,3,10,263.404106,2800.0
5,3,11,216.14561300000003,2800.0
5,3,12,141.673571,2800.0
5,3,13,235.490895,2800.0
5,3,14,170.776859,2800.0
5,3,15,116.786166,2800.0
5,3,16,90.806654,2800.0
5,3,17,14.22196,2800.0
5,3,18,4.994156,2800.0
5,3,19,-0.0,2800.0
5,3,20,0.0,2800.0
5,3,21,0.0,2800.0
5,3,22,0.0,2800.0
5,3,23,0.0,2800.0
5,4,0,0.0,1193.2453053765432
5,4,1,0.0,507.4383148650858
5,4,2,0.0,540.5220241907821
5,4,3,0.0,727.6412163217148
5,4,4,0.0,1029.5337295682716
5,4,5,0.0,1373.4523042863404
5,4,6,5.622757,2549.630956168769
5,4,7,24.350241,289.9235564324093
5,4,8,6.876169,592.796019999516
5,4,9,31.949126,1281.237390674447
5,4,10,16.664403999999998,727.6412163217148
5,4,11,74.028901,349.3284625537728
5,4,12,122.678742,430.6948862392302
5,4,13,98.35930499999999,416.3395915497286
5,4,14,62.637929,402.3068740231014
5,4,15,66.805082,1164.8359102045422
5,4,16,35.064172,2800.0
5,4,17,66.515424,2800.0
5,4,18,27.464834,2800.0
5,4,19,-0.0,2800.0
5,4,20,0.0,2800.0
5,4,21,0.0,2800.0
5,4,22,0.0,2800.0
5,4,23,0.0,2800.0
5,5,0,0.0,2800.0
5,5,1,0.0,2800.0
5,5,2,0.0,2800.0
5,5,3,0.0,2800.0
5,5,4,0.0,2800.0
5,5,5,0.0,2800.0
5,5,6,15.382218,2800.0
5,5,7,74.055349,2800.0
5,5,8,111.364846,2800.0
5,5,9,194.174904,2800.0
5,5,10,198.900941,2800.0
5,5,11,313.41146100000003,2800.0
5,5,12,330.349868,2800.0
5,5,13,362.5,2800.0
5,5,14,224.50694099999998,2800.0
5,5,15,299.28446,2800.0
5,5,16,227.731143,2800.0
5,5,17,136.176975,2800.0
5,5,18,42.732851000000004,2800.0
5,5,19,1.4051179999999999,2800.0
5,5,20,0.0,2800.0
5,5,21,0.0,2800.0
5,5,22,0.0,2800.0
5,5,23,0.0,2800.0
5,6,0,0.0,2800.0
5,6,1,0.0,2800.0
5,6,2,0.0,2800.0
5,6,3,0.0,2800.0
5,6,4,0.0,2800.0
5,6,5,0.0,2800.0
5,6,6,17.219093,2800.0
5,6,7,85.93169999999999,2800.0
5,6,8,182.64738,2800.0
5,6,9,264.98414399999996,2800.0
5,6,10,328.265126,2800.0
5,6,11,362.5,2800.0
5,6,12,362.5,2800.0
5,6,13,362.5,2800.0
5,6,14,357.201928,2800.0
5,6,15,306.435614,2800.0
5,6,16,233.368142,2800.0
5,6,17,138.993796,2800.0
5,6,18,42.68419,2800.0
5,6,19,1.6108040000000001,2800.0
5,6,20,0.0,2800.0
5,6,21,0.0,2800.0
5,6,22,0.0,2800.0
5,6,23,0.0,2800.0
5,7,0,0.0,2800.0
5,7,1,0.0,2800.0
5,7,2,0.0,2800.0
5,7,3,0.0,2800.0
5,7,4,0.0,2800.0
5,7,5,0.0,2800.0
5,7,6,14.661402,2800.0
5,7,7,93.758079,2800.0
5,7,8,195.69951500000002,2800.0
5,7,9,274.260331,2800.0
5,7,10,333.410289,2800.0
5,7,11,362.5,2800.0
5,7,12,362.5,2800.0
5,7,13,362.5,2800.0
5,7,14,348.19554999999997,2800.0
5,7,15,297.64471399999996,2800.0
5,7,16,227.86019399999998,2800.0
5,7,17,136.948578,2800.0
5,7,18,42.742379,2800.0
5,7,19,1.585241,2800.0
5,7,20,0.0,2800.0
5,7,21,0.0,2800.0
5,7,22,0.0,2800.0
5,7,23,0.0,2800.0
5,8,0,0.0,2800.0
5,8,1,0.0,2800.0
5,8,2,0.0,2800.0
5,8,3,0.0,2800.0
5,8,4,0.0,2800.0
5,8,5,0.0,2800.0
5,8,6,13.582113,2800.0
5,8,7,92.489295,2800.0
5,8,8,187.93175399999998,2800.0
5,8,9,256.342155,2800.0
5,8,10,300.493707,2800.0
5,8,11,285.496424,2800.0
5,8,12,309.146032,2800.0
5,8,13,305.911046,1251.4423799619176
5,8,14,126.775093,52.04244894371608
5,8,15,270.563216,575.0133429544752
5,8,16,202.079739,2800.0
5,8,17,88.01631,2800.0
5,8,18,42.631241,2800.0
5,8,19,1.957642,2800.0
5,8,20,0.0,2800.0
5,8,21,0.0,2800.0
5,8,22,0.0,2800.0
5,8,23,0.0,2800.0
5,9,0,0.0,2800.0
5,9,1,0.0,2800.0
5,9,2,0.0,2800.0
5,9,3,0.0,2800.0
5,9,4,0.0,2800.0
5,9,5,0.0,2800.0
5,9,6,-0.0,2800.0
5,9,7,2.256359,2800.0
5,9,8,64.49082899999999,2800.0
5,9,9,155.10018599999998,2800.0
5,9,10,113.99257300000001,2800.0
5,9,11,212.608264,2800.0
5,9,12,232.17732,2800.0
5,9,13,222.902955,2800.0
5,9,14,83.942242,2800.0
5,9,15,42.937249,2800.0
5,9,16,195.432055,2800.0
5,9,17,119.172988,2800.0
5,9,18,44.279543,2800.0
5,9,19,1.956355,2800.0
5,9,20,0.0,2800.0
5,9,21,0.0,2800.0
5,9,22,0.0,2800.0
5,9,23,0.0,2800.0
5,10,0,0.0,2800.0
5,10,1,0.0,2800.0
5,10,2,0.0,2800.0
5,10,3,0.0,2800.0
5,10,4,0.0,2800.0
5,10,5,0.0,2800.0
5,10,6,18.543302,2800.0
5,10,7,82.421812,2800.0
5,10,8,164.722941,2800.0
5,10,9,235.60831,2800.0
5,10,10,288.39092999999997,2800.0
5,10,11,246.636574,2800.0
5,10,12,254.111475,2800.0
5,10,13,319.685883,2800.0
5,10,14,288.150381,2800.0
5,10,15,243.359376,2800.0
5,10,16,98.27627199999999,2800.0
5,10,17,39.640396,2800.0
5,10,18,17.213179,2800.0
5,10,19,-0.0,2800.0
5,10,20,0.0,2800.0
5,10,21,0.0,2800.0
5,10,22,0.0,2800.0
5,10,23,0.0,2800.0
5,11,0,0.0,2800.0
5,11,1,0.0,2800.0
5,11,2,0.0,2800.0
5,11,3,0.0,2800.0
5,11,4,0.0,2800.0
5,11,5,0.0,2800.0
5,11,6,17.856993,2800.0
5,11,7,65.169582,2800.0
5,11,8,83.64822199999999,2800.0
5,11,9,70.160426,2800.0
5,11,10,108.818276,2800.0
5,11,11,136.839997,2800.0
5,11,12,183.18339600000002,2800.0
5,11,13,134.54861400000001,2800.0
5,11,14,140.13225,2800.0
5,11,15,70.67485799999999,2800.0
5,11,16,47.991066,2800.0
5,11,17,68.010906,2800.0
5,11,18,44.541525,2800.0
5,11,19,2.3024609999999996,2800.0
5,11,20,0.0,2800.0
5,11,21,0.0,2800.0
5,11,22,0.0,2800.0
5,11,23,0.0,2800.0
5,12,0,0.0,2800.0
5,12,1,0.0,2800.0
5,12,2,0.0,2800.0
5,12,3,0.0,2800.0
5,12,4,0.0,2800.0
5,12,5,0.0,2800.0
5,12,6,18.509929,2800.0
5,12,7,87.00951300000001,2800.0
5,12,8,183.31239799999997,2800.0
5,12,9,226.493258,2800.0
5,12,10,317.906935,2800.0
5,12,11,355.542383,2800.0
5,12,12,362.5,2800.0
5,12,13,362.5,2800.0
5,12,14,333.837604,2800.0
5,12,15,286.338458,2800.0
5,12,16,219.348045,2800.0
5,12,17,133.30110399999998,2800.0
5,12,18,43.552836000000006,2800.0
5,12,19,2.208174,2800.0
5,12,20,0.0,2800.0
5,12,21,0.0,2800.0
5,12,22,0.0,2800.0
5,12,23,0.0,2800.0
5,13,0,0.0,2800.0
5,13,1,0.0,2800.0
5,13,2,0.0,929.1658003530496
5,13,3,0.0,21.955408148130225
5,13,4,0.0,113.14210705336222
5,13,5,0.0,707.2412654778989
5,13,6,16.990433,2800.0
5,13,7,90.743932,2800.0
5,13,8,181.22081,2800.0
5,13,9,251.37446,2800.0
5,13,10,301.964829,2800.0
5,13,11,333.953631,2800.0
5,13,12,346.719589,2800.0
5,13,13,343.882223,2800.0
5,13,14,319.093388,2800.0
5,13,15,220.961063,2800.0
5,13,16,152.881586,2800.0
5,13,17,126.113503,2800.0
5,13,18,43.164797,2800.0
5,13,19,2.331788,2800.0
5,13,20,0.0,2800.0
5,13,21,0.0,2800.0
5,13,22,0.0,2800.0
5,13,23,0.0,2800.0
5,14,0,0.0,2800.0
5,14,1,0.0,2800.0
5,14,2,0.0,2800.0
5,14,3,0.0,2800.0
5,14,4,0.0,2800.0
5,14,5,0.0,2800.0
5,14,6,16.61309,2800.0
5,14,7,88.53595,2800.0
5,14,8,177.74019,2800.0
5,14,9,249.373695,2800.0
5,14,10,304.023512,2800.0
5,14,11,336.74685,2800.0
5,14,12,349.373722,2800.0
5,14,13,242.825537,2800.0
5,14,14,318.989383,2800.0
5,14,15,271.718474,2800.0
5,14,16,206.239125,2800.0
5,14,17,124.719403,2800.0
5,14,18,42.483993999999996,2800.0
5,14,19,3.080282,2800.0
5,14,20,0.0,2800.0
5,14,21,0.0,2800.0
5,14,22,0.0,2800.0
5,14,23,0.0,2800.0
5,15,0,0.0,2800.0
5,15,1,0.0,2800.0
5,15,2,0.0,2800.0
5,15,3,0.0,2800.0
5,15,4,0.0,2800.0
5,15,5,0.0,2800.0
5,15,6,16.685785,2800.0
5,15,7,88.35574000000001,2800.0
5,15,8,177.903239,2800.0
5,15,9,246.73347700000002,2800.0
5,15,10,270.454278,2800.0
5,15,11,328.084141,2800.0
5,15,12,341.084589,2800.0
5,15,13,333.993472,2800.0
5,15,14,309.922702,2800.0
5,15,15,264.518477,2800.0
5,15,16,177.383302,2800.0
5,15,17,116.15451399999999,2800.0
5,15,18,43.125648,2800.0
5,15,19,3.2425659999999996,2800.0
5,15,20,0.0,2800.0
5,15,21,0.0,2800.0
5,15,22,0.0,2800.0
5,15,23,0.0,2800.0
5,16,0,0.0,1503.1454301264964
5,16,1,0.0,237.66666698837332
5,16,2,0.0,610.9415963527902
5,16,3,0.0,2800.0
5,16,4,0.0,2800.0
5,16,5,-0.0,2800.0
5,16,6,17.305062000000003,2800.0
5,16,7,88.96121099999999,1109.377075854021
5,16,8,150.97919,1055.7070784976213
5,16,9,227.113541,2800.0
5,16,10,303.64489899999995,2800.0
5,16,11,340.497189,2800.0
5,16,12,356.327422,2800.0
5,16,13,350.91389399999997,2800.0
5,16,14,324.67604100000005,2800.0
5,16,15,275.973537,2800.0
5,16,16,211.37647,2800.0
5,16,17,129.602399,2800.0
5,16,18,44.264065,2800.0
5,16,19,3.47,2800.0
5,16,20,0.0,2800.0
5,16,21,0.0,2800.0
5,16,22,0.0,2800.0
5,16,23,0.0,2800.0
5,17,0,0.0,2800.0
5,17,1,0.0,2800.0
5,17,2,0.0,2800.0
5,17,3,0.0,2800.0
5,17,4,0.0,2800.0
5,17,5,-0.0,2800.0
5,17,6,18.420475999999997,2800.0
5,17,7,87.763173,2800.0
5,17,8,176.782826,2800.0
5,17,9,222.91577900000001,2800.0
5,17,10,280.655331,2800.0
5,17,11,253.586331,2800.0
5,17,12,249.269317,2800.0
5,17,13,273.248438,2800.0
5,17,14,211.380167,2800.0
5,17,15,94.063705,2800.0
5,17,16,27.79672,2800.0
5,17,17,91.05394899999999,2800.0
5,17,18,37.833635,2800.0
5,17,19,4.043875,2800.0
5,17,20,0.0,2800.0
5,17,21,0.0,2800.0
5,17,22,0.0,2800.0
5,17,23,0.0,2800.0
5,18,0,0.0,2800.0
5,18,1,0.0,2800.0
5,18,2,0.0,2800.0
5,18,3,0.0,2800.0
5,18,4,0.0,2800.0
5,18,5,-0.0,2800.0
5,18,6,17.315669999999997,2800.0
5,18,7,88.431091,2800.0
5,18,8,177.81271900000002,2800.0
5,18,9,248.62916099999998,2800.0
5,18,10,303.378765,2800.0
5,18,11,336.47845,2800.0
5,18,12,348.90667099999996,2800.0
5,18,13,341.110428,2800.0
5,18,14,314.2041,2800.0
5,18,15,267.73435600000005,2800.0
5,18,16,168.23150099999998,2800.0
5,18,17,3.824874,2800.0
5,18,18,0.992151,2800.0
5,18,19,-0.0,2800.0
5,18,20,0.0,2800.0
5,18,21,0.0,2800.0
5,18,22,0.0,2800.0
5,18,23,0.0,2800.0
5,19,0,0.0,2800.0
5,19,1,0.0,2800.0
5,19,2,0.0,2800.0
5,19,3,0.0,2800.0
5,19,4,0.0,2800.0
5,19,5,-0.0,2800.0
5,19,6,3.865681,2800.0
5,19,7,13.50357,2800.0
5,19,8,53.974625,2800.0
5,19,9,17.804513,2800.0
5,19,10,195.43909200000002,2800.0
5,19,11,27.914797999999998,2800.0
5,19,12,298.766772,2800.0
5,19,13,235.13795800000003,2800.0
5,19,14,111.12762699999999,2800.0
5,19,15,130.277024,2800.0
5,19,16,71.495846,2800.0
5,19,17,83.13974400000001,2800.0
5,19,18,37.368024,2800.0
5,19,19,4.889158999999999,2800.0
5,19,20,0.0,2800.0
5,19,21,0.0,2800.0
5,19,22,0.0,2800.0
5,19,23,0.0,2800.0
5,20,0,0.0,2800.0
5,20,1,0.0,2800.0
5,20,2,0.0,2800.0
5,20,3,0.0,2800.0
5,20,4,0.0,2800.0
5,20,5,-0.0,2800.0
5,20,6,4.214658,2800.0
5,20,7,15.386073,2800.0
5,20,8,1.80122,2800.0
5,20,9,29.604727,2800.0
5,20,10,65.067681,2800.0
5,20,11,51.692992,2800.0
5,20,12,190.150271,2800.0
5,20,13,275.806505,2800.0
5,20,14,299.826178,2800.0
5,20,15,214.658086,2800.0
5,20,16,158.87391,2800.0
5,20,17,58.431819000000004,2800.0
5,20,18,28.832722,2800.0
5,20,19,3.192962,2800.0
5,20,20,0.0,2800.0
5,20,21,0.0,2800.0
5,20,22,0.0,2549.630956168769
5,20,23,0.0,610.9415963527902
5,21,0,0.0,183.74862734385428
5,21,1,0.0,858.3289550807331
5,21,2,0.0,2794.6277004301824
5,21,3,0.0,2800.0
5,21,4,0.0,2800.0
5,21,5,-0.0,2800.0
5,21,6,18.382437999999997,2800.0
5,21,7,53.615106,2800.0
5,21,8,105.197015,2800.0
5,21,9,180.292497,2800.0
5,21,10,261.876344,2800.0
5,21,11,302.030729,2800.0
5,21,12,297.957271,2800.0
5,21,13,250.304303,2800.0
5,21,14,180.355141,2800.0
5,21,15,98.09066800000001,2800.0
5,21,16,189.867313,2800.0
5,21,17,139.99301300000002,1676.4237403920558
5,21,18,49.335524,978.4920029593812
5,21,19,5.730451,2744.426018516277
5,21,20,0.0,2800.0
5,21,21,0.0,2800.0
5,21,22,0.0,2800.0
5,21,23,0.0,2800.0
5,22,0,0.0,2800.0
5,22,1,0.0,2800.0
5,22,2,0.0,2800.0
5,22,3,0.0,2800.0
5,22,4,0.0,2800.0
5,22,5,-0.0,2800.0
5,22,6,18.862052,2800.0
5,22,7,97.556315,2800.0
5,22,8,191.332661,2800.0
5,22,9,261.952226,1469.9890187508342
5,22,10,311.791816,1003.7965929387176
5,22,11,342.702514,813.163264745564
5,22,12,355.66380300000003,687.226207839785
5,22,13,350.653913,1029.5337295682716
5,22,14,325.600599,2597.435303258585
5,22,15,279.347349,2800.0
5,22,16,189.49588699999998,2800.0
5,22,17,94.28791,2800.0
5,22,18,41.433186,2800.0
5,22,19,6.449432,2800.0
5,22,20,0.0,2800.0
5,22,21,0.0,2800.0
5,22,22,0.0,2800.0
5,22,23,0.0,2800.0
5,23,0,0.0,2800.0
5,23,1,0.0,2800.0
5,23,2,0.0,2800.0
5,23,3,0.0,2800.0
5,23,4,0.0,2800.0
5,23,5,-0.0,2549.630956168769
5,23,6,13.824292999999999,2800.0
5,23,7,38.065321000000004,978.4920029593812
5,23,8,96.66579700000001,813.163264745564
5,23,9,187.081815,2800.0
5,23,10,179.500035,2800.0
5,23,11,329.16912,2800.0
5,23,12,187.158628,2800.0
5,23,13,256.485885,2800.0
5,23,14,222.681299,2800.0
5,23,15,189.053427,2800.0
5,23,16,140.52158300000002,2800.0
5,23,17,112.780191,2800.0
5,23,18,45.454491000000004,2800.0
5,23,19,6.739489,2800.0
5,23,20,0.0,2800.0
5,23,21,0.0,2800.0
5,23,22,0.0,2800.0
5,23,23,0.0,2800.0
5,24,0,0.0,2800.0
5,24,1,0.0,2800.0
5,24,2,0.0,2800.0
5,24,3,0.0,2800.0
5,24,4,0.0,2319.3884514592746
5,24,5,-0.0,388.5930680097703
5,24,6,21.407635,107.29111938509163
5,24,7,63.735127,687.226207839785
5,24,8,64.01339899999999,2800.0
5,24,9,66.35124099999999,2800.0
5,24,10,90.094915,2800.0
5,24,11,100.34891499999999,2800.0
5,24,12,121.779648,2800.0
5,24,13,74.350359,2800.0
5,24,14,72.63313400000001,2800.0
5,24,15,72.935007,2800.0
5,24,16,100.790027,2800.0
5,24,17,98.657678,2800.0
5,24,18,43.734129,2800.0
5,24,19,7.282704,2800.0
5,24,20,0.0,2800.0
5,24,21,0.0,2800.0
5,24,22,0.0,2800.0
5,24,23,0.0,2800.0
5,25,0,0.0,2800.0
5,25,1,0.0,2800.0
5,25,2,0.0,2800.0
5,25,3,0.0,2800.0
5,25,4,0.0,2800.0
5,25,5,-0.0,2800.0
5,25,6,8.384317,2800.0
5,25,7,25.021487,2800.0
5,25,8,70.252094,2800.0
5,25,9,64.254576,2800.0
5,25,10,86.05193799999999,2800.0
5,25,11,112.533732,2800.0
5,25,12,135.884429,2800.0
5,25,13,123.07543700000001,2800.0
5,25,14,43.876035,2800.0
5,25,15,64.900581,2800.0
5,25,16,39.27257,2800.0
5,25,17,32.329164,2800.0
5,25,18,51.630685,2800.0
5,25,19,7.241937,2800.0
5,25,20,0.0,2800.0
5,25,21,0.0,2800.0
5,25,22,0.0,2800.0
5,25,23,0.0,2800.0
5,26,0,0.0,2800.0
5,26,1,0.0,2800.0
5,26,2,0.0,2800.0
5,26,3,0.0,2800.0
5,26,4,0.0,2800.0
5,26,5,-0.0,2800.0
5,26,6,20.671069,2800.0
5,26,7,76.018589,2800.0
5,26,8,158.523559,2800.0
5,26,9,244.555669,2800.0
5,26,10,247.353203,2800.0
5,26,11,325.813237,2800.0
5,26,12,217.201242,2800.0
5,26,13,337.295992,2800.0
5,26,14,259.995709,2800.0
5,26,15,183.160307,2800.0
5,26,16,157.914185,2800.0
5,26,17,16.787492999999998,2800.0
5,26,18,7.3590420000000005,2800.0
5,26,19,-0.0,2800.0
5,26,20,0.0,2800.0
5,26,21,0.0,2800.0
5,26,22,0.0,2800.0
5,26,23,0.0,2800.0
5,27,0,0.0,2800.0
5,27,1,0.0,2800.0
5,27,2,0.0,2800.0
5,27,3,0.0,2800.0
5,27,4,0.0,2800.0
5,27,5,-0.0,2800.0
5,27,6,21.298041,2800.0
5,27,7,26.384633,2800.0
5,27,8,43.729954,2800.0
5,27,9,173.246898,2800.0
5,27,10,212.301629,2800.0
5,27,11,73.43678,2800.0
5,27,12,104.987965,2800.0
5,27,13,129.92816,2800.0
5,27,14,194.23918799999998,2800.0
5,27,15,190.877864,2800.0
5,27,16,206.687964,2800.0
5,27,17,112.15570100000001,2800.0
5,27,18,46.513561,2800.0
5,27,19,7.433314,2800.0
5,27,20,0.0,2800.0
5,27,21,0.0,2800.0
5,27,22,0.0,2800.0
5,27,23,0.0,2800.0
5,28,0,0.0,2800.0
5,28,1,0.0,2800.0
5,28,2,0.0,2800.0
5,28,3,0.0,2800.0
5,28,4,0.0,2800.0
5,28,5,-0.0,2800.0
5,28,6,22.438949,2800.0
5,28,7,77.342946,2103.4419801044355
5,28,8,135.95430100000002,2800.0
5,28,9,184.007872,2800.0
5,28,10,223.866848,2800.0
5,28,11,167.733102,2800.0
5,28,12,270.16918300000003,2800.0
5,28,13,174.880902,2800.0
5,28,14,221.379924,2800.0
5,28,15,245.85001300000002,2800.0
5,28,16,140.356095,2800.0
5,28,17,134.769579,2800.0
5,28,18,50.980264000000005,2800.0
5,28,19,7.2350460000000005,2800.0
5,28,20,0.0,2800.0
5,28,21,0.0,2800.0
5,28,22,0.0,2800.0
5,28,23,0.0,2800.0
5,29,0,0.0,2800.0
5,29,1,0.0,2800.0
5,29,2,0.0,2800.0
5,29,3,0.0,2800.0
5,29,4,0.0,2800.0
5,29,5,-0.0,2800.0
5,29,6,20.397069,2800.0
5,29,7,94.80223,2800.0
5,29,8,184.235503,2800.0
5,29,9,252.720653,2800.0
5,29,10,304.533664,2800.0
5,29,11,338.03413900000004,2800.0
5,29,12,352.739074,2800.0
5,29,13,314.560831,2800.0
5,29,14,323.186601,2800.0
5,29,15,213.904213,2800.0
5,29,16,131.118789,2800.0
5,29,17,133.79692300000002,2800.0
5,29,18,51.909062,2800.0
5,29,19,8.091721,2800.0
5,29,20,0.0,2800.0
5,29,21,0.0,2800.0
5,29,22,0.0,2800.0
5,29,23,0.0,2800.0
5,30,0,0.0,2800.0
5,30,1,0.0,2800.0
5,30,2,0.0,2800.0
5,30,3,0.0,2800.0
5,30,4,0.0,2800.0
5,30,5,-0.0,2800.0
5,30,6,20.567722,2800.0
5,30,7,95.271802,2800.0
5,30,8,185.87449900000001,2800.0
5,30,9,257.160769,2800.0
5,30,10,310.056806,2800.0
5,30,11,166.832568,2800.0
5,30,12,246.714344,2800.0
5,30,13,357.664293,2800.0
5,30,14,278.842695,2800.0
5,30,15,85.011137,2800.0
5,30,16,223.376192,2800.0
5,30,17,140.43460399999998,2800.0
5,30,18,52.611644,2800.0
5,30,19,7.129392,2800.0
5,30,20,0.0,2800.0
5,30,21,0.0,2800.0
5,30,22,0.0,2800.0
5,30,23,0.0,2800.0
5,31,0,0.0,2800.0
5,31,1,0.0,2800.0
5,31,2,0.0,2800.0
5,31,3,0.0,2800.0
5,31,4,0.0,2800.0
5,31,5,-0.0,2800.0
5,31,6,20.027177,2800.0
5,31,7,95.155632,2800.0
5,31,8,186.804472,2800.0
5,31,9,260.175828,2800.0
5,31,10,316.345687,2800.0
5,31,11,352.710641,2800.0
5,31,12,362.5,2800.0
5,31,13,362.5,2800.0
5,31,14,339.052543,2800.0
5,31,15,292.646554,2800.0
5,31,16,227.158578,2800.0
5,31,17,144.391383,2800.0
5,31,18,52.917471,2800.0
5,31,19,8.935101000000001,2800.0
5,31,20,0.0,2800.0
5,31,21,0.0,2800.0
5,31,22,0.0,2800.0
5,31,23,0.0,2800.0
6,1,0,0.0,2800.0
6,1,1,0.0,2800.0
6,1,2,0.0,2800.0
6,1,3,0.0,2800.0
6,1,4,0.0,2800.0
6,1,5,-0.0,2800.0
6,1,6,21.91761,2800.0
6,1,7,25.378009,2800.0
6,1,8,65.231379,1749.3017415377876
6,1,9,243.76205199999998,2800.0
6,1,10,295.211873,2800.0
6,1,11,271.926901,2800.0
6,1,12,306.820292,2800.0
6,1,13,257.525545,2800.0
6,1,14,163.705139,2800.0
6,1,15,92.688175,2800.0
6,1,16,175.96589799999998,2800.0
6,1,17,71.054511,2800.0
6,1,18,51.268038,2800.0
6,1,19,7.5167790000000005,2744.426018516277
6,1,20,0.0,2800.0
6,1,21,0.0,2800.0
6,1,22,0.0,2800.0
6,1,23,0.0,2800.0
6,2,0,0.0,2800.0
6,2,1,0.0,2800.0
6,2,2,0.0,2800.0
6,2,3,0.0,2800.0
6,2,4,0.0,2800.0
6,2,5,-0.0,2800.0
6,2,6,13.40115,2800.0
6,2,7,45.838680999999994,2800.0
6,2,8,101.422957,2800.0
6,2,9,172.013498,2800.0
6,2,10,124.986002,2800.0
6,2,11,121.862768,2800.0
6,2,12,108.189188,2800.0
6,2,13,185.676297,2800.0
6,2,14,260.262981,2800.0
6,2,15,173.623306,2800.0
6,2,16,137.83852900000002,2800.0
6,2,17,92.909286,2800.0
6,2,18,53.053047,2800.0
6,2,19,4.375601,2800.0
6,2,20,0.0,2800.0
6,2,21,0.0,2800.0
6,2,22,0.0,2800.0
6,2,23,0.0,2800.0
6,3,0,0.0,2800.0
6,3,1,0.0,2800.0
6,3,2,0.0,2800.0
6,3,3,0.0,2800.0
6,3,4,0.0,2800.0
6,3,5,-0.0,2800.0
6,3,6,21.652810000000002,2800.0
6,3,7,92.145686,2800.0
6,3,8,157.055353,2800.0
6,3,9,123.76944400000001,2800.0
6,3,10,215.52389300000002,2800.0
6,3,11,204.116593,2800.0
6,3,12,229.854306,2800.0
6,3,13,335.600702,2800.0
6,3,14,313.124298,2800.0
6,3,15,272.292404,2800.0
6,3,16,214.58961,2800.0
6,3,17,138.586264,2800.0
6,3,18,55.133617,2800.0
6,3,19,9.117331,2800.0
6,3,20,0.0,2800.0
6,3,21,0.0,2800.0
6,3,22,0.0,2800.0
6,3,23,0.0,2800.0
6,4,0,0.0,2800.0
6,4,1,0.0,2800.0
6,4,2,0.0,2800.0
6,4,3,0.0,2800.0
6,4,4,0.0,2800.0
6,4,5,0.22167900000000001,2800.0
6,4,6,21.748132000000002,2800.0
6,4,7,94.457424,2800.0
6,4,8,182.12450399999997,2800.0
6,4,9,250.288025,2800.0
6,4,10,301.78689,2800.0
6,4,11,306.588206,2800.0
6,4,12,344.850609,2800.0
6,4,13,337.335821,2800.0
6,4,14,314.32223100000004,2800.0
6,4,15,231.21425299999999,2800.0
6,4,16,161.500101,2800.0
6,4,17,114.828976,2800.0
6,4,18,38.786066,2800.0
6,4,19,8.389372,2800.0
6,4,20,0.0,2800.0
6,4,21,0.0,2800.0
6,4,22,0.0,2800.0
6,4,23,0.0,2800.0
6,5,0,0.0,2800.0
6,5,1,0.0,2800.0
6,5,2,0.0,2800.0
6,5,3,0.0,2800.0
6,5,4,0.0,2800.0
6,5,5,-0.0,2800.0
6,5,6,21.422114,2800.0
6,5,7,90.09252000000001,2800.0
6,5,8,136.599684,2800.0
6,5,9,211.09906099999998,2800.0
6,5,10,266.527292,2800.0
6,5,11,299.005623,2800.0
6,5,12,300.97963599999997,2800.0
6,5,13,280.64284200000003,2800.0
6,5,14,265.24784600000004,2800.0
6,5,15,228.319394,2800.0
6,5,16,175.945899,2800.0
6,5,17,112.791932,2800.0
6,5,18,53.839379,2800.0
6,5,19,9.925352,2800.0
6,5,20,0.0,2800.0
6,5,21,0.0,2800.0
6,5,22,0.0,2694.829168782761
6,5,23,0.0,835.542666361563
6,6,0,0.0,375.1945078601572
6,6,1,0.0,905.1368564268978
6,6,2,0.0,2061.927887690667
6,6,3,0.0,2800.0
6,6,4,0.0,2800.0
6,6,5,0.142694,2800.0
6,6,6,20.840308,2800.0
6,6,7,89.173725,2800.0
6,6,8,171.677916,2800.0
6,6,9,239.60266099999998,2800.0
6,6,10,289.968427,2800.0
6,6,11,322.946096,2800.0
6,6,12,337.41839899999997,2800.0
6,6,13,333.302644,2800.0
6,6,14,233.522202,2800.0
6,6,15,266.396776,2800.0
6,6,16,207.670237,2800.0
6,6,17,133.262244,2800.0
6,6,18,53.567811,2800.0
6,6,19,9.018550999999999,2800.0
6,6,20,0.0,2800.0
6,6,21,0.0,2800.0
6,6,22,0.0,2800.0
6,6,23,0.0,2800.0
6,7,0,0.0,2800.0
6,7,1,0.0,2800.0
6,7,2,0.0,2800.0
6,7,3,0.0,2800.0
6,7,4,0.0,2275.070137118247
6,7,5,0.152795,1193.2453053765432
6,7,6,21.402973999999997,2800.0
6,7,7,89.531243,2800.0
6,7,8,174.355075,2800.0
6,7,9,243.462978,2800.0
6,7,10,296.863095,2800.0
6,7,11,331.08394599999997,2800.0
6,7,12,346.66216399999996,2800.0
6,7,13,342.40965600000004,2800.0
6,7,14,316.364311,2800.0
6,7,15,272.924175,2800.0
6,7,16,153.61533,2800.0
6,7,17,135.742057,2800.0
6,7,18,53.048273,2800.0
6,7,19,8.735556,2800.0
6,7,20,0.0,2800.0
6,7,21,0.0,2800.0
6,7,22,0.0,2800.0
6,7,23,0.0,2800.0
6,8,0,0.0,2800.0
6,8,1,0.0,2800.0
6,8,2,0.0,2800.0
6,8,3,0.0,2800.0
6,8,4,0.0,2800.0
6,8,5,0.592526,2800.0
6,8,6,19.395419,2800.0
6,8,7,90.595438,2800.0
6,8,8,173.68310200000002,2800.0
6,8,9,238.13558799999998,2800.0
6,8,10,284.498104,2800.0
6,8,11,311.400669,2800.0
6,8,12,317.850318,2800.0
6,8,13,273.984991,2800.0
6,8,14,227.63147700000002,2800.0
6,8,15,237.74574299999998,2800.0
6,8,16,193.42464999999999,2800.0
6,8,17,132.170349,2800.0
6,8,18,50.642849000000005,2800.0
6,8,19,8.127657000000001,2800.0
6,8,20,0.0,2800.0
6,8,21,0.0,2800.0
6,8,22,0.0,2800.0
6,8,23,0.0,2800.0
6,9,0,0.0,2800.0
6,9,1,0.0,2800.0
6,9,2,0.0,2800.0
6,9,3,0.0,2800.0
6,9,4,0.0,2800.0
6,9,5,0.371004,2800.0
6,9,6,20.292597,2800.0
6,9,7,70.996318,2800.0
6,9,8,168.04574,2800.0
6,9,9,232.378031,2800.0
6,9,10,281.918495,2800.0
6,9,11,313.974816,2800.0
6,9,12,326.921239,2800.0
6,9,13,322.06459,2800.0
6,9,14,298.94382,2800.0
6,9,15,258.76836,2800.0
6,9,16,193.295477,2800.0
6,9,17,128.070488,2800.0
6,9,18,54.133852,2800.0
6,9,19,10.963153,2800.0
6,9,20,0.0,2800.0
6,9,21,0.0,2800.0
6,9,22,0.0,2800.0
6,9,23,0.0,2800.0
6,10,0,0.0,2800.0
6,10,1,0.0,2800.0
6,10,2,0.0,2800.0
6,10,3,0.0,2800.0
6,10,4,0.0,2800.0
6,10,5,-0.0,2800.0
6,10,6,22.670531999999998,2800.0
6,10,7,87.76712699999999,2800.0
6,10,8,167.042528,2800.0
6,10,9,230.70554199999998,2800.0
6,10,10,279.61798,2800.0
6,10,11,311.25111200000003,2800.0
6,10,12,323.854982,2800.0
6,10,13,310.50444400000003,2800.0
6,10,14,286.544407,2800.0
6,10,15,244.35935999999998,2800.0
6,10,16,189.273955,2800.0
6,10,17,94.542862,2800.0
6,10,18,46.679179,2800.0
6,10,19,10.056124,2800.0
6,10,20,0.0,2800.0
6,10,21,0.0,2800.0
6,10,22,0.0,2800.0
6,10,23,0.0,2800.0
6,11,0,0.0,2800.0
6,11,1,0.0,2800.0
6,11,2,0.0,2800.0
6,11,3,0.0,2800.0
6,11,4,0.0,2800.0
6,11,5,-0.0,2794.6277004301824
6,11,6,25.10044,2800.0
6,11,7,86.620581,2800.0
6,11,8,160.990736,2800.0
6,11,9,223.24587899999997,2800.0
6,11,10,270.857245,2800.0
6,11,11,301.202846,2800.0
6,11,12,315.884486,2800.0
6,11,13,177.01296299999998,2800.0
6,11,14,56.851386,2800.0
6,11,15,64.724768,2800.0
6,11,16,74.65825199999999,2800.0
6,11,17,88.930438,2800.0
6,11,18,38.946322,2800.0
6,11,19,10.971332,2800.0
6,11,20,0.0,2800.0
6,11,21,0.0,2800.0
6,11,22,0.0,2800.0
6,11,23,0.0,2800.0
6,12,0,0.0,2800.0
6,12,1,0.0,2800.0
6,12,2,0.0,2800.0
6,12,3,0.0,2800.0
6,12,4,0.0,2800.0
6,12,5,-0.0,2800.0
6,12,6,20.393482,2800.0
6,12,7,66.947023,2800.0
6,12,8,132.392871,2800.0
6,12,9,183.973005,2800.0
6,12,10,229.26738699999999,2800.0
6,12,11,280.696659,2800.0
6,12,12,306.540288,2800.0
6,12,13,299.407979,2800.0
6,12,14,222.273688,2800.0
6,12,15,235.04016099999998,2800.0
6,12,16,182.051942,2800.0
6,12,17,85.880181,2800.0
6,12,18,48.662664,2800.0
6,12,19,10.471516,2800.0
6,12,20,0.0,2800.0
6,12,21,0.0,2800.0
6,12,22,0.0,2800.0
6,12,23,0.0,2800.0
6,13,0,0.0,2800.0
6,13,1,0.0,2800.0
6,13,2,0.0,2800.0
6,13,3,0.0,2800.0
6,13,4,0.0,2800.0
6,13,5,-0.0,2800.0
6,13,6,21.450784,2800.0
6,13,7,25.327959999999997,2800.0
6,13,8,65.996366,2800.0
6,13,9,101.534388,2800.0
6,13,10,96.228081,2800.0
6,13,11,156.102725,2800.0
6,13,12,171.672863,2800.0
6,13,13,131.37394500000002,2800.0
6,13,14,203.385835,2800.0
6,13,15,163.836077,2800.0
6,13,16,181.419234,2800.0
6,13,17,67.11990300000001,2800.0
6,13,18,30.12215,2800.0
6,13,19,8.618164,2800.0
6,13,20,0.0,2800.0
6,13,21,0.0,2800.0
6,13,22,0.0,2800.0
6,13,23,0.0,2800.0
6,14,0,0.0,2800.0
6,14,1,0.0,2800.0
6,14,2,0.0,2800.0
6,14,3,0.0,2800.0
6,14,4,0.0,2800.0
6,14,5,0.43819,2800.0
6,14,6,18.440837,2800.0
6,14,7,92.310649,2800.0
6,14,8,182.567147,2800.0
6,14,9,251.608391,2800.0
6,14,10,304.380781,2800.0
6,14,11,337.797464,2800.0
6,14,12,352.133309,2800.0
6,14,13,227.341353,2800.0
6,14,14,266.674766,2800.0
6,14,15,279.469767,2800.0
6,14,16,163.299238,2800.0
6,14,17,144.345992,2800.0
6,14,18,59.259982,2800.0
6,14,19,10.227746,2800.0
6,14,20,0.0,2800.0
6,14,21,0.0,2800.0
6,14,22,0.0,2800.0
6,14,23,0.0,2800.0
6,15,0,0.0,2800.0
6,15,1,0.0,2800.0
6,15,2,0.0,2800.0
6,15,3,0.0,2800.0
6,15,4,0.0,2800.0
6,15,5,0.713547,2800.0
6,15,6,19.636101999999998,2800.0
6,15,7,97.73598600000001,2800.0
6,15,8,191.149652,2800.0
6,15,9,263.294469,2800.0
6,15,10,317.58381099999997,2800.0
6,15,11,305.65815999999995,2800.0
6,15,12,266.228143,2800.0
6,15,13,361.19862,2800.0
6,15,14,336.74417,2800.0
6,15,15,292.90754499999997,2800.0
6,15,16,232.510177,2800.0
6,15,17,152.995182,2800.0
6,15,18,60.567758999999995,2800.0
6,15,19,7.877217,2800.0
6,15,20,0.0,2800.0
6,15,21,0.0,2800.0
6,15,22,0.0,2800.0
6,15,23,0.0,2800.0
6,16,0,0.0,2800.0
6,16,1,0.0,2800.0
6,16,2,0.0,2800.0
6,16,3,0.0,2800.0
6,16,4,0.0,2800.0
6,16,5,0.260903,2800.0
6,16,6,12.370537,2800.0
6,16,7,71.079173,2800.0
6,16,8,135.521467,2800.0
6,16,9,75.86666199999999,2800.0
6,16,10,127.295233,2800.0
6,16,11,172.112456,2800.0
6,16,12,124.251304,2800.0
6,16,13,257.558488,2800.0
6,16,14,283.19302700000003,2800.0
6,16,15,156.909924,2800.0
6,16,16,191.659349,2800.0
6,16,17,87.33998,2800.0
6,16,18,23.386367999999997,2800.0
6,16,19,3.3179830000000003,2800.0
6,16,20,0.0,2800.0
6,16,21,0.0,2800.0
6,16,22,0.0,2800.0
6,16,23,0.0,2800.0
6,17,0,0.0,2800.0
6,17,1,0.0,2800.0
6,17,2,0.0,2800.0
6,17,3,0.0,2800.0
6,17,4,0.0,2549.630956168769
6,17,5,0.492537,2409.744269793466
6,17,6,20.998064,523.8060511729734
6,17,7,72.853469,0.8131632647455637
6,17,8,183.696848,24.01244850305007
6,17,9,256.660399,9.545962443012346
6,17,10,314.22411999999997,12.02516344101197
6,17,11,351.205241,8.44565662798097
6,17,12,362.5,96.20130752809575
6,17,13,362.5,324.6794129073232
6,17,14,343.39392200000003,430.6948862392302
6,17,15,298.98181900000003,540.5220241907821
6,17,16,237.319732,629.4537376638762
6,17,17,156.055329,610.9415963527902
6,17,18,62.5051,1003.7965929387176
6,17,19,6.972205,2645.8334855800563
6,17,20,0.0,2800.0
6,17,21,0.0,2800.0
6,17,22,0.0,2800.0
6,17,23,0.0,2800.0
6,18,0,0.0,2800.0
6,18,1,0.0,2800.0
6,18,2,0.0,2800.0
6,18,3,0.0,2800.0
6,18,4,0.0,2800.0
6,18,5,0.039500999999999994,2800.0
6,18,6,21.881943,2800.0
6,18,7,74.817395,2800.0
6,18,8,156.883544,2800.0
6,18,9,232.901245,2800.0
6,18,10,311.041264,2800.0
6,18,11,345.952808,2800.0
6,18,12,360.635788,2800.0
6,18,13,356.009625,2800.0
6,18,14,330.90474,2800.0
6,18,15,287.668186,2800.0
6,18,16,228.230618,2800.0
6,18,17,150.603547,2800.0
6,18,18,57.32946,2800.0
6,18,19,10.070497999999999,2800.0
6,18,20,0.0,2800.0
6,18,21,0.0,2800.0
6,18,22,0.0,2800.0
6,18,23,0.0,2800.0
6,19,0,0.0,2800.0
6,19,1,0.0,2800.0
6,19,2,0.0,2800.0
6,19,3,0.0,2800.0
6,19,4,0.0,2800.0
6,19,5,-0.0,2800.0
6,19,6,22.122837999999998,2800.0
6,19,7,45.411357,2800.0
6,19,8,113.659115,2800.0
6,19,9,152.76613,2800.0
6,19,10,216.085125,2800.0
6,19,11,277.49448700000005,2800.0
6,19,12,318.281992,2800.0
6,19,13,315.771273,2800.0
6,19,14,319.626537,2800.0
6,19,15,233.27416699999998,2800.0
6,19,16,198.327946,2800.0
6,19,17,106.08463499999999,2800.0
6,19,18,55.605421,2800.0
6,19,19,10.664397999999998,2800.0
6,19,20,0.0,2800.0
6,19,21,0.0,2800.0
6,19,22,0.0,2800.0
6,19,23,0.0,2800.0
6,20,0,0.0,2800.0
6,20,1,0.0,2800.0
6,20,2,0.0,2800.0
6,20,3,0.0,2800.0
6,20,4,0.0,2800.0
6,20,5,-0.0,2800.0
6,20,6,3.428721,2800.0
6,20,7,47.845915,2800.0
6,20,8,112.02307,2800.0
6,20,9,162.57042199999998,2800.0
6,20,10,123.605458,2800.0
6,20,11,131.13843599999998,2800.0
6,20,12,238.35202999999998,2800.0
6,20,13,206.798663,2800.0
6,20,14,127.854692,2800.0
6,20,15,93.344287,2800.0
6,20,16,114.176885,2800.0
6,20,17,58.25881,2800.0
6,20,18,27.740252,2800.0
6,20,19,11.076884,2800.0
6,20,20,0.0,2800.0
6,20,21,0.0,2800.0
6,20,22,0.0,2800.0
6,20,23,0.0,2800.0
6,21,0,0.0,2800.0
6,21,1,0.0,2800.0
6,21,2,0.0,2800.0
6,21,3,0.0,2800.0
6,21,4,0.0,2800.0
6,21,5,-0.0,2800.0
6,21,6,10.544941999999999,2800.0
6,21,7,86.99717,2800.0
6,21,8,123.010958,2800.0
6,21,9,204.214666,2800.0
6,21,10,265.69738299999995,2800.0
6,21,11,282.763037,2800.0
6,21,12,298.80812099999997,2800.0
6,21,13,292.81116399999996,2800.0
6,21,14,247.755513,2800.0
6,21,15,216.41747099999998,2800.0
6,21,16,140.202522,2800.0
6,21,17,129.49742,2800.0
6,21,18,59.499669999999995,2800.0
6,21,19,12.592291999999999,2800.0
6,21,20,0.0,2800.0
6,21,21,0.0,2800.0
6,21,22,0.0,2800.0
6,21,23,0.0,2800.0
6,22,0,0.0,2800.0
6,22,1,0.0,2800.0
6,22,2,0.0,2800.0
6,22,3,0.0,2800.0
6,22,4,0.0,2800.0
6,22,5,-0.0,2800.0
6,22,6,20.026885,2800.0
6,22,7,2.027806,2800.0
6,22,8,42.29152,2800.0
6,22,9,63.785796000000005,2800.0
6,22,10,93.385118,2800.0
6,22,11,70.809727,2800.0
6,22,12,121.244582,2800.0
6,22,13,207.968279,2800.0
6,22,14,251.225875,2800.0
6,22,15,240.36379,2800.0
6,22,16,169.98863500000002,2800.0
6,22,17,130.46258500000002,2800.0
6,22,18,49.934081,2800.0
6,22,19,12.591994000000001,2800.0
6,22,20,0.0,2800.0
6,22,21,0.0,2800.0
6,22,22,0.0,2800.0
6,22,23,0.0,2502.4167786610287
6,23,0,0.0,978.4920029593812
6,23,1,0.0,138.67213448175264
6,23,2,0.0,3.0015560628812588
6,23,3,0.0,26.194120943625872
6,23,4,0.0,33.523587275070305
6,23,5,-0.0,28.504091119435778
6,23,6,22.077963,978.4920029593812
6,23,7,76.13802,2800.0
6,23,8,141.747676,2800.0
6,23,9,209.486673,2800.0
6,23,10,250.89997,2800.0
6,23,11,166.952466,2800.0
6,23,12,277.981555,2800.0
6,23,13,213.94221299999998,2800.0
6,23,14,269.844185,2800.0
6,23,15,204.25463699999997,2800.0
6,23,16,171.415122,2800.0
6,23,17,47.164917,2800.0
6,23,18,32.79003,2800.0
6,23,19,11.525568999999999,2800.0
6,23,20,0.0,2800.0
6,23,21,0.0,2800.0
6,23,22,0.0,2800.0
6,23,23,0.0,2800.0
6,24,0,0.0,2645.8334855800563
6,24,1,0.0,1824.2618316438895
6,24,2,0.0,2231.3199984618277
6,24,3,0.0,2800.0
6,24,4,0.0,2800.0
6,24,5,-0.0,2800.0
6,24,6,0.069983,2800.0
6,24,7,29.80731,2800.0
6,24,8,44.692033,2794.6277004301824
6,24,9,71.604295,1605.5985030100696
6,24,10,80.893535,2061.927887690667
6,24,11,142.25657,2794.6277004301824
6,24,12,78.20064599999999,2364.2786071344885
6,24,13,31.006700000000002,1082.3203053763452
6,24,14,107.42682,289.9235564324093
6,24,15,139.787608,160.15467383430587
6,24,16,147.79458,610.9415963527902
6,24,17,18.958941,1193.2453053765432
6,24,18,41.306779999999996,1605.5985030100696
6,24,19,12.255006,2800.0
6,24,20,0.0,2800.0
6,24,21,0.0,2800.0
6,24,22,0.0,2800.0
6,24,23,0.0,2800.0
6,25,0,0.0,2800.0
6,25,1,0.0,2800.0
6,25,2,0.0,2800.0
6,25,3,0.0,2800.0
6,25,4,0.0,2800.0
6,25,5,-0.0,2800.0
6,25,6,20.779592,2800.0
6,25,7,73.702955,2800.0
6,25,8,171.059179,2800.0
6,25,9,240.223621,2800.0
6,25,10,291.280555,2800.0
6,25,11,325.156743,2800.0
6,25,12,340.00210200000004,2800.0
6,25,13,336.634358,2800.0
6,25,14,314.425152,2800.0
6,25,15,273.29988299999997,2800.0
6,25,16,218.919677,2800.0
6,25,17,143.907987,2800.0
6,25,18,54.449372000000004,2800.0
6,25,19,8.031046,2800.0
6,25,20,0.0,2800.0
6,25,21,0.0,2800.0
6,25,22,0.0,2800.0
6,25,23,0.0,2800.0
6,26,0,0.0,2800.0
6,26,1,0.0,2800.0
6,26,2,0.0,2800.0
6,26,3,0.0,2800.0
6,26,4,0.0,2800.0
6,26,5,-0.0,2800.0
6,26,6,20.635223000000003,2800.0
6,26,7,70.918372,2800.0
6,26,8,74.138945,2800.0
6,26,9,200.934023,2800.0
6,26,10,199.7347,2800.0
6,26,11,266.85783100000003,2800.0
6,26,12,254.305573,2800.0
6,26,13,227.242153,2800.0
6,26,14,259.228441,2800.0
6,26,15,120.27686299999999,2800.0
6,26,16,80.36201799999999,2800.0
6,26,17,64.350387,2800.0
6,26,18,32.421313,2800.0
6,26,19,-0.0,2800.0
6,26,20,0.0,2800.0
6,26,21,0.0,2800.0
6,26,22,0.0,2800.0
6,26,23,0.0,2800.0
6,27,0,0.0,2800.0
6,27,1,0.0,2800.0
6,27,2,0.0,2800.0
6,27,3,0.0,2800.0
6,27,4,0.0,2800.0
6,27,5,-0.0,2800.0
6,27,6,15.511626,2800.0
6,27,7,46.419402999999996,2800.0
6,27,8,106.083155,2800.0
6,27,9,122.045661,2800.0
6,27,10,82.18603,2800.0
6,27,11,141.50457600000001,2800.0
6,27,12,191.281341,2800.0
6,27,13,177.19153,2800.0
6,27,14,251.20619699999997,2800.0
6,27,15,214.686169,2800.0
6,27,16,141.40967,2800.0
6,27,17,137.65879199999998,2800.0
6,27,18,56.117457,2800.0
6,27,19,11.878054,2800.0
6,27,20,0.0,2800.0
6,27,21,0.0,2800.0
6,27,22,0.0,2800.0
6,27,23,0.0,2800.0
6,28,0,0.0,2800.0
6,28,1,0.0,2800.0
6,28,2,0.0,2800.0
6,28,3,0.0,2800.0
6,28,4,0.0,2800.0
6,28,5,-0.0,2800.0
6,28,6,8.56622,2800.0
6,28,7,41.702627,2800.0
6,28,8,41.731804,2794.6277004301824
6,28,9,75.072789,2800.0
6,28,10,132.14212899999998,2800.0
6,28,11,310.616256,2800.0
6,28,12,263.613393,2800.0
6,28,13,156.97407199999998,2800.0
6,28,14,181.21542499999998,2800.0
6,28,15,214.827511,1405.1461214803344
6,28,16,164.704415,929.1658003530496
6,28,17,105.41412799999999,2800.0
6,28,18,33.459482,2800.0
6,28,19,3.391728,2800.0
6,28,20,0.0,2800.0
6,28,21,0.0,2800.0
6,28,22,0.0,2800.0
6,28,23,0.0,2800.0
6,29,0,0.0,2800.0
6,29,1,0.0,2800.0
6,29,2,0.0,2800.0
6,29,3,0.0,2800.0
6,29,4,0.0,2800.0
6,29,5,-0.0,2800.0
6,29,6,12.338027,2800.0
6,29,7,27.257137,2800.0
6,29,8,86.83477,2800.0
6,29,9,116.443794,2800.0
6,29,10,192.10310099999998,2800.0
6,29,11,227.420558,2800.0
6,29,12,214.841831,2800.0
6,29,13,272.787654,2800.0
6,29,14,333.37981199999996,2800.0
6,29,15,291.366395,2800.0
6,29,16,230.958161,2800.0
6,29,17,153.686522,2800.0
6,29,18,63.298203,2800.0
6,29,19,7.702355,2800.0
6,29,20,0.0,2800.0
6,29,21,0.0,2800.0
6,29,22,0.0,2800.0
6,29,23,0.0,2800.0
6,30,0,0.0,2800.0
6,30,1,0.0,2800.0
6,30,2,0.0,2800.0
6,30,3,0.0,2800.0
6,30,4,0.0,2800.0
6,30,5,-0.0,2800.0
6,30,6,20.195842,2800.0
6,30,7,86.44799099999999,375.1945078601572
6,30,8,172.501533,175.6432651850418
6,30,9,222.837978,45.26344099058551
6,30,10,292.946411,45.26344099058551
6,30,11,326.49514600000003,301.21803372418333
6,30,12,173.44373800000002,1405.1461214803344
6,30,13,334.225167,2800.0
6,30,14,240.71759,2800.0
6,30,15,221.51697000000001,2800.0
6,30,16,218.133881,2800.0
6,30,17,144.070824,2800.0
6,30,18,60.825657,2800.0
6,30,19,13.184913,2800.0
6,30,20,0.0,2800.0
6,30,21,0.0,2800.0
6,30,22,0.0,2103.4419801044355
6,30,23,0.0,1676.4237403920558
7,1,0,0.0,2275.070137118247
7,1,1,0.0,2800.0
7,1,2,0.0,2800.0
7,1,3,0.0,2800.0
7,1,4,0.0,2800.0
7,1,5,-0.0,2800.0
7,1,6,-0.0,2800.0
7,1,7,81.184376,2800.0
7,1,8,154.86425599999998,2800.0
7,1,9,220.330093,2800.0
7,1,10,270.15818,2800.0
7,1,11,304.804253,2800.0
7,1,12,318.93541999999997,2800.0
7,1,13,189.325238,2800.0
7,1,14,255.718805,2800.0
7,1,15,189.700569,2800.0
7,1,16,177.295848,2800.0
7,1,17,127.096619,2800.0
7,1,18,59.593720999999995,2800.0
7,1,19,13.037468,2800.0
7,1,20,0.0,2800.0
7,1,21,0.0,2800.0
7,1,22,0.0,2800.0
7,1,23,0.0,2800.0
7,2,0,0.0,2800.0
7,2,1,0.0,1824.2618316438895
7,2,2,0.0,575.0133429544752
7,2,3,0.0,4.190448409383788
7,2,4,0.0,125.47457411733969
7,2,5,-0.0,1786.5196926460033
7,2,6,23.050565,2800.0
7,2,7,79.417135,2800.0
7,2,8,149.466818,2800.0
7,2,9,136.03172,2800.0
7,2,10,258.65252100000004,2800.0
7,2,11,290.541641,2800.0
7,2,12,252.79629699999998,2800.0
7,2,13,302.58885200000003,2800.0
7,2,14,238.963697,2800.0
7,2,15,225.347842,2800.0
7,2,16,195.372933,2800.0
7,2,17,131.576267,2800.0
7,2,18,60.324582,2800.0
7,2,19,12.514958,2800.0
7,2,20,0.0,2800.0
7,2,21,0.0,2800.0
7,2,22,0.0,2800.0
7,2,23,0.0,2800.0
7,3,0,0.0,2800.0
7,3,1,0.0,2800.0
7,3,2,0.0,2800.0
7,3,3,0.0,2800.0
7,3,4,0.0,2800.0
7,3,5,-0.0,2800.0
7,3,6,18.391831,2800.0
7,3,7,82.200746,2800.0
7,3,8,157.226054,2800.0
7,3,9,220.371246,2800.0
7,3,10,263.745844,2800.0
7,3,11,251.574604,2800.0
7,3,12,308.69885800000003,2800.0
7,3,13,315.64234000000005,2800.0
7,3,14,292.68526299999996,2800.0
7,3,15,253.97343700000002,2800.0
7,3,16,195.478404,2800.0
7,3,17,130.261613,2800.0
7,3,18,47.905038,2800.0
7,3,19,8.109872000000001,2800.0
7,3,20,0.0,2800.0
7,3,21,0.0,2800.0
7,3,22,0.0,2800.0
7,3,23,0.0,2800.0
7,4,0,0.0,2800.0
7,4,1,0.0,2800.0
7,4,2,0.0,2800.0
7,4,3,0.0,2800.0
7,4,4,0.0,2800.0
7,4,5,-0.0,2800.0
7,4,6,20.697259,2800.0
7,4,7,78.624252,2800.0
7,4,8,154.207795,2800.0
7,4,9,221.649894,2800.0
7,4,10,272.730704,2800.0
7,4,11,306.98116,2800.0
7,4,12,321.783159,2020.963642713616
7,4,13,316.795415,1437.3238044186396
7,4,14,206.20801999999998,1373.4523042863404
7,4,15,210.45790599999998,1712.6043126696648
7,4,16,110.819708,2145.5095856044995
7,4,17,29.85423,2319.3884514592746
7,4,18,50.896403,1901.3333359069868
7,4,19,7.793898,2800.0
7,4,20,0.0,2800.0
7,4,21,0.0,2800.0
7,4,22,0.0,2800.0
7,4,23,0.0,2800.0
7,5,0,0.0,2800.0
7,5,1,0.0,2800.0
7,5,2,0.0,2800.0
7,5,3,0.0,2800.0
7,5,4,0.0,2800.0
7,5,5,-0.0,2800.0
7,5,6,15.271307,2800.0
7,5,7,-0.0,2800.0
7,5,8,25.574968000000002,2800.0
7,5,9,201.435245,2800.0
7,5,10,277.541292,2800.0
7,5,11,311.76446000000004,2800.0
7,5,12,326.02242700000005,2800.0
7,5,13,320.172413,2800.0
7,5,14,296.412148,2800.0
7,5,15,73.45000900000001,2800.0
7,5,16,5.211893,2800.0
7,5,17,129.840781,2800.0
7,5,18,54.601808,2800.0
7,5,19,12.932286,2800.0
7,5,20,0.0,2800.0
7,5,21,0.0,2800.0
7,5,22,0.0,2800.0
7,5,23,0.0,2800.0
7,6,0,0.0,2800.0
7,6,1,0.0,2800.0
7,6,2,0.0,2800.0
7,6,3,0.0,2800.0
7,6,4,0.0,2800.0
7,6,5,-0.0,2800.0
7,6,6,16.358253,2800.0
7,6,7,10.600351,2800.0
7,6,8,99.381658,2800.0
7,6,9,215.49907000000002,2800.0
7,6,10,190.578963,2800.0
7,6,11,297.910728,2800.0
7,6,12,314.266065,2800.0
7,6,13,317.78776500000004,2800.0
7,6,14,253.82607199999998,2800.0
7,6,15,256.024902,2800.0
7,6,16,189.36539100000002,2800.0
7,6,17,125.582681,2800.0
7,6,18,57.983705,2800.0
7,6,19,12.775971,2800.0
7,6,20,0.0,2800.0
7,6,21,0.0,2800.0
7,6,22,0.0,2800.0
7,6,23,0.0,2800.0
7,7,0,0.0,2645.8334855800563
7,7,1,0.0,2645.8334855800563
7,7,2,0.0,2694.829168782761
7,7,3,0.0,2800.0
7,7,4,0.0,2800.0
7,7,5,-0.0,2800.0
7,7,6,19.432556,2800.0
7,7,7,77.143491,1712.6043126696648
7,7,8,96.599633,1749.3017415377876
7,7,9,172.57968499999998,1251.4423799619176
7,7,10,213.649406,113.14210705336222
7,7,11,86.302569,430.6948862392302
7,7,12,204.72126699999998,1570.9465066065366
7,7,13,281.27742,2455.7891050857875
7,7,14,274.310267,2800.0
7,7,15,159.99759400000002,2800.0
7,7,16,172.227658,2800.0
7,7,17,132.69089799999998,2800.0
7,7,18,58.725863,2549.630956168769
7,7,19,11.818657,2800.0
7,7,20,0.0,2800.0
7,7,21,0.0,2800.0
7,7,22,0.0,2800.0
7,7,23,0.0,2800.0
7,8,0,0.0,2694.829168782761
7,8,1,0.0,1712.6043126696648
7,8,2,0.0,1469.9890187508342
7,8,3,0.0,1786.5196926460033
7,8,4,0.0,1342.23868718708
7,8,5,-0.0,1082.3203053763452
7,8,6,16.459011999999998,349.3284625537728
7,8,7,75.140424,2800.0
7,8,8,125.953939,2800.0
7,8,9,195.32805199999999,2800.0
7,8,10,244.20351000000002,2800.0
7,8,11,278.366904,2800.0
7,8,12,324.044505,2800.0
7,8,13,320.927325,2800.0
7,8,14,90.77975599999999,2800.0
7,8,15,50.119124000000006,2800.0
7,8,16,9.213505999999999,2800.0
7,8,17,11.985758,2800.0
7,8,18,8.478584999999999,2800.0
7,8,19,-0.0,2800.0
7,8,20,0.0,2800.0
7,8,21,0.0,2800.0
7,8,22,0.0,2800.0
7,8,23,0.0,2800.0
7,9,0,0.0,2800.0
7,9,1,0.0,2800.0
7,9,2,0.0,2800.0
7,9,3,0.0,2800.0
7,9,4,0.0,2800.0
7,9,5,-0.0,1940.6700324713545
7,9,6,16.859677,430.6948862392302
7,9,7,35.940407,402.3068740231014
7,9,8,33.138103,475.7328897807615
7,9,9,70.35716099999999,1029.5337295682716
7,9,10,96.150943,2800.0
7,9,11,133.96113699999998,2800.0
7,9,12,106.226783,2800.0
7,9,13,83.196912,2800.0
7,9,14,20.794177,2800.0
7,9,15,40.939975,2800.0
7,9,16,25.916442,2800.0
7,9,17,0.95697,2800.0
7,9,18,43.956428,2800.0
7,9,19,2.154739,2800.0
7,9,20,0.0,2800.0
7,9,21,0.0,2800.0
7,9,22,0.0,2800.0
7,9,23,0.0,2800.0
7,10,0,0.0,2800.0
7,10,1,0.0,2800.0
7,10,2,0.0,2800.0
7,10,3,0.0,2800.0
7,10,4,0.0,2800.0
7,10,5,-0.0,2800.0
7,10,6,17.029906,2800.0
7,10,7,71.816229,2800.0
7,10,8,73.268165,2800.0
7,10,9,92.953388,2800.0
7,10,10,168.43035200000003,2800.0
7,10,11,205.002513,2800.0
7,10,12,83.500715,2800.0
7,10,13,121.315219,2800.0
7,10,14,253.71452100000002,2800.0
7,10,15,196.64106099999998,2800.0
7,10,16,154.08098999999999,2800.0
7,10,17,144.575975,2800.0
7,10,18,22.139369,2800.0
7,10,19,9.836224,2800.0
7,10,20,0.0,2800.0
7,10,21,0.0,2800.0
7,10,22,0.0,2800.0
7,10,23,0.0,2800.0
7,11,0,0.0,2800.0
7,11,1,0.0,2800.0
7,11,2,0.0,2800.0
7,11,3,0.0,2800.0
7,11,4,0.0,2800.0
7,11,5,-0.0,2800.0
7,11,6,12.225907999999999,2800.0
7,11,7,82.544737,2800.0
7,11,8,174.77302600000002,2800.0
7,11,9,248.66552,2800.0
7,11,10,305.76130800000004,2800.0
7,11,11,343.141493,2800.0
7,11,12,360.796874,2800.0
7,11,13,353.173048,2800.0
7,11,14,328.056304,2800.0
7,11,15,284.826276,2800.0
7,11,16,222.22135,2800.0
7,11,17,2.936577,2800.0
7,11,18,39.919421,2800.0
7,11,19,11.501512,2800.0
7,11,20,0.0,2800.0
7,11,21,0.0,2800.0
7,11,22,0.0,2800.0
7,11,23,0.0,2800.0
7,12,0,0.0,2800.0
7,12,1,0.0,2800.0
7,12,2,0.0,2800.0
7,12,3,0.0,2800.0
7,12,4,0.0,2800.0
7,12,5,-0.0,2800.0
7,12,6,14.578004,2800.0
7,12,7,78.359232,2800.0
7,12,8,160.93202100000002,2800.0
7,12,9,231.85619200000002,2800.0
7,12,10,291.43471999999997,2800.0
7,12,11,230.395003,2800.0
7,12,12,344.534145,2800.0
7,12,13,257.443004,2800.0
7,12,14,245.10953099999998,2800.0
7,12,15,278.99242,2800.0
7,12,16,219.52876500000002,2800.0
7,12,17,145.398065,2800.0
7,12,18,61.280352,2800.0
7,12,19,9.869745,2800.0
7,12,20,0.0,2800.0
7,12,21,0.0,2800.0
7,12,22,0.0,2800.0
7,12,23,0.0,2800.0
7,13,0,0.0,2800.0
7,13,1,0.0,2800.0
7,13,2,0.0,2800.0
7,13,3,0.0,2800.0
7,13,4,0.0,2800.0
7,13,5,-0.0,2800.0
7,13,6,13.083184,2800.0
7,13,7,80.82329399999999,2800.0
7,13,8,169.39953899999998,2800.0
7,13,9,239.074266,2800.0
7,13,10,289.533891,2800.0
7,13,11,322.395912,2800.0
7,13,12,336.836347,2800.0
7,13,13,334.815449,2800.0
7,13,14,312.737173,2800.0
7,13,15,274.96497800000003,2800.0
7,13,16,218.62131,2800.0
7,13,17,145.17999600000002,2800.0
7,13,18,60.014593999999995,2800.0
7,13,19,9.253279000000001,2800.0
7,13,20,0.0,2800.0
7,13,21,0.0,2800.0
7,13,22,0.0,2800.0
7,13,23,0.0,1749.3017415377876
7,14,0,0.0,629.4537376638762
7,14,1,0.0,96.20130752809575
7,14,2,0.0,36.240444554051166
7,14,3,0.0,402.3068740231014
7,14,4,0.0,1373.4523042863404
7,14,5,-0.0,2800.0
7,14,6,16.621688,2800.0
7,14,7,79.525728,791.1870845831577
7,14,8,162.201066,1536.7967041952045
7,14,9,230.12056700000002,2800.0
7,14,10,284.771031,2800.0
7,14,11,317.546769,2800.0
7,14,12,250.822648,2800.0
7,14,13,328.183879,2800.0
7,14,14,306.990978,2800.0
7,14,15,264.750549,2800.0
7,14,16,203.868214,2800.0
7,14,17,135.26879,2800.0
7,14,18,54.331289,2800.0
7,14,19,11.932933,2800.0
7,14,20,0.0,2800.0
7,14,21,0.0,2800.0
7,14,22,0.0,2800.0
7,14,23,0.0,2800.0
7,15,0,0.0,2800.0
7,15,1,0.0,2800.0
7,15,2,0.0,2800.0
7,15,3,0.0,2800.0
7,15,4,0.0,2800.0
7,15,5,0.0,2800.0
7,15,6,0.04235,2800.0
7,15,7,5.303243,2800.0
7,15,8,1.28301,2800.0
7,15,9,10.577448,2800.0
7,15,10,78.44183699999999,2800.0
7,15,11,159.64271599999998,2800.0
7,15,12,105.98051099999999,2800.0
7,15,13,96.561972,2800.0
7,15,14,310.034021,2800.0
7,15,15,234.970523,2800.0
7,15,16,220.048215,2800.0
7,15,17,145.27437,2800.0
7,15,18,59.465341,2800.0
7,15,19,8.321636,2800.0
7,15,20,0.0,2800.0
7,15,21,0.0,2800.0
7,15,22,0.0,2800.0
7,15,23,0.0,2800.0
7,16,0,0.0,2800.0
7,16,1,0.0,2800.0
7,16,2,0.0,2800.0
7,16,3,0.0,2800.0
7,16,4,0.0,2800.0
7,16,5,0.0,2800.0
7,16,6,11.71665,2800.0
7,16,7,79.57547100000001,2800.0
7,16,8,170.406343,2800.0
7,16,9,243.586912,2800.0
7,16,10,297.87991800000003,2800.0
7,16,11,332.961909,2800.0
7,16,12,346.985003,2800.0
7,16,13,342.030082,2800.0
7,16,14,271.884332,2800.0
7,16,15,260.916949,2800.0
7,16,16,220.271232,2800.0
7,16,17,145.211847,2800.0
7,16,18,59.237714,2800.0
7,16,19,7.614198999999999,2800.0
7,16,20,0.0,2800.0
7,16,21,0.0,2800.0
7,16,22,0.0,2800.0
7,16,23,0.0,2800.0
7,17,0,0.0,2800.0
7,17,1,0.0,2800.0
7,17,2,0.0,2800.0
7,17,3,0.0,2800.0
7,17,4,0.0,2800.0
7,17,5,0.0,2800.0
7,17,6,11.880014,2800.0
7,17,7,77.686955,2800.0
7,17,8,165.270615,2800.0
7,17,9,233.409835,2800.0
7,17,10,285.028075,2800.0
7,17,11,317.70426000000003,2800.0
7,17,12,332.515346,2800.0
7,17,13,329.617105,2800.0
7,17,14,307.181865,2800.0
7,17,15,269.966685,2800.0
7,17,16,212.271749,2800.0
7,17,17,72.739884,2800.0
7,17,18,25.726875,2800.0
7,17,19,5.590749,2800.0
7,17,20,0.0,1570.9465066065366
7,17,21,0.0,268.18869820056244
7,17,22,0.0,107.29111938509163
7,17,23,0.0,85.90327597997313
7,18,0,0.0,131.96338481220266
7,18,1,0.0,301.21803372418333
7,18,2,0.0,247.56819744046305
7,18,3,0.0,81.04201369779398
7,18,4,0.0,324.6794129073232
7,18,5,0.0,460.3878697051685
7,18,6,17.184554,791.1870845831577
7,18,7,64.469278,145.60448877556777
7,18,8,126.258898,540.5220241907821
7,18,9,117.176516,2800.0
7,18,10,175.02164100000002,2800.0
7,18,11,178.36545900000002,2800.0
7,18,12,43.939629999999994,2800.0
7,18,13,72.035814,2800.0
7,18,14,74.459428,2800.0
7,18,15,115.44564299999999,2800.0
7,18,16,116.84828,2800.0
7,18,17,46.073957,2800.0
7,18,18,32.134206999999996,2800.0
7,18,19,9.490731,2800.0
7,18,20,0.0,2800.0
7,18,21,0.0,2800.0
7,18,22,0.0,2800.0
7,18,23,0.0,2800.0
7,19,0,0.0,2800.0
7,19,1,0.0,2800.0
7,19,2,0.0,2800.0
7,19,3,0.0,2800.0
7,19,4,0.0,2800.0
7,19,5,0.0,2800.0
7,19,6,12.113283,2800.0
7,19,7,78.741745,2800.0
7,19,8,168.74173199999998,2800.0
7,19,9,240.383859,2800.0
7,19,10,291.924684,1676.4237403920558
7,19,11,323.14088699999996,445.37642374118406
7,19,12,333.78178399999996,71.8766678693094
7,19,13,327.19778,55.67205296764801
7,19,14,306.388984,96.20130752809575
7,19,15,269.783739,167.779835898385
7,19,16,216.601606,257.74098596133337
7,19,17,143.903539,278.9149998077284
7,19,18,58.490802,445.37642374118406
7,19,19,7.034925,402.3068740231014
7,19,20,0.0,475.7328897807615
7,19,21,0.0,813.163264745564
7,19,22,0.0,1605.5985030100696
7,19,23,0.0,2800.0
7,20,0,0.0,2800.0
7,20,1,0.0,2800.0
7,20,2,0.0,2800.0
7,20,3,0.0,2800.0
7,20,4,0.0,2800.0
7,20,5,0.0,2800.0
7,20,6,14.191818999999999,2800.0
7,20,7,74.451101,2800.0
7,20,8,153.828244,2800.0
7,20,9,221.71093599999998,2800.0
7,20,10,221.588344,2800.0
7,20,11,247.173911,2800.0
7,20,12,265.15886700000004,2800.0
7,20,13,293.75221999999997,2800.0
7,20,14,294.144843,2800.0
7,20,15,253.37722,2800.0
7,20,16,109.033639,2800.0
7,20,17,108.397391,2800.0
7,20,18,46.963601000000004,2800.0
7,20,19,9.647349,2800.0
7,20,20,0.0,2800.0
7,20,21,0.0,2800.0
7,20,22,0.0,2800.0
7,20,23,0.0,2800.0
7,21,0,0.0,2800.0
7,21,1,0.0,2800.0
7,21,2,0.0,2800.0
7,21,3,0.0,2800.0
7,21,4,0.0,2800.0
7,21,5,0.0,2800.0
7,21,6,0.331303,2800.0
7,21,7,56.045705000000005,2800.0
7,21,8,22.43506,2800.0
7,21,9,184.871293,2800.0
7,21,10,270.543212,2800.0
7,21,11,157.963409,2800.0
7,21,12,268.384356,2800.0
7,21,13,330.663397,2800.0
7,21,14,310.507221,2800.0
7,21,15,271.05461099999997,2800.0
7,21,16,208.12089600000002,2800.0
7,21,17,120.00183,2800.0
7,21,18,42.867835,2800.0
7,21,19,9.440262,2800.0
7,21,20,0.0,2800.0
7,21,21,0.0,2800.0
7,21,22,0.0,2800.0
7,21,23,0.0,2800.0
7,22,0,0.0,2800.0
7,22,1,0.0,2800.0
7,22,2,0.0,2800.0
7,22,3,0.0,2800.0
7,22,4,0.0,2800.0
7,22,5,0.0,2800.0
7,22,6,9.667572,2800.0
7,22,7,52.740002,2800.0
7,22,8,77.74527400000001,1676.4237403920558
7,22,9,123.798822,835.542666361563
7,22,10,174.128666,1281.237390674447
7,22,11,234.561201,2364.2786071344885
7,22,12,242.819904,2800.0
7,22,13,259.07533,2800.0
7,22,14,153.782149,2800.0
7,22,15,276.695908,2800.0
7,22,16,85.077579,2800.0
7,22,17,143.215753,2800.0
7,22,18,47.090718,2800.0
7,22,19,9.369089,2800.0
7,22,20,0.0,2800.0
7,22,21,0.0,2800.0
7,22,22,0.0,1901.3333359069868
7,22,23,0.0,1901.3333359069868
7,23,0,0.0,2800.0
7,23,1,0.0,2800.0
7,23,2,0.0,2800.0
7,23,3,0.0,2800.0
7,23,4,0.0,2800.0
7,23,5,0.0,2800.0
7,23,6,13.849639,2800.0
7,23,7,70.167636,2800.0
7,23,8,160.361783,2800.0
7,23,9,233.898359,2800.0
7,23,10,289.14770699999997,2800.0
7,23,11,325.805466,2800.0
7,23,12,74.808989,2800.0
7,23,13,167.504554,2800.0
7,23,14,173.476857,2800.0
7,23,15,253.990886,2800.0
7,23,16,221.917444,2800.0
7,23,17,145.598233,2800.0
7,23,18,58.101073,2188.134369840437
7,23,19,6.30424,648.3361095823518
7,23,20,0.0,24.01244850305007
7,23,21,0.0,278.9149998077284
7,23,22,0.0,2364.2786071344885
7,23,23,0.0,2800.0
7,24,0,0.0,2800.0
7,24,1,0.0,2800.0
7,24,2,0.0,2800.0
7,24,3,0.0,2800.0
7,24,4,0.0,2800.0
7,24,5,0.0,1281.237390674447
7,24,6,10.387448000000001,1536.7967041952045
7,24,7,75.07039200000001,1605.5985030100696
7,24,8,163.760939,1311.5016045329749
7,24,9,233.740109,416.3395915497286
7,24,10,284.257947,36.240444554051166
7,24,11,317.22002899999995,0.1319633848122026
7,24,12,333.311222,18.20056109694597
7,24,13,328.945534,336.8536460978451
7,24,14,261.04943299999996,1786.5196926460033
7,24,15,268.009117,2800.0
7,24,16,193.351852,2800.0
7,24,17,139.69706200000002,2800.0
7,24,18,56.323483,2800.0
7,24,19,7.149219,2800.0
7,24,20,0.0,2800.0
7,24,21,0.0,2800.0
7,24,22,0.0,2800.0
7,24,23,0.0,2800.0
7,25,0,0.0,2800.0
7,25,1,0.0,2800.0
7,25,2,0.0,2800.0
7,25,3,0.0,2800.0
7,25,4,0.0,2800.0
7,25,5,0.0,2800.0
7,25,6,9.899403,2800.0
7,25,7,74.875885,2800.0
7,25,8,166.108511,2800.0
7,25,9,239.090728,2800.0
7,25,10,292.151033,2800.0
7,25,11,328.363183,2800.0
7,25,12,344.41111,2800.0
7,25,13,341.780363,2800.0
7,25,14,320.19100799999995,2800.0
7,25,15,208.584045,2800.0
7,25,16,218.40681899999998,2800.0
7,25,17,141.758693,2800.0
7,25,18,50.509527,2800.0
7,25,19,8.373135,2800.0
7,25,20,0.0,2800.0
7,25,21,0.0,2800.0
7,25,22,0.0,2800.0
7,25,23,0.0,2800.0
7,26,0,0.0,2800.0
7,26,1,0.0,2800.0
7,26,2,0.0,2800.0
7,26,3,0.0,2800.0
7,26,4,0.0,2800.0
7,26,5,0.0,2800.0
7,26,6,12.804696,2800.0
7,26,7,64.715278,2800.0
7,26,8,155.355668,2800.0
7,26,9,225.503817,2800.0
7,26,10,199.061849,2800.0
7,26,11,274.244377,2800.0
7,26,12,287.736177,2800.0
7,26,13,308.591625,2800.0
7,26,14,243.309073,2800.0
7,26,15,222.64414499999998,2800.0
7,26,16,182.022279,2800.0
7,26,17,123.817001,2800.0
7,26,18,46.272786,2800.0
7,26,19,8.535795,2800.0
7,26,20,0.0,2800.0
7,26,21,0.0,2800.0
7,26,22,0.0,2800.0
7,26,23,0.0,2800.0
7,27,0,0.0,2800.0
7,27,1,0.0,2800.0
7,27,2,0.0,2800.0
7,27,3,0.0,2800.0
7,27,4,0.0,2061.927887690667
7,27,5,0.0,1029.5337295682716
7,27,6,12.360076,30.94602468005788
7,27,7,68.36823299999999,491.4151496175413
7,27,8,87.065597,575.0133429544752
7,27,9,212.27040599999998,183.74862734385428
7,27,10,265.832201,3.563011389929472
7,27,11,301.845185,2.0619278876906666
7,27,12,289.44529800000004,24.01244850305007
7,27,13,61.277633,131.96338481220266
7,27,14,22.362057,460.3878697051685
7,27,15,35.47005,1029.5337295682716
7,27,16,94.35185700000001,1862.5318241810248
7,27,17,72.741351,2188.134369840437
7,27,18,33.448704,1940.6700324713545
7,27,19,2.903623,2800.0
7,27,20,0.0,2800.0
7,27,21,0.0,2800.0
7,27,22,0.0,2800.0
7,27,23,0.0,2800.0
7,28,0,0.0,2800.0
7,28,1,0.0,2800.0
7,28,2,0.0,2800.0
7,28,3,0.0,2800.0
7,28,4,0.0,2800.0
7,28,5,0.0,2800.0
7,28,6,-0.0,2800.0
7,28,7,14.785450999999998,2800.0
7,28,8,23.968856,2800.0
7,28,9,30.308856,2800.0
7,28,10,47.671514,2800.0
7,28,11,145.984153,2800.0
7,28,12,157.43342,2800.0
7,28,13,213.867414,2800.0
7,28,14,175.752983,2800.0
7,28,15,108.580352,2800.0
7,28,16,57.085764000000005,2800.0
7,28,17,26.097839,2800.0
7,28,18,14.209602,2800.0
7,28,19,7.865537000000001,2800.0
7,28,20,0.0,2800.0
7,28,21,0.0,2800.0
7,28,22,0.0,2800.0
7,28,23,0.0,2800.0
7,29,0,0.0,2800.0
7,29,1,0.0,2800.0
7,29,2,0.0,2800.0
7,29,3,0.0,2800.0
7,29,4,0.0,2800.0
7,29,5,0.0,2800.0
7,29,6,10.658244,2800.0
7,29,7,72.720641,2800.0
7,29,8,159.851337,2800.0
7,29,9,164.314527,2800.0
7,29,10,281.208573,2800.0
7,29,11,227.222997,2800.0
7,29,12,260.933052,2800.0
7,29,13,278.98333,2800.0
7,29,14,258.30623499999996,2800.0
7,29,15,268.348315,2800.0
7,29,16,213.233547,2800.0
7,29,17,139.66544699999997,2800.0
7,29,18,54.275735999999995,2800.0
7,29,19,5.855411,2800.0
7,29,20,0.0,2800.0
7,29,21,0.0,2800.0
7,29,22,0.0,2800.0
7,29,23,0.0,2800.0
7,30,0,0.0,2800.0
7,30,1,0.0,2800.0
7,30,2,0.0,2800.0
7,30,3,0.0,2800.0
7,30,4,0.0,2800.0
7,30,5,0.0,2800.0
7,30,6,9.567658,2800.0
7,30,7,71.483765,2800.0
7,30,8,126.477684,2800.0
7,30,9,203.605327,2800.0
7,30,10,283.11109999999996,2800.0
7,30,11,279.51372399999997,2800.0
7,30,12,295.10828999999995,2800.0
7,30,13,276.774901,2800.0
7,30,14,212.561061,2800.0
7,30,15,215.725546,2800.0
7,30,16,195.809577,2800.0
7,30,17,134.159795,2800.0
7,30,18,51.789871,2800.0
7,30,19,6.325038999999999,2800.0
7,30,20,0.0,2800.0
7,30,21,0.0,2800.0
7,30,22,0.0,2800.0
7,30,23,0.0,2800.0
7,31,0,0.0,2800.0
7,31,1,0.0,2800.0
7,31,2,0.0,2800.0
7,31,3,0.0,2800.0
7,31,4,0.0,2800.0
7,31,5,0.0,2800.0
7,31,6,10.60326,2800.0
7,31,7,69.890224,2800.0
7,31,8,152.38195100000002,2800.0
7,31,9,218.07509,2800.0
7,31,10,266.027268,2800.0
7,31,11,294.592129,2800.0
7,31,12,305.725787,2800.0
7,31,13,274.55560499999996,2800.0
7,31,14,220.282862,2145.5095856044995
7,31,15,253.225741,2188.134369840437
7,31,16,200.350355,2103.4419801044355
7,31,17,131.212715,1640.756359055384
7,31,18,52.147341,2061.927887690667
7,31,19,5.559546999999999,2800.0
7,31,20,0.0,2800.0
7,31,21,0.0,2800.0
7,31,22,0.0,2800.0
7,31,23,0.0,2800.0
8,1,0,0.0,2800.0
8,1,1,0.0,2800.0
8,1,2,0.0,2800.0
8,1,3,0.0,2800.0
8,1,4,0.0,2800.0
8,1,5,0.0,2800.0
8,1,6,8.780683999999999,2800.0
8,1,7,69.659531,2800.0
8,1,8,159.978791,1082.3203053763452
8,1,9,234.404319,1469.9890187508342
8,1,10,291.190853,1786.5196926460033
8,1,11,328.959764,1676.4237403920558
8,1,12,262.311834,1824.2618316438895
8,1,13,343.614083,978.4920029593812
8,1,14,321.541469,445.37642374118406
8,1,15,245.37028700000002,416.3395915497286
8,1,16,220.83577400000001,475.7328897807615
8,1,17,141.35345900000002,557.58989956809
8,1,18,52.645416,1136.8810555802274
8,1,19,4.529979999999999,2800.0
8,1,20,0.0,2800.0
8,1,21,0.0,2800.0
8,1,22,0.0,2800.0
8,1,23,0.0,2800.0
8,2,0,0.0,2800.0
8,2,1,0.0,2800.0
8,2,2,0.0,2800.0
8,2,3,0.0,2800.0
8,2,4,0.0,2800.0
8,2,5,0.0,2800.0
8,2,6,10.106365,2800.0
8,2,7,48.748256,2800.0
8,2,8,104.44268,2800.0
8,2,9,170.07405300000002,2800.0
8,2,10,227.28366699999998,2800.0
8,2,11,316.23484,2800.0
8,2,12,333.775102,2800.0
8,2,13,173.22774900000002,2800.0
8,2,14,93.11399300000001,2800.0
8,2,15,93.887269,2800.0
8,2,16,134.55437400000002,2800.0
8,2,17,125.019798,2800.0
8,2,18,47.114464999999996,2800.0
8,2,19,5.135529,2800.0
8,2,20,0.0,2800.0
8,2,21,0.0,2800.0
8,2,22,0.0,2800.0
8,2,23,0.0,2800.0
8,3,0,0.0,2800.0
8,3,1,0.0,2061.927887690667
8,3,2,0.0,1055.7070784976213
8,3,3,0.0,1251.4423799619176
8,3,4,0.0,858.3289550807331
8,3,5,0.0,388.5930680097703
8,3,6,9.772020000000001,1503.1454301264964
8,3,7,64.807568,2694.829168782761
8,3,8,118.465982,2800.0
8,3,9,175.320359,2800.0
8,3,10,206.798479,1862.5318241810248
8,3,11,211.875475,1536.7967041952045
8,3,12,337.16945,1824.2618316438895
8,3,13,338.687873,2694.829168782761
8,3,14,317.292934,2800.0
8,3,15,275.636949,2800.0
8,3,16,218.630069,1136.8810555802274
8,3,17,139.714828,175.6432651850418
8,3,18,51.381296,247.56819744046305
8,3,19,4.018862,1786.5196926460033
8,3,20,0.0,2800.0
8,3,21,0.0,2800.0
8,3,22,0.0,2800.0
8,3,23,0.0,2800.0
8,4,0,0.0,2800.0
8,4,1,0.0,2800.0
8,4,2,0.0,1749.3017415377876
8,4,3,0.0,491.4151496175413
8,4,4,0.0,145.60448877556777
8,4,5,0.0,52.04244894371608
8,4,6,6.879627,71.8766678693094
8,4,7,70.64632,152.76411334322614
8,4,8,162.769116,7.433326402824398
8,4,9,235.222495,0.8131632647455637
8,4,10,286.84898100000004,138.67213448175264
8,4,11,322.42582600000003,835.542666361563
8,4,12,262.401452,2455.7891050857875
8,4,13,335.704909,2800.0
8,4,14,311.706714,2800.0
8,4,15,273.444774,2800.0
8,4,16,213.06082500000002,2800.0
8,4,17,135.766417,2800.0
8,4,18,50.619673999999996,2800.0
8,4,19,4.08977,2800.0
8,4,20,0.0,2800.0
8,4,21,0.0,2800.0
8,4,22,0.0,2800.0
8,4,23,0.0,2800.0
8,5,0,0.0,2800.0
8,5,1,0.0,2800.0
8,5,2,0.0,2800.0
8,5,3,0.0,2800.0
8,5,4,0.0,2800.0
8,5,5,0.0,2800.0
8,5,6,8.700432000000001,2800.0
8,5,7,67.766072,2800.0
8,5,8,155.18876999999998,2800.0
8,5,9,228.978905,2800.0
8,5,10,283.339501,2800.0
8,5,11,320.340098,2800.0
8,5,12,204.556921,2800.0
8,5,13,124.793543,2800.0
8,5,14,67.046977,2800.0
8,5,15,57.34724,2800.0
8,5,16,126.629291,2800.0
8,5,17,33.100631,2800.0
8,5,18,40.995411,2800.0
8,5,19,3.751847,2800.0
8,5,20,0.0,2800.0
8,5,21,0.0,2800.0
8,5,22,0.0,2800.0
8,5,23,0.0,953.6162939806846
8,6,0,0.0,71.8766678693094
8,6,1,0.0,237.66666698837332
8,6,2,0.0,1605.5985030100696
8,6,3,0.0,2800.0
8,6,4,0.0,2800.0
8,6,5,0.0,2800.0
8,6,6,3.737341,2800.0
8,6,7,14.661849,2800.0
8,6,8,38.707449000000004,2800.0
8,6,9,81.294683,2800.0
8,6,10,63.651128,2800.0
8,6,11,109.518632,2800.0
8,6,12,218.72920499999998,2800.0
8,6,13,155.15940799999998,2800.0
8,6,14,183.728126,2800.0
8,6,15,203.29461799999999,2800.0
8,6,16,196.88924799999998,2800.0
8,6,17,123.444456,2800.0
8,6,18,47.563756999999995,667.5923777577954
8,6,19,2.5744279999999997,96.20130752809575
8,6,20,0.0,2800.0
8,6,21,0.0,2800.0
8,6,22,0.0,2800.0
8,6,23,0.0,2800.0
8,7,0,0.0,2800.0
8,7,1,0.0,2800.0
8,7,2,0.0,2800.0
8,7,3,0.0,2800.0
8,7,4,0.0,2549.630956168769
8,7,5,0.0,2800.0
8,7,6,5.206304,2800.0
8,7,7,28.872425,2800.0
8,7,8,60.430567,2800.0
8,7,9,99.18304300000001,2800.0
8,7,10,146.789612,2800.0
8,7,11,214.070349,2800.0
8,7,12,245.776581,2800.0
8,7,13,226.96517300000002,2800.0
8,7,14,207.812019,2800.0
8,7,15,200.113487,2800.0
8,7,16,103.466835,2800.0
8,7,17,75.284428,2800.0
8,7,18,23.613708,2800.0
8,7,19,0.27019099999999996,2800.0
8,7,20,0.0,2800.0
8,7,21,0.0,2800.0
8,7,22,0.0,2800.0
8,7,23,0.0,2800.0
8,8,0,0.0,2800.0
8,8,1,0.0,2800.0
8,8,2,0.0,2800.0
8,8,3,0.0,2800.0
8,8,4,0.0,2800.0
8,8,5,0.0,2800.0
8,8,6,8.786225,2800.0
8,8,7,62.504902,2800.0
8,8,8,35.60072,2800.0
8,8,9,61.467219,2800.0
8,8,10,26.050329,2800.0
8,8,11,80.35681299999999,2800.0
8,8,12,138.177556,2800.0
8,8,13,119.680999,2800.0
8,8,14,145.290453,2800.0
8,8,15,143.33827,2800.0
8,8,16,67.99952800000001,2800.0
8,8,17,100.298239,2800.0
8,8,18,26.681116999999997,2800.0
8,8,19,0.313953,2800.0
8,8,20,0.0,2800.0
8,8,21,0.0,2800.0
8,8,22,0.0,2800.0
8,8,23,0.0,2800.0
8,9,0,0.0,2800.0
8,9,1,0.0,2800.0
8,9,2,0.0,2800.0
8,9,3,0.0,2800.0
8,9,4,0.0,2800.0
8,9,5,0.0,2800.0
8,9,6,7.198653,2800.0
8,9,7,49.874834,2800.0
8,9,8,125.58925500000001,2800.0
8,9,9,206.11502,2800.0
8,9,10,245.04621799999998,2800.0
8,9,11,286.17091600000003,2800.0
8,9,12,273.28616700000003,2800.0
8,9,13,314.031695,2800.0
8,9,14,263.366662,2800.0
8,9,15,240.846836,1605.5985030100696
8,9,16,161.675882,1940.6700324713545
8,9,17,88.29385099999999,2800.0
8,9,18,38.621764000000006,2800.0
8,9,19,2.165598,2800.0
8,9,20,0.0,2800.0
8,9,21,0.0,2800.0
8,9,22,0.0,2103.4419801044355
8,9,23,0.0,523.8060511729734
8,10,0,0.0,16.495423101525333
8,10,1,0.0,375.1945078601572
8,10,2,0.0,2800.0
8,10,3,0.0,2800.0
8,10,4,0.0,2800.0
8,10,5,0.0,2800.0
8,10,6,7.264105,2800.0
8,10,7,61.496783,2800.0
8,10,8,144.99045800000002,2800.0
8,10,9,216.283291,2800.0
8,10,10,270.72250799999995,2800.0
8,10,11,230.84638800000002,2800.0
8,10,12,252.247182,2800.0
8,10,13,321.085147,2800.0
8,10,14,299.737342,2800.0
8,10,15,259.105908,2800.0
8,10,16,200.930138,2800.0
8,10,17,125.350962,2800.0
8,10,18,44.340873,2800.0
8,10,19,1.772065,2800.0
8,10,20,0.0,2800.0
8,10,21,0.0,2800.0
8,10,22,0.0,2800.0
8,10,23,0.0,2800.0
8,11,0,0.0,2800.0
8,11,1,0.0,2800.0
8,11,2,0.0,2800.0
8,11,3,0.0,2800.0
8,11,4,0.0,2800.0
8,11,5,0.0,2800.0
8,11,6,7.963178,2800.0
8,11,7,62.394966999999994,2800.0
8,11,8,145.705558,2800.0
8,11,9,218.765462,2800.0
8,11,10,275.308616,2800.0
8,11,11,311.16938500000003,2800.0
8,11,12,324.421277,2800.0
8,11,13,314.396164,2800.0
8,11,14,291.523419,2800.0
8,11,15,254.19539,2800.0
8,11,16,161.594794,2800.0
8,11,17,122.937027,2800.0
8,11,18,42.078408,2800.0
8,11,19,1.384932,2800.0
8,11,20,0.0,2800.0
8,11,21,0.0,2800.0
8,11,22,0.0,2800.0
8,11,23,0.0,2800.0
8,12,0,0.0,2800.0
8,12,1,0.0,2800.0
8,12,2,0.0,2800.0
8,12,3,0.0,2800.0
8,12,4,0.0,2800.0
8,12,5,0.0,2800.0
8,12,6,6.789331,2800.0
8,12,7,61.027314,2800.0
8,12,8,146.277422,2800.0
8,12,9,217.815903,2800.0
8,12,10,238.72696299999998,2800.0
8,12,11,269.110191,2800.0
8,12,12,322.168507,2800.0
8,12,13,267.046243,2800.0
8,12,14,246.08557199999998,2800.0
8,12,15,165.825378,2800.0
8,12,16,119.582071,2800.0
8,12,17,40.201646999999994,2800.0
8,12,18,37.880525999999996,2800.0
8,12,19,1.574786,2800.0
8,12,20,0.0,2597.435303258585
8,12,21,0.0,445.37642374118406
8,12,22,0.0,1311.5016045329749
8,12,23,0.0,2800.0
8,13,0,0.0,2800.0
8,13,1,0.0,2800.0
8,13,2,0.0,2800.0
8,13,3,0.0,2800.0
8,13,4,0.0,2800.0
8,13,5,0.0,2800.0
8,13,6,5.731508,2800.0
8,13,7,57.878212,2800.0
8,13,8,128.60720600000002,2800.0
8,13,9,178.57031899999998,2800.0
8,13,10,136.178337,2800.0
8,13,11,335.043371,2800.0
8,13,12,352.415733,2145.5095856044995
8,13,13,241.787906,2800.0
8,13,14,328.711726,1605.5985030100696
8,13,15,288.122814,416.3395915497286
8,13,16,224.94871700000002,289.9235564324093
8,13,17,135.407702,81.04201369779398
8,13,18,44.793226000000004,145.60448877556777
8,13,19,1.141005,2800.0
8,13,20,0.0,2800.0
8,13,21,0.0,2800.0
8,13,22,0.0,2800.0
8,13,23,0.0,2800.0
8,14,0,0.0,2800.0
8,14,1,0.0,2800.0
8,14,2,0.0,2800.0
8,14,3,0.0,2800.0
8,14,4,0.0,2800.0
8,14,5,0.0,2800.0
8,14,6,4.231984000000001,2800.0
8,14,7,67.798153,2800.0
8,14,8,165.500651,2800.0
8,14,9,245.44088200000002,2800.0
8,14,10,302.996602,2502.4167786610287
8,14,11,340.007087,67.56525302384776
8,14,12,355.27215500000005,592.796019999516
8,14,13,168.728625,2800.0
8,14,14,214.898342,791.1870845831577
8,14,15,216.83904800000002,2800.0
8,14,16,173.314315,2800.0
8,14,17,69.906901,2800.0
8,14,18,42.871747000000006,2800.0
8,14,19,2.69685,2800.0
8,14,20,0.0,2800.0
8,14,21,0.0,2800.0
8,14,22,0.0,2800.0
8,14,23,0.0,2800.0
8,15,0,0.0,2800.0
8,15,1,0.0,2800.0
8,15,2,0.0,2800.0
8,15,3,0.0,2800.0
8,15,4,0.0,2800.0
8,15,5,0.0,2800.0
8,15,6,5.130131,2800.0
8,15,7,57.114637,2800.0
8,15,8,156.691894,2800.0
8,15,9,211.01171599999998,2800.0
8,15,10,236.91183900000001,2800.0
8,15,11,279.467867,2800.0
8,15,12,274.015715,2800.0
8,15,13,293.887227,2800.0
8,15,14,302.29421399999995,2800.0
8,15,15,260.727922,2800.0
8,15,16,203.808011,2800.0
8,15,17,83.967648,2800.0
8,15,18,38.295635000000004,2800.0
8,15,19,1.531538,2800.0
8,15,20,0.0,2800.0
8,15,21,0.0,2800.0
8,15,22,0.0,2275.070137118247
8,15,23,0.0,1281.237390674447
8,16,0,0.0,1469.9890187508342
8,16,1,0.0,2800.0
8,16,2,0.0,2800.0
8,16,3,0.0,2800.0
8,16,4,0.0,2800.0
8,16,5,0.0,2800.0
8,16,6,0.105437,2800.0
8,16,7,19.834648,2800.0
8,16,8,147.62467,2800.0
8,16,9,170.09470800000003,2800.0
8,16,10,214.77146599999998,2800.0
8,16,11,319.97002399999997,2800.0
8,16,12,273.428538,2800.0
8,16,13,272.53824599999996,2800.0
8,16,14,172.955224,2800.0
8,16,15,112.69491599999999,2800.0
8,16,16,168.147416,2800.0
8,16,17,99.956539,2800.0
8,16,18,34.218471,2800.0
8,16,19,0.404216,2800.0
8,16,20,0.0,2800.0
8,16,21,0.0,2800.0
8,16,22,0.0,2800.0
8,16,23,0.0,2800.0
8,17,0,0.0,2800.0
8,17,1,0.0,2800.0
8,17,2,0.0,2800.0
8,17,3,0.0,2800.0
8,17,4,0.0,2800.0
8,17,5,0.0,2800.0
8,17,6,4.199671,2800.0
8,17,7,47.083869,2800.0
8,17,8,125.858667,2800.0
8,17,9,206.08198000000002,2800.0
8,17,10,285.70280699999995,2800.0
8,17,11,322.737477,2800.0
8,17,12,337.55890000000005,2800.0
8,17,13,330.911868,2800.0
8,17,14,306.606133,2800.0
8,17,15,258.034777,2800.0
8,17,16,178.51539499999998,2800.0
8,17,17,103.914093,2800.0
8,17,18,31.864442,2800.0
8,17,19,-0.0,2800.0
8,17,20,0.0,2800.0
8,17,21,0.0,2800.0
8,17,22,0.0,2800.0
8,17,23,0.0,2800.0
8,18,0,0.0,2800.0
8,18,1,0.0,2800.0
8,18,2,0.0,2800.0
8,18,3,0.0,2800.0
8,18,4,0.0,2800.0
8,18,5,0.0,2800.0
8,18,6,4.040178,2800.0
8,18,7,60.230896,2800.0
8,18,8,147.923389,2800.0
8,18,9,221.38423,2800.0
8,18,10,275.817694,2800.0
8,18,11,310.073438,2800.0
8,18,12,211.270666,2800.0
8,18,13,215.58046,2800.0
8,18,14,238.343764,2800.0
8,18,15,166.395107,2800.0
8,18,16,133.234541,2549.630956168769
8,18,17,82.097985,707.2412654778989
8,18,18,36.597277000000005,1281.237390674447
8,18,19,-0.0,2800.0
8,18,20,0.0,2800.0
8,18,21,0.0,2800.0
8,18,22,0.0,2800.0
8,18,23,0.0,2800.0
8,19,0,0.0,2800.0
8,19,1,0.0,2800.0
8,19,2,0.0,2800.0
8,19,3,0.0,2800.0
8,19,4,0.0,2800.0
8,19,5,0.0,2800.0
8,19,6,3.535137,2800.0
8,19,7,59.335883,2800.0
8,19,8,143.463638,2800.0
8,19,9,211.858622,2800.0
8,19,10,268.145148,2800.0
8,19,11,301.786594,2800.0
8,19,12,317.49634100000003,2800.0
8,19,13,251.008251,2800.0
8,19,14,285.59788199999997,2800.0
8,19,15,242.605699,2800.0
8,19,16,131.912107,2800.0
8,19,17,84.82244,2800.0
8,19,18,35.646166,2800.0
8,19,19,-0.0,2800.0
8,19,20,0.0,2800.0
8,19,21,0.0,2800.0
8,19,22,0.0,2800.0
8,19,23,0.0,2800.0
8,20,0,0.0,2800.0
8,20,1,0.0,2800.0
8,20,2,0.0,2800.0
8,20,3,0.0,2800.0
8,20,4,0.0,2800.0
8,20,5,0.0,2800.0
8,20,6,3.0698890000000003,2800.0
8,20,7,55.366245,2800.0
8,20,8,116.344993,2800.0
8,20,9,198.17012,2800.0
8,20,10,265.71423,2409.744269793466
8,20,11,245.595023,953.6162939806846
8,20,12,275.167343,138.67213448175264
8,20,13,302.373625,12.02516344101197
8,20,14,280.51552399999997,7.433326402824398
8,20,15,254.178016,218.66271769222345
8,20,16,191.944568,1251.4423799619176
8,20,17,112.409908,2020.963642713616
8,20,18,34.676862,2800.0
8,20,19,-0.0,2800.0
8,20,20,0.0,2800.0
8,20,21,0.0,2800.0
8,20,22,0.0,2800.0
8,20,23,0.0,2800.0
8,21,0,0.0,2800.0
8,21,1,0.0,2800.0
8,21,2,0.0,2800.0
8,21,3,0.0,2800.0
8,21,4,0.0,2800.0
8,21,5,0.0,2800.0
8,21,6,2.7447109999999997,2800.0
8,21,7,55.314231,2800.0
8,21,8,135.84752799999998,2800.0
8,21,9,206.798883,2800.0
8,21,10,263.264343,2800.0
8,21,11,299.151909,2800.0
8,21,12,317.254336,2800.0
8,21,13,312.283294,2800.0
8,21,14,290.885867,2800.0
8,21,15,247.958535,2800.0
8,21,16,186.499346,2800.0
8,21,17,108.140226,2800.0
8,21,18,33.25800099999999,2800.0
8,21,19,-0.0,2800.0
8,21,20,0.0,2800.0
8,21,21,0.0,2800.0
8,21,22,0.0,2800.0
8,21,23,0.0,2800.0
8,22,0,0.0,2800.0
8,22,1,0.0,2800.0
8,22,2,0.0,2800.0
8,22,3,0.0,2800.0
8,22,4,0.0,2800.0
8,22,5,0.0,2800.0
8,22,6,1.821205,2800.0
8,22,7,3.931505,2800.0
8,22,8,20.674108,2800.0
8,22,9,26.414486,2800.0
8,22,10,76.739326,2800.0
8,22,11,30.732616,2800.0
8,22,12,67.723002,2800.0
8,22,13,174.097606,2794.6277004301824
8,22,14,116.793128,1342.23868718708
8,22,15,48.223355000000005,667.5923777577954
8,22,16,135.6609,416.3395915497286
8,22,17,76.840806,557.58989956809
8,22,18,25.377798,2549.630956168769
8,22,19,-0.0,2800.0
8,22,20,0.0,2800.0
8,22,21,0.0,2800.0
8,22,22,0.0,2800.0
8,22,23,0.0,2800.0
8,23,0,0.0,2800.0
8,23,1,0.0,2800.0
8,23,2,0.0,2800.0
8,23,3,0.0,2800.0
8,23,4,0.0,2800.0
8,23,5,0.0,2800.0
8,23,6,2.391692,2800.0
8,23,7,56.042334000000004,2800.0
8,23,8,39.431703,2800.0
8,23,9,55.867138,2800.0
8,23,10,69.28058100000001,2800.0
8,23,11,84.48017,2800.0
8,23,12,329.652358,2800.0
8,23,13,325.84817599999997,2800.0
8,23,14,304.489389,2800.0
8,23,15,260.614897,2800.0
8,23,16,199.012812,2800.0
8,23,17,116.829099,2800.0
8,23,18,32.129807,2800.0
8,23,19,-0.0,2800.0
8,23,20,0.0,2800.0
8,23,21,0.0,2800.0
8,23,22,0.0,2800.0
8,23,23,0.0,2800.0
8,24,0,0.0,2800.0
8,24,1,0.0,2800.0
8,24,2,0.0,2800.0
8,24,3,0.0,2800.0
8,24,4,0.0,2800.0
8,24,5,0.0,2800.0
8,24,6,1.854678,2800.0
8,24,7,60.523962,2800.0
8,24,8,154.085124,2800.0
8,24,9,230.21608799999998,2800.0
8,24,10,285.919507,2800.0
8,24,11,319.221255,2800.0
8,24,12,332.44467499999996,2800.0
8,24,13,325.247736,2800.0
8,24,14,302.30316,2800.0
8,24,15,259.867628,2800.0
8,24,16,200.664468,2800.0
8,24,17,118.278472,2800.0
8,24,18,31.358532,2800.0
8,24,19,-0.0,2800.0
8,24,20,0.0,2800.0
8,24,21,0.0,2800.0
8,24,22,0.0,2800.0
8,24,23,0.0,2800.0
8,25,0,0.0,2800.0
8,25,1,0.0,2800.0
8,25,2,0.0,2800.0
8,25,3,0.0,2800.0
8,25,4,0.0,2800.0
8,25,5,0.0,2800.0
8,25,6,1.8117999999999999,2800.0
8,25,7,58.101107000000006,2800.0
8,25,8,148.32162599999998,2800.0
8,25,9,223.811124,2800.0
8,25,10,278.182137,2800.0
8,25,11,310.406191,2800.0
8,25,12,322.06513900000004,2800.0
8,25,13,315.237801,2800.0
8,25,14,291.18922100000003,2800.0
8,25,15,249.346466,2800.0
8,25,16,189.369638,2800.0
8,25,17,109.242037,2800.0
8,25,18,28.866232,2800.0
8,25,19,0.0,2800.0
8,25,20,0.0,2800.0
8,25,21,0.0,2800.0
8,25,22,0.0,2800.0
8,25,23,0.0,2800.0
8,26,0,0.0,2800.0
8,26,1,0.0,1222.1129067458091
8,26,2,0.0,575.0133429544752
8,26,3,0.0,523.8060511729734
8,26,4,0.0,1311.5016045329749
8,26,5,0.0,2800.0
8,26,6,1.5930199999999999,2800.0
8,26,7,54.439564,2800.0
8,26,8,110.88329399999999,2800.0
8,26,9,183.817968,2800.0
8,26,10,230.11931099999998,2800.0
8,26,11,260.86254199999996,2800.0
8,26,12,262.41180699999995,2800.0
8,26,13,234.220839,2800.0
8,26,14,245.844822,2800.0
8,26,15,217.178577,2800.0
8,26,16,153.756555,2800.0
8,26,17,93.766142,2800.0
8,26,18,27.002470000000002,2800.0
8,26,19,0.0,2800.0
8,26,20,0.0,2800.0
8,26,21,0.0,2800.0
8,26,22,0.0,2800.0
8,26,23,0.0,2800.0
8,27,0,0.0,2800.0
8,27,1,0.0,2800.0
8,27,2,0.0,2800.0
8,27,3,0.0,2800.0
8,27,4,0.0,2800.0
8,27,5,0.0,2800.0
8,27,6,0.733384,2800.0
8,27,7,43.990058,2800.0
8,27,8,123.78046499999999,2800.0
8,27,9,183.358651,2800.0
8,27,10,239.88064799999998,2800.0
8,27,11,222.43070600000001,2800.0
8,27,12,241.971684,2800.0
8,27,13,266.894492,2800.0
8,27,14,233.28946900000003,2800.0
8,27,15,244.948888,2800.0
8,27,16,181.740913,2800.0
8,27,17,102.876835,2800.0
8,27,18,25.921594000000002,2800.0
8,27,19,0.0,2800.0
8,27,20,0.0,2800.0
8,27,21,0.0,2800.0
8,27,22,0.0,2800.0
8,27,23,0.0,2800.0
8,28,0,0.0,2800.0
8,28,1,0.0,2800.0
8,28,2,0.0,2800.0
8,28,3,0.0,2800.0
8,28,4,0.0,2800.0
8,28,5,0.0,2800.0
8,28,6,1.171375,2800.0
8,28,7,52.521955,2800.0
8,28,8,139.415706,2800.0
8,28,9,212.795817,2800.0
8,28,10,266.04829700000005,2800.0
8,28,11,183.21945499999998,2800.0
8,28,12,193.309687,2800.0
8,28,13,306.60190500000004,2800.0
8,28,14,281.600427,2800.0
8,28,15,235.697304,2800.0
8,28,16,126.10235,2800.0
8,28,17,69.318068,1055.7070784976213
8,28,18,13.789727999999998,1749.3017415377876
8,28,19,0.0,2800.0
8,28,20,0.0,2800.0
8,28,21,0.0,2800.0
8,28,22,0.0,2800.0
8,28,23,0.0,2800.0
8,29,0,0.0,2800.0
8,29,1,0.0,2800.0
8,29,2,0.0,2800.0
8,29,3,0.0,2800.0
8,29,4,0.0,2800.0
8,29,5,0.0,2800.0
8,29,6,1.019115,2800.0
8,29,7,12.737223,2800.0
8,29,8,49.696201,2800.0
8,29,9,211.68134899999998,2800.0
8,29,10,264.846349,2800.0
8,29,11,167.128152,2800.0
8,29,12,311.108041,2800.0
8,29,13,305.865547,2800.0
8,29,14,282.37193199999996,2800.0
8,29,15,243.16278400000002,2800.0
8,29,16,183.006185,2800.0
8,29,17,103.617164,2800.0
8,29,18,24.118414,2800.0
8,29,19,0.0,2800.0
8,29,20,0.0,2800.0
8,29,21,0.0,2800.0
8,29,22,0.0,2800.0
8,29,23,0.0,2800.0
8,30,0,0.0,2800.0
8,30,1,0.0,2800.0
8,30,2,0.0,2800.0
8,30,3,0.0,2800.0
8,30,4,0.0,2800.0
8,30,5,0.0,2800.0
8,30,6,1.4843689999999998,2800.0
8,30,7,52.182922,2800.0
8,30,8,138.951003,2800.0
8,30,9,211.93179999999998,2800.0
8,30,10,264.647821,2800.0
8,30,11,297.981095,2800.0
8,30,12,313.300047,2800.0
8,30,13,307.922705,2800.0
8,30,14,284.85544,2800.0
8,30,15,241.282006,2800.0
8,30,16,96.368035,2800.0
8,30,17,0.587992,2800.0
8,30,18,-0.0,2800.0
8,30,19,0.0,2800.0
8,30,20,0.0,2800.0
8,30,21,0.0,2800.0
8,30,22,0.0,2800.0
8,30,23,0.0,2800.0
8,31,0,0.0,2800.0
8,31,1,0.0,2800.0
8,31,2,0.0,2800.0
8,31,3,0.0,2800.0
8,31,4,0.0,2800.0
8,31,5,0.0,2800.0
8,31,6,1.007861,2800.0
8,31,7,49.13753,2800.0
8,31,8,132.820683,2800.0
8,31,9,205.563504,2800.0
8,31,10,163.817884,2800.0
8,31,11,249.448632,2800.0
8,31,12,245.45733900000002,2800.0
8,31,13,16.430612,2800.0
8,31,14,206.653023,2800.0
8,31,15,229.32299,2800.0
8,31,16,63.433664,2800.0
8,31,17,14.269969,2800.0
8,31,18,10.420816,2800.0
8,31,19,0.0,2800.0
8,31,20,0.0,2800.0
8,31,21,0.0,2800.0
8,31,22,0.0,2800.0
8,31,23,0.0,2800.0
9,1,0,0.0,2800.0
9,1,1,0.0,2800.0
9,1,2,0.0,2800.0
9,1,3,0.0,2800.0
9,1,4,0.0,2800.0
9,1,5,0.0,2800.0
9,1,6,0.8532179999999999,2800.0
9,1,7,50.714915,2800.0
9,1,8,132.575885,2800.0
9,1,9,199.174519,2800.0
9,1,10,239.052025,2800.0
9,1,11,274.640265,2800.0
9,1,12,295.438224,2800.0
9,1,13,291.249319,2800.0
9,1,14,270.043273,2800.0
9,1,15,227.43549900000002,2800.0
9,1,16,166.933504,2800.0
9,1,17,90.678338,2800.0
9,1,18,21.433698,2800.0
9,1,19,0.0,2800.0
9,1,20,0.0,2800.0
9,1,21,0.0,2800.0
9,1,22,0.0,2800.0
9,1,23,0.0,2800.0
9,2,0,0.0,2800.0
9,2,1,0.0,2800.0
9,2,2,0.0,2800.0
9,2,3,0.0,2800.0
9,2,4,0.0,2800.0
9,2,5,0.0,2800.0
9,2,6,-0.0,1676.4237403920558
9,2,7,47.871361,1676.4237403920558
9,2,8,129.88664,2800.0
9,2,9,203.000262,2800.0
9,2,10,253.281195,2800.0
9,2,11,289.574794,2800.0
9,2,12,305.32995,2800.0
9,2,13,71.676615,2800.0
9,2,14,277.884005,2800.0
9,2,15,232.687046,2800.0
9,2,16,170.91741399999998,2800.0
9,2,17,92.522288,2800.0
9,2,18,20.630332,2800.0
9,2,19,0.0,2800.0
9,2,20,0.0,2800.0
9,2,21,0.0,2800.0
9,2,22,0.0,2800.0
9,2,23,0.0,2800.0
9,3,0,0.0,2800.0
9,3,1,0.0,2800.0
9,3,2,0.0,2800.0
9,3,3,0.0,2800.0
9,3,4,0.0,2800.0
9,3,5,0.0,2800.0
9,3,6,-0.0,2800.0
9,3,7,46.827144,2800.0
9,3,8,51.028496,2800.0
9,3,9,102.54982399999999,2800.0
9,3,10,73.5362,2800.0
9,3,11,142.030032,2800.0
9,3,12,252.465076,2800.0
9,3,13,317.369683,2800.0
9,3,14,297.044016,2800.0
9,3,15,254.48190599999998,2800.0
9,3,16,190.638641,2800.0
9,3,17,104.410026,2800.0
9,3,18,20.301609,2800.0
9,3,19,0.0,2800.0
9,3,20,0.0,2800.0
9,3,21,0.0,2800.0
9,3,22,0.0,2800.0
9,3,23,0.0,2800.0
9,4,0,0.0,2800.0
9,4,1,0.0,2800.0
9,4,2,0.0,2800.0
9,4,3,0.0,2800.0
9,4,4,0.0,2800.0
9,4,5,0.0,2800.0
9,4,6,0.6640860000000001,2800.0
9,4,7,55.239624000000006,2800.0
9,4,8,150.77779999999998,2800.0
9,4,9,228.816979,2800.0
9,4,10,283.90713,2800.0
9,4,11,281.530604,2800.0
9,4,12,295.048707,2800.0
9,4,13,326.284786,2800.0
9,4,14,275.96842200000003,2800.0
9,4,15,207.30820699999998,2800.0
9,4,16,193.432625,2800.0
9,4,17,105.08875599999999,2800.0
9,4,18,19.310299,2800.0
9,4,19,0.0,2800.0
9,4,20,0.0,2800.0
9,4,21,0.0,2800.0
9,4,22,0.0,2800.0
9,4,23,0.0,2800.0
9,5,0,0.0,2800.0
9,5,1,0.0,2800.0
9,5,2,0.0,2800.0
9,5,3,0.0,2800.0
9,5,4,0.0,2800.0
9,5,5,0.0,2800.0
9,5,6,0.448695,2800.0
9,5,7,55.789055,2800.0
9,5,8,153.556779,2800.0
9,5,9,230.13943799999998,2800.0
9,5,10,285.098227,2800.0
9,5,11,317.71972,2800.0
9,5,12,331.914725,2800.0
9,5,13,325.57423700000004,2800.0
9,5,14,299.04763099999997,2800.0
9,5,15,254.881472,2800.0
9,5,16,191.311351,2800.0
9,5,17,103.028601,2800.0
9,5,18,18.094510999999997,2800.0
9,5,19,0.0,2800.0
9,5,20,0.0,2800.0
9,5,21,0.0,2800.0
9,5,22,0.0,2800.0
9,5,23,0.0,2800.0
9,6,0,0.0,2800.0
9,6,1,0.0,2800.0
9,6,2,0.0,2800.0
9,6,3,0.0,2800.0
9,6,4,0.0,2800.0
9,6,5,0.0,2800.0
9,6,6,0.437947,2800.0
9,6,7,55.06675,2800.0
9,6,8,151.844094,2800.0
9,6,9,228.90931,2800.0
9,6,10,279.282055,2800.0
9,6,11,278.537512,2800.0
9,6,12,279.811015,2800.0
9,6,13,324.150163,2800.0
9,6,14,265.761909,2800.0
9,6,15,244.720303,2800.0
9,6,16,179.683265,2800.0
9,6,17,97.859644,2800.0
9,6,18,17.856897,2800.0
9,6,19,0.0,2800.0
9,6,20,0.0,2800.0
9,6,21,0.0,2800.0
9,6,22,0.0,2800.0
9,6,23,0.0,2800.0
9,7,0,0.0,2800.0
9,7,1,0.0,2800.0
9,7,2,0.0,2800.0
9,7,3,0.0,2800.0
9,7,4,0.0,2800.0
9,7,5,0.0,2800.0
9,7,6,-0.0,2800.0
9,7,7,32.642842,2800.0
9,7,8,146.05218100000002,2800.0
9,7,9,219.47499100000002,2800.0
9,7,10,271.307303,2800.0
9,7,11,305.339164,2800.0
9,7,12,318.782375,2800.0
9,7,13,309.36846299999996,2800.0
9,7,14,281.74050900000003,2800.0
9,7,15,235.574501,2800.0
9,7,16,170.12230300000002,2800.0
9,7,17,87.324231,2800.0
9,7,18,15.597926,2800.0
9,7,19,0.0,2800.0
9,7,20,0.0,2800.0
9,7,21,0.0,2800.0
9,7,22,0.0,2800.0
9,7,23,0.0,2800.0
9,8,0,0.0,2800.0
9,8,1,0.0,2800.0
9,8,2,0.0,2800.0
9,8,3,0.0,2800.0
9,8,4,0.0,2800.0
9,8,5,0.0,2800.0
9,8,6,-0.0,2800.0
9,8,7,41.283208,2800.0
9,8,8,115.750158,2800.0
9,8,9,182.744541,2800.0
9,8,10,240.675587,2800.0
9,8,11,274.366848,2800.0
9,8,12,286.31782400000003,2800.0
9,8,13,277.026008,2800.0
9,8,14,149.203816,2800.0
9,8,15,212.5991,2800.0
9,8,16,152.91632199999998,2800.0
9,8,17,73.361048,2800.0
9,8,18,11.857818,2800.0
9,8,19,0.0,2800.0
9,8,20,0.0,2800.0
9,8,21,0.0,2800.0
9,8,22,0.0,2800.0
9,8,23,0.0,2800.0
9,9,0,0.0,2800.0
9,9,1,0.0,2800.0
9,9,2,0.0,2800.0
9,9,3,0.0,2800.0
9,9,4,0.0,2800.0
9,9,5,0.0,2800.0
9,9,6,-0.0,2800.0
9,9,7,41.548918,2800.0
9,9,8,116.191342,2800.0
9,9,9,177.744936,2800.0
9,9,10,226.680043,2800.0
9,9,11,242.656114,2800.0
9,9,12,276.629663,2800.0
9,9,13,271.259887,2800.0
9,9,14,247.776367,2800.0
9,9,15,203.69930300000001,2800.0
9,9,16,145.275575,2800.0
9,9,17,73.644005,2800.0
9,9,18,9.476893,2800.0
9,9,19,0.0,2800.0
9,9,20,0.0,2800.0
9,9,21,0.0,2800.0
9,9,22,0.0,2800.0
9,9,23,0.0,2800.0
9,10,0,0.0,2800.0
9,10,1,0.0,2800.0
9,10,2,0.0,2800.0
9,10,3,0.0,2800.0
9,10,4,0.0,1712.6043126696648
9,10,5,0.0,953.6162939806846
9,10,6,-0.0,813.163264745564
9,10,7,41.181726000000005,388.5930680097703
9,10,8,117.21238199999999,1029.5337295682716
9,10,9,189.083196,813.163264745564
9,10,10,241.833662,557.58989956809
9,10,11,279.407733,881.5257965526516
9,10,12,275.406184,2275.070137118247
9,10,13,257.919422,2800.0
9,10,14,264.166397,2800.0
9,10,15,209.835089,2800.0
9,10,16,148.165721,2800.0
9,10,17,76.651319,813.163264745564
9,10,18,10.756996,629.4537376638762
9,10,19,0.0,460.3878697051685
9,10,20,0.0,727.6412163217148
9,10,21,0.0,416.3395915497286
9,10,22,0.0,152.76411334322614
9,10,23,0.0,183.74862734385428
9,11,0,0.0,1222.1129067458091
9,11,1,0.0,2800.0
9,11,2,0.0,2800.0
9,11,3,0.0,2800.0
9,11,4,0.0,2800.0
9,11,5,0.0,2800.0
9,11,6,-0.0,2800.0
9,11,7,53.877995000000006,2800.0
9,11,8,156.67362100000003,2800.0
9,11,9,240.413247,2800.0
9,11,10,300.342871,2800.0
9,11,11,338.921588,2800.0
9,11,12,353.152426,2800.0
9,11,13,343.67595400000005,2800.0
9,11,14,313.982801,2800.0
9,11,15,262.410905,2800.0
9,11,16,191.755194,2800.0
9,11,17,96.381429,2549.630956168769
9,11,18,12.108547,2800.0
9,11,19,0.0,2800.0
9,11,20,0.0,1676.4237403920558
9,11,21,0.0,791.1870845831577
9,11,22,0.0,1676.4237403920558
9,11,23,0.0,2800.0
9,12,0,0.0,2800.0
9,12,1,0.0,2800.0
9,12,2,0.0,2800.0
9,12,3,0.0,2800.0
9,12,4,0.0,2800.0
9,12,5,0.0,2800.0
9,12,6,-0.0,2800.0
9,12,7,51.945201000000004,2800.0
9,12,8,149.541151,2800.0
9,12,9,226.677524,2800.0
9,12,10,277.46385,2800.0
9,12,11,309.16695400000003,2800.0
9,12,12,319.01500699999997,2800.0
9,12,13,312.668703,2800.0
9,12,14,262.864488,2800.0
9,12,15,245.348692,2800.0
9,12,16,181.045014,2800.0
9,12,17,71.228999,2800.0
9,12,18,9.668951999999999,2800.0
9,12,19,0.0,2800.0
9,12,20,0.0,2800.0
9,12,21,0.0,2800.0
9,12,22,0.0,2800.0
9,12,23,0.0,2800.0
9,13,0,0.0,2800.0
9,13,1,0.0,2800.0
9,13,2,0.0,2800.0
9,13,3,0.0,2020.963642713616
9,13,4,0.0,1055.7070784976213
9,13,5,0.0,475.7328897807615
9,13,6,-0.0,312.8020973326286
9,13,7,34.77322,167.779835898385
9,13,8,118.84879,2800.0
9,13,9,179.79746,2800.0
9,13,10,248.271508,2800.0
9,13,11,276.650635,2800.0
9,13,12,276.980263,2800.0
9,13,13,272.981311,2800.0
9,13,14,216.115644,2800.0
9,13,15,195.278345,2800.0
9,13,16,105.463581,2800.0
9,13,17,78.66619899999999,2800.0
9,13,18,7.943637,2800.0
9,13,19,0.0,2800.0
9,13,20,0.0,2800.0
9,13,21,0.0,2800.0
9,13,22,0.0,2800.0
9,13,23,0.0,2800.0
9,14,0,0.0,2800.0
9,14,1,0.0,2800.0
9,14,2,0.0,2800.0
9,14,3,0.0,2800.0
9,14,4,0.0,2800.0
9,14,5,0.0,2800.0
9,14,6,-0.0,2800.0
9,14,7,28.823557,2800.0
9,14,8,102.389916,2800.0
9,14,9,163.454851,2800.0
9,14,10,221.631215,2800.0
9,14,11,262.635302,2800.0
9,14,12,317.39459000000005,2800.0
9,14,13,304.492564,2800.0
9,14,14,245.87939300000002,2800.0
9,14,15,225.87945499999998,2800.0
9,14,16,55.001618,2800.0
9,14,17,54.723481,2800.0
9,14,18,5.039903000000001,2800.0
9,14,19,0.0,2800.0
9,14,20,0.0,2800.0
9,14,21,0.0,2800.0
9,14,22,0.0,2800.0
9,14,23,0.0,2800.0
9,15,0,0.0,2800.0
9,15,1,0.0,2800.0
9,15,2,0.0,2800.0
9,15,3,0.0,2800.0
9,15,4,0.0,2800.0
9,15,5,0.0,2800.0
9,15,6,-0.0,2800.0
9,15,7,2.019722,2800.0
9,15,8,30.992164,2800.0
9,15,9,74.423361,2800.0
9,15,10,108.832071,2800.0
9,15,11,160.782688,2800.0
9,15,12,118.153349,2800.0
9,15,13,157.696432,953.6162939806846
9,15,14,93.424578,218.66271769222345
9,15,15,95.9584,48.57413350122129
9,15,16,48.928254,237.66666698837332
9,15,17,24.443593,1164.8359102045422
9,15,18,5.613594,2800.0
9,15,19,0.0,2800.0
9,15,20,0.0,2800.0
9,15,21,0.0,2800.0
9,15,22,0.0,2800.0
9,15,23,0.0,2800.0
9,16,0,0.0,2800.0
9,16,1,0.0,2800.0
9,16,2,0.0,2800.0
9,16,3,0.0,2800.0
9,16,4,0.0,2800.0
9,16,5,0.0,2800.0
9,16,6,0.0,2800.0
9,16,7,46.715900999999995,2800.0
9,16,8,71.00974000000001,2800.0
9,16,9,222.334002,2800.0
9,16,10,279.477141,2800.0
9,16,11,311.02234000000004,2800.0
9,16,12,321.802756,2800.0
9,16,13,316.170608,2800.0
9,16,14,290.090684,1676.4237403920558
9,16,15,245.094576,629.4537376638762
9,16,16,177.287709,257.74098596133337
9,16,17,85.292947,460.3878697051685
9,16,18,4.968966999999999,1164.8359102045422
9,16,19,0.0,2800.0
9,16,20,0.0,2800.0
9,16,21,0.0,2800.0
9,16,22,0.0,2800.0
9,16,23,0.0,2800.0
9,17,0,0.0,2800.0
9,17,1,0.0,2800.0
9,17,2,0.0,2800.0
9,17,3,0.0,2800.0
9,17,4,0.0,2800.0
9,17,5,0.0,2455.7891050857875
9,17,6,0.0,929.1658003530496
9,17,7,35.864587,813.163264745564
9,17,8,126.63497199999999,257.74098596133337
9,17,9,134.643594,101.6454080931955
9,17,10,247.505725,14.900254593448198
9,17,11,168.89804199999998,268.18869820056244
9,17,12,240.960994,312.8020973326286
9,17,13,212.30885800000001,131.96338481220266
9,17,14,174.475936,610.9415963527902
9,17,15,115.557338,2800.0
9,17,16,97.31062,2800.0
9,17,17,33.445516000000005,2800.0
9,17,18,1.6333510000000002,2800.0
9,17,19,0.0,2800.0
9,17,20,0.0,2800.0
9,17,21,0.0,2800.0
9,17,22,0.0,2800.0
9,17,23,0.0,2800.0
9,18,0,0.0,2800.0
9,18,1,0.0,2800.0
9,18,2,0.0,2800.0
9,18,3,0.0,2800.0
9,18,4,0.0,2800.0
9,18,5,0.0,2800.0
9,18,6,0.0,2800.0
9,18,7,35.054339,2800.0
9,18,8,22.260865000000003,2800.0
9,18,9,104.168632,2800.0
9,18,10,84.791011,2800.0
9,18,11,170.109984,2800.0
9,18,12,196.000962,2800.0
9,18,13,196.359352,2800.0
9,18,14,117.584326,2800.0
9,18,15,127.323712,2800.0
9,18,16,103.739157,2800.0
9,18,17,68.692918,2800.0
9,18,18,3.053675,2800.0
9,18,19,0.0,2800.0
9,18,20,0.0,2800.0
9,18,21,0.0,2800.0
9,18,22,0.0,2800.0
9,18,23,0.0,2800.0
9,19,0,0.0,2800.0
9,19,1,0.0,2800.0
9,19,2,0.0,2800.0
9,19,3,0.0,2800.0
9,19,4,0.0,2800.0
9,19,5,0.0,2800.0
9,19,6,0.0,2800.0
9,19,7,-0.0,2800.0
9,19,8,12.655099,2800.0
9,19,9,52.327141000000005,2800.0
9,19,10,165.37543100000002,2800.0
9,19,11,104.269693,2800.0
9,19,12,167.46077400000001,2800.0
9,19,13,54.759547,2800.0
9,19,14,90.303291,2800.0
9,19,15,16.951645,2800.0
9,19,16,95.64520200000001,2800.0
9,19,17,67.707352,2800.0
9,19,18,3.2319560000000003,2800.0
9,19,19,0.0,2800.0
9,19,20,0.0,2800.0
9,19,21,0.0,2800.0
9,19,22,0.0,2800.0
9,19,23,0.0,2800.0
9,20,0,0.0,2800.0
9,20,1,0.0,2800.0
9,20,2,0.0,2800.0
9,20,3,0.0,2800.0
9,20,4,0.0,2800.0
9,20,5,0.0,2800.0
9,20,6,0.0,2800.0
9,20,7,2.917444,2800.0
9,20,8,29.926784,2800.0
9,20,9,85.654713,2800.0
9,20,10,79.93764900000001,2800.0
9,20,11,39.620906000000005,2800.0
9,20,12,80.235477,2800.0
9,20,13,54.860974,2800.0
9,20,14,134.68648499999998,2800.0
9,20,15,50.830156,2800.0
9,20,16,54.229101,2800.0
9,20,17,22.945008,2800.0
9,20,18,0.109738,2800.0
9,20,19,0.0,2800.0
9,20,20,0.0,2800.0
9,20,21,0.0,2800.0
9,20,22,0.0,2800.0
9,20,23,0.0,2800.0
9,21,0,0.0,2800.0
9,21,1,0.0,2800.0
9,21,2,0.0,2800.0
9,21,3,0.0,2800.0
9,21,4,0.0,2800.0
9,21,5,0.0,1824.2618316438895
9,21,6,0.0,268.18869820056244
9,21,7,45.692764000000004,39.100262166578574
9,21,8,145.29190599999998,978.4920029593812
9,21,9,226.074451,2800.0
9,21,10,280.487022,2800.0
9,21,11,314.98846100000003,2800.0
9,21,12,329.334315,2800.0
9,21,13,322.12351,2800.0
9,21,14,293.225761,2800.0
9,21,15,242.388272,2800.0
9,21,16,169.33730400000002,2800.0
9,21,17,75.000992,2800.0
9,21,18,2.221543,2800.0
9,21,19,0.0,2800.0
9,21,20,0.0,2800.0
9,21,21,0.0,2800.0
9,21,22,0.0,2800.0
9,21,23,0.0,2800.0
9,22,0,0.0,2800.0
9,22,1,0.0,2800.0
9,22,2,0.0,2800.0
9,22,3,0.0,2800.0
9,22,4,0.0,2800.0
9,22,5,0.0,2800.0
9,22,6,0.0,2800.0
9,22,7,1.423126,2800.0
9,22,8,14.385698,2800.0
9,22,9,26.603382,2800.0
9,22,10,17.079197,2800.0
9,22,11,20.708717,2800.0
9,22,12,144.88742000000002,2800.0
9,22,13,338.337482,2800.0
9,22,14,307.474104,2800.0
9,22,15,182.664098,2800.0
9,22,16,177.781501,2800.0
9,22,17,76.692156,2800.0
9,22,18,1.833701,2800.0
9,22,19,0.0,2800.0
9,22,20,0.0,2800.0
9,22,21,0.0,2800.0
9,22,22,0.0,2800.0
9,22,23,0.0,2800.0
9,23,0,0.0,2800.0
9,23,1,0.0,2800.0
9,23,2,0.0,2800.0
9,23,3,0.0,2800.0
9,23,4,0.0,2800.0
9,23,5,0.0,2800.0
9,23,6,0.0,2800.0
9,23,7,45.28333,2800.0
9,23,8,143.43476800000002,2800.0
9,23,9,222.608261,2800.0
9,23,10,277.990888,2800.0
9,23,11,315.044907,2800.0
9,23,12,330.382045,2800.0
9,23,13,328.301407,2800.0
9,23,14,298.106474,2800.0
9,23,15,247.474893,2800.0
9,23,16,170.247049,2800.0
9,23,17,72.22960400000001,2800.0
9,23,18,1.338776,2800.0
9,23,19,0.0,2800.0
9,23,20,0.0,2800.0
9,23,21,0.0,2800.0
9,23,22,0.0,2800.0
9,23,23,0.0,2800.0
9,24,0,0.0,2800.0
9,24,1,0.0,2800.0
9,24,2,0.0,2800.0
9,24,3,0.0,2800.0
9,24,4,0.0,2800.0
9,24,5,0.0,2800.0
9,24,6,0.0,2800.0
9,24,7,43.746436,2800.0
9,24,8,145.120626,2800.0
9,24,9,231.474044,2800.0
9,24,10,290.20270899999997,2800.0
9,24,11,324.111378,2800.0
9,24,12,334.33969,2800.0
9,24,13,324.421386,2800.0
9,24,14,294.516878,2800.0
9,24,15,242.901225,1980.545579523704
9,24,16,171.15169,1536.7967041952045
9,24,17,73.515623,1712.6043126696648
9,24,18,1.1800789999999999,2103.4419801044355
9,24,19,0.0,2800.0
9,24,20,0.0,2800.0
9,24,21,0.0,2800.0
9,24,22,0.0,2800.0
9,24,23,0.0,2800.0
9,25,0,0.0,2800.0
9,25,1,0.0,2800.0
9,25,2,0.0,2800.0
9,25,3,0.0,2800.0
9,25,4,0.0,2800.0
9,25,5,0.0,2800.0
9,25,6,0.0,2800.0
9,25,7,39.249763,2800.0
9,25,8,135.45778099999998,2800.0
9,25,9,198.651477,2800.0
9,25,10,239.532329,2800.0
9,25,11,257.126323,1940.6700324713545
9,25,12,296.13419500000003,540.5220241907821
9,25,13,272.014093,192.09958802440056
9,25,14,256.27110200000004,183.74862734385428
9,25,15,171.747241,160.15467383430587
9,25,16,135.733311,39.100262166578574
9,25,17,45.903637,21.955408148130225
9,25,18,0.581736,1136.8810555802274
9,25,19,0.0,2800.0
9,25,20,0.0,2800.0
9,25,21,0.0,2800.0
9,25,22,0.0,2800.0
9,25,23,0.0,2800.0
9,26,0,0.0,2800.0
9,26,1,0.0,2800.0
9,26,2,0.0,2800.0
9,26,3,0.0,2800.0
9,26,4,0.0,2800.0
9,26,5,0.0,2800.0
9,26,6,0.0,2800.0
9,26,7,40.077036,2800.0
9,26,8,135.736027,2800.0
9,26,9,180.076548,2800.0
9,26,10,191.140487,2800.0
9,26,11,207.25510200000002,2800.0
9,26,12,222.46220300000002,2800.0
9,26,13,236.16065400000002,2800.0
9,26,14,184.052347,2800.0
9,26,15,146.155617,2800.0
9,26,16,66.021113,2800.0
9,26,17,18.932431,2800.0
9,26,18,-0.0,2800.0
9,26,19,0.0,2800.0
9,26,20,0.0,2800.0
9,26,21,0.0,2800.0
9,26,22,0.0,2800.0
9,26,23,0.0,2800.0
9,27,0,0.0,2800.0
9,27,1,0.0,2800.0
9,27,2,0.0,2800.0
9,27,3,0.0,2800.0
9,27,4,0.0,2800.0
9,27,5,0.0,2800.0
9,27,6,0.0,2800.0
9,27,7,13.028106,2800.0
9,27,8,60.589644,2800.0
9,27,9,159.466022,2800.0
9,27,10,282.58168,2800.0
9,27,11,316.29689399999995,2800.0
9,27,12,328.837167,2800.0
9,27,13,311.80397,2800.0
9,27,14,273.492687,2800.0
9,27,15,212.066128,2800.0
9,27,16,141.465884,2800.0
9,27,17,52.219396,2800.0
9,27,18,-0.0,2800.0
9,27,19,0.0,2800.0
9,27,20,0.0,2800.0
9,27,21,0.0,2800.0
9,27,22,0.0,2800.0
9,27,23,0.0,2800.0
9,28,0,0.0,2800.0
9,28,1,0.0,2800.0
9,28,2,0.0,2800.0
9,28,3,0.0,2800.0
9,28,4,0.0,2800.0
9,28,5,0.0,2800.0
9,28,6,0.0,2800.0
9,28,7,32.646379,2800.0
9,28,8,38.607412,2800.0
9,28,9,77.517043,2800.0
9,28,10,83.184436,2800.0
9,28,11,141.682576,2800.0
9,28,12,247.06133400000002,2800.0
9,28,13,248.713006,2800.0
9,28,14,232.939692,2800.0
9,28,15,213.910817,2800.0
9,28,16,141.655653,2800.0
9,28,17,54.351286,2800.0
9,28,18,-0.0,2800.0
9,28,19,0.0,2800.0
9,28,20,0.0,2800.0
9,28,21,0.0,2800.0
9,28,22,0.0,2800.0
9,28,23,0.0,2800.0
9,29,0,0.0,2800.0
9,29,1,0.0,2800.0
9,29,2,0.0,2800.0
9,29,3,0.0,2800.0
9,29,4,0.0,2800.0
9,29,5,0.0,2800.0
9,29,6,0.0,2800.0
9,29,7,29.319654999999997,2800.0
9,29,8,111.461304,2597.435303258585
9,29,9,148.858396,2455.7891050857875
9,29,10,245.637781,2502.4167786610287
9,29,11,284.145728,2800.0
9,29,12,299.81824,2694.829168782761
9,29,13,293.756306,2597.435303258585
9,29,14,263.049964,2800.0
9,29,15,210.18464600000001,2800.0
9,29,16,136.25196499999998,2800.0
9,29,17,50.202131,2800.0
9,29,18,-0.0,2800.0
9,29,19,0.0,2800.0
9,29,20,0.0,2800.0
9,29,21,0.0,2800.0
9,29,22,0.0,2800.0
9,29,23,0.0,2800.0
9,30,0,0.0,2800.0
9,30,1,0.0,2800.0
9,30,2,0.0,2800.0
9,30,3,0.0,2800.0
9,30,4,0.0,2800.0
9,30,5,0.0,2800.0
9,30,6,0.0,2800.0
9,30,7,35.477021,2800.0
9,30,8,129.499837,2800.0
9,30,9,212.415795,2800.0
9,30,10,270.149592,2800.0
9,30,11,307.959057,2800.0
9,30,12,321.83741200000003,2800.0
9,30,13,313.084585,2800.0
9,30,14,278.56768300000005,2800.0
9,30,15,80.345494,2800.0
9,30,16,104.464099,2800.0
9,30,17,51.646069000000004,2800.0
9,30,18,-0.0,2800.0
9,30,19,0.0,2800.0
9,30,20,0.0,2800.0
9,30,21,0.0,2800.0
9,30,22,0.0,2800.0
9,30,23,0.0,2800.0
10,1,0,0.0,2800.0
10,1,1,0.0,2800.0
10,1,2,0.0,2800.0
10,1,3,0.0,2800.0
10,1,4,0.0,2800.0
10,1,5,0.0,2800.0
10,1,6,0.0,2800.0
10,1,7,35.043892,2800.0
10,1,8,15.090004,2800.0
10,1,9,61.711054,2800.0
10,1,10,95.131134,2800.0
10,1,11,110.470788,2800.0
10,1,12,112.726967,2800.0
10,1,13,171.996111,2800.0
10,1,14,279.695386,2800.0
10,1,15,226.43413800000002,2800.0
10,1,16,149.624887,2800.0
10,1,17,54.515954,2800.0
10,1,18,0.0,2800.0
10,1,19,0.0,2800.0
10,1,20,0.0,2800.0
10,1,21,0.0,2800.0
10,1,22,0.0,2800.0
10,1,23,0.0,2800.0
10,2,0,0.0,2800.0
10,2,1,0.0,2800.0
10,2,2,0.0,2800.0
10,2,3,0.0,2800.0
10,2,4,0.0,2800.0
10,2,5,0.0,2800.0
10,2,6,0.0,2800.0
10,2,7,32.200007,2800.0
10,2,8,121.707471,2800.0
10,2,9,40.498228000000005,2800.0
10,2,10,51.434249,2502.4167786610287
10,2,11,87.736646,2800.0
10,2,12,147.576617,2800.0
10,2,13,189.180102,2800.0
10,2,14,246.354402,2800.0
10,2,15,183.42123199999997,2800.0
10,2,16,123.832339,2800.0
10,2,17,30.536347000000003,2800.0
10,2,18,0.0,2800.0
10,2,19,0.0,2800.0
10,2,20,0.0,2800.0
10,2,21,0.0,2800.0
10,2,22,0.0,2800.0
10,2,23,0.0,2800.0
10,3,0,0.0,2800.0
10,3,1,0.0,2800.0
10,3,2,0.0,2800.0
10,3,3,0.0,2800.0
10,3,4,0.0,2800.0
10,3,5,0.0,2800.0
10,3,6,0.0,2800.0
10,3,7,3.822404,2800.0
10,3,8,45.428536,2800.0
10,3,9,88.478071,2800.0
10,3,10,148.40778899999998,2800.0
10,3,11,19.428304,2800.0
10,3,12,36.460479,2800.0
10,3,13,203.95770800000003,2800.0
10,3,14,268.44540500000005,2800.0
10,3,15,110.968433,2800.0
10,3,16,136.785781,2800.0
10,3,17,46.424669,2800.0
10,3,18,0.0,2800.0
10,3,19,0.0,2800.0
10,3,20,0.0,2800.0
10,3,21,0.0,2800.0
10,3,22,0.0,2800.0
10,3,23,0.0,2800.0
10,4,0,0.0,2800.0
10,4,1,0.0,2800.0
10,4,2,0.0,2800.0
10,4,3,0.0,2800.0
10,4,4,0.0,2800.0
10,4,5,0.0,2800.0
10,4,6,0.0,2800.0
10,4,7,14.395316999999999,2800.0
10,4,8,119.305666,2800.0
10,4,9,200.13673300000002,2800.0
10,4,10,107.81992699999999,2800.0
10,4,11,292.582561,2800.0
10,4,12,304.524091,2800.0
10,4,13,214.075578,2800.0
10,4,14,262.381752,2800.0
10,4,15,180.3075,2800.0
10,4,16,121.347504,2800.0
10,4,17,42.596162,2800.0
10,4,18,0.0,2800.0
10,4,19,0.0,2800.0
10,4,20,0.0,2800.0
10,4,21,0.0,2800.0
10,4,22,0.0,2800.0
10,4,23,0.0,2800.0
10,5,0,0.0,2800.0
10,5,1,0.0,2800.0
10,5,2,0.0,2800.0
10,5,3,0.0,2800.0
10,5,4,0.0,2800.0
10,5,5,0.0,2800.0
10,5,6,0.0,2800.0
10,5,7,27.965914,2800.0
10,5,8,70.182012,2800.0
10,5,9,113.84733800000001,2800.0
10,5,10,119.787102,2800.0
10,5,11,130.416779,2800.0
10,5,12,90.35311800000001,2800.0
10,5,13,123.923518,2800.0
10,5,14,38.680801,2800.0
10,5,15,38.287081,2800.0
10,5,16,31.493244999999998,2800.0
10,5,17,14.104667,2800.0
10,5,18,0.0,2800.0
10,5,19,0.0,2800.0
10,5,20,0.0,2800.0
10,5,21,0.0,2800.0
10,5,22,0.0,2800.0
10,5,23,0.0,2800.0
10,6,0,0.0,2800.0
10,6,1,0.0,2800.0
10,6,2,0.0,2800.0
10,6,3,0.0,2800.0
10,6,4,0.0,2800.0
10,6,5,0.0,2800.0
10,6,6,0.0,2800.0
10,6,7,1.371119,2800.0
10,6,8,10.272236000000001,2800.0
10,6,9,45.298429,2800.0
10,6,10,124.223865,2800.0
10,6,11,189.044701,2800.0
10,6,12,276.87061700000004,2800.0
10,6,13,288.272314,2800.0
10,6,14,123.078896,2800.0
10,6,15,113.382113,2800.0
10,6,16,26.676811,2800.0
10,6,17,49.41833999999999,2800.0
10,6,18,0.0,2800.0
10,6,19,0.0,2800.0
10,6,20,0.0,2800.0
10,6,21,0.0,2800.0
10,6,22,0.0,2800.0
10,6,23,0.0,2800.0
10,7,0,0.0,2800.0
10,7,1,0.0,2800.0
10,7,2,0.0,2800.0
10,7,3,0.0,2800.0
10,7,4,0.0,2800.0
10,7,5,0.0,2800.0
10,7,6,0.0,2800.0
10,7,7,33.676845,2800.0
10,7,8,136.05981500000001,2800.0
10,7,9,226.38456599999998,2800.0
10,7,10,41.301699,2800.0
10,7,11,97.478558,2800.0
10,7,12,337.88343199999997,2800.0
10,7,13,329.60111700000004,2800.0
10,7,14,292.382045,2800.0
10,7,15,233.40157000000002,2800.0
10,7,16,149.827931,2800.0
10,7,17,48.949849,2800.0
10,7,18,0.0,2800.0
10,7,19,0.0,2800.0
10,7,20,0.0,2800.0
10,7,21,0.0,2800.0
10,7,22,0.0,2800.0
10,7,23,0.0,2800.0
10,8,0,0.0,2800.0
10,8,1,0.0,2800.0
10,8,2,0.0,2800.0
10,8,3,0.0,2800.0
10,8,4,0.0,2800.0
10,8,5,0.0,2800.0
10,8,6,0.0,2800.0
10,8,7,32.355502,2800.0
10,8,8,133.13007399999998,2800.0
10,8,9,219.962693,2800.0
10,8,10,279.06599,2800.0
10,8,11,314.269224,2800.0
10,8,12,324.876619,2800.0
10,8,13,313.838161,2800.0
10,8,14,281.074424,2800.0
10,8,15,227.369529,2800.0
10,8,16,146.184423,2800.0
10,8,17,47.221526,2800.0
10,8,18,0.0,2800.0
10,8,19,0.0,2800.0
10,8,20,0.0,2800.0
10,8,21,0.0,2800.0
10,8,22,0.0,2800.0
10,8,23,0.0,2800.0
10,9,0,0.0,2744.426018516277
10,9,1,0.0,1536.7967041952045
10,9,2,0.0,237.66666698837332
10,9,3,0.0,30.94602468005788
10,9,4,0.0,523.8060511729734
10,9,5,0.0,2597.435303258585
10,9,6,0.0,2800.0
10,9,7,34.022596,2800.0
10,9,8,139.025952,2800.0
10,9,9,223.36185200000003,2800.0
10,9,10,280.883299,2800.0
10,9,11,315.977855,2800.0
10,9,12,328.221361,2800.0
10,9,13,316.454886,2800.0
10,9,14,281.296732,2800.0
10,9,15,225.52072099999998,2800.0
10,9,16,144.857738,2800.0
10,9,17,45.038798,2800.0
10,9,18,0.0,2800.0
10,9,19,0.0,2800.0
10,9,20,0.0,2800.0
10,9,21,0.0,2800.0
10,9,22,0.0,2800.0
10,9,23,0.0,2800.0
10,10,0,0.0,2800.0
10,10,1,0.0,2800.0
10,10,2,0.0,2800.0
10,10,3,0.0,2800.0
10,10,4,0.0,2800.0
10,10,5,0.0,2800.0
10,10,6,0.0,2800.0
10,10,7,30.66375,2800.0
10,10,8,130.103861,2800.0
10,10,9,213.205718,2800.0
10,10,10,261.857188,2800.0
10,10,11,291.10006500000003,2800.0
10,10,12,302.842978,2800.0
10,10,13,296.302928,2800.0
10,10,14,269.326462,2800.0
10,10,15,126.64891800000001,2800.0
10,10,16,137.646587,2800.0
10,10,17,41.051691,2800.0
10,10,18,0.0,2800.0
10,10,19,0.0,2800.0
10,10,20,0.0,2800.0
10,10,21,0.0,2800.0
10,10,22,0.0,2800.0
10,10,23,0.0,2800.0
10,11,0,0.0,2800.0
10,11,1,0.0,2800.0
10,11,2,0.0,2800.0
10,11,3,0.0,2800.0
10,11,4,0.0,2800.0
10,11,5,0.0,2800.0
10,11,6,0.0,2800.0
10,11,7,29.989537,2800.0
10,11,8,130.726449,2800.0
10,11,9,215.252703,2800.0
10,11,10,268.671425,2800.0
10,11,11,301.634143,2800.0
10,11,12,314.12733199999997,2800.0
10,11,13,301.86794,2800.0
10,11,14,271.956034,2800.0
10,11,15,216.620142,2800.0
10,11,16,135.661466,2800.0
10,11,17,39.859864,1536.7967041952045
10,11,18,0.0,2800.0
10,11,19,0.0,2800.0
10,11,20,0.0,2800.0
10,11,21,0.0,2800.0
10,11,22,0.0,2800.0
10,11,23,0.0,2800.0
10,12,0,0.0,2800.0
10,12,1,0.0,2800.0
10,12,2,0.0,2800.0
10,12,3,0.0,2800.0
10,12,4,0.0,2800.0
10,12,5,0.0,1824.2618316438895
10,12,6,0.0,312.8020973326286
10,12,7,26.912071,557.58989956809
10,12,8,124.072639,289.9235564324093
10,12,9,207.096474,3.563011389929472
10,12,10,264.118038,107.29111938509163
10,12,11,297.120297,430.6948862392302
10,12,12,269.376783,1029.5337295682716
10,12,13,126.508746,1605.5985030100696
10,12,14,108.148812,1570.9465066065366
10,12,15,101.18173900000001,2800.0
10,12,16,52.339044,2800.0
10,12,17,6.98437,2800.0
10,12,18,0.0,2800.0
10,12,19,0.0,2800.0
10,12,20,0.0,2800.0
10,12,21,0.0,2800.0
10,12,22,0.0,2800.0
10,12,23,0.0,2800.0
10,13,0,0.0,2800.0
10,13,1,0.0,2800.0
10,13,2,0.0,2800.0
10,13,3,0.0,2800.0
10,13,4,0.0,2800.0
10,13,5,0.0,2800.0
10,13,6,0.0,2800.0
10,13,7,27.783931,2800.0
10,13,8,130.833147,2800.0
10,13,9,219.161108,2800.0
10,13,10,278.66718699999996,2800.0
10,13,11,315.21421899999996,2800.0
10,13,12,328.28705099999996,2800.0
10,13,13,317.595526,2800.0
10,13,14,283.267882,2800.0
10,13,15,225.518682,2800.0
10,13,16,141.765405,2800.0
10,13,17,38.910766,2800.0
10,13,18,0.0,953.6162939806846
10,13,19,0.0,2800.0
10,13,20,0.0,2800.0
10,13,21,0.0,2800.0
10,13,22,0.0,2800.0
10,13,23,0.0,2800.0
10,14,0,0.0,2800.0
10,14,1,0.0,2800.0
10,14,2,0.0,2800.0
10,14,3,0.0,2800.0
10,14,4,0.0,2800.0
10,14,5,0.0,2800.0
10,14,6,0.0,2800.0
10,14,7,27.306705,2800.0
10,14,8,132.997278,2800.0
10,14,9,224.307659,2800.0
10,14,10,283.873883,2800.0
10,14,11,318.395737,2800.0
10,14,12,328.150435,2800.0
10,14,13,313.52901199999997,2800.0
10,14,14,278.26421799999997,2800.0
10,14,15,222.322801,2800.0
10,14,16,136.84323999999998,2800.0
10,14,17,36.508695,2800.0
10,14,18,0.0,2800.0
10,14,19,0.0,2800.0
10,14,20,0.0,2800.0
10,14,21,0.0,2800.0
10,14,22,0.0,2800.0
10,14,23,0.0,2800.0
10,15,0,0.0,2800.0
10,15,1,0.0,2800.0
10,15,2,0.0,2800.0
10,15,3,0.0,2800.0
10,15,4,0.0,2800.0
10,15,5,0.0,2800.0
10,15,6,0.0,2800.0
10,15,7,1.6642029999999999,2800.0
10,15,8,21.509558000000002,2800.0
10,15,9,36.855025999999995,2800.0
10,15,10,41.925697,2800.0
10,15,11,42.902188,2800.0
10,15,12,54.268002,2800.0
10,15,13,30.44568,2800.0
10,15,14,20.944255000000002,2800.0
10,15,15,27.674427,2800.0
10,15,16,11.603185999999999,2800.0
10,15,17,-0.0,2800.0
10,15,18,0.0,2800.0
10,15,19,0.0,2800.0
10,15,20,0.0,2800.0
10,15,21,0.0,2800.0
10,15,22,0.0,2800.0
10,15,23,0.0,2800.0
10,16,0,0.0,2800.0
10,16,1,0.0,2800.0
10,16,2,0.0,2800.0
10,16,3,0.0,2800.0
10,16,4,0.0,2800.0
10,16,5,0.0,2800.0
10,16,6,0.0,2800.0
10,16,7,21.037517,2800.0
10,16,8,122.80743700000001,2800.0
10,16,9,214.876884,2800.0
10,16,10,126.116025,2800.0
10,16,11,144.40842,2800.0
10,16,12,72.26110700000001,2800.0
10,16,13,72.836117,2800.0
10,16,14,57.193866,2800.0
10,16,15,61.284909,2800.0
10,16,16,58.211752999999995,2800.0
10,16,17,6.737178,2800.0
10,16,18,0.0,2800.0
10,16,19,0.0,2800.0
10,16,20,0.0,2800.0
10,16,21,0.0,2800.0
10,16,22,0.0,2800.0
10,16,23,0.0,2800.0
10,17,0,0.0,2800.0
10,17,1,0.0,2645.8334855800563
10,17,2,0.0,1136.8810555802274
10,17,3,0.0,523.8060511729734
10,17,4,0.0,460.3878697051685
10,17,5,0.0,1029.5337295682716
10,17,6,0.0,2103.4419801044355
10,17,7,-0.0,2800.0
10,17,8,22.922335,2800.0
10,17,9,89.714658,2800.0
10,17,10,18.150068,2800.0
10,17,11,44.241493000000006,2800.0
10,17,12,42.809242,2800.0
10,17,13,48.850256,2800.0
10,17,14,34.928758,2800.0
10,17,15,162.795827,2800.0
10,17,16,64.104394,2800.0
10,17,17,29.179616999999997,2800.0
10,17,18,0.0,2800.0
10,17,19,0.0,2800.0
10,17,20,0.0,2800.0
10,17,21,0.0,2800.0
10,17,22,0.0,2800.0
10,17,23,0.0,2800.0
10,18,0,0.0,2800.0
10,18,1,0.0,2800.0
10,18,2,0.0,2800.0
10,18,3,0.0,2800.0
10,18,4,0.0,2800.0
10,18,5,0.0,2800.0
10,18,6,0.0,2800.0
10,18,7,16.906088,2800.0
10,18,8,118.427204,2800.0
10,18,9,210.29341,2800.0
10,18,10,274.611734,2800.0
10,18,11,315.28757,2800.0
10,18,12,329.1675,2800.0
10,18,13,313.954725,2800.0
10,18,14,277.446131,2800.0
10,18,15,215.3051,2800.0
10,18,16,126.945008,2800.0
10,18,17,27.057962,2800.0
10,18,18,0.0,2800.0
10,18,19,0.0,2800.0
10,18,20,0.0,2800.0
10,18,21,0.0,2800.0
10,18,22,0.0,2800.0
10,18,23,0.0,2800.0
10,19,0,0.0,2800.0
10,19,1,0.0,2800.0
10,19,2,0.0,2800.0
10,19,3,0.0,2800.0
10,19,4,0.0,2800.0
10,19,5,0.0,2800.0
10,19,6,0.0,2800.0
10,19,7,-0.0,2800.0
10,19,8,8.022590000000001,2800.0
10,19,9,47.042939,2800.0
10,19,10,280.349755,2800.0
10,19,11,227.181385,2800.0
10,19,12,125.393296,2800.0
10,19,13,275.69876500000004,2800.0
10,19,14,49.798896,2800.0
10,19,15,223.249996,2800.0
10,19,16,43.007917,2800.0
10,19,17,27.097648,2800.0
10,19,18,0.0,2800.0
10,19,19,0.0,2800.0
10,19,20,0.0,2800.0
10,19,21,0.0,2800.0
10,19,22,0.0,2800.0
10,19,23,0.0,2800.0
10,20,0,0.0,2800.0
10,20,1,0.0,2800.0
10,20,2,0.0,2800.0
10,20,3,0.0,2800.0
10,20,4,0.0,2800.0
10,20,5,0.0,2800.0
10,20,6,0.0,2800.0
10,20,7,2.380757,2800.0
10,20,8,34.075603,2800.0
10,20,9,210.486549,2800.0
10,20,10,272.48224200000004,2800.0
10,20,11,220.58086799999998,2800.0
10,20,12,318.893166,2800.0
10,20,13,233.427517,2800.0
10,20,14,267.44787099999996,2800.0
10,20,15,206.699308,2800.0
10,20,16,93.10879700000001,2800.0
10,20,17,20.778408,2800.0
10,20,18,0.0,2800.0
10,20,19,0.0,2800.0
10,20,20,0.0,2800.0
10,20,21,0.0,2800.0
10,20,22,0.0,2800.0
10,20,23,0.0,2800.0
10,21,0,0.0,2800.0
10,21,1,0.0,2800.0
10,21,2,0.0,2800.0
10,21,3,0.0,2800.0
10,21,4,0.0,2800.0
10,21,5,0.0,2800.0
10,21,6,0.0,2800.0
10,21,7,1.837162,2800.0
10,21,8,23.233176,2800.0
10,21,9,16.065193,2800.0
10,21,10,18.722354,2800.0
10,21,11,51.476423000000004,2800.0
10,21,12,109.287743,2800.0
10,21,13,89.70526,2800.0
10,21,14,123.456318,2800.0
10,21,15,197.13911199999998,2800.0
10,21,16,88.183058,2800.0
10,21,17,19.128426,2800.0
10,21,18,0.0,2800.0
10,21,19,0.0,2800.0
10,21,20,0.0,2800.0
10,21,21,0.0,2800.0
10,21,22,0.0,2800.0
10,21,23,0.0,2800.0
10,22,0,0.0,2800.0
10,22,1,0.0,2800.0
10,22,2,0.0,2800.0
10,22,3,0.0,2800.0
10,22,4,0.0,2800.0
10,22,5,0.0,2800.0
10,22,6,0.0,2800.0
10,22,7,14.20308,2800.0
10,22,8,123.392015,2800.0
10,22,9,189.615422,2800.0
10,22,10,236.945122,2800.0
10,22,11,194.137475,2800.0
10,22,12,62.648892999999994,2800.0
10,22,13,44.84369,2800.0
10,22,14,42.424602,2800.0
10,22,15,67.39404499999999,2800.0
10,22,16,11.683369,1712.6043126696648
10,22,17,-0.0,2800.0
10,22,18,0.0,2800.0
10,22,19,0.0,2800.0
10,22,20,0.0,2800.0
10,22,21,0.0,2800.0
10,22,22,0.0,2800.0
10,22,23,0.0,2800.0
10,23,0,0.0,2800.0
10,23,1,0.0,2800.0
10,23,2,0.0,2800.0
10,23,3,0.0,2800.0
10,23,4,0.0,2800.0
10,23,5,0.0,2800.0
10,23,6,0.0,2800.0
10,23,7,10.310609000000001,2800.0
10,23,8,114.044322,2800.0
10,23,9,215.373707,2800.0
10,23,10,286.176408,2800.0
10,23,11,327.223969,2800.0
10,23,12,183.15559,2800.0
10,23,13,134.316733,2800.0
10,23,14,98.462198,2800.0
10,23,15,53.313669000000004,2800.0
10,23,16,11.668298,2800.0
10,23,17,-0.0,2800.0
10,23,18,0.0,2800.0
10,23,19,0.0,2800.0
10,23,20,0.0,2800.0
10,23,21,0.0,2800.0
10,23,22,0.0,2800.0
10,23,23,0.0,2800.0
10,24,0,0.0,2800.0
10,24,1,0.0,2800.0
10,24,2,0.0,2800.0
10,24,3,0.0,2800.0
10,24,4,0.0,2800.0
10,24,5,0.0,2800.0
10,24,6,0.0,2800.0
10,24,7,-0.0,2800.0
10,24,8,7.030946,2800.0
10,24,9,59.939625,2800.0
10,24,10,86.32012399999999,2800.0
10,24,11,125.10064299999999,2800.0
10,24,12,79.462432,2800.0
10,24,13,136.167067,2800.0
10,24,14,80.0987,2800.0
10,24,15,24.901002000000002,2800.0
10,24,16,27.447178,2800.0
10,24,17,1.429637,2800.0
10,24,18,0.0,2800.0
10,24,19,0.0,2800.0
10,24,20,0.0,2800.0
10,24,21,0.0,2800.0
10,24,22,0.0,2800.0
10,24,23,0.0,2800.0
10,25,0,0.0,2800.0
10,25,1,0.0,2800.0
10,25,2,0.0,2800.0
10,25,3,0.0,2800.0
10,25,4,0.0,2800.0
10,25,5,0.0,2800.0
10,25,6,0.0,2800.0
10,25,7,12.502406,2800.0
10,25,8,124.541465,2800.0
10,25,9,221.14504,2800.0
10,25,10,282.839343,2800.0
10,25,11,321.71819400000004,2800.0
10,25,12,224.401991,2800.0
10,25,13,188.420625,2800.0
10,25,14,280.438472,2800.0
10,25,15,217.107451,2800.0
10,25,16,121.837457,2800.0
10,25,17,13.73415,2800.0
10,25,18,0.0,2800.0
10,25,19,0.0,2800.0
10,25,20,0.0,2800.0
10,25,21,0.0,2800.0
10,25,22,0.0,2800.0
10,25,23,0.0,2800.0
10,26,0,0.0,2800.0
10,26,1,0.0,2800.0
10,26,2,0.0,2800.0
10,26,3,0.0,2800.0
10,26,4,0.0,2800.0
10,26,5,0.0,2800.0
10,26,6,0.0,2800.0
10,26,7,8.383235,2800.0
10,26,8,2.993391,2800.0
10,26,9,55.442189,2800.0
10,26,10,263.809037,2800.0
10,26,11,304.762611,2800.0
10,26,12,324.04339,2800.0
10,26,13,172.860344,2800.0
10,26,14,245.28390900000002,2800.0
10,26,15,104.217549,2800.0
10,26,16,58.700943,2800.0
10,26,17,3.2348470000000002,2800.0
10,26,18,0.0,2800.0
10,26,19,0.0,2800.0
10,26,20,0.0,2800.0
10,26,21,0.0,2800.0
10,26,22,0.0,2800.0
10,26,23,0.0,2800.0
10,27,0,0.0,2800.0
10,27,1,0.0,2800.0
10,27,2,0.0,2800.0
10,27,3,0.0,2800.0
10,27,4,0.0,2800.0
10,27,5,0.0,2800.0
10,27,6,0.0,2800.0
10,27,7,4.822977,2800.0
10,27,8,77.636094,2800.0
10,27,9,206.85720600000002,2800.0
10,27,10,268.29925099999997,2800.0
10,27,11,305.002924,2800.0
10,27,12,317.638403,2800.0
10,27,13,304.676776,2800.0
10,27,14,269.32221999999996,2800.0
10,27,15,208.124524,2800.0
10,27,16,115.78899899999999,2800.0
10,27,17,11.616505,2800.0
10,27,18,0.0,2800.0
10,27,19,0.0,2800.0
10,27,20,0.0,2800.0
10,27,21,0.0,2800.0
10,27,22,0.0,2800.0
10,27,23,0.0,2800.0
10,28,0,0.0,2800.0
10,28,1,0.0,2800.0
10,28,2,0.0,2800.0
10,28,3,0.0,2800.0
10,28,4,0.0,2800.0
10,28,5,0.0,2800.0
10,28,6,0.0,2800.0
10,28,7,3.979299,2800.0
10,28,8,77.536806,2800.0
10,28,9,201.801632,2800.0
10,28,10,259.114553,2800.0
10,28,11,292.040764,2800.0
10,28,12,245.848175,2800.0
10,28,13,186.45122700000002,2800.0
10,28,14,196.631465,2800.0
10,28,15,191.581539,2800.0
10,28,16,102.374679,2800.0
10,28,17,4.88671,2800.0
10,28,18,0.0,2800.0
10,28,19,0.0,2800.0
10,28,20,0.0,2800.0
10,28,21,0.0,2800.0
10,28,22,0.0,2800.0
10,28,23,0.0,2800.0
10,29,0,0.0,2800.0
10,29,1,0.0,2800.0
10,29,2,0.0,2800.0
10,29,3,0.0,2800.0
10,29,4,0.0,2800.0
10,29,5,0.0,2800.0
10,29,6,0.0,2800.0
10,29,7,0.5579270000000001,2800.0
10,29,8,37.662583,2800.0
10,29,9,66.417936,2800.0
10,29,10,77.303121,2800.0
10,29,11,128.055659,2800.0
10,29,12,133.613907,2800.0
10,29,13,145.44073600000002,2800.0
10,29,14,178.48010399999998,2800.0
10,29,15,86.008658,2800.0
10,29,16,25.411394,2800.0
10,29,17,0.21448699999999998,2800.0
10,29,18,0.0,2800.0
10,29,19,0.0,2800.0
10,29,20,0.0,2800.0
10,29,21,0.0,2800.0
10,29,22,0.0,2800.0
10,29,23,0.0,2800.0
10,30,0,0.0,2800.0
10,30,1,0.0,2800.0
10,30,2,0.0,2800.0
10,30,3,0.0,2800.0
10,30,4,0.0,2800.0
10,30,5,0.0,2800.0
10,30,6,0.0,2800.0
10,30,7,2.268156,2800.0
10,30,8,82.911942,2800.0
10,30,9,170.024418,2800.0
10,30,10,68.534745,2800.0
10,30,11,77.901037,2800.0
10,30,12,74.00369,2800.0
10,30,13,65.734237,2800.0
10,30,14,52.159923,2800.0
10,30,15,16.261531,2800.0
10,30,16,16.044198,2800.0
10,30,17,-0.0,2800.0
10,30,18,0.0,2800.0
10,30,19,0.0,2800.0
10,30,20,0.0,2800.0
10,30,21,0.0,2800.0
10,30,22,0.0,2800.0
10,30,23,0.0,2800.0
10,31,0,0.0,2800.0
10,31,1,0.0,2800.0
10,31,2,0.0,2800.0
10,31,3,0.0,2800.0
10,31,4,0.0,2800.0
10,31,5,0.0,2800.0
10,31,6,0.0,2800.0
10,31,7,-0.0,2800.0
10,31,8,5.478812,2800.0
10,31,9,27.564297999999997,2800.0
10,31,10,12.378562,2800.0
10,31,11,40.175963,2800.0
10,31,12,21.751043000000003,2800.0
10,31,13,35.961553,2800.0
10,31,14,48.385721,2800.0
10,31,15,95.272395,2800.0
10,31,16,19.958102,2800.0
10,31,17,-0.0,2800.0
10,31,18,0.0,2800.0
10,31,19,0.0,2800.0
10,31,20,0.0,2800.0
10,31,21,0.0,2800.0
10,31,22,0.0,2800.0
10,31,23,0.0,2800.0
11,1,0,0.0,2800.0
11,1,1,0.0,2800.0
11,1,2,0.0,2800.0
11,1,3,0.0,2800.0
11,1,4,0.0,2800.0
11,1,5,0.0,2800.0
11,1,6,0.0,2794.6277004301824
11,1,7,1.2347380000000001,2744.426018516277
11,1,8,21.451363,2694.829168782761
11,1,9,38.937098,2800.0
11,1,10,55.148848,2800.0
11,1,11,183.809463,2800.0
11,1,12,214.966823,2800.0
11,1,13,302.79679,2800.0
11,1,14,264.843223,2800.0
11,1,15,200.719904,2800.0
11,1,16,105.699265,2800.0
11,1,17,2.390504,2800.0
11,1,18,0.0,2800.0
11,1,19,0.0,2800.0
11,1,20,0.0,2800.0
11,1,21,0.0,2800.0
11,1,22,0.0,2800.0
11,1,23,0.0,2800.0
11,2,0,0.0,2800.0
11,2,1,0.0,2800.0
11,2,2,0.0,2800.0
11,2,3,0.0,2800.0
11,2,4,0.0,2800.0
11,2,5,0.0,2800.0
11,2,6,0.0,2800.0
11,2,7,4.538734000000001,2800.0
11,2,8,104.92288,2800.0
11,2,9,200.462217,2800.0
11,2,10,260.06243900000004,2800.0
11,2,11,296.586335,2800.0
11,2,12,308.119192,2800.0
11,2,13,292.651854,2800.0
11,2,14,254.35123000000002,2800.0
11,2,15,192.32969,2800.0
11,2,16,102.526977,2800.0
11,2,17,2.0814540000000004,2800.0
11,2,18,0.0,2800.0
11,2,19,0.0,2800.0
11,2,20,0.0,2800.0
11,2,21,0.0,2800.0
11,2,22,0.0,2800.0
11,2,23,0.0,2800.0
11,3,0,0.0,2800.0
11,3,1,0.0,2800.0
11,3,2,0.0,2800.0
11,3,3,0.0,2800.0
11,3,4,0.0,2800.0
11,3,5,0.0,2800.0
11,3,6,0.0,2800.0
11,3,7,-0.0,2800.0
11,3,8,55.723279999999995,2800.0
11,3,9,138.360263,2800.0
11,3,10,183.274205,2800.0
11,3,11,233.39452799999998,2800.0
11,3,12,305.36397999999997,2800.0
11,3,13,179.79491000000002,2800.0
11,3,14,222.904628,2800.0
11,3,15,188.546182,2800.0
11,3,16,99.108538,2800.0
11,3,17,1.338561,2800.0
11,3,18,0.0,2800.0
11,3,19,0.0,2800.0
11,3,20,0.0,2800.0
11,3,21,0.0,2800.0
11,3,22,0.0,2800.0
11,3,23,0.0,2800.0
11,4,0,0.0,2800.0
11,4,1,0.0,2800.0
11,4,2,0.0,2800.0
11,4,3,0.0,2800.0
11,4,4,0.0,2800.0
11,4,5,0.0,2800.0
11,4,6,0.0,2800.0
11,4,7,-0.0,2800.0
11,4,8,61.278607,2800.0
11,4,9,88.977358,2800.0
11,4,10,157.864552,2800.0
11,4,11,278.77286499999997,2800.0
11,4,12,213.690146,2800.0
11,4,13,67.69689,2800.0
11,4,14,121.10558900000001,2800.0
11,4,15,55.128099,2800.0
11,4,16,9.544869,2800.0
11,4,17,-0.0,2800.0
11,4,18,0.0,2800.0
11,4,19,0.0,2800.0
11,4,20,0.0,2800.0
11,4,21,0.0,2800.0
11,4,22,0.0,2800.0
11,4,23,0.0,2800.0
11,5,0,0.0,2800.0
11,5,1,0.0,2800.0
11,5,2,0.0,2061.927887690667
11,5,3,0.0,667.5923777577954
11,5,4,0.0,183.74862734385428
11,5,5,0.0,85.90327597997313
11,5,6,0.0,131.96338481220266
11,5,7,-0.0,687.226207839785
11,5,8,17.18169,1676.4237403920558
11,5,9,11.420245999999999,2800.0
11,5,10,10.587691000000001,2800.0
11,5,11,36.894582,2800.0
11,5,12,63.600498,2800.0
11,5,13,3.960765,2800.0
11,5,14,29.821638,2800.0
11,5,15,8.820941000000001,2800.0
11,5,16,-0.0,2800.0
11,5,17,-0.0,2800.0
11,5,18,0.0,2800.0
11,5,19,0.0,2800.0
11,5,20,0.0,2800.0
11,5,21,0.0,2800.0
11,5,22,0.0,2800.0
11,5,23,0.0,2800.0
11,6,0,0.0,2800.0
11,6,1,0.0,2800.0
11,6,2,0.0,2800.0
11,6,3,0.0,2800.0
11,6,4,0.0,2800.0
11,6,5,0.0,2800.0
11,6,6,0.0,2800.0
11,6,7,-0.0,2800.0
11,6,8,11.060803,2800.0
11,6,9,27.696072,2800.0
11,6,10,12.064585999999998,2800.0
11,6,11,30.295308000000002,2800.0
11,6,12,85.38213999999999,2800.0
11,6,13,58.659638,2800.0
11,6,14,35.471099,2800.0
11,6,15,31.673052,2800.0
11,6,16,89.753853,2800.0
11,6,17,-0.0,2800.0
11,6,18,0.0,2800.0
11,6,19,0.0,2800.0
11,6,20,0.0,2800.0
11,6,21,0.0,2800.0
11,6,22,0.0,2800.0
11,6,23,0.0,2800.0
11,7,0,0.0,2800.0
11,7,1,0.0,2800.0
11,7,2,0.0,2800.0
11,7,3,0.0,2800.0
11,7,4,0.0,2800.0
11,7,5,0.0,2800.0
11,7,6,0.0,2800.0
11,7,7,-0.0,2800.0
11,7,8,89.49686299999999,2800.0
11,7,9,161.445788,2800.0
11,7,10,211.33980300000002,2800.0
11,7,11,196.331013,2800.0
11,7,12,206.578664,2800.0
11,7,13,236.70987100000002,2800.0
11,7,14,210.22047,2800.0
11,7,15,117.765388,2800.0
11,7,16,26.994173,2800.0
11,7,17,-0.0,2800.0
11,7,18,0.0,2800.0
11,7,19,0.0,2800.0
11,7,20,0.0,2800.0
11,7,21,0.0,2800.0
11,7,22,0.0,2800.0
11,7,23,0.0,2800.0
11,8,0,0.0,2800.0
11,8,1,0.0,2800.0
11,8,2,0.0,2800.0
11,8,3,0.0,2800.0
11,8,4,0.0,2800.0
11,8,5,0.0,2800.0
11,8,6,0.0,2800.0
11,8,7,-0.0,2800.0
11,8,8,20.391619,2800.0
11,8,9,65.927934,2800.0
11,8,10,172.622808,2800.0
11,8,11,146.645147,2800.0
11,8,12,153.48806,2800.0
11,8,13,104.612094,2800.0
11,8,14,94.128517,2800.0
11,8,15,52.309191,2800.0
11,8,16,60.478947,2800.0
11,8,17,-0.0,2800.0
11,8,18,0.0,2800.0
11,8,19,0.0,2800.0
11,8,20,0.0,2800.0
11,8,21,0.0,2800.0
11,8,22,0.0,2800.0
11,8,23,0.0,2800.0
11,9,0,0.0,2800.0
11,9,1,0.0,2800.0
11,9,2,0.0,2800.0
11,9,3,0.0,2800.0
11,9,4,0.0,2800.0
11,9,5,0.0,2800.0
11,9,6,0.0,2800.0
11,9,7,-0.0,2800.0
11,9,8,34.818341999999994,2800.0
11,9,9,144.715959,2800.0
11,9,10,176.85988,2800.0
11,9,11,208.42656,2800.0
11,9,12,223.918833,2800.0
11,9,13,238.02233999999999,2800.0
11,9,14,193.63472,2800.0
11,9,15,77.697473,2800.0
11,9,16,15.472477999999999,2800.0
11,9,17,-0.0,2800.0
11,9,18,0.0,2800.0
11,9,19,0.0,2800.0
11,9,20,0.0,2800.0
11,9,21,0.0,2800.0
11,9,22,0.0,2800.0
11,9,23,0.0,2800.0
11,10,0,0.0,2800.0
11,10,1,0.0,2800.0
11,10,2,0.0,2800.0
11,10,3,0.0,2800.0
11,10,4,0.0,2800.0
11,10,5,0.0,2800.0
11,10,6,0.0,2800.0
11,10,7,-0.0,2800.0
11,10,8,95.86407399999999,2800.0
11,10,9,195.92360200000002,2800.0
11,10,10,260.887693,2800.0
11,10,11,242.359547,2800.0
11,10,12,251.457262,2800.0
11,10,13,300.797508,2800.0
11,10,14,261.665823,2800.0
11,10,15,197.136494,2800.0
11,10,16,99.986721,2800.0
11,10,17,-0.0,2800.0
11,10,18,0.0,2800.0
11,10,19,0.0,2800.0
11,10,20,0.0,2800.0
11,10,21,0.0,2800.0
11,10,22,0.0,2800.0
11,10,23,0.0,2800.0
11,11,0,0.0,2800.0
11,11,1,0.0,2800.0
11,11,2,0.0,2800.0
11,11,3,0.0,2800.0
11,11,4,0.0,2800.0
11,11,5,0.0,2800.0
11,11,6,0.0,2800.0
11,11,7,-0.0,2800.0
11,11,8,89.824392,2800.0
11,11,9,188.027995,2800.0
11,11,10,193.40394899999998,2800.0
11,11,11,288.255162,2800.0
11,11,12,222.66438,2800.0
11,11,13,255.191855,2800.0
11,11,14,209.905982,2800.0
11,11,15,151.128342,2800.0
11,11,16,35.135165,2800.0
11,11,17,-0.0,2800.0
11,11,18,0.0,2800.0
11,11,19,0.0,2800.0
11,11,20,0.0,2800.0
11,11,21,0.0,2800.0
11,11,22,0.0,2800.0
11,11,23,0.0,2800.0
11,12,0,0.0,2800.0
11,12,1,0.0,2800.0
11,12,2,0.0,2800.0
11,12,3,0.0,2800.0
11,12,4,0.0,2800.0
11,12,5,0.0,2800.0
11,12,6,0.0,2800.0
11,12,7,0.0,2800.0
11,12,8,86.582244,2800.0
11,12,9,186.10157800000002,2800.0
11,12,10,250.941,2800.0
11,12,11,287.925608,2800.0
11,12,12,227.90953,2800.0
11,12,13,282.916185,2800.0
11,12,14,181.727169,2800.0
11,12,15,102.594763,2800.0
11,12,16,59.926010999999995,2800.0
11,12,17,-0.0,2800.0
11,12,18,0.0,2800.0
11,12,19,0.0,2800.0
11,12,20,0.0,2800.0
11,12,21,0.0,2800.0
11,12,22,0.0,2800.0
11,12,23,0.0,2800.0
11,13,0,0.0,2800.0
11,13,1,0.0,2800.0
11,13,2,0.0,2800.0
11,13,3,0.0,2800.0
11,13,4,0.0,2800.0
11,13,5,0.0,2800.0
11,13,6,0.0,2800.0
11,13,7,0.0,2800.0
11,13,8,80.773892,2800.0
11,13,9,178.41848800000002,2800.0
11,13,10,248.14877600000003,2800.0
11,13,11,287.78544,2800.0
11,13,12,303.205917,2800.0
11,13,13,291.977227,2800.0
11,13,14,253.41304,2800.0
11,13,15,188.643845,2800.0
11,13,16,91.560434,2800.0
11,13,17,-0.0,2800.0
11,13,18,0.0,2800.0
11,13,19,0.0,2800.0
11,13,20,0.0,2800.0
11,13,21,0.0,2800.0
11,13,22,0.0,2800.0
11,13,23,0.0,2800.0
11,14,0,0.0,2800.0
11,14,1,0.0,2800.0
11,14,2,0.0,2800.0
11,14,3,0.0,2800.0
11,14,4,0.0,2275.070137118247
11,14,5,0.0,2800.0
11,14,6,0.0,2800.0
11,14,7,0.0,2800.0
11,14,8,36.993013,2800.0
11,14,9,69.896542,2800.0
11,14,10,120.33725100000001,2800.0
11,14,11,97.138676,2800.0
11,14,12,110.745098,2800.0
11,14,13,112.433216,2800.0
11,14,14,74.404784,2800.0
11,14,15,24.157708,2800.0
11,14,16,4.572655,2800.0
11,14,17,-0.0,2800.0
11,14,18,0.0,2800.0
11,14,19,0.0,2800.0
11,14,20,0.0,2800.0
11,14,21,0.0,2800.0
11,14,22,0.0,2800.0
11,14,23,0.0,2800.0
11,15,0,0.0,2800.0
11,15,1,0.0,2800.0
11,15,2,0.0,2800.0
11,15,3,0.0,2800.0
11,15,4,0.0,2800.0
11,15,5,0.0,2800.0
11,15,6,0.0,2800.0
11,15,7,0.0,2800.0
11,15,8,0.8196599999999999,2800.0
11,15,9,54.399816,2800.0
11,15,10,28.597954,2800.0
11,15,11,41.187365,2800.0
11,15,12,1.108671,2800.0
11,15,13,13.466097,2800.0
11,15,14,0.432743,2800.0
11,15,15,37.888663,2800.0
11,15,16,-0.0,2800.0
11,15,17,0.0,2800.0
11,15,18,0.0,2800.0
11,15,19,0.0,2800.0
11,15,20,0.0,2800.0
11,15,21,0.0,2800.0
11,15,22,0.0,2800.0
11,15,23,0.0,2800.0
11,16,0,0.0,2800.0
11,16,1,0.0,2800.0
11,16,2,0.0,2800.0
11,16,3,0.0,2800.0
11,16,4,0.0,2800.0
11,16,5,0.0,2800.0
11,16,6,0.0,2800.0
11,16,7,0.0,2800.0
11,16,8,4.854441,2800.0
11,16,9,13.743432,2800.0
11,16,10,38.903484,2800.0
11,16,11,48.884361,2800.0
11,16,12,80.204591,2800.0
11,16,13,56.599976000000005,2800.0
11,16,14,85.434359,2800.0
11,16,15,29.071562,2800.0
11,16,16,9.304478999999999,2800.0
11,16,17,0.0,2800.0
11,16,18,0.0,2800.0
11,16,19,0.0,2800.0
11,16,20,0.0,2800.0
11,16,21,0.0,2800.0
11,16,22,0.0,2800.0
11,16,23,0.0,2800.0
11,17,0,0.0,2800.0
11,17,1,0.0,2800.0
11,17,2,0.0,2800.0
11,17,3,0.0,2800.0
11,17,4,0.0,2800.0
11,17,5,0.0,2800.0
11,17,6,0.0,2800.0
11,17,7,0.0,2800.0
11,17,8,88.32678299999999,2800.0
11,17,9,197.66158,2800.0
11,17,10,270.44682,2800.0
11,17,11,311.838764,2800.0
11,17,12,325.267931,2800.0
11,17,13,308.69419300000004,2800.0
11,17,14,268.216138,2800.0
11,17,15,197.489137,2800.0
11,17,16,93.27722100000001,2800.0
11,17,17,0.0,2800.0
11,17,18,0.0,2800.0
11,17,19,0.0,2800.0
11,17,20,0.0,2800.0
11,17,21,0.0,2800.0
11,17,22,0.0,2800.0
11,17,23,0.0,2800.0
11,18,0,0.0,2800.0
11,18,1,0.0,2800.0
11,18,2,0.0,2800.0
11,18,3,0.0,2800.0
11,18,4,0.0,2800.0
11,18,5,0.0,978.4920029593812
11,18,6,0.0,48.57413350122129
11,18,7,0.0,228.03272895548625
11,18,8,45.539722999999995,2800.0
11,18,9,74.617123,2800.0
11,18,10,136.514883,2800.0
11,18,11,293.950672,2800.0
11,18,12,307.934679,2800.0
11,18,13,294.71451,2800.0
11,18,14,66.34731,2800.0
11,18,15,31.495693,2800.0
11,18,16,11.282819,2800.0
11,18,17,0.0,2800.0
11,18,18,0.0,2800.0
11,18,19,0.0,2800.0
11,18,20,0.0,2800.0
11,18,21,0.0,2800.0
11,18,22,0.0,2800.0
11,18,23,0.0,2800.0
11,19,0,0.0,2800.0
11,19,1,0.0,2800.0
11,19,2,0.0,2800.0
11,19,3,0.0,2800.0
11,19,4,0.0,2800.0
11,19,5,0.0,2800.0
11,19,6,0.0,2800.0
11,19,7,0.0,2800.0
11,19,8,74.528872,2275.070137118247
11,19,9,178.996567,21.955408148130225
11,19,10,250.821666,324.6794129073232
11,19,11,290.435511,557.58989956809
11,19,12,303.097778,430.6948862392302
11,19,13,289.111039,1109.377075854021
11,19,14,166.686495,2794.6277004301824
11,19,15,181.456112,2800.0
11,19,16,83.84242,2800.0
11,19,17,0.0,2800.0
11,19,18,0.0,2800.0
11,19,19,0.0,2800.0
11,19,20,0.0,2800.0
11,19,21,0.0,2800.0
11,19,22,0.0,2800.0
11,19,23,0.0,2800.0
11,20,0,0.0,2800.0
11,20,1,0.0,2800.0
11,20,2,0.0,2800.0
11,20,3,0.0,2800.0
11,20,4,0.0,2800.0
11,20,5,0.0,2800.0
11,20,6,0.0,2800.0
11,20,7,0.0,2800.0
11,20,8,66.36864,2800.0
11,20,9,122.74820299999999,2800.0
11,20,10,230.373342,2800.0
11,20,11,268.604712,2800.0
11,20,12,239.506038,2800.0
11,20,13,215.42347099999998,2800.0
11,20,14,166.82038500000002,2800.0
11,20,15,157.428019,2800.0
11,20,16,64.50502900000001,2800.0
11,20,17,0.0,2800.0
11,20,18,0.0,2800.0
11,20,19,0.0,2800.0
11,20,20,0.0,2800.0
11,20,21,0.0,2800.0
11,20,22,0.0,2800.0
11,20,23,0.0,2800.0
11,21,0,0.0,2800.0
11,21,1,0.0,2800.0
11,21,2,0.0,2800.0
11,21,3,0.0,2800.0
11,21,4,0.0,2800.0
11,21,5,0.0,2800.0
11,21,6,0.0,2800.0
11,21,7,0.0,2800.0
11,21,8,13.784540999999999,2800.0
11,21,9,17.008237,2800.0
11,21,10,42.228982,2800.0
11,21,11,94.438103,2800.0
11,21,12,246.109272,2800.0
11,21,13,220.362525,2800.0
11,21,14,169.733419,2800.0
11,21,15,95.349174,2800.0
11,21,16,28.97703,2800.0
11,21,17,0.0,2800.0
11,21,18,0.0,2800.0
11,21,19,0.0,2800.0
11,21,20,0.0,2800.0
11,21,21,0.0,2800.0
11,21,22,0.0,2800.0
11,21,23,0.0,2800.0
11,22,0,0.0,2800.0
11,22,1,0.0,2800.0
11,22,2,0.0,2800.0
11,22,3,0.0,2800.0
11,22,4,0.0,2800.0
11,22,5,0.0,2800.0
11,22,6,0.0,2800.0
11,22,7,0.0,2800.0
11,22,8,60.57762,2800.0
11,22,9,169.169833,2800.0
11,22,10,248.604128,2800.0
11,22,11,295.687027,2800.0
11,22,12,203.512279,2800.0
11,22,13,298.45042700000005,2800.0
11,22,14,257.019163,2800.0
11,22,15,188.324733,2800.0
11,22,16,87.579532,2800.0
11,22,17,0.0,2800.0
11,22,18,0.0,2800.0
11,22,19,0.0,2800.0
11,22,20,0.0,2800.0
11,22,21,0.0,2800.0
11,22,22,0.0,2800.0
11,22,23,0.0,2800.0
11,23,0,0.0,2800.0
11,23,1,0.0,2800.0
11,23,2,0.0,2800.0
11,23,3,0.0,2800.0
11,23,4,0.0,2800.0
11,23,5,0.0,2800.0
11,23,6,0.0,2800.0
11,23,7,0.0,2800.0
11,23,8,7.787324,2800.0
11,23,9,10.854233,2800.0
11,23,10,77.74086100000001,2800.0
11,23,11,146.237495,2800.0
11,23,12,171.761791,2800.0
11,23,13,145.18064900000002,2800.0
11,23,14,241.472242,2800.0
11,23,15,174.792585,2800.0
11,23,16,76.45523399999999,2800.0
11,23,17,0.0,2800.0
11,23,18,0.0,2800.0
11,23,19,0.0,2800.0
11,23,20,0.0,2800.0
11,23,21,0.0,2800.0
11,23,22,0.0,2800.0
11,23,23,0.0,2800.0
11,24,0,0.0,2800.0
11,24,1,0.0,2800.0
11,24,2,0.0,2800.0
11,24,3,0.0,2800.0
11,24,4,0.0,2800.0
11,24,5,0.0,2800.0
11,24,6,0.0,2800.0
11,24,7,0.0,2800.0
11,24,8,76.003385,2800.0
11,24,9,188.732087,2800.0
11,24,10,262.972375,2800.0
11,24,11,308.685788,2800.0
11,24,12,327.026356,2800.0
11,24,13,316.50899599999997,2800.0
11,24,14,275.178609,2800.0
11,24,15,205.51252499999998,2800.0
11,24,16,96.414111,2800.0
11,24,17,0.0,2800.0
11,24,18,0.0,2800.0
11,24,19,0.0,2800.0
11,24,20,0.0,2800.0
11,24,21,0.0,2800.0
11,24,22,0.0,2800.0
11,24,23,0.0,2800.0
11,25,0,0.0,2800.0
11,25,1,0.0,2800.0
11,25,2,0.0,2800.0
11,25,3,0.0,2800.0
11,25,4,0.0,2800.0
11,25,5,0.0,2800.0
11,25,6,0.0,2800.0
11,25,7,0.0,2800.0
11,25,8,61.782002,2800.0
11,25,9,175.600887,2800.0
11,25,10,178.921432,2800.0
11,25,11,184.651483,2800.0
11,25,12,110.764875,813.163264745564
11,25,13,216.378027,507.4383148650858
11,25,14,48.184658999999996,2020.963642713616
11,25,15,49.399088000000006,2800.0
11,25,16,9.838593000000001,2800.0
11,25,17,0.0,2800.0
11,25,18,0.0,2800.0
11,25,19,0.0,2800.0
11,25,20,0.0,2800.0
11,25,21,0.0,2800.0
11,25,22,0.0,2800.0
11,25,23,0.0,2800.0
11,26,0,0.0,2800.0
11,26,1,0.0,2800.0
11,26,2,0.0,2800.0
11,26,3,0.0,2800.0
11,26,4,0.0,2800.0
11,26,5,0.0,2800.0
11,26,6,0.0,2800.0
11,26,7,0.0,2800.0
11,26,8,55.013596,2800.0
11,26,9,154.191006,2800.0
11,26,10,214.924901,2800.0
11,26,11,250.611784,2800.0
11,26,12,77.784689,2800.0
11,26,13,74.31745699999999,2800.0
11,26,14,219.980576,2800.0
11,26,15,155.54556200000002,2800.0
11,26,16,59.406456,2800.0
11,26,17,0.0,2800.0
11,26,18,0.0,2800.0
11,26,19,0.0,2800.0
11,26,20,0.0,2800.0
11,26,21,0.0,2800.0
11,26,22,0.0,2800.0
11,26,23,0.0,2800.0
11,27,0,0.0,2800.0
11,27,1,0.0,2800.0
11,27,2,0.0,2800.0
11,27,3,0.0,2800.0
11,27,4,0.0,2800.0
11,27,5,0.0,2800.0
11,27,6,0.0,2800.0
11,27,7,0.0,2800.0
11,27,8,13.310540999999999,2800.0
11,27,9,17.597931,2800.0
11,27,10,29.039908,2800.0
11,27,11,40.154678,2800.0
11,27,12,20.895706999999998,2800.0
11,27,13,1.546886,2800.0
11,27,14,21.392978,2800.0
11,27,15,46.219409,2800.0
11,27,16,6.518881,2800.0
11,27,17,0.0,2800.0
11,27,18,0.0,2800.0
11,27,19,0.0,2800.0
11,27,20,0.0,2800.0
11,27,21,0.0,2800.0
11,27,22,0.0,2800.0
11,27,23,0.0,2800.0
11,28,0,0.0,2800.0
11,28,1,0.0,2800.0
11,28,2,0.0,2800.0
11,28,3,0.0,2800.0
11,28,4,0.0,2800.0
11,28,5,0.0,2800.0
11,28,6,0.0,2800.0
11,28,7,0.0,2800.0
11,28,8,5.756727,2800.0
11,28,9,2.1386480000000003,2800.0
11,28,10,12.486851,2800.0
11,28,11,32.509136999999996,2800.0
11,28,12,39.971156,2800.0
11,28,13,26.184762,2800.0
11,28,14,203.75325700000002,2800.0
11,28,15,144.983016,2800.0
11,28,16,64.771965,2800.0
11,28,17,0.0,2800.0
11,28,18,0.0,2800.0
11,28,19,0.0,2800.0
11,28,20,0.0,2800.0
11,28,21,0.0,2800.0
11,28,22,0.0,2800.0
11,28,23,0.0,2800.0
11,29,0,0.0,2800.0
11,29,1,0.0,2800.0
11,29,2,0.0,2800.0
11,29,3,0.0,2800.0
11,29,4,0.0,2800.0
11,29,5,0.0,2800.0
11,29,6,0.0,2800.0
11,29,7,0.0,2800.0
11,29,8,6.0959520000000005,2800.0
11,29,9,23.008688999999997,2800.0
11,29,10,13.78686,2800.0
11,29,11,31.726829000000002,2800.0
11,29,12,21.943651999999997,2800.0
11,29,13,23.488785,2800.0
11,29,14,28.077501,2800.0
11,29,15,155.324777,2800.0
11,29,16,60.000252,2800.0
11,29,17,0.0,2800.0
11,29,18,0.0,2800.0
11,29,19,0.0,2800.0
11,29,20,0.0,2800.0
11,29,21,0.0,2800.0
11,29,22,0.0,2800.0
11,29,23,0.0,2800.0
11,30,0,0.0,2800.0
11,30,1,0.0,2800.0
11,30,2,0.0,2800.0
11,30,3,0.0,2800.0
11,30,4,0.0,2800.0
11,30,5,0.0,2800.0
11,30,6,0.0,2800.0
11,30,7,0.0,2800.0
11,30,8,6.4780619999999995,2800.0
11,30,9,29.082698,2800.0
11,30,10,73.484101,2800.0
11,30,11,91.009009,2800.0
11,30,12,206.915578,2800.0
11,30,13,163.59846,2800.0
11,30,14,246.995805,2800.0
11,30,15,179.083835,2800.0
11,30,16,78.857526,2800.0
11,30,17,0.0,2800.0
11,30,18,0.0,2800.0
11,30,19,0.0,2800.0
11,30,20,0.0,2800.0
11,30,21,0.0,2800.0
11,30,22,0.0,2800.0
11,30,23,0.0,2800.0
12,1,0,0.0,2800.0
12,1,1,0.0,2800.0
12,1,2,0.0,2800.0
12,1,3,0.0,2800.0
12,1,4,0.0,2800.0
12,1,5,0.0,2800.0
12,1,6,0.0,2800.0
12,1,7,0.0,2800.0
12,1,8,56.553666,2800.0
12,1,9,169.448872,2800.0
12,1,10,249.475193,2800.0
12,1,11,292.988383,2800.0
12,1,12,309.440781,2800.0
12,1,13,296.499484,2800.0
12,1,14,255.30455300000003,2800.0
12,1,15,186.60422599999998,2800.0
12,1,16,82.970041,2800.0
12,1,17,0.0,2800.0
12,1,18,0.0,2800.0
12,1,19,0.0,2800.0
12,1,20,0.0,2800.0
12,1,21,0.0,2800.0
12,1,22,0.0,2800.0
12,1,23,0.0,2800.0
12,2,0,0.0,2800.0
12,2,1,0.0,2800.0
12,2,2,0.0,2800.0
12,2,3,0.0,2800.0
12,2,4,0.0,2800.0
12,2,5,0.0,2800.0
12,2,6,0.0,2800.0
12,2,7,0.0,2800.0
12,2,8,12.705724,2800.0
12,2,9,7.144924,2800.0
12,2,10,150.74889100000001,2800.0
12,2,11,220.673606,2800.0
12,2,12,204.687867,2800.0
12,2,13,159.628894,929.1658003530496
12,2,14,138.661843,1940.6700324713545
12,2,15,55.816506000000004,557.58989956809
12,2,16,20.418602,1503.1454301264964
12,2,17,0.0,2800.0
12,2,18,0.0,2800.0
12,2,19,0.0,2800.0
12,2,20,0.0,2800.0
12,2,21,0.0,2800.0
12,2,22,0.0,2800.0
12,2,23,0.0,2800.0
12,3,0,0.0,2800.0
12,3,1,0.0,2800.0
12,3,2,0.0,2800.0
12,3,3,0.0,2800.0
12,3,4,0.0,2800.0
12,3,5,0.0,2800.0
12,3,6,0.0,2800.0
12,3,7,0.0,2800.0
12,3,8,-0.0,2800.0
12,3,9,4.916461,2800.0
12,3,10,32.429651,2800.0
12,3,11,51.822632,2800.0
12,3,12,104.15151700000001,2800.0
12,3,13,156.539244,2800.0
12,3,14,170.88633900000002,2800.0
12,3,15,100.492782,2800.0
12,3,16,6.80602,2800.0
12,3,17,0.0,2800.0
12,3,18,0.0,2800.0
12,3,19,0.0,2800.0
12,3,20,0.0,2800.0
12,3,21,0.0,2800.0
12,3,22,0.0,2800.0
12,3,23,0.0,2800.0
12,4,0,0.0,2800.0
12,4,1,0.0,2502.4167786610287
12,4,2,0.0,953.6162939806846
12,4,3,0.0,748.4297260208111
12,4,4,0.0,1503.1454301264964
12,4,5,0.0,2275.070137118247
12,4,6,0.0,2800.0
12,4,7,0.0,2800.0
12,4,8,-0.0,2275.070137118247
12,4,9,4.550151,2800.0
12,4,10,12.282366,2800.0
12,4,11,8.808596,2800.0
12,4,12,19.770675999999998,2800.0
12,4,13,8.752737999999999,2800.0
12,4,14,9.15483,2800.0
12,4,15,4.484085,2800.0
12,4,16,4.270562,2800.0
12,4,17,0.0,2800.0
12,4,18,0.0,2800.0
12,4,19,0.0,2800.0
12,4,20,0.0,2800.0
12,4,21,0.0,2800.0
12,4,22,0.0,2800.0
12,4,23,0.0,2800.0
12,5,0,0.0,2800.0
12,5,1,0.0,2800.0
12,5,2,0.0,2800.0
12,5,3,0.0,2800.0
12,5,4,0.0,2800.0
12,5,5,0.0,2800.0
12,5,6,0.0,2800.0
12,5,7,0.0,2800.0
12,5,8,0.882706,2800.0
12,5,9,15.937963,2800.0
12,5,10,17.530467,2800.0
12,5,11,29.800386999999997,2800.0
12,5,12,68.095682,2800.0
12,5,13,51.401652999999996,2800.0
12,5,14,202.982234,2800.0
12,5,15,17.095589,2800.0
12,5,16,48.69784,2800.0
12,5,17,0.0,2800.0
12,5,18,0.0,2800.0
12,5,19,0.0,2800.0
12,5,20,0.0,2800.0
12,5,21,0.0,2800.0
12,5,22,0.0,2800.0
12,5,23,0.0,2800.0
12,6,0,0.0,2800.0
12,6,1,0.0,2800.0
12,6,2,0.0,2800.0
12,6,3,0.0,2800.0
12,6,4,0.0,2800.0
12,6,5,0.0,2800.0
12,6,6,0.0,2800.0
12,6,7,0.0,2800.0
12,6,8,38.655459,2800.0
12,6,9,146.006601,2800.0
12,6,10,25.646071,2800.0
12,6,11,86.795621,2800.0
12,6,12,94.246527,2800.0
12,6,13,108.681853,2800.0
12,6,14,65.930429,2800.0
12,6,15,150.331414,2800.0
12,6,16,53.027546,2800.0
12,6,17,0.0,2800.0
12,6,18,0.0,2800.0
12,6,19,0.0,2800.0
12,6,20,0.0,2800.0
12,6,21,0.0,2800.0
12,6,22,0.0,2800.0
12,6,23,0.0,2800.0
12,7,0,0.0,2800.0
12,7,1,0.0,2800.0
12,7,2,0.0,2800.0
12,7,3,0.0,2800.0
12,7,4,0.0,2800.0
12,7,5,0.0,2800.0
12,7,6,0.0,2800.0
12,7,7,0.0,2800.0
12,7,8,5.049042,2800.0
12,7,9,32.859256,2800.0
12,7,10,165.88269699999998,2800.0
12,7,11,197.75609899999998,2800.0
12,7,12,248.904337,2800.0
12,7,13,211.244628,2800.0
12,7,14,164.576627,2800.0
12,7,15,112.261375,2800.0
12,7,16,55.690914,2800.0
12,7,17,0.0,2800.0
12,7,18,0.0,2800.0
12,7,19,0.0,2800.0
12,7,20,0.0,2800.0
12,7,21,0.0,2800.0
12,7,22,0.0,2800.0
12,7,23,0.0,2800.0
12,8,0,0.0,2800.0
12,8,1,0.0,2800.0
12,8,2,0.0,2800.0
12,8,3,0.0,2800.0
12,8,4,0.0,2800.0
12,8,5,0.0,2800.0
12,8,6,0.0,2800.0
12,8,7,0.0,2800.0
12,8,8,11.744939,2800.0
12,8,9,27.794328,2800.0
12,8,10,66.314211,2800.0
12,8,11,164.84204300000002,2800.0
12,8,12,143.129528,2800.0
12,8,13,60.945621,2800.0
12,8,14,9.797867,2800.0
12,8,15,149.15187400000002,2800.0
12,8,16,56.195024,2800.0
12,8,17,0.0,2800.0
12,8,18,0.0,2800.0
12,8,19,0.0,2800.0
12,8,20,0.0,2800.0
12,8,21,0.0,2800.0
12,8,22,0.0,2800.0
12,8,23,0.0,2800.0
12,9,0,0.0,2800.0
12,9,1,0.0,2800.0
12,9,2,0.0,2800.0
12,9,3,0.0,2800.0
12,9,4,0.0,2800.0
12,9,5,0.0,2800.0
12,9,6,0.0,2800.0
12,9,7,0.0,2800.0
12,9,8,0.697222,2800.0
12,9,9,26.641019,2800.0
12,9,10,2.25448,2800.0
12,9,11,16.108285,2800.0
12,9,12,23.616518,2800.0
12,9,13,0.843071,2800.0
12,9,14,2.2129749999999997,2800.0
12,9,15,7.1098680000000005,2800.0
12,9,16,-0.0,2800.0
12,9,17,0.0,2800.0
12,9,18,0.0,2800.0
12,9,19,0.0,2800.0
12,9,20,0.0,2800.0
12,9,21,0.0,2800.0
12,9,22,0.0,2800.0
12,9,23,0.0,2800.0
12,10,0,0.0,2800.0
12,10,1,0.0,2800.0
12,10,2,0.0,2800.0
12,10,3,0.0,2800.0
12,10,4,0.0,2800.0
12,10,5,0.0,2800.0
12,10,6,0.0,2800.0
12,10,7,0.0,2800.0
12,10,8,-0.0,2800.0
12,10,9,19.133878,2800.0
12,10,10,5.03133,2800.0
12,10,11,17.869350999999998,2800.0
12,10,12,32.310057,2800.0
12,10,13,14.879957000000001,2800.0
12,10,14,7.10924,2800.0
12,10,15,9.656797000000001,2800.0
12,10,16,1.100042,2800.0
12,10,17,0.0,2800.0
12,10,18,0.0,2800.0
12,10,19,0.0,2800.0
12,10,20,0.0,2800.0
12,10,21,0.0,2800.0
12,10,22,0.0,2800.0
12,10,23,0.0,2800.0
12,11,0,0.0,2800.0
12,11,1,0.0,2800.0
12,11,2,0.0,2800.0
12,11,3,0.0,2800.0
12,11,4,0.0,2409.744269793466
12,11,5,0.0,2800.0
12,11,6,0.0,2800.0
12,11,7,0.0,2800.0
12,11,8,-0.0,2800.0
12,11,9,6.460578000000001,2800.0
12,11,10,29.88718,2800.0
12,11,11,75.845934,2800.0
12,11,12,111.934289,2800.0
12,11,13,281.916061,2800.0
12,11,14,244.077454,2800.0
12,11,15,178.32274600000002,2800.0
12,11,16,79.16889200000001,2800.0
12,11,17,0.0,2800.0
12,11,18,0.0,2800.0
12,11,19,0.0,2800.0
12,11,20,0.0,2800.0
12,11,21,0.0,2800.0
12,11,22,0.0,2800.0
12,11,23,0.0,2800.0
12,12,0,0.0,2800.0
12,12,1,0.0,2800.0
12,12,2,0.0,2800.0
12,12,3,0.0,2800.0
12,12,4,0.0,2800.0
12,12,5,0.0,2800.0
12,12,6,0.0,2800.0
12,12,7,0.0,2800.0
12,12,8,26.105216,2800.0
12,12,9,144.338051,2800.0
12,12,10,222.408076,2800.0
12,12,11,271.307831,2800.0
12,12,12,290.15614,2800.0
12,12,13,280.28011,2800.0
12,12,14,244.163867,2800.0
12,12,15,178.330869,2800.0
12,12,16,80.306911,2800.0
12,12,17,0.0,2800.0
12,12,18,0.0,2800.0
12,12,19,0.0,2800.0
12,12,20,0.0,2800.0
12,12,21,0.0,2800.0
12,12,22,0.0,2800.0
12,12,23,0.0,2800.0
12,13,0,0.0,2800.0
12,13,1,0.0,2800.0
12,13,2,0.0,2800.0
12,13,3,0.0,2800.0
12,13,4,0.0,2800.0
12,13,5,0.0,2800.0
12,13,6,0.0,2800.0
12,13,7,0.0,2800.0
12,13,8,0.328767,1055.7070784976213
12,13,9,55.534925,648.3361095823518
12,13,10,66.813572,491.4151496175413
12,13,11,120.213126,16.495423101525333
12,13,12,46.88518,81.04201369779398
12,13,13,20.939562000000002,610.9415963527902
12,13,14,13.836483,610.9415963527902
12,13,15,7.1354239999999995,192.09958802440056
12,13,16,4.7042470000000005,237.66666698837332
12,13,17,0.0,1109.377075854021
12,13,18,0.0,2800.0
12,13,19,0.0,2800.0
12,13,20,0.0,2800.0
12,13,21,0.0,2800.0
12,13,22,0.0,2800.0
12,13,23,0.0,2800.0
12,14,0,0.0,2800.0
12,14,1,0.0,2800.0
12,14,2,0.0,2800.0
12,14,3,0.0,2145.5095856044995
12,14,4,0.0,1222.1129067458091
12,14,5,0.0,2800.0
12,14,6,0.0,2800.0
12,14,7,0.0,2800.0
12,14,8,1.3239239999999999,2800.0
12,14,9,27.837176,2800.0
12,14,10,54.487986,2800.0
12,14,11,99.728474,2800.0
12,14,12,103.623432,2800.0
12,14,13,59.973646,2800.0
12,14,14,34.083091,2800.0
12,14,15,31.773122,2800.0
12,14,16,61.511882,2800.0
12,14,17,0.0,2800.0
12,14,18,0.0,2800.0
12,14,19,0.0,2800.0
12,14,20,0.0,2800.0
12,14,21,0.0,2800.0
12,14,22,0.0,2800.0
12,14,23,0.0,2800.0
12,15,0,0.0,2800.0
12,15,1,0.0,2800.0
12,15,2,0.0,2800.0
12,15,3,0.0,2800.0
12,15,4,0.0,2800.0
12,15,5,0.0,2800.0
12,15,6,0.0,2800.0
12,15,7,0.0,2800.0
12,15,8,19.427749,2800.0
12,15,9,15.282551,2800.0
12,15,10,2.857977,2800.0
12,15,11,17.883096000000002,2800.0
12,15,12,16.311450999999998,2800.0
12,15,13,70.514554,2800.0
12,15,14,212.392769,2800.0
12,15,15,112.786068,2800.0
12,15,16,39.385988,2800.0
12,15,17,0.0,2800.0
12,15,18,0.0,2800.0
12,15,19,0.0,2800.0
12,15,20,0.0,2800.0
12,15,21,0.0,2800.0
12,15,22,0.0,2800.0
12,15,23,0.0,2800.0
12,16,0,0.0,2800.0
12,16,1,0.0,2800.0
12,16,2,0.0,2800.0
12,16,3,0.0,2800.0
12,16,4,0.0,2800.0
12,16,5,0.0,2800.0
12,16,6,0.0,2800.0
12,16,7,0.0,2800.0
12,16,8,8.659415000000001,2800.0
12,16,9,8.214769,2800.0
12,16,10,17.421798,2800.0
12,16,11,25.789641,2800.0
12,16,12,28.858451000000002,2800.0
12,16,13,46.005649,2800.0
12,16,14,33.629485,2800.0
12,16,15,35.590309999999995,2800.0
12,16,16,59.138606,2800.0
12,16,17,0.0,2800.0
12,16,18,0.0,2800.0
12,16,19,0.0,2800.0
12,16,20,0.0,2800.0
12,16,21,0.0,2800.0
12,16,22,0.0,2800.0
12,16,23,0.0,2800.0
12,17,0,0.0,2800.0
12,17,1,0.0,2800.0
12,17,2,0.0,2800.0
12,17,3,0.0,2800.0
12,17,4,0.0,2800.0
12,17,5,0.0,2800.0
12,17,6,0.0,2800.0
12,17,7,0.0,2800.0
12,17,8,16.09232,2800.0
12,17,9,6.4438580000000005,2800.0
12,17,10,14.809441999999999,2800.0
12,17,11,20.387473999999997,2800.0
12,17,12,38.314728,2800.0
12,17,13,32.973405,2800.0
12,17,14,52.991476999999996,2800.0
12,17,15,30.194884,2800.0
12,17,16,82.457395,2800.0
12,17,17,0.0,2800.0
12,17,18,0.0,2800.0
12,17,19,0.0,2800.0
12,17,20,0.0,2800.0
12,17,21,0.0,2800.0
12,17,22,0.0,2800.0
12,17,23,0.0,2800.0
12,18,0,0.0,2800.0
12,18,1,0.0,2800.0
12,18,2,0.0,2800.0
12,18,3,0.0,2800.0
12,18,4,0.0,2800.0
12,18,5,0.0,2800.0
12,18,6,0.0,2800.0
12,18,7,0.0,2800.0
12,18,8,0.593953,2800.0
12,18,9,13.004190000000001,2800.0
12,18,10,147.60868100000002,2800.0
12,18,11,171.932289,2800.0
12,18,12,202.29479800000001,2800.0
12,18,13,189.798628,2800.0
12,18,14,87.701971,2800.0
12,18,15,31.901288,2800.0
12,18,16,15.476263999999999,2800.0
12,18,17,0.0,2800.0
12,18,18,0.0,2800.0
12,18,19,0.0,2800.0
12,18,20,0.0,2800.0
12,18,21,0.0,2800.0
12,18,22,0.0,2800.0
12,18,23,0.0,2800.0
12,19,0,0.0,2800.0
12,19,1,0.0,2800.0
12,19,2,0.0,2800.0
12,19,3,0.0,2800.0
12,19,4,0.0,2800.0
12,19,5,0.0,2800.0
12,19,6,0.0,2800.0
12,19,7,0.0,2800.0
12,19,8,0.112743,2800.0
12,19,9,21.047754,2800.0
12,19,10,53.321572999999994,2800.0
12,19,11,181.505517,2800.0
12,19,12,171.145356,2800.0
12,19,13,145.433163,2800.0
12,19,14,137.600016,2800.0
12,19,15,42.802994,2800.0
12,19,16,77.539697,2800.0
12,19,17,0.0,2800.0
12,19,18,0.0,2800.0
12,19,19,0.0,2800.0
12,19,20,0.0,2800.0
12,19,21,0.0,2800.0
12,19,22,0.0,2800.0
12,19,23,0.0,2800.0
12,20,0,0.0,2800.0
12,20,1,0.0,2800.0
12,20,2,0.0,2800.0
12,20,3,0.0,2800.0
12,20,4,0.0,2800.0
12,20,5,0.0,2800.0
12,20,6,0.0,2800.0
12,20,7,0.0,2800.0
12,20,8,22.109834,2800.0
12,20,9,144.520877,2800.0
12,20,10,231.113606,2800.0
12,20,11,282.437199,2800.0
12,20,12,302.987862,2800.0
12,20,13,293.34759499999996,2800.0
12,20,14,257.417633,2800.0
12,20,15,190.915399,2800.0
12,20,16,90.664437,2800.0
12,20,17,0.0,2800.0
12,20,18,0.0,2800.0
12,20,19,0.0,2800.0
12,20,20,0.0,2800.0
12,20,21,0.0,2800.0
12,20,22,0.0,2800.0
12,20,23,0.0,2800.0
12,21,0,0.0,2800.0
12,21,1,0.0,2800.0
12,21,2,0.0,2800.0
12,21,3,0.0,2800.0
12,21,4,0.0,2800.0
12,21,5,0.0,2800.0
12,21,6,0.0,2800.0
12,21,7,0.0,2800.0
12,21,8,20.760586,2800.0
12,21,9,133.82506400000003,2800.0
12,21,10,218.946114,2800.0
12,21,11,267.93771100000004,2800.0
12,21,12,287.36262800000003,2800.0
12,21,13,278.979376,2800.0
12,21,14,241.48394,2800.0
12,21,15,176.331549,2800.0
12,21,16,81.83823,2800.0
12,21,17,0.0,2800.0
12,21,18,0.0,2800.0
12,21,19,0.0,2800.0
12,21,20,0.0,2800.0
12,21,21,0.0,2800.0
12,21,22,0.0,2800.0
12,21,23,0.0,2800.0
12,22,0,0.0,2800.0
12,22,1,0.0,2800.0
12,22,2,0.0,2800.0
12,22,3,0.0,2800.0
12,22,4,0.0,2800.0
12,22,5,0.0,2800.0
12,22,6,0.0,2800.0
12,22,7,0.0,2800.0
12,22,8,-0.0,2800.0
12,22,9,86.95527,2800.0
12,22,10,80.970129,2800.0
12,22,11,37.275396,2800.0
12,22,12,170.622456,2800.0
12,22,13,178.2016,2800.0
12,22,14,73.42700500000001,2800.0
12,22,15,3.7164189999999997,2800.0
12,22,16,4.302908,2800.0
12,22,17,0.0,2800.0
12,22,18,0.0,2800.0
12,22,19,0.0,2800.0
12,22,20,0.0,2800.0
12,22,21,0.0,2800.0
12,22,22,0.0,2800.0
12,22,23,0.0,2800.0
12,23,0,0.0,2800.0
12,23,1,0.0,2800.0
12,23,2,0.0,2800.0
12,23,3,0.0,2800.0
12,23,4,0.0,2800.0
12,23,5,0.0,2800.0
12,23,6,0.0,2800.0
12,23,7,0.0,2800.0
12,23,8,7.72912,2800.0
12,23,9,3.790136,2800.0
12,23,10,4.573219,2800.0
12,23,11,3.805851,2800.0
12,23,12,51.027691,2800.0
12,23,13,14.085571,2800.0
12,23,14,22.806258999999997,2800.0
12,23,15,14.216961,2800.0
12,23,16,79.421265,2800.0
12,23,17,0.0,2800.0
12,23,18,0.0,2800.0
12,23,19,0.0,2800.0
12,23,20,0.0,2800.0
12,23,21,0.0,2800.0
12,23,22,0.0,2800.0
12,23,23,0.0,2800.0
12,24,0,0.0,2800.0
12,24,1,0.0,2800.0
12,24,2,0.0,2800.0
12,24,3,0.0,2800.0
12,24,4,0.0,2800.0
12,24,5,0.0,2800.0
12,24,6,0.0,2800.0
12,24,7,0.0,2800.0
12,24,8,2.423413,2800.0
12,24,9,60.026802,2800.0
12,24,10,91.872412,2800.0
12,24,11,142.507831,2800.0
12,24,12,299.524966,2800.0
12,24,13,293.588123,2800.0
12,24,14,88.961281,2800.0
12,24,15,34.575101000000004,2800.0
12,24,16,86.274573,2800.0
12,24,17,0.0,2800.0
12,24,18,0.0,2800.0
12,24,19,0.0,2800.0
12,24,20,0.0,2800.0
12,24,21,0.0,2800.0
12,24,22,0.0,2800.0
12,24,23,0.0,2800.0
12,25,0,0.0,2800.0
12,25,1,0.0,2800.0
12,25,2,0.0,2800.0
12,25,3,0.0,2800.0
12,25,4,0.0,2800.0
12,25,5,0.0,2800.0
12,25,6,0.0,2800.0
12,25,7,0.0,2800.0
12,25,8,19.556959,2800.0
12,25,9,138.70185800000002,2800.0
12,25,10,225.76442300000002,2800.0
12,25,11,278.814198,2800.0
12,25,12,303.857275,2800.0
12,25,13,296.83302299999997,2800.0
12,25,14,261.208119,2800.0
12,25,15,196.215614,2800.0
12,25,16,95.144738,2800.0
12,25,17,0.0,2800.0
12,25,18,0.0,2800.0
12,25,19,0.0,2800.0
12,25,20,0.0,2800.0
12,25,21,0.0,2800.0
12,25,22,0.0,2800.0
12,25,23,0.0,2800.0
12,26,0,0.0,2800.0
12,26,1,0.0,2800.0
12,26,2,0.0,2800.0
12,26,3,0.0,2800.0
12,26,4,0.0,2800.0
12,26,5,0.0,2800.0
12,26,6,0.0,2800.0
12,26,7,0.0,2800.0
12,26,8,20.073922,2800.0
12,26,9,137.834259,2800.0
12,26,10,218.654922,2800.0
12,26,11,270.04377,2800.0
12,26,12,289.95124400000003,2800.0
12,26,13,234.003911,2800.0
12,26,14,224.008851,2800.0
12,26,15,119.846019,2800.0
12,26,16,60.120385999999996,2800.0
12,26,17,0.0,2800.0
12,26,18,0.0,2800.0
12,26,19,0.0,2800.0
12,26,20,0.0,2800.0
12,26,21,0.0,2319.3884514592746
12,26,22,0.0,1824.2618316438895
12,26,23,0.0,1749.3017415377876
12,27,0,0.0,2231.3199984618277
12,27,1,0.0,2800.0
12,27,2,0.0,2800.0
12,27,3,0.0,2800.0
12,27,4,0.0,2800.0
12,27,5,0.0,2800.0
12,27,6,0.0,2800.0
12,27,7,0.0,2800.0
12,27,8,17.02223,2800.0
12,27,9,130.63346099999998,2800.0
12,27,10,215.42727,2800.0
12,27,11,268.983769,2800.0
12,27,12,293.822518,2800.0
12,27,13,286.516305,2800.0
12,27,14,252.625789,2800.0
12,27,15,189.356437,2800.0
12,27,16,92.222465,2800.0
12,27,17,0.0,2800.0
12,27,18,0.0,2800.0
12,27,19,0.0,2800.0
12,27,20,0.0,2800.0
12,27,21,0.0,2800.0
12,27,22,0.0,2800.0
12,27,23,0.0,2800.0
12,28,0,0.0,2800.0
12,28,1,0.0,2800.0
12,28,2,0.0,2800.0
12,28,3,0.0,2800.0
12,28,4,0.0,2800.0
12,28,5,0.0,2800.0
12,28,6,0.0,2800.0
12,28,7,0.0,2800.0
12,28,8,7.178975,2800.0
12,28,9,11.624713999999999,2800.0
12,28,10,10.234027,2800.0
12,28,11,95.85826,2800.0
12,28,12,36.388144999999994,2800.0
12,28,13,18.657580999999997,2800.0
12,28,14,36.38067899999999,2800.0
12,28,15,155.141054,2800.0
12,28,16,69.565366,2800.0
12,28,17,0.0,2800.0
12,28,18,0.0,2800.0
12,28,19,0.0,2800.0
12,28,20,0.0,2800.0
12,28,21,0.0,2800.0
12,28,22,0.0,2800.0
12,28,23,0.0,2800.0
12,29,0,0.0,2800.0
12,29,1,0.0,2800.0
12,29,2,0.0,2597.435303258585
12,29,3,0.0,1503.1454301264964
12,29,4,0.0,813.163264745564
12,29,5,0.0,445.37642374118406
12,29,6,0.0,324.6794129073232
12,29,7,0.0,523.8060511729734
12,29,8,1.459995,2800.0
12,29,9,20.375222,2800.0
12,29,10,47.056646,2800.0
12,29,11,2.31657,881.5257965526516
12,29,12,19.768098000000002,278.9149998077284
12,29,13,25.442307,1824.2618316438895
12,29,14,15.882749,2800.0
12,29,15,0.965474,2744.426018516277
12,29,16,0.9047970000000001,2800.0
12,29,17,0.0,2800.0
12,29,18,0.0,2800.0
12,29,19,0.0,2800.0
12,29,20,0.0,2800.0
12,29,21,0.0,2800.0
12,29,22,0.0,2800.0
12,29,23,0.0,2800.0
12,30,0,0.0,2800.0
12,30,1,0.0,2800.0
12,30,2,0.0,2800.0
12,30,3,0.0,2800.0
12,30,4,0.0,2800.0
12,30,5,0.0,2800.0
12,30,6,0.0,2800.0
12,30,7,0.0,2800.0
12,30,8,18.792856,2800.0
12,30,9,133.96791399999998,2800.0
12,30,10,211.05318599999998,2800.0
12,30,11,263.59916499999997,2800.0
12,30,12,287.808599,2800.0
12,30,13,282.37892999999997,2800.0
12,30,14,189.35459,2800.0
12,30,15,189.49670999999998,2800.0
12,30,16,97.30642,2800.0
12,30,17,-0.0,2800.0
12,30,18,0.0,2800.0
12,30,19,0.0,2800.0
12,30,20,0.0,2800.0
12,30,21,0.0,2800.0
12,30,22,0.0,2800.0
12,30,23,0.0,2800.0
12,31,0,0.0,2800.0
12,31,1,0.0,2800.0
12,31,2,0.0,2800.0
12,31,3,0.0,2800.0
12,31,4,0.0,2800.0
12,31,5,0.0,2800.0
12,31,6,0.0,2800.0
12,31,7,0.0,2800.0
12,31,8,15.562232,2800.0
12,31,9,124.152663,2800.0
12,31,10,209.95796900000002,2800.0
12,31,11,260.30651,2800.0
12,31,12,281.3383,2800.0
12,31,13,273.433532,2800.0
12,31,14,242.044617,2800.0
12,31,15,183.367058,2800.0
12,31,16,93.412256,2800.0
12,31,17,-0.0,2800.0
12,31,18,0.0,2800.0
12,31,19,0.0,2800.0
12,31,20,0.0,2800.0
12,31,21,0.0,2800.0
12,31,22,0.0,2800.0
12,31,23,0.0,2800.0
