Month,Day,Hour,PV-1 Solar Power,PV-2 Solar Power,PV-3 Solar Power,Turbine-1 Power,Turbine-2 Power,Turbine-3 Power
1,1,0,0.0,0.0,0.0,2800.0,5614.303506012198,4200.0
1,1,1,0.0,0.0,0.0,2800.0,3928.035620383037,3801.324793919068
1,1,2,0.0,0.0,0.0,2800.0,5700.675903358588,4200.0
1,1,3,0.0,0.0,0.0,2800.0,6600.0,4200.0
1,1,4,0.0,0.0,0.0,2800.0,6600.0,4200.0
1,1,5,0.0,0.0,0.0,2800.0,6600.0,4200.0
1,1,6,0.0,0.0,0.0,2800.0,6600.0,4200.0
1,1,7,12.404718999999998,9.545020000000001,8.114365,2800.0,6600.0,4200.0
1,1,8,184.279695,141.36514499999998,120.543861,2800.0,6600.0,4200.0
1,1,9,326.202782,251.181898,213.380767,2800.0,6600.0,4200.0
1,1,10,420.51896999999997,324.65686800000003,275.076319,2800.0,6600.0,4200.0
1,1,11,478.834745,370.17912800000005,313.222728,2800.0,6600.0,4200.0
1,1,12,498.11837199999997,385.13492599999995,325.83683,2800.0,6600.0,4200.0
1,1,13,473.504586,365.673786,309.736082,2800.0,6600.0,4200.0
1,1,14,413.338884,318.583816,270.379571,2800.0,6600.0,4200.0
1,1,15,313.833006,241.274515,205.28926,2800.0,6600.0,4200.0
1,1,16,173.07622700000002,132.73640799999998,113.215276,2800.0,6600.0,4200.0
1,1,17,14.420092,11.103018,9.432692,2800.0,6600.0,4200.0
1,1,18,0.0,0.0,0.0,2800.0,6600.0,4200.0
1,1,19,0.0,0.0,0.0,2800.0,6600.0,4200.0
1,1,20,0.0,0.0,0.0,2800.0,6600.0,4200.0
1,1,21,0.0,0.0,0.0,2800.0,6600.0,4200.0
1,1,22,0.0,0.0,0.0,2800.0,6600.0,4200.0
1,1,23,0.0,0.0,0.0,2800.0,6600.0,4200.0
1,2,0,0.0,0.0,0.0,2800.0,6600.0,4200.0
1,2,1,0.0,0.0,0.0,2800.0,6600.0,4200.0
1,2,2,0.0,0.0,0.0,2800.0,6600.0,4200.0
1,2,3,0.0,0.0,0.0,2800.0,5787.929644089762,4200.0
1,2,4,0.0,0.0,0.0,2597.435303258585,3170.098204764415,3067.83697235266
1,2,5,0.0,0.0,0.0,1082.3203053763452,1320.942104986878,1278.3310693421402
1,2,6,0.0,0.0,0.0,905.1368564268978,1104.694588552513,1069.0592792443674
1,2,7,6.746409,5.2021109999999995,4.413064,2800.0,3728.344236364732,3608.075067449741
1,2,8,166.08009099999998,127.20715200000001,108.638856,2800.0,6600.0,4200.0
1,2,9,310.88009999999997,238.884966,203.357659,2800.0,6600.0,4200.0
1,2,10,391.800864,301.87960200000003,256.290791,2800.0,6600.0,4200.0
1,2,11,452.490341,349.440361,295.98992200000004,2800.0,6600.0,4200.0
1,2,12,472.805901,365.364781,309.279048,2800.0,6600.0,4200.0
1,2,13,453.670463,350.311942,296.76188199999996,2800.0,6600.0,4200.0
1,2,14,393.913478,303.65340999999995,257.672726,2800.0,6600.0,4200.0
1,2,15,295.843792,227.48171299999998,193.52187899999998,2800.0,6600.0,4200.0
1,2,16,161.543404,123.93544899999999,105.671249,2800.0,6600.0,4200.0
1,2,17,12.213062,9.412083,7.988995,2800.0,6600.0,4200.0
1,2,18,0.0,0.0,0.0,2800.0,6600.0,4200.0
1,2,19,0.0,0.0,0.0,2800.0,6600.0,4200.0
1,2,20,0.0,0.0,0.0,2800.0,6600.0,4200.0
1,2,21,0.0,0.0,0.0,2800.0,6600.0,4200.0
1,2,22,0.0,0.0,0.0,2800.0,6600.0,4200.0
1,2,23,0.0,0.0,0.0,2800.0,6600.0,4200.0
1,3,0,0.0,0.0,0.0,2800.0,6600.0,4200.0
1,3,1,0.0,0.0,0.0,2800.0,4205.209912886971,4069.5579802131983
1,3,2,0.0,0.0,0.0,2800.0,6600.0,4200.0
1,3,3,0.0,0.0,0.0,2800.0,6600.0,4200.0
1,3,4,0.0,0.0,0.0,2800.0,6600.0,4200.0
1,3,5,0.0,0.0,0.0,2800.0,6600.0,4200.0
1,3,6,0.0,0.0,0.0,2800.0,6600.0,4200.0
1,3,7,3.368048,2.6059140000000003,2.2031590000000003,2800.0,6600.0,4200.0
1,3,8,164.070567,125.60447599999999,107.324356,2800.0,6600.0,4200.0
1,3,9,314.603573,241.68693,205.793315,2800.0,6600.0,4200.0
1,3,10,409.991234,316.173152,268.189755,2800.0,6600.0,4200.0
1,3,11,470.705254,363.853904,307.904941,2800.0,6600.0,4200.0
1,3,12,494.086386,382.161475,323.199365,2800.0,6600.0,4200.0
1,3,13,480.72436300000004,371.597772,314.458794,2800.0,6600.0,4200.0
1,3,14,423.538579,326.91729499999997,277.05155099999996,2800.0,6600.0,4200.0
1,3,15,326.517477,251.525402,213.58661999999998,2800.0,6600.0,4200.0
1,3,16,184.759736,141.972446,120.857872,2800.0,6600.0,4200.0
1,3,17,12.32737,9.509511,8.063768,2800.0,6600.0,4200.0
1,3,18,0.0,0.0,0.0,2800.0,6600.0,4200.0
1,3,19,0.0,0.0,0.0,2800.0,6600.0,4200.0
1,3,20,0.0,0.0,0.0,2800.0,6600.0,4200.0
1,3,21,0.0,0.0,0.0,2800.0,6600.0,4200.0
1,3,22,0.0,0.0,0.0,2800.0,6600.0,4200.0
1,3,23,0.0,0.0,0.0,2800.0,6600.0,4200.0
1,4,0,0.0,0.0,0.0,2800.0,6600.0,4200.0
1,4,1,0.0,0.0,0.0,2800.0,6600.0,4200.0
1,4,2,0.0,0.0,0.0,2800.0,6600.0,4200.0
1,4,3,0.0,0.0,0.0,2800.0,6600.0,4200.0
1,4,4,0.0,0.0,0.0,2800.0,6600.0,4200.0
1,4,5,0.0,0.0,0.0,2800.0,6600.0,4200.0
1,4,6,0.0,0.0,0.0,2800.0,6600.0,4200.0
1,4,7,-0.0,-0.0,-0.0,2800.0,6600.0,4200.0
1,4,8,134.85872700000002,103.18955199999999,88.215859,2800.0,6600.0,4200.0
1,4,9,282.258889,216.435339,184.635514,2800.0,6600.0,4200.0
1,4,10,423.809349,326.10187,277.228672,2800.0,6600.0,4200.0
1,4,11,481.979983,371.631936,315.280139,2800.0,6600.0,4200.0
1,4,12,498.143058,384.53285,325.852978,2800.0,6600.0,4200.0
1,4,13,476.59044,367.837136,311.754649,2800.0,6600.0,4200.0
1,4,14,412.758788,318.15757,270.000109,2800.0,6600.0,4200.0
1,4,15,310.471153,238.81213200000002,203.090153,2800.0,4421.436551474658,4200.0
1,4,16,163.601696,125.564262,107.017651,2231.3199984618277,2723.264565051836,2635.417321017906
1,4,17,12.853095,9.90717,8.407664,2597.435303258585,3170.098204764415,3067.83697235266
1,4,18,0.0,0.0,0.0,2800.0,6600.0,4200.0
1,4,19,0.0,0.0,0.0,2800.0,6600.0,4200.0
1,4,20,0.0,0.0,0.0,2800.0,6600.0,4200.0
1,4,21,0.0,0.0,0.0,2800.0,6600.0,4200.0
1,4,22,0.0,0.0,0.0,2800.0,6600.0,4200.0
1,4,23,0.0,0.0,0.0,2800.0,6600.0,4200.0
1,5,0,0.0,0.0,0.0,2800.0,6600.0,4200.0
1,5,1,0.0,0.0,0.0,2800.0,6600.0,4200.0
1,5,2,0.0,0.0,0.0,2800.0,6600.0,4200.0
1,5,3,0.0,0.0,0.0,2800.0,6600.0,4200.0
1,5,4,0.0,0.0,0.0,2800.0,6600.0,4200.0
1,5,5,0.0,0.0,0.0,2800.0,6600.0,4200.0
1,5,6,0.0,0.0,0.0,2800.0,6600.0,4200.0
1,5,7,2.77538,2.154462,1.815474,2800.0,6600.0,4200.0
1,5,8,157.886482,121.015802,103.27912699999999,2800.0,6600.0,4200.0
1,5,9,98.799735,75.76576200000001,64.628398,2800.0,6600.0,4200.0
1,5,10,145.337333,111.564995,95.070285,2800.0,6600.0,4200.0
1,5,11,276.455392,212.78015100000002,180.83924100000002,2800.0,6600.0,4200.0
1,5,12,486.862857,376.946937,318.4742,2800.0,6600.0,4200.0
1,5,13,468.242987,362.30082600000003,306.294285,2800.0,6600.0,4200.0
1,5,14,411.569963,317.821288,269.222457,2800.0,6600.0,4200.0
1,5,15,316.49421,243.76770499999998,207.030047,2800.0,6600.0,4200.0
1,5,16,174.75641399999998,134.221339,114.314346,2800.0,6600.0,4200.0
1,5,17,15.911215,12.255893,10.408088,2800.0,6600.0,4200.0
1,5,18,0.0,0.0,0.0,2694.829168782761,3288.9647335537634,3182.869096987513
1,5,19,0.0,0.0,0.0,557.58989956809,680.5231057720783,658.5707475213661
1,5,20,0.0,0.0,0.0,7.433326402824398,9.07217001919513,8.779519373414644
1,5,21,0.0,0.0,0.0,687.226207839785,838.7406473635172,811.6844974485649
1,5,22,0.0,0.0,0.0,2800.0,6600.0,4200.0
1,5,23,0.0,0.0,0.0,2800.0,6600.0,4200.0
1,6,0,0.0,0.0,0.0,2800.0,6600.0,4200.0
1,6,1,0.0,0.0,0.0,2800.0,6600.0,4200.0
1,6,2,0.0,0.0,0.0,2800.0,6600.0,4200.0
1,6,3,0.0,0.0,0.0,2800.0,6600.0,4200.0
1,6,4,0.0,0.0,0.0,2800.0,6600.0,4200.0
1,6,5,0.0,0.0,0.0,2800.0,6600.0,4200.0
1,6,6,0.0,0.0,0.0,2800.0,6600.0,4200.0
1,6,7,5.8545110000000005,4.5207370000000004,3.829643,2800.0,6600.0,4200.0
1,6,8,174.877283,134.032186,114.39341,2800.0,6600.0,4200.0
1,6,9,319.222296,245.425433,208.814584,2800.0,6600.0,4200.0
1,6,10,421.65423200000004,325.204455,275.818933,2800.0,6600.0,4200.0
1,6,11,477.996886,369.27255699999995,312.67465500000003,2800.0,6600.0,4200.0
1,6,12,496.06789399999997,383.44775300000003,324.49554,2800.0,6600.0,4200.0
1,6,13,478.313401,369.594449,312.881698,2800.0,6600.0,4200.0
1,6,14,416.64797899999996,321.51728399999996,272.544167,2800.0,6600.0,4200.0
1,6,15,311.942796,240.230332,204.052807,2800.0,6600.0,4200.0
1,6,16,174.701924,134.26764,114.27870200000001,2800.0,6600.0,4200.0
1,6,17,14.904562,11.497434,9.749601,2800.0,6600.0,4200.0
1,6,18,0.0,0.0,0.0,2800.0,6600.0,4200.0
1,6,19,0.0,0.0,0.0,2800.0,6600.0,4200.0
1,6,20,0.0,0.0,0.0,2800.0,6600.0,4200.0
1,6,21,0.0,0.0,0.0,2800.0,6600.0,4200.0
1,6,22,0.0,0.0,0.0,2800.0,6600.0,4200.0
1,6,23,0.0,0.0,0.0,2800.0,6600.0,4200.0
1,7,0,0.0,0.0,0.0,2800.0,6600.0,4200.0
1,7,1,0.0,0.0,0.0,2800.0,6600.0,4200.0
1,7,2,0.0,0.0,0.0,2800.0,6600.0,4200.0
1,7,3,0.0,0.0,0.0,2800.0,6600.0,4200.0
1,7,4,0.0,0.0,0.0,2800.0,6600.0,4200.0
1,7,5,0.0,0.0,0.0,2800.0,6600.0,4200.0
1,7,6,0.0,0.0,0.0,2800.0,6600.0,4200.0
1,7,7,-0.0,-0.0,-0.0,2800.0,6600.0,4200.0
1,7,8,103.03460700000001,78.93903,67.398578,2800.0,6600.0,4200.0
1,7,9,242.85329800000002,186.428609,158.858924,2800.0,6600.0,4200.0
1,7,10,371.527882,286.170114,243.029517,2800.0,6600.0,4200.0
1,7,11,435.622208,336.188785,284.95588,2800.0,6600.0,4200.0
1,7,12,331.847512,255.43144,217.073184,2800.0,3794.137041985159,3671.7455245017663
1,7,13,430.464356,331.935453,281.581947,769.610460224766,939.288356967234,908.9887325489362
1,7,14,244.299636,187.64832199999998,159.805025,629.4537376638762,768.2309396685104,743.4492964533971
1,7,15,281.441594,216.215872,184.100893,2800.0,6600.0,4200.0
1,7,16,154.95383600000002,118.834184,101.36078,2800.0,6600.0,4200.0
1,7,17,12.368872,9.535784,8.090917000000001,2800.0,6600.0,4200.0
1,7,18,0.0,0.0,0.0,2800.0,6600.0,4200.0
1,7,19,0.0,0.0,0.0,2800.0,6600.0,4200.0
1,7,20,0.0,0.0,0.0,2800.0,6600.0,4200.0
1,7,21,0.0,0.0,0.0,2800.0,6600.0,4200.0
1,7,22,0.0,0.0,0.0,2800.0,6600.0,4200.0
1,7,23,0.0,0.0,0.0,2800.0,6600.0,4200.0
1,8,0,0.0,0.0,0.0,2800.0,6600.0,4200.0
1,8,1,0.0,0.0,0.0,2800.0,6600.0,4200.0
1,8,2,0.0,0.0,0.0,2800.0,6600.0,4200.0
1,8,3,0.0,0.0,0.0,2800.0,6600.0,4200.0
1,8,4,0.0,0.0,0.0,2800.0,6600.0,4200.0
1,8,5,0.0,0.0,0.0,2800.0,6600.0,4200.0
1,8,6,0.0,0.0,0.0,2800.0,6600.0,4200.0
1,8,7,-0.0,-0.0,-0.0,2800.0,6600.0,4200.0
1,8,8,108.528235,83.186543,70.992154,2800.0,5114.326798854228,4200.0
1,8,9,247.406093,189.994925,161.837068,2800.0,3794.137041985159,3671.7455245017663
1,8,10,341.96195400000005,263.23998100000006,223.689399,2800.0,4569.628998473504,4200.0
1,8,11,408.230739,314.86555300000003,267.038152,2800.0,6600.0,4200.0
1,8,12,428.86764500000004,331.006403,280.537482,2800.0,6600.0,4200.0
1,8,13,416.488897,321.269908,272.440106,2800.0,6600.0,4200.0
1,8,14,357.254847,275.102565,233.69302,2800.0,6600.0,4200.0
1,8,15,264.81958899999995,203.476949,173.227851,2800.0,6600.0,4200.0
1,8,16,143.915057,110.384263,94.139925,2800.0,6600.0,4200.0
1,8,17,12.502415000000001,9.63646,8.178271,2800.0,6600.0,4200.0
1,8,18,0.0,0.0,0.0,2800.0,6600.0,4200.0
1,8,19,0.0,0.0,0.0,2800.0,6600.0,4200.0
1,8,20,0.0,0.0,0.0,2800.0,6600.0,4200.0
1,8,21,0.0,0.0,0.0,2800.0,6600.0,4200.0
1,8,22,0.0,0.0,0.0,2800.0,6600.0,4200.0
1,8,23,0.0,0.0,0.0,2800.0,6600.0,4200.0
1,9,0,0.0,0.0,0.0,2800.0,6600.0,4200.0
1,9,1,0.0,0.0,0.0,2800.0,6600.0,4200.0
1,9,2,0.0,0.0,0.0,2800.0,6600.0,4200.0
1,9,3,0.0,0.0,0.0,2800.0,6600.0,4200.0
1,9,4,0.0,0.0,0.0,2800.0,6600.0,4200.0
1,9,5,0.0,0.0,0.0,2800.0,6600.0,4200.0
1,9,6,0.0,0.0,0.0,2800.0,6600.0,4200.0
1,9,7,-0.0,-0.0,-0.0,2800.0,6600.0,4200.0
1,9,8,103.31405000000001,79.252376,67.581371,2800.0,6600.0,4200.0
1,9,9,240.88737799999998,185.356921,157.572947,2800.0,3996.150340809066,3867.242265299096
1,9,10,357.30324,275.9947,233.72467600000002,2800.0,3794.137041985159,3671.7455245017663
1,9,11,418.507873,323.977685,273.760789,2800.0,6145.847517348083,4200.0
1,9,12,443.814621,343.59092599999997,290.314827,2800.0,6600.0,4200.0
1,9,13,415.897849,321.32588400000003,272.05348,2800.0,6600.0,4200.0
1,9,14,359.07590000000005,276.76894799999997,234.884235,2800.0,6600.0,4200.0
1,9,15,269.77351799999997,207.427672,176.468391,2800.0,6600.0,4200.0
1,9,16,147.26260399999998,113.003971,96.329673,2800.0,6600.0,4200.0
1,9,17,14.334629999999999,11.046044,9.376788000000001,2800.0,6600.0,4200.0
1,9,18,0.0,0.0,0.0,2800.0,6600.0,4200.0
1,9,19,0.0,0.0,0.0,2800.0,6600.0,4200.0
1,9,20,0.0,0.0,0.0,2800.0,6600.0,4200.0
1,9,21,0.0,0.0,0.0,2800.0,4721.09628485135,4200.0
1,9,22,0.0,0.0,0.0,2800.0,4348.55720818164,4200.0
1,9,23,0.0,0.0,0.0,2800.0,6600.0,4200.0
1,10,0,0.0,0.0,0.0,2800.0,6600.0,4200.0
1,10,1,0.0,0.0,0.0,2800.0,6600.0,4200.0
1,10,2,0.0,0.0,0.0,2800.0,6600.0,4200.0
1,10,3,0.0,0.0,0.0,2800.0,6600.0,4200.0
1,10,4,0.0,0.0,0.0,2800.0,6600.0,4200.0
1,10,5,0.0,0.0,0.0,2800.0,6600.0,4200.0
1,10,6,0.0,0.0,0.0,2800.0,6600.0,4200.0
1,10,7,0.7591420000000001,0.603332,0.496581,2800.0,6600.0,4200.0
1,10,8,145.12029800000002,111.18034399999999,94.928315,2800.0,6600.0,4200.0
1,10,9,289.14347999999995,222.187759,189.138968,2800.0,6600.0,4200.0
1,10,10,388.36413500000003,299.62041800000003,254.04270499999998,2800.0,6600.0,4200.0
1,10,11,441.538161,342.185322,288.825714,2800.0,6600.0,4200.0
1,10,12,450.397963,350.50174599999997,294.621224,2800.0,6600.0,4200.0
1,10,13,437.00736800000004,340.097488,285.861963,2800.0,6600.0,4200.0
1,10,14,386.35353399999997,299.67692800000003,252.7275,2800.0,6600.0,4200.0
1,10,15,298.891357,230.777182,195.515399,2800.0,6600.0,4200.0
1,10,16,168.50656400000003,129.577853,110.226098,2800.0,6600.0,4200.0
1,10,17,21.287671999999997,16.396103,13.925019,2800.0,6600.0,4200.0
1,10,18,0.0,0.0,0.0,2800.0,6600.0,4200.0
1,10,19,0.0,0.0,0.0,2800.0,6600.0,4200.0
1,10,20,0.0,0.0,0.0,2800.0,6600.0,4200.0
1,10,21,0.0,0.0,0.0,2800.0,6600.0,4200.0
1,10,22,0.0,0.0,0.0,2800.0,6600.0,4200.0
1,10,23,0.0,0.0,0.0,2800.0,6600.0,4200.0
1,11,0,0.0,0.0,0.0,2800.0,6600.0,4200.0
1,11,1,0.0,0.0,0.0,2800.0,6600.0,4200.0
1,11,2,0.0,0.0,0.0,2800.0,6600.0,4200.0
1,11,3,0.0,0.0,0.0,2800.0,6600.0,4200.0
1,11,4,0.0,0.0,0.0,2800.0,6600.0,4200.0
1,11,5,0.0,0.0,0.0,2800.0,6600.0,4200.0
1,11,6,0.0,0.0,0.0,2800.0,6600.0,4200.0
1,11,7,-0.0,-0.0,-0.0,2800.0,6600.0,4200.0
1,11,8,85.826472,65.698322,56.142128,2800.0,6600.0,4200.0
1,11,9,220.093287,168.445381,143.970797,2800.0,6600.0,4200.0
1,11,10,324.827923,248.986653,212.481423,2800.0,6600.0,4200.0
1,11,11,401.351846,308.164901,262.53842599999996,2800.0,6600.0,4200.0
1,11,12,432.193545,332.18998700000003,282.713071,2800.0,6600.0,4200.0
1,11,13,434.92484,334.335284,284.499707,2800.0,6600.0,4200.0
1,11,14,380.24514,292.0095,248.731783,2800.0,6600.0,4200.0
1,11,15,286.61438,219.726393,187.48459400000002,2800.0,6600.0,4200.0
1,11,16,163.017397,124.80081299999999,106.63544,2800.0,6600.0,4200.0
1,11,17,21.073751,16.189982,13.785084999999999,2800.0,6600.0,4200.0
1,11,18,0.0,0.0,0.0,2800.0,6600.0,4200.0
1,11,19,0.0,0.0,0.0,2800.0,6600.0,4200.0
1,11,20,0.0,0.0,0.0,2800.0,6600.0,4200.0
1,11,21,0.0,0.0,0.0,2800.0,6600.0,4200.0
1,11,22,0.0,0.0,0.0,2800.0,6600.0,4200.0
1,11,23,0.0,0.0,0.0,2800.0,6600.0,4200.0
1,12,0,0.0,0.0,0.0,2800.0,6600.0,4200.0
1,12,1,0.0,0.0,0.0,2800.0,6600.0,4200.0
1,12,2,0.0,0.0,0.0,2800.0,6600.0,4200.0
1,12,3,0.0,0.0,0.0,2800.0,6600.0,4200.0
1,12,4,0.0,0.0,0.0,2800.0,6600.0,4200.0
1,12,5,0.0,0.0,0.0,2800.0,6600.0,4200.0
1,12,6,0.0,0.0,0.0,2800.0,6600.0,4200.0
1,12,7,2.422679,1.88114,1.58476,2800.0,6600.0,4200.0
1,12,8,166.47217,127.37150199999999,108.895329,2800.0,6600.0,4200.0
1,12,9,323.752456,248.18560300000001,211.777922,2800.0,6600.0,4200.0
1,12,10,427.59624099999996,328.423667,279.705812,2800.0,6600.0,4200.0
1,12,11,492.62526,378.844337,322.24359100000004,2800.0,6600.0,4200.0
1,12,12,516.482951,397.331986,337.84975,2800.0,6600.0,4200.0
1,12,13,502.45772,386.38462300000003,328.67535,2800.0,6600.0,4200.0
1,12,14,439.58800799999995,337.560309,287.550051,2800.0,6600.0,4200.0
1,12,15,337.814031,258.94303,220.97609500000002,2800.0,6600.0,4200.0
1,12,16,190.41741,145.693851,124.558757,2800.0,6600.0,4200.0
1,12,17,25.707543,19.721635,16.816212,2800.0,6600.0,4200.0
1,12,18,0.0,0.0,0.0,2800.0,6600.0,4200.0
1,12,19,0.0,0.0,0.0,2800.0,6600.0,4200.0
1,12,20,0.0,0.0,0.0,2800.0,6600.0,4200.0
1,12,21,0.0,0.0,0.0,2800.0,6600.0,4200.0
1,12,22,0.0,0.0,0.0,2800.0,6600.0,4200.0
1,12,23,0.0,0.0,0.0,2800.0,6600.0,4200.0
1,13,0,0.0,0.0,0.0,2800.0,6600.0,4200.0
1,13,1,0.0,0.0,0.0,2800.0,6600.0,4200.0
1,13,2,0.0,0.0,0.0,2800.0,6600.0,4200.0
1,13,3,0.0,0.0,0.0,2800.0,6600.0,4200.0
1,13,4,0.0,0.0,0.0,2800.0,6600.0,4200.0
1,13,5,0.0,0.0,0.0,2800.0,6600.0,4200.0
1,13,6,0.0,0.0,0.0,2800.0,6600.0,4200.0
1,13,7,0.761134,0.603555,0.497884,2800.0,6600.0,4200.0
1,13,8,154.73563000000001,118.532572,101.21804300000001,2800.0,6600.0,4200.0
1,13,9,307.37933799999996,236.290215,201.067687,2800.0,6600.0,4200.0
1,13,10,402.553094,310.560289,263.324204,2800.0,6600.0,4200.0
1,13,11,467.830918,361.868605,306.02473599999996,2800.0,6600.0,4200.0
1,13,12,492.976765,381.571454,322.473523,2800.0,6600.0,4200.0
1,13,13,474.786471,366.90009299999997,310.574609,2800.0,6600.0,4200.0
1,13,14,419.095424,323.04851,274.145127,2800.0,6600.0,4200.0
1,13,15,323.686299,248.812379,211.734647,2800.0,6600.0,4200.0
1,13,16,181.96656,139.48350299999998,119.030757,2800.0,6600.0,4200.0
1,13,17,25.288777,19.415221000000003,16.542283,2800.0,6600.0,4200.0
1,13,18,0.0,0.0,0.0,2800.0,6600.0,4200.0
1,13,19,0.0,0.0,0.0,2800.0,6600.0,4200.0
1,13,20,0.0,0.0,0.0,2800.0,6600.0,4200.0
1,13,21,0.0,0.0,0.0,2800.0,6600.0,4200.0
1,13,22,0.0,0.0,0.0,2800.0,6600.0,4200.0
1,13,23,0.0,0.0,0.0,2800.0,6600.0,4200.0
1,14,0,0.0,0.0,0.0,2800.0,6600.0,4200.0
1,14,1,0.0,0.0,0.0,2800.0,6600.0,4200.0
1,14,2,0.0,0.0,0.0,2800.0,6600.0,4200.0
1,14,3,0.0,0.0,0.0,2800.0,6600.0,4200.0
1,14,4,0.0,0.0,0.0,2800.0,6600.0,4200.0
1,14,5,0.0,0.0,0.0,2800.0,6600.0,4200.0
1,14,6,0.0,0.0,0.0,2800.0,6600.0,4200.0
1,14,7,2.00906,1.561673,1.3141969999999998,2800.0,6600.0,4200.0
1,14,8,161.07645000000002,123.357064,105.365798,2800.0,6600.0,4200.0
1,14,9,313.06016600000004,240.558602,204.783718,2800.0,6600.0,4200.0
1,14,10,427.987007,329.999614,279.96142599999996,2800.0,6600.0,4200.0
1,14,11,489.393148,378.119414,320.12935200000004,2800.0,6600.0,4200.0
1,14,12,512.450951,396.152539,335.21227600000003,2800.0,6600.0,4200.0
1,14,13,503.407383,388.81273,329.296559,2800.0,6600.0,4200.0
1,14,14,447.122915,344.59680699999996,292.47889899999996,2800.0,6600.0,4200.0
1,14,15,352.387472,270.855491,230.509098,2800.0,6600.0,4200.0
1,14,16,208.433619,159.768462,136.343796,2800.0,6600.0,4200.0
1,14,17,30.288647,23.241711,19.812875,2800.0,6600.0,4200.0
1,14,18,0.0,0.0,0.0,2800.0,6600.0,4200.0
1,14,19,0.0,0.0,0.0,2800.0,6600.0,4200.0
1,14,20,0.0,0.0,0.0,2800.0,6600.0,4200.0
1,14,21,0.0,0.0,0.0,2800.0,6600.0,4200.0
1,14,22,0.0,0.0,0.0,2800.0,6600.0,4200.0
1,14,23,0.0,0.0,0.0,2800.0,6600.0,4200.0
1,15,0,0.0,0.0,0.0,2800.0,6600.0,4200.0
1,15,1,0.0,0.0,0.0,2800.0,6600.0,4200.0
1,15,2,0.0,0.0,0.0,2800.0,6600.0,4200.0
1,15,3,0.0,0.0,0.0,2800.0,6600.0,4200.0
1,15,4,0.0,0.0,0.0,2800.0,6600.0,4200.0
1,15,5,0.0,0.0,0.0,2800.0,6600.0,4200.0
1,15,6,0.0,0.0,0.0,2800.0,6600.0,4200.0
1,15,7,2.543679,1.974059,1.66391,2800.0,6600.0,4200.0
1,15,8,162.436969,124.565061,106.255762,2800.0,6600.0,4200.0
1,15,9,309.811643,238.65777,202.658744,2800.0,6600.0,4200.0
1,15,10,411.263171,317.643403,269.021773,2800.0,6600.0,4200.0
1,15,11,341.446285,263.001319,223.352081,2800.0,6600.0,4200.0
1,15,12,341.514707,262.915946,223.396839,1136.8810555802274,1387.531996967994,1342.7729002916071
1,15,13,486.977788,376.246002,318.54938,2800.0,4569.628998473504,4200.0
1,15,14,432.605197,333.517101,282.982347,2800.0,6600.0,4200.0
1,15,15,337.657566,259.552496,220.873746,2800.0,6600.0,4200.0
1,15,16,193.995111,148.713837,126.899057,2800.0,6600.0,4200.0
1,15,17,29.007441,22.264911,18.974793000000002,2800.0,6600.0,4200.0
1,15,18,0.0,0.0,0.0,2800.0,6600.0,4200.0
1,15,19,0.0,0.0,0.0,2800.0,6600.0,4200.0
1,15,20,0.0,0.0,0.0,2800.0,6600.0,4200.0
1,15,21,0.0,0.0,0.0,2800.0,6600.0,4200.0
1,15,22,0.0,0.0,0.0,2800.0,6600.0,4200.0
1,15,23,0.0,0.0,0.0,2800.0,6600.0,4200.0
1,16,0,0.0,0.0,0.0,2800.0,6600.0,4200.0
1,16,1,0.0,0.0,0.0,2800.0,6600.0,4200.0
1,16,2,0.0,0.0,0.0,2800.0,6600.0,4200.0
1,16,3,0.0,0.0,0.0,2800.0,6600.0,4200.0
1,16,4,0.0,0.0,0.0,2800.0,6600.0,4200.0
1,16,5,0.0,0.0,0.0,2800.0,6600.0,4200.0
1,16,6,0.0,0.0,0.0,2800.0,6600.0,4200.0
1,16,7,3.635694,2.8135790000000003,2.378236,2800.0,6600.0,4200.0
1,16,8,163.168902,125.084106,106.734545,2800.0,6600.0,4200.0
1,16,9,310.087679,238.567297,202.83930900000001,2800.0,6600.0,4200.0
1,16,10,405.140141,312.337131,265.016483,2800.0,6600.0,4200.0
1,16,11,473.448103,365.44399699999997,309.699135,2800.0,6600.0,4200.0
1,16,12,504.278363,389.35529499999996,329.86629700000003,2800.0,6600.0,4200.0
1,16,13,489.382752,377.55137199999996,320.12255200000004,2800.0,6600.0,4200.0
1,16,14,435.168249,335.184912,284.65893,2800.0,6600.0,4200.0
1,16,15,339.448198,260.835202,222.045062,2800.0,6600.0,4200.0
1,16,16,200.511852,153.68036600000002,131.161888,2800.0,6600.0,4200.0
1,16,17,31.15663,23.904619999999998,20.380653,2800.0,6600.0,4200.0
1,16,18,0.0,0.0,0.0,2800.0,6600.0,4200.0
1,16,19,0.0,0.0,0.0,2800.0,6600.0,4200.0
1,16,20,0.0,0.0,0.0,2800.0,6600.0,4200.0
1,16,21,0.0,0.0,0.0,2800.0,6600.0,4200.0
1,16,22,0.0,0.0,0.0,2800.0,6600.0,4200.0
1,16,23,0.0,0.0,0.0,2800.0,6600.0,4200.0
1,17,0,0.0,0.0,0.0,2800.0,6600.0,4200.0
1,17,1,0.0,0.0,0.0,2800.0,4495.12565696385,4200.0
1,17,2,0.0,0.0,0.0,2800.0,3996.150340809066,3867.242265299096
1,17,3,0.0,0.0,0.0,2800.0,5700.675903358588,4200.0
1,17,4,0.0,0.0,0.0,2800.0,6600.0,4200.0
1,17,5,0.0,0.0,0.0,2800.0,6600.0,4200.0
1,17,6,0.0,0.0,0.0,2800.0,6600.0,4200.0
1,17,7,2.907091,2.2515650000000003,1.901631,2800.0,6600.0,4200.0
1,17,8,163.30619000000002,125.05373900000001,106.82435000000001,2800.0,6600.0,4200.0
1,17,9,315.040391,241.98683400000002,206.07905300000002,2800.0,6600.0,4200.0
1,17,10,408.022219,314.28947999999997,266.901752,2800.0,6600.0,4200.0
1,17,11,472.67474200000004,365.068907,309.193253,2800.0,6600.0,4200.0
1,17,12,494.453529,382.578827,323.439527,2800.0,4798.06917736812,4200.0
1,17,13,476.070462,368.392312,311.414513,791.1870845831577,965.6220323652713,934.4729345470366
1,17,14,422.244141,326.029395,276.204814,1405.1461214803344,1714.9421167673372,1659.6214033232295
1,17,15,239.666968,184.205025,156.774633,2800.0,6600.0,4200.0
1,17,16,195.99061799999998,150.47537,128.204389,2800.0,6600.0,4200.0
1,17,17,29.379240000000003,22.580075,19.217999,2800.0,6600.0,4200.0
1,17,18,0.0,0.0,0.0,2800.0,6600.0,4200.0
1,17,19,0.0,0.0,0.0,2800.0,6600.0,4200.0
1,17,20,0.0,0.0,0.0,2800.0,6600.0,4200.0
1,17,21,0.0,0.0,0.0,2800.0,6600.0,4200.0
1,17,22,0.0,0.0,0.0,791.1870845831577,965.6220323652713,934.4729345470366
1,17,23,0.0,0.0,0.0,2800.0,3663.3164546975977,3545.1449561589657
1,18,0,0.0,0.0,0.0,2800.0,6600.0,4200.0
1,18,1,0.0,0.0,0.0,2800.0,6600.0,4200.0
1,18,2,0.0,0.0,0.0,2800.0,6600.0,4200.0
1,18,3,0.0,0.0,0.0,2800.0,6600.0,4200.0
1,18,4,0.0,0.0,0.0,2800.0,6600.0,4200.0
1,18,5,0.0,0.0,0.0,2800.0,6600.0,4200.0
1,18,6,0.0,0.0,0.0,2800.0,6600.0,4200.0
1,18,7,-0.0,-0.0,-0.0,2800.0,6600.0,4200.0
1,18,8,42.004011,32.21304,27.476308,2800.0,6600.0,4200.0
1,18,9,273.439842,209.816092,178.866663,2800.0,6600.0,4200.0
1,18,10,376.745489,290.078844,246.442538,2800.0,6600.0,4200.0
1,18,11,428.16522399999997,330.98327,280.078004,2800.0,6600.0,4200.0
1,18,12,233.330609,179.67845300000002,152.629797,2800.0,6600.0,4200.0
1,18,13,299.950083,231.677978,196.20794899999999,2800.0,6600.0,4200.0
1,18,14,170.630576,131.382706,111.615489,2800.0,6600.0,4200.0
1,18,15,222.484051,171.361166,145.53467999999998,2800.0,6600.0,4200.0
1,18,16,14.152927,10.925766,9.25793,2800.0,6600.0,4200.0
1,18,17,13.310195,10.268226,8.706669,2800.0,6600.0,4200.0
1,18,18,0.0,0.0,0.0,2800.0,6600.0,4200.0
1,18,19,0.0,0.0,0.0,2800.0,6600.0,4200.0
1,18,20,0.0,0.0,0.0,2800.0,6600.0,4200.0
1,18,21,0.0,0.0,0.0,2800.0,6600.0,4200.0
1,18,22,0.0,0.0,0.0,2800.0,6600.0,4200.0
1,18,23,0.0,0.0,0.0,2800.0,6600.0,4200.0
1,19,0,0.0,0.0,0.0,2800.0,6600.0,4200.0
1,19,1,0.0,0.0,0.0,2800.0,6600.0,4200.0
1,19,2,0.0,0.0,0.0,2800.0,6600.0,4200.0
1,19,3,0.0,0.0,0.0,2800.0,6600.0,4200.0
1,19,4,0.0,0.0,0.0,2800.0,6600.0,4200.0
1,19,5,0.0,0.0,0.0,2800.0,6600.0,4200.0
1,19,6,0.0,0.0,0.0,2800.0,6600.0,4200.0
1,19,7,-0.0,-0.0,-0.0,2800.0,6600.0,4200.0
1,19,8,-0.0,-0.0,-0.0,2800.0,6600.0,4200.0
1,19,9,183.66606099999998,140.88421599999998,120.142461,2800.0,6600.0,4200.0
1,19,10,365.790293,281.471517,239.276357,2800.0,6600.0,4200.0
1,19,11,36.029385000000005,27.714341,23.568094000000002,2800.0,6600.0,4200.0
1,19,12,390.489246,300.901594,255.432815,2800.0,6600.0,4200.0
1,19,13,256.035352,196.872814,167.481772,2800.0,6600.0,4200.0
1,19,14,12.298065000000001,9.509617,8.044599,2800.0,6600.0,4200.0
1,19,15,14.485363,11.190959000000001,9.475388,2800.0,6600.0,4200.0
1,19,16,0.5480499999999999,0.451262,0.358499,2800.0,6600.0,4200.0
1,19,17,15.512223,11.963538,10.147093,2800.0,6600.0,4200.0
1,19,18,0.0,0.0,0.0,2800.0,6600.0,4200.0
1,19,19,0.0,0.0,0.0,2800.0,6600.0,4200.0
1,19,20,0.0,0.0,0.0,2800.0,6600.0,4200.0
1,19,21,0.0,0.0,0.0,2800.0,6600.0,4200.0
1,19,22,0.0,0.0,0.0,2800.0,6600.0,4200.0
1,19,23,0.0,0.0,0.0,2800.0,6600.0,4200.0
1,20,0,0.0,0.0,0.0,2800.0,6600.0,4200.0
1,20,1,0.0,0.0,0.0,2800.0,6600.0,4200.0
1,20,2,0.0,0.0,0.0,2800.0,6600.0,4200.0
1,20,3,0.0,0.0,0.0,2800.0,6600.0,4200.0
1,20,4,0.0,0.0,0.0,2800.0,6600.0,4200.0
1,20,5,0.0,0.0,0.0,2800.0,3996.150340809066,3867.242265299096
1,20,6,0.0,0.0,0.0,1469.9890187508342,1794.0810858770024,1736.2075024616151
1,20,7,-0.0,-0.0,-0.0,1251.4423799619176,1527.350936173994,1478.0815511361232
1,20,8,-0.0,-0.0,-0.0,2364.2786071344885,2885.536882723194,2792.4550477966395
1,20,9,1.584807,1.243498,1.0366780000000002,2800.0,5277.537873988738,4200.0
1,20,10,196.385296,150.51602799999998,128.462562,2800.0,5033.998538121269,4200.0
1,20,11,260.19574,199.559103,170.203229,1536.7967041952045,1875.6180248051708,1815.114217553391
1,20,12,311.73371399999996,239.37979,203.91603800000001,289.9235564324093,353.8437106064838,342.42939736111333
1,20,13,188.400143,144.486646,123.239191,791.1870845831577,965.6220323652713,934.4729345470366
1,20,14,184.66833,141.63856099999998,120.79808,2800.0,6145.847517348083,4200.0
1,20,15,3.045947,2.37113,1.992462,2800.0,6600.0,4200.0
1,20,16,0.61854,0.49893400000000004,0.404609,2800.0,6600.0,4200.0
1,20,17,3.566978,2.7679009999999997,2.333287,2800.0,6600.0,4200.0
1,20,18,0.0,0.0,0.0,2800.0,6600.0,4200.0
1,20,19,0.0,0.0,0.0,2800.0,6600.0,4200.0
1,20,20,0.0,0.0,0.0,2800.0,6600.0,4200.0
1,20,21,0.0,0.0,0.0,2800.0,6600.0,4200.0
1,20,22,0.0,0.0,0.0,2800.0,6600.0,4200.0
1,20,23,0.0,0.0,0.0,2800.0,6600.0,4200.0
1,21,0,0.0,0.0,0.0,2800.0,6600.0,4200.0
1,21,1,0.0,0.0,0.0,2800.0,6600.0,4200.0
1,21,2,0.0,0.0,0.0,2800.0,6600.0,4200.0
1,21,3,0.0,0.0,0.0,2800.0,6600.0,4200.0
1,21,4,0.0,0.0,0.0,2800.0,6600.0,4200.0
1,21,5,0.0,0.0,0.0,2800.0,6600.0,4200.0
1,21,6,0.0,0.0,0.0,2800.0,6600.0,4200.0
1,21,7,1.475326,1.157915,0.965063,2800.0,6600.0,4200.0
1,21,8,151.524763,116.105024,99.11770200000001,2800.0,6600.0,4200.0
1,21,9,307.269794,235.883987,200.996031,2800.0,6600.0,4200.0
1,21,10,435.34153499999996,335.043793,284.772282,2800.0,6600.0,4200.0
1,21,11,501.838555,386.86235100000005,328.270333,2800.0,6600.0,4200.0
1,21,12,527.967196,407.32959700000004,345.36200099999996,2800.0,6600.0,4200.0
1,21,13,516.019798,398.04853399999996,337.546785,2800.0,6600.0,4200.0
1,21,14,459.153098,353.697424,300.34826699999996,2800.0,6600.0,4200.0
1,21,15,233.700156,179.255674,152.87153099999998,2800.0,6600.0,4200.0
1,21,16,229.424529,175.932928,150.074692,2800.0,6600.0,4200.0
1,21,17,50.606790000000004,38.797259,33.10369,2800.0,6600.0,4200.0
1,21,18,0.0,0.0,0.0,2800.0,6600.0,4200.0
1,21,19,0.0,0.0,0.0,2800.0,6600.0,4200.0
1,21,20,0.0,0.0,0.0,2800.0,6600.0,4200.0
1,21,21,0.0,0.0,0.0,2800.0,6600.0,4200.0
1,21,22,0.0,0.0,0.0,2800.0,6600.0,4200.0
1,21,23,0.0,0.0,0.0,2800.0,6600.0,4200.0
1,22,0,0.0,0.0,0.0,2800.0,6600.0,4200.0
1,22,1,0.0,0.0,0.0,2800.0,6600.0,4200.0
1,22,2,0.0,0.0,0.0,2800.0,6600.0,4200.0
1,22,3,0.0,0.0,0.0,2800.0,6600.0,4200.0
1,22,4,0.0,0.0,0.0,2800.0,6600.0,4200.0
1,22,5,0.0,0.0,0.0,2800.0,6600.0,4200.0
1,22,6,0.0,0.0,0.0,2800.0,6600.0,4200.0
1,22,7,1.607968,1.252753,1.051829,2800.0,6600.0,4200.0
1,22,8,149.507102,114.384763,97.797878,2800.0,6600.0,4200.0
1,22,9,297.073605,227.89094599999999,194.32634299999998,2800.0,6600.0,4200.0
1,22,10,402.078206,309.36079700000005,263.01356300000003,2800.0,6600.0,4200.0
1,22,11,463.846604,357.781906,303.418455,2800.0,6600.0,4200.0
1,22,12,483.771,373.78136099999995,316.451707,2800.0,6600.0,4200.0
1,22,13,471.15383299999996,364.393914,308.19837199999995,2800.0,6600.0,4200.0
1,22,14,411.507826,318.003877,269.181811,2800.0,6600.0,4200.0
1,22,15,316.543839,244.052593,207.062512,2800.0,6600.0,4200.0
1,22,16,184.645666,141.953494,120.78325500000001,2800.0,6600.0,4200.0
1,22,17,14.161748,10.92457,9.2637,2800.0,6600.0,4200.0
1,22,18,0.0,0.0,0.0,2800.0,6600.0,4200.0
1,22,19,0.0,0.0,0.0,2800.0,6600.0,4200.0
1,22,20,0.0,0.0,0.0,2800.0,6600.0,4200.0
1,22,21,0.0,0.0,0.0,2800.0,6600.0,4200.0
1,22,22,0.0,0.0,0.0,2800.0,6600.0,4200.0
1,22,23,0.0,0.0,0.0,2800.0,6600.0,4200.0
1,23,0,0.0,0.0,0.0,2800.0,6600.0,4200.0
1,23,1,0.0,0.0,0.0,2800.0,6600.0,4200.0
1,23,2,0.0,0.0,0.0,2800.0,6600.0,4200.0
1,23,3,0.0,0.0,0.0,2800.0,6600.0,4200.0
1,23,4,0.0,0.0,0.0,2800.0,6600.0,4200.0
1,23,5,0.0,0.0,0.0,2800.0,6600.0,4200.0
1,23,6,0.0,0.0,0.0,2800.0,6600.0,4200.0
1,23,7,-0.0,-0.0,-0.0,2800.0,6600.0,4200.0
1,23,8,-0.0,-0.0,-0.0,2800.0,6600.0,4200.0
1,23,9,1.070935,0.849599,0.7005359999999999,2800.0,6600.0,4200.0
1,23,10,27.102771,20.839236,17.72888,2800.0,6600.0,4200.0
1,23,11,48.076137,36.90542,31.4483,2800.0,6600.0,4200.0
1,23,12,21.651103,16.663978999999998,14.162751,2800.0,6600.0,4200.0
1,23,13,8.387017,6.483465,5.486244,2020.963642713616,2466.530430083547,2386.964932338916
1,23,14,24.488396,18.834026,16.018725,247.56819744046305,302.1501622304864,292.4033828036965
1,23,15,3.050773,2.3740949999999996,1.995618,2800.0,6237.575082367505,4200.0
1,23,16,16.059182,12.357711,10.504878000000001,2800.0,6600.0,4200.0
1,23,17,-0.0,-0.0,-0.0,2800.0,6600.0,4200.0
1,23,18,0.0,0.0,0.0,2800.0,4276.483153260508,4138.532083800491
1,23,19,0.0,0.0,0.0,1469.9890187508342,1794.0810858770024,1736.2075024616151
1,23,20,0.0,0.0,0.0,375.1945078601572,457.9145568371997,443.1431195198707
1,23,21,0.0,0.0,0.0,138.67213448175264,169.24551846198156,163.78598560836926
1,23,22,0.0,0.0,0.0,445.37642374118406,543.569651022705,526.0351461510048
1,23,23,0.0,0.0,0.0,1503.1454301264964,1834.5475722016292,1775.3686182596414
1,24,0,0.0,0.0,0.0,2800.0,5195.505086201954,4200.0
1,24,1,0.0,0.0,0.0,2800.0,6600.0,4200.0
1,24,2,0.0,0.0,0.0,2800.0,6600.0,4200.0
1,24,3,0.0,0.0,0.0,2800.0,6600.0,4200.0
1,24,4,0.0,0.0,0.0,2800.0,6600.0,4200.0
1,24,5,0.0,0.0,0.0,2800.0,6600.0,4200.0
1,24,6,0.0,0.0,0.0,2800.0,6600.0,4200.0
1,24,7,1.039042,0.8202079999999999,0.679674,2800.0,6600.0,4200.0
1,24,8,138.93555300000003,106.41056,90.882655,2800.0,6600.0,4200.0
1,24,9,123.373928,94.519882,80.703246,2800.0,6600.0,4200.0
1,24,10,406.48695299999997,312.893266,265.89748,2800.0,6600.0,4200.0
1,24,11,336.517737,258.628817,220.128144,2800.0,6600.0,4200.0
1,24,12,501.114151,386.41952899999995,327.796475,2800.0,6600.0,4200.0
1,24,13,491.014149,378.150986,321.189707,2800.0,6600.0,4200.0
1,24,14,429.694117,330.261327,281.07810700000005,2800.0,6600.0,4200.0
1,24,15,340.035161,260.840127,222.42901500000002,2800.0,6600.0,4200.0
1,24,16,211.965821,162.29727,138.654334,2800.0,6600.0,4200.0
1,24,17,56.164836,43.018347,36.739404,2800.0,6600.0,4200.0
1,24,18,0.0,0.0,0.0,2800.0,6600.0,4200.0
1,24,19,0.0,0.0,0.0,2800.0,6600.0,4200.0
1,24,20,0.0,0.0,0.0,2800.0,6600.0,4200.0
1,24,21,0.0,0.0,0.0,2800.0,6600.0,4200.0
1,24,22,0.0,0.0,0.0,2800.0,6600.0,4200.0
1,24,23,0.0,0.0,0.0,2800.0,6600.0,4200.0
1,25,0,0.0,0.0,0.0,2800.0,6600.0,4200.0
1,25,1,0.0,0.0,0.0,2800.0,6600.0,4200.0
1,25,2,0.0,0.0,0.0,2800.0,6600.0,4200.0
1,25,3,0.0,0.0,0.0,2800.0,6600.0,4200.0
1,25,4,0.0,0.0,0.0,2800.0,6600.0,4200.0
1,25,5,0.0,0.0,0.0,2800.0,6600.0,4200.0
1,25,6,0.0,0.0,0.0,2800.0,6600.0,4200.0
1,25,7,6.268959,4.832263,4.100747999999999,2800.0,6600.0,4200.0
1,25,8,176.151065,134.816203,115.226637,2800.0,6600.0,4200.0
1,25,9,332.78267999999997,255.271611,217.684911,2800.0,6600.0,4200.0
1,25,10,285.425027,218.84552,186.70659700000002,2800.0,6600.0,4200.0
1,25,11,203.109245,155.61494699999997,132.86093499999998,2800.0,6600.0,4200.0
1,25,12,537.5742929999999,414.01127,351.646342,388.5930680097703,474.2671302481448,458.9681905627208
1,25,13,524.791971,403.97603100000003,343.284973,90.95515204021434,111.00825642703326,107.42734492938702
1,25,14,469.674634,361.043423,307.23077500000005,119.20203674758558,145.48280075492727,140.78980718218767
1,25,15,369.43474699999996,283.41344799999996,241.660323,278.9149998077284,340.4080706314795,329.42716512723825
1,25,16,229.548193,175.729112,150.155585,2409.744269793466,2941.0264710077745,2846.1546493623623
1,25,17,61.141786,46.815771999999996,39.995003,2800.0,6600.0,4200.0
1,25,18,0.0,0.0,0.0,2800.0,6600.0,4200.0
1,25,19,0.0,0.0,0.0,2800.0,6600.0,4200.0
1,25,20,0.0,0.0,0.0,2800.0,6600.0,4200.0
1,25,21,0.0,0.0,0.0,2800.0,6600.0,4200.0
1,25,22,0.0,0.0,0.0,2800.0,6600.0,4200.0
1,25,23,0.0,0.0,0.0,2800.0,6600.0,4200.0
1,26,0,0.0,0.0,0.0,2800.0,6600.0,4200.0
1,26,1,0.0,0.0,0.0,2800.0,6600.0,4200.0
1,26,2,0.0,0.0,0.0,2800.0,6600.0,4200.0
1,26,3,0.0,0.0,0.0,2800.0,6600.0,4200.0
1,26,4,0.0,0.0,0.0,2800.0,6600.0,4200.0
1,26,5,0.0,0.0,0.0,2800.0,6600.0,4200.0
1,26,6,0.0,0.0,0.0,2800.0,6600.0,4200.0
1,26,7,2.736118,2.122493,1.789791,2800.0,6600.0,4200.0
1,26,8,102.759277,78.658127,67.218474,2800.0,6600.0,4200.0
1,26,9,319.735321,245.333595,209.150172,2800.0,6600.0,4200.0
1,26,10,329.49548300000004,253.027421,215.534639,2800.0,6600.0,4200.0
1,26,11,437.129485,336.67271600000004,285.941844,2800.0,6600.0,4200.0
1,26,12,468.25415899999996,361.19528499999996,306.30159299999997,2800.0,6600.0,4200.0
1,26,13,498.26340799999997,384.807318,325.93170299999997,2800.0,6600.0,4200.0
1,26,14,235.08987,180.469058,153.780591,2800.0,6600.0,4200.0
1,26,15,350.81836599999997,269.951665,229.482691,2800.0,6600.0,4200.0
1,26,16,11.833045,9.118988,7.740412999999999,2800.0,6600.0,4200.0
1,26,17,57.398996,44.004664,37.546712,2800.0,6600.0,4200.0
1,26,18,0.0,0.0,0.0,2800.0,6600.0,4200.0
1,26,19,0.0,0.0,0.0,2800.0,6600.0,4200.0
1,26,20,0.0,0.0,0.0,2800.0,6600.0,4200.0
1,26,21,0.0,0.0,0.0,2800.0,6600.0,4200.0
1,26,22,0.0,0.0,0.0,2800.0,6600.0,4200.0
1,26,23,0.0,0.0,0.0,2800.0,6600.0,4200.0
1,27,0,0.0,0.0,0.0,2800.0,6600.0,4200.0
1,27,1,0.0,0.0,0.0,2800.0,6600.0,4200.0
1,27,2,0.0,0.0,0.0,2800.0,6600.0,4200.0
1,27,3,0.0,0.0,0.0,2800.0,6600.0,4200.0
1,27,4,0.0,0.0,0.0,2800.0,6600.0,4200.0
1,27,5,0.0,0.0,0.0,2800.0,6600.0,4200.0
1,27,6,0.0,0.0,0.0,2800.0,6600.0,4200.0
1,27,7,3.417811,2.6437,2.235711,2800.0,6600.0,4200.0
1,27,8,157.51354500000002,120.646199,103.035176,2800.0,6600.0,4200.0
1,27,9,307.981026,236.887375,201.46127299999998,2800.0,6600.0,4200.0
1,27,10,417.30719799999997,322.639729,272.975385,2800.0,6600.0,4200.0
1,27,11,470.87847,365.912686,308.018248,2800.0,6600.0,4200.0
1,27,12,494.62721999999997,384.768413,323.553144,2800.0,6600.0,4200.0
1,27,13,489.37831900000003,379.665933,320.119652,2800.0,6600.0,4200.0
1,27,14,443.50477,342.850342,290.112143,2800.0,6600.0,4200.0
1,27,15,353.890401,272.60371899999996,231.492217,2800.0,6600.0,4200.0
1,27,16,223.52003200000001,171.59395999999998,146.212352,2800.0,6600.0,4200.0
1,27,17,61.989273000000004,47.525356,40.549374,2800.0,6600.0,4200.0
1,27,18,0.0,0.0,0.0,2800.0,6600.0,4200.0
1,27,19,0.0,0.0,0.0,2800.0,6600.0,4200.0
1,27,20,0.0,0.0,0.0,2800.0,6600.0,4200.0
1,27,21,0.0,0.0,0.0,2800.0,6600.0,4200.0
1,27,22,0.0,0.0,0.0,2800.0,6600.0,4200.0
1,27,23,0.0,0.0,0.0,2800.0,6600.0,4200.0
1,28,0,0.0,0.0,0.0,2409.744269793466,2941.0264710077745,2846.1546493623623
1,28,1,0.0,0.0,0.0,1029.5337295682716,1256.5175439612765,1215.984719962525
1,28,2,0.0,0.0,0.0,2020.963642713616,2466.530430083547,2386.964932338916
1,28,3,0.0,0.0,0.0,2800.0,6600.0,4200.0
1,28,4,0.0,0.0,0.0,2800.0,6600.0,4200.0
1,28,5,0.0,0.0,0.0,2800.0,6600.0,4200.0
1,28,6,0.0,0.0,0.0,2800.0,6600.0,4200.0
1,28,7,1.427071,1.115667,0.9334969999999999,2800.0,6600.0,4200.0
1,28,8,158.402838,121.324928,103.616894,2800.0,6600.0,4200.0
1,28,9,306.443576,235.324476,200.455572,2800.0,6600.0,4200.0
1,28,10,420.64383000000004,323.886563,275.15799400000003,2800.0,6600.0,4200.0
1,28,11,307.967373,236.529308,201.45234200000002,2800.0,6600.0,4200.0
1,28,12,242.308155,185.86590900000002,158.50232699999998,2800.0,6600.0,4200.0
1,28,13,503.353795,387.968271,329.261505,2800.0,6600.0,4200.0
1,28,14,447.366552,344.204095,292.63827100000003,2800.0,6600.0,4200.0
1,28,15,350.84418800000003,269.32732799999997,229.499582,2800.0,6600.0,4200.0
1,28,16,219.220957,167.93555300000003,143.400175,2800.0,6600.0,4200.0
1,28,17,63.141825,48.361565999999996,41.303298999999996,2800.0,6600.0,4200.0
1,28,18,0.0,0.0,0.0,2800.0,6600.0,4200.0
1,28,19,0.0,0.0,0.0,2800.0,6600.0,4200.0
1,28,20,0.0,0.0,0.0,2800.0,6600.0,4200.0
1,28,21,0.0,0.0,0.0,2800.0,6600.0,4200.0
1,28,22,0.0,0.0,0.0,2800.0,6600.0,4200.0
1,28,23,0.0,0.0,0.0,2800.0,6600.0,4200.0
1,29,0,0.0,0.0,0.0,2800.0,6600.0,4200.0
1,29,1,0.0,0.0,0.0,2800.0,6600.0,4200.0
1,29,2,0.0,0.0,0.0,2800.0,6600.0,4200.0
1,29,3,0.0,0.0,0.0,2800.0,6600.0,4200.0
1,29,4,0.0,0.0,0.0,2800.0,6600.0,4200.0
1,29,5,0.0,0.0,0.0,2800.0,6600.0,4200.0
1,29,6,0.0,0.0,0.0,2800.0,5528.8079782263085,4200.0
1,29,7,5.91909,4.569043,3.871886,2319.3884514592746,2830.7496848518704,2739.435178888906
1,29,8,162.334034,124.546847,106.188428,557.58989956809,680.5231057720783,658.5707475213661
1,29,9,310.83943,239.534221,203.331055,575.0133429544752,701.7879382515248,679.149617662766
1,29,10,397.2404,307.086768,259.84898300000003,1003.7965929387176,1225.1060779960724,1185.5865270929733
1,29,11,464.21671399999997,359.65264299999996,303.660557,2800.0,4569.628998473504,4200.0
1,29,12,495.134009,383.599174,323.884653,2800.0,6600.0,4200.0
1,29,13,487.759566,377.342108,319.060769,2800.0,6600.0,4200.0
1,29,14,437.967531,337.989921,286.49003899999997,2800.0,6600.0,4200.0
1,29,15,350.605708,269.76867200000004,229.343584,2800.0,6600.0,4200.0
1,29,16,212.87609099999997,163.298858,139.249774,2800.0,6600.0,4200.0
1,29,17,63.20534,48.449782,41.344847,2800.0,6600.0,4200.0
1,29,18,0.0,0.0,0.0,2800.0,6600.0,4200.0
1,29,19,0.0,0.0,0.0,2800.0,6600.0,4200.0
1,29,20,0.0,0.0,0.0,2800.0,6600.0,4200.0
1,29,21,0.0,0.0,0.0,2800.0,6600.0,4200.0
1,29,22,0.0,0.0,0.0,2800.0,6600.0,4200.0
1,29,23,0.0,0.0,0.0,2800.0,6600.0,4200.0
1,30,0,0.0,0.0,0.0,2800.0,6600.0,4200.0
1,30,1,0.0,0.0,0.0,2800.0,6600.0,4200.0
1,30,2,0.0,0.0,0.0,2800.0,6600.0,4200.0
1,30,3,0.0,0.0,0.0,2800.0,6600.0,4200.0
1,30,4,0.0,0.0,0.0,2800.0,4276.483153260508,4138.532083800491
1,30,5,0.0,0.0,0.0,2145.5095856044995,2618.5353210133653,2534.066439690353
1,30,6,0.0,0.0,0.0,2800.0,5614.303506012198,4200.0
1,30,7,1.661665,1.297692,1.086953,2800.0,6600.0,4200.0
1,30,8,132.45223000000001,101.609192,86.641685,2800.0,6600.0,4200.0
1,30,9,273.814714,211.21013,179.11188099999998,2800.0,6600.0,4200.0
1,30,10,379.28073,293.99336999999997,248.100928,2800.0,6600.0,4200.0
1,30,11,440.95977600000003,343.170653,288.447372,2800.0,6600.0,4200.0
1,30,12,471.994227,367.275241,308.748103,2800.0,6600.0,4200.0
1,30,13,469.111491,363.689692,306.86240399999997,2800.0,6600.0,4200.0
1,30,14,423.774652,327.395599,277.20597499999997,2800.0,6600.0,4200.0
1,30,15,336.56537699999996,259.165999,220.159307,2800.0,6600.0,4200.0
1,30,16,206.123298,158.181958,134.83253299999998,2800.0,6600.0,4200.0
1,30,17,60.283027000000004,46.219269,39.433258,2800.0,5114.326798854228,4200.0
1,30,18,0.0,0.0,0.0,2800.0,4276.483153260508,4138.532083800491
1,30,19,0.0,0.0,0.0,2800.0,3794.137041985159,3671.7455245017663
1,30,20,0.0,0.0,0.0,1786.5196926460033,2180.398050079768,2110.0626291094527
1,30,21,0.0,0.0,0.0,1193.2453053765432,1456.323010498931,1409.344848869933
1,30,22,0.0,0.0,0.0,791.1870845831577,965.6220323652713,934.4729345470366
1,30,23,0.0,0.0,0.0,707.2412654778989,863.1684736147585,835.3243293046049
1,31,0,0.0,0.0,0.0,2694.829168782761,3288.9647335537634,3182.869096987513
1,31,1,0.0,0.0,0.0,2800.0,6600.0,4200.0
1,31,2,0.0,0.0,0.0,2800.0,6600.0,4200.0
1,31,3,0.0,0.0,0.0,2800.0,6600.0,4200.0
1,31,4,0.0,0.0,0.0,2800.0,6600.0,4200.0
1,31,5,0.0,0.0,0.0,2800.0,6600.0,4200.0
1,31,6,0.0,0.0,0.0,2800.0,6600.0,4200.0
1,31,7,3.7827539999999997,2.92425,2.474433,2800.0,6600.0,4200.0
1,31,8,154.92559899999998,118.713768,101.342309,2800.0,6600.0,4200.0
1,31,9,301.393872,231.99829,197.15238300000001,2800.0,6600.0,4200.0
1,31,10,409.23687800000005,316.24834999999996,267.696304,2800.0,6600.0,4200.0
1,31,11,475.202466,367.959783,310.84672600000005,2800.0,6600.0,4200.0
1,31,12,501.177232,388.267611,327.837738,2800.0,6600.0,4200.0
1,31,13,496.729037,384.62643199999997,324.928017,2800.0,6600.0,4200.0
1,31,14,445.364978,344.026127,291.32896999999997,2800.0,6600.0,4200.0
1,31,15,353.81966,272.43495,231.445943,2800.0,6600.0,4200.0
1,31,16,214.72168299999998,164.781158,140.457041,2800.0,6600.0,4200.0
1,31,17,63.946382,49.017899,41.829588,1786.5196926460033,2180.398050079768,2110.0626291094527
1,31,18,0.0,0.0,0.0,491.4151496175413,599.758647171015,580.4115940364661
1,31,19,0.0,0.0,0.0,119.20203674758558,145.48280075492727,140.78980718218767
1,31,20,0.0,0.0,0.0,1469.9890187508342,1794.0810858770024,1736.2075024616151
1,31,21,0.0,0.0,0.0,2800.0,6600.0,4200.0
1,31,22,0.0,0.0,0.0,2800.0,6600.0,4200.0
1,31,23,0.0,0.0,0.0,2800.0,6600.0,4200.0
2,1,0,0.0,0.0,0.0,2800.0,6600.0,4200.0
2,1,1,0.0,0.0,0.0,2800.0,6600.0,4200.0
2,1,2,0.0,0.0,0.0,2800.0,6600.0,4200.0
2,1,3,0.0,0.0,0.0,2800.0,6600.0,4200.0
2,1,4,0.0,0.0,0.0,2800.0,6600.0,4200.0
2,1,5,0.0,0.0,0.0,2800.0,6600.0,4200.0
2,1,6,0.0,0.0,0.0,2800.0,6600.0,4200.0
2,1,7,-0.0,-0.0,-0.0,2800.0,6600.0,4200.0
2,1,8,109.594312,83.95965600000001,71.68951200000001,2800.0,6600.0,4200.0
2,1,9,243.11148,186.401181,159.02781099999999,2800.0,6600.0,4200.0
2,1,10,330.867537,254.117965,216.43214799999998,2800.0,6600.0,4200.0
2,1,11,379.453674,291.847983,248.214058,2800.0,6600.0,4200.0
2,1,12,370.20523499999996,284.87139299999996,242.164327,2800.0,6600.0,4200.0
2,1,13,353.895288,272.40033500000004,231.49541399999998,2800.0,6600.0,4200.0
2,1,14,290.373518,223.381266,189.943579,2800.0,6600.0,4200.0
2,1,15,159.10098000000002,122.26407,104.073574,2800.0,6600.0,4200.0
2,1,16,107.402329,82.542136,70.255659,2800.0,6600.0,4200.0
2,1,17,-0.0,-0.0,-0.0,2800.0,6600.0,4200.0
2,1,18,0.0,0.0,0.0,2800.0,6600.0,4200.0
2,1,19,0.0,0.0,0.0,2800.0,6600.0,4200.0
2,1,20,0.0,0.0,0.0,2800.0,6600.0,4200.0
2,1,21,0.0,0.0,0.0,2800.0,6600.0,4200.0
2,1,22,0.0,0.0,0.0,2800.0,6600.0,4200.0
2,1,23,0.0,0.0,0.0,2800.0,6600.0,4200.0
2,2,0,0.0,0.0,0.0,2800.0,6600.0,4200.0
2,2,1,0.0,0.0,0.0,2800.0,6600.0,4200.0
2,2,2,0.0,0.0,0.0,2800.0,6600.0,4200.0
2,2,3,0.0,0.0,0.0,2800.0,6600.0,4200.0
2,2,4,0.0,0.0,0.0,2800.0,6600.0,4200.0
2,2,5,0.0,0.0,0.0,2800.0,6600.0,4200.0
2,2,6,0.0,0.0,0.0,2800.0,6600.0,4200.0
2,2,7,-0.0,-0.0,-0.0,2800.0,6600.0,4200.0
2,2,8,72.144057,55.309894,47.191977,2800.0,6600.0,4200.0
2,2,9,196.84962299999998,150.888463,128.766294,2800.0,6600.0,4200.0
2,2,10,291.822825,224.057299,190.891622,2800.0,6600.0,4200.0
2,2,11,189.281419,145.29237899999998,123.815665,2800.0,6600.0,4200.0
2,2,12,183.738093,141.113223,120.18958,2800.0,6600.0,4200.0
2,2,13,230.97278400000002,177.544296,151.08746,2800.0,6600.0,4200.0
2,2,14,369.09101799999996,284.47884000000005,241.435478,2800.0,6600.0,4200.0
2,2,15,252.27272,194.04411,165.020501,2800.0,6600.0,4200.0
2,2,16,63.459133,48.776573,41.510861,2800.0,3996.150340809066,3867.242265299096
2,2,17,-0.0,-0.0,-0.0,362.10752792468406,441.94225849075616,427.6860566039575
2,2,18,0.0,0.0,0.0,416.3395915497286,508.1309975606924,491.7396750587345
2,2,19,0.0,0.0,0.0,2800.0,3996.150340809066,3867.242265299096
2,2,20,0.0,0.0,0.0,2800.0,6600.0,4200.0
2,2,21,0.0,0.0,0.0,2800.0,6600.0,4200.0
2,2,22,0.0,0.0,0.0,2800.0,6600.0,4200.0
2,2,23,0.0,0.0,0.0,2800.0,6600.0,4200.0
2,3,0,0.0,0.0,0.0,2800.0,6600.0,4200.0
2,3,1,0.0,0.0,0.0,2800.0,6600.0,4200.0
2,3,2,0.0,0.0,0.0,2800.0,6600.0,4200.0
2,3,3,0.0,0.0,0.0,2800.0,6600.0,4200.0
2,3,4,0.0,0.0,0.0,2800.0,6600.0,4200.0
2,3,5,0.0,0.0,0.0,2800.0,6600.0,4200.0
2,3,6,0.0,0.0,0.0,2800.0,6600.0,4200.0
2,3,7,4.683398,3.6288,3.063576,2800.0,6600.0,4200.0
2,3,8,150.062828,115.11281600000001,98.161399,2800.0,6600.0,4200.0
2,3,9,294.158318,226.156552,192.419351,2800.0,6600.0,4200.0
2,3,10,394.27981,303.567028,257.912357,2800.0,6600.0,4200.0
2,3,11,463.691219,357.338145,303.31681199999997,2800.0,6600.0,4200.0
2,3,12,492.533035,379.69796399999996,322.18326299999995,2800.0,6600.0,4200.0
2,3,13,496.8708,383.00546,325.020749,2800.0,6600.0,4200.0
2,3,14,242.626823,186.189762,158.710779,2800.0,6600.0,4200.0
2,3,15,180.587717,138.45085,118.128807,2800.0,6600.0,4200.0
2,3,16,67.995208,52.14266000000001,44.478068,2800.0,6600.0,4200.0
2,3,17,64.451763,49.40782299999999,42.160176,2800.0,6600.0,4200.0
2,3,18,0.0,0.0,0.0,2800.0,6600.0,4200.0
2,3,19,0.0,0.0,0.0,2800.0,6600.0,4200.0
2,3,20,0.0,0.0,0.0,2800.0,6600.0,4200.0
2,3,21,0.0,0.0,0.0,2800.0,6600.0,4200.0
2,3,22,0.0,0.0,0.0,2800.0,6600.0,4200.0
2,3,23,0.0,0.0,0.0,2800.0,6600.0,4200.0
2,4,0,0.0,0.0,0.0,2800.0,6600.0,4200.0
2,4,1,0.0,0.0,0.0,2800.0,6600.0,4200.0
2,4,2,0.0,0.0,0.0,2800.0,6600.0,4200.0
2,4,3,0.0,0.0,0.0,2800.0,6600.0,4200.0
2,4,4,0.0,0.0,0.0,2800.0,6600.0,4200.0
2,4,5,0.0,0.0,0.0,2800.0,6600.0,4200.0
2,4,6,0.0,0.0,0.0,2800.0,6600.0,4200.0
2,4,7,15.096290999999999,11.600206,9.875017,2800.0,6600.0,4200.0
2,4,8,192.390116,147.260281,125.849174,2800.0,6600.0,4200.0
2,4,9,349.416243,268.051756,228.56551199999998,2800.0,6600.0,4200.0
2,4,10,459.730913,353.52544900000004,300.726236,2800.0,6600.0,4200.0
2,4,11,524.3387610000001,403.88308,342.98851299999995,2800.0,6600.0,4200.0
2,4,12,548.4601729999999,422.772839,358.767181,2800.0,6600.0,4200.0
2,4,13,531.744091,409.694928,347.832601,2800.0,6600.0,4200.0
2,4,14,474.924043,365.397457,310.664599,2800.0,6600.0,4200.0
2,4,15,378.577046,290.634777,247.640624,2800.0,6600.0,4200.0
2,4,16,240.321684,184.09995800000002,157.20290599999998,2800.0,6600.0,4200.0
2,4,17,75.222574,57.610288,49.205743999999996,2800.0,6600.0,4200.0
2,4,18,0.0,0.0,0.0,2800.0,6600.0,4200.0
2,4,19,0.0,0.0,0.0,2800.0,6600.0,4200.0
2,4,20,0.0,0.0,0.0,2800.0,6600.0,4200.0
2,4,21,0.0,0.0,0.0,2800.0,6600.0,4200.0
2,4,22,0.0,0.0,0.0,2800.0,6600.0,4200.0
2,4,23,0.0,0.0,0.0,2800.0,6600.0,4200.0
2,5,0,0.0,0.0,0.0,2800.0,6600.0,4200.0
2,5,1,0.0,0.0,0.0,2800.0,6600.0,4200.0
2,5,2,0.0,0.0,0.0,2800.0,6600.0,4200.0
2,5,3,0.0,0.0,0.0,2800.0,6600.0,4200.0
2,5,4,0.0,0.0,0.0,2800.0,6600.0,4200.0
2,5,5,0.0,0.0,0.0,2800.0,6600.0,4200.0
2,5,6,0.0,0.0,0.0,2800.0,6600.0,4200.0
2,5,7,8.336851000000001,6.427954,5.453429,2800.0,6600.0,4200.0
2,5,8,167.398663,128.197387,109.501381,2800.0,6600.0,4200.0
2,5,9,320.100491,245.62646900000001,209.38904300000002,2800.0,6600.0,4200.0
2,5,10,428.38209,329.4385,280.21986300000003,2800.0,6600.0,4200.0
2,5,11,496.949085,382.789918,325.071958,2800.0,6600.0,4200.0
2,5,12,523.238292,403.260521,342.268657,2800.0,6600.0,4200.0
2,5,13,483.966073,372.637216,316.57931099999996,2800.0,6600.0,4200.0
2,5,14,431.18167,331.68881400000004,282.051168,2800.0,6600.0,4200.0
2,5,15,339.955533,261.07808900000003,222.37692800000002,2800.0,6600.0,4200.0
2,5,16,208.296729,159.668595,136.25425099999998,2800.0,6600.0,4200.0
2,5,17,66.093214,50.656966999999995,43.233907,2800.0,6600.0,4200.0
2,5,18,0.0,0.0,0.0,2800.0,6600.0,4200.0
2,5,19,0.0,0.0,0.0,2800.0,6600.0,4200.0
2,5,20,0.0,0.0,0.0,2800.0,6600.0,4200.0
2,5,21,0.0,0.0,0.0,2800.0,6600.0,4200.0
2,5,22,0.0,0.0,0.0,2800.0,6600.0,4200.0
2,5,23,0.0,0.0,0.0,2800.0,6600.0,4200.0
2,6,0,0.0,0.0,0.0,2800.0,6600.0,4200.0
2,6,1,0.0,0.0,0.0,2800.0,5033.998538121269,4200.0
2,6,2,0.0,0.0,0.0,2800.0,3860.699345383164,3736.160656822416
2,6,3,0.0,0.0,0.0,2549.630956168769,3111.754316583931,3011.3751450812238
2,6,4,0.0,0.0,0.0,1405.1461214803344,1714.9421167673372,1659.6214033232295
2,6,5,0.0,0.0,0.0,388.5930680097703,474.2671302481448,458.9681905627208
2,6,6,0.0,0.0,0.0,52.04244894371608,63.51637469508655,61.467459382341815
2,6,7,0.371505,0.306408,0.24301499999999998,71.8766678693094,87.7234922814406,84.89370220784575
2,6,8,116.770563,89.484128,76.38375199999999,475.7328897807615,580.6188812284884,561.8892398985372
2,6,9,259.608605,199.23554199999998,169.819162,416.3395915497286,508.1309975606924,491.7396750587345
2,6,10,398.57688,306.591401,260.723223,475.7328897807615,580.6188812284884,561.8892398985372
2,6,11,470.249508,362.138597,307.60682099999997,138.67213448175264,169.24551846198156,163.78598560836926
2,6,12,499.525205,384.773426,326.75708899999995,119.20203674758558,145.48280075492727,140.78980718218767
2,6,13,485.31543,373.63543300000003,317.461973,445.37642374118406,543.569651022705,526.0351461510048
2,6,14,428.20396600000004,329.21095199999996,280.10334600000004,1605.5985030100696,1959.588724146148,1896.3761846575624
2,6,15,333.00501899999995,255.534219,217.830351,2800.0,5444.184846176627,4200.0
2,6,16,204.21376500000002,156.438226,133.58344,2800.0,6600.0,4200.0
2,6,17,64.926196,49.75709,42.470519,2800.0,6600.0,4200.0
2,6,18,0.0,0.0,0.0,2800.0,6600.0,4200.0
2,6,19,0.0,0.0,0.0,2800.0,6600.0,4200.0
2,6,20,0.0,0.0,0.0,2800.0,6600.0,4200.0
2,6,21,0.0,0.0,0.0,2800.0,6600.0,4200.0
2,6,22,0.0,0.0,0.0,2800.0,6600.0,4200.0
2,6,23,0.0,0.0,0.0,2800.0,6600.0,4200.0
2,7,0,0.0,0.0,0.0,2800.0,6600.0,4200.0
2,7,1,0.0,0.0,0.0,2800.0,6600.0,4200.0
2,7,2,0.0,0.0,0.0,2800.0,6600.0,4200.0
2,7,3,0.0,0.0,0.0,2800.0,6600.0,4200.0
2,7,4,0.0,0.0,0.0,2800.0,6600.0,4200.0
2,7,5,0.0,0.0,0.0,2800.0,6600.0,4200.0
2,7,6,0.0,0.0,0.0,2800.0,6600.0,4200.0
2,7,7,22.580346000000002,17.336136999999997,14.770602,2800.0,6600.0,4200.0
2,7,8,201.25101199999997,154.12199299999997,131.645399,2800.0,6600.0,4200.0
2,7,9,263.77347100000003,202.22327299999998,172.543549,2800.0,6600.0,4200.0
2,7,10,469.09603100000004,361.08563699999996,306.85229100000004,2800.0,6600.0,4200.0
2,7,11,534.898636,412.415797,349.8961,2800.0,6600.0,4200.0
2,7,12,554.166667,425.0,362.5,2800.0,6600.0,4200.0
2,7,13,540.653291,416.936297,353.660424,2800.0,6600.0,4200.0
2,7,14,482.70876,371.711277,315.756858,2800.0,6600.0,4200.0
2,7,15,386.414996,296.865747,252.767704,2800.0,6600.0,4200.0
2,7,16,248.779011,190.666876,162.735142,2800.0,6600.0,4200.0
2,7,17,66.90239,51.250586000000006,43.763217,2800.0,4721.09628485135,4200.0
2,7,18,0.0,0.0,0.0,402.3068740231014,491.0044525478796,475.1655992398835
2,7,19,0.0,0.0,0.0,257.74098596133337,314.56577026776904,304.4184873559055
2,7,20,0.0,0.0,0.0,2800.0,6600.0,4200.0
2,7,21,0.0,0.0,0.0,2800.0,6600.0,4200.0
2,7,22,0.0,0.0,0.0,2800.0,6600.0,4200.0
2,7,23,0.0,0.0,0.0,2800.0,6600.0,4200.0
2,8,0,0.0,0.0,0.0,2800.0,6600.0,4200.0
2,8,1,0.0,0.0,0.0,2800.0,6600.0,4200.0
2,8,2,0.0,0.0,0.0,2800.0,6600.0,4200.0
2,8,3,0.0,0.0,0.0,2800.0,6600.0,4200.0
2,8,4,0.0,0.0,0.0,2800.0,6600.0,4200.0
2,8,5,0.0,0.0,0.0,2800.0,6600.0,4200.0
2,8,6,0.0,0.0,0.0,2800.0,6600.0,4200.0
2,8,7,15.252271,11.719995999999998,9.977049999999998,2800.0,6600.0,4200.0
2,8,8,178.652513,136.855059,116.86292200000001,2800.0,6600.0,4200.0
2,8,9,328.910483,252.767603,215.15197,2800.0,6600.0,4200.0
2,8,10,437.84118800000005,337.626719,286.40739399999995,2800.0,6600.0,4200.0
2,8,11,501.768393,387.840915,328.22443699999997,2800.0,6600.0,4200.0
2,8,12,525.3679229999999,406.47299699999996,343.661724,2800.0,6600.0,4200.0
2,8,13,510.583088,394.869241,333.990441,2800.0,6600.0,4200.0
2,8,14,457.252248,352.963978,299.104854,2800.0,6600.0,4200.0
2,8,15,362.100385,278.760211,236.86265799999998,2800.0,6600.0,4200.0
2,8,16,230.262867,176.77540900000002,150.623079,2800.0,6600.0,4200.0
2,8,17,74.64564200000001,57.241781,48.828352,2800.0,6600.0,4200.0
2,8,18,0.0,0.0,0.0,2800.0,6600.0,4200.0
2,8,19,0.0,0.0,0.0,2800.0,6600.0,4200.0
2,8,20,0.0,0.0,0.0,2800.0,6600.0,4200.0
2,8,21,0.0,0.0,0.0,2800.0,6600.0,4200.0
2,8,22,0.0,0.0,0.0,2800.0,6600.0,4200.0
2,8,23,0.0,0.0,0.0,2800.0,6600.0,4200.0
2,9,0,0.0,0.0,0.0,2800.0,6600.0,4200.0
2,9,1,0.0,0.0,0.0,2800.0,6600.0,4200.0
2,9,2,0.0,0.0,0.0,2800.0,6600.0,4200.0
2,9,3,0.0,0.0,0.0,2800.0,6600.0,4200.0
2,9,4,0.0,0.0,0.0,2800.0,6600.0,4200.0
2,9,5,0.0,0.0,0.0,2800.0,6600.0,4200.0
2,9,6,0.0,0.0,0.0,2800.0,6600.0,4200.0
2,9,7,2.362099,1.839989,1.545133,2800.0,6600.0,4200.0
2,9,8,117.641825,90.24494,76.953675,2800.0,6600.0,4200.0
2,9,9,46.779697999999996,35.94646,30.600254,2800.0,6600.0,4200.0
2,9,10,170.01174600000002,130.699391,111.21069100000001,2800.0,6600.0,4200.0
2,9,11,172.02384899999998,132.291383,112.526878,2800.0,6600.0,4200.0
2,9,12,303.674641,234.510622,198.644314,2800.0,6600.0,4200.0
2,9,13,296.654017,228.950613,194.051876,2800.0,6600.0,4200.0
2,9,14,99.069582,76.174126,64.804915,2800.0,6600.0,4200.0
2,9,15,94.786841,72.888816,62.003422,2800.0,6600.0,4200.0
2,9,16,52.507372000000004,40.394426,34.346928,2800.0,6600.0,4200.0
2,9,17,-0.0,0.005664,-0.0,2800.0,6600.0,4200.0
2,9,18,0.0,0.0,0.0,2800.0,6600.0,4200.0
2,9,19,0.0,0.0,0.0,2800.0,6600.0,4200.0
2,9,20,0.0,0.0,0.0,2800.0,6600.0,4200.0
2,9,21,0.0,0.0,0.0,2800.0,6600.0,4200.0
2,9,22,0.0,0.0,0.0,2800.0,6600.0,4200.0
2,9,23,0.0,0.0,0.0,2800.0,6600.0,4200.0
2,10,0,0.0,0.0,0.0,2800.0,6600.0,4200.0
2,10,1,0.0,0.0,0.0,2800.0,6600.0,4200.0
2,10,2,0.0,0.0,0.0,2800.0,6600.0,4200.0
2,10,3,0.0,0.0,0.0,2800.0,6600.0,4200.0
2,10,4,0.0,0.0,0.0,2800.0,6600.0,4200.0
2,10,5,0.0,0.0,0.0,2800.0,6600.0,4200.0
2,10,6,0.0,0.0,0.0,2800.0,6600.0,4200.0
2,10,7,8.630175,6.65696,5.645303,2800.0,6600.0,4200.0
2,10,8,158.25037400000002,121.208305,103.517162,2800.0,6600.0,4200.0
2,10,9,314.48048700000004,241.323691,205.7128,2800.0,6600.0,4200.0
2,10,10,412.030971,316.718464,269.52401899999995,2800.0,6600.0,4200.0
2,10,11,493.00651899999997,379.538411,322.492986,2800.0,6600.0,4200.0
2,10,12,531.454927,409.382624,347.643448,2800.0,6600.0,4200.0
2,10,13,520.58273,400.814959,340.53156,2800.0,6600.0,4200.0
2,10,14,465.470039,357.911702,304.48040100000003,2800.0,6600.0,4200.0
2,10,15,371.231011,284.917352,242.83532300000002,2800.0,6600.0,4200.0
2,10,16,239.800335,183.68452100000002,156.861873,2800.0,6600.0,4200.0
2,10,17,80.954553,61.988514,52.955234,2800.0,6600.0,4200.0
2,10,18,0.0,0.0,0.0,2800.0,6600.0,4200.0
2,10,19,0.0,0.0,0.0,2800.0,6600.0,4200.0
2,10,20,0.0,0.0,0.0,2800.0,6600.0,4200.0
2,10,21,0.0,0.0,0.0,2800.0,6600.0,4200.0
2,10,22,0.0,0.0,0.0,2800.0,6600.0,4200.0
2,10,23,0.0,0.0,0.0,2800.0,6600.0,4200.0
2,11,0,0.0,0.0,0.0,2800.0,6600.0,4200.0
2,11,1,0.0,0.0,0.0,2800.0,6600.0,4200.0
2,11,2,0.0,0.0,0.0,2800.0,6600.0,4200.0
2,11,3,0.0,0.0,0.0,2800.0,6600.0,4200.0
2,11,4,0.0,0.0,0.0,2800.0,6600.0,4200.0
2,11,5,0.0,0.0,0.0,2800.0,6600.0,4200.0
2,11,6,0.0,0.0,0.0,2800.0,6600.0,4200.0
2,11,7,5.701814000000001,4.405093,3.729758,2800.0,6600.0,4200.0
2,11,8,121.906347,93.549055,79.74325,2800.0,6600.0,4200.0
2,11,9,230.367585,177.372433,150.69157800000002,2800.0,6600.0,4200.0
2,11,10,301.30687800000004,232.612826,197.095476,2800.0,6600.0,4200.0
2,11,11,354.54727,274.225636,231.921899,2800.0,6600.0,4200.0
2,11,12,461.86811700000004,358.44385600000004,302.124257,2800.0,6600.0,4200.0
2,11,13,443.363527,343.519997,290.019751,2800.0,6600.0,4200.0
2,11,14,392.808471,303.593678,256.949902,2800.0,6600.0,4200.0
2,11,15,278.04930099999996,214.18755900000002,181.881874,2800.0,6600.0,4200.0
2,11,16,187.13402,143.866295,122.41097500000001,2800.0,6600.0,4200.0
2,11,17,-0.0,0.018082,-0.0,2800.0,6600.0,4200.0
2,11,18,0.0,0.0,0.0,2800.0,6600.0,4200.0
2,11,19,0.0,0.0,0.0,2800.0,6600.0,4200.0
2,11,20,0.0,0.0,0.0,2800.0,6600.0,4200.0
2,11,21,0.0,0.0,0.0,2800.0,6600.0,4200.0
2,11,22,0.0,0.0,0.0,2800.0,4495.12565696385,4200.0
2,11,23,0.0,0.0,0.0,2020.963642713616,2466.530430083547,2386.964932338916
2,12,0,0.0,0.0,0.0,1193.2453053765432,1456.323010498931,1409.344848869933
2,12,1,0.0,0.0,0.0,1786.5196926460033,2180.398050079768,2110.0626291094527
2,12,2,0.0,0.0,0.0,2800.0,5114.326798854228,4200.0
2,12,3,0.0,0.0,0.0,2800.0,6600.0,4200.0
2,12,4,0.0,0.0,0.0,2800.0,6600.0,4200.0
2,12,5,0.0,0.0,0.0,2800.0,6600.0,4200.0
2,12,6,0.0,0.0,0.0,2800.0,6600.0,4200.0
2,12,7,2.415553,1.882386,1.580099,2800.0,6600.0,4200.0
2,12,8,132.23975399999998,101.29696000000001,86.502696,2800.0,6600.0,4200.0
2,12,9,239.013131,183.215575,156.346935,2800.0,6600.0,4200.0
2,12,10,418.528515,321.63151899999997,273.774292,2800.0,3860.699345383164,3736.160656822416
2,12,11,509.05402899999996,391.760416,332.99023,769.610460224766,939.288356967234,908.9887325489362
2,12,12,554.166667,425.0,362.5,2800.0,5444.184846176627,4200.0
2,12,13,545.2588000000001,419.711112,356.67305,2800.0,6600.0,4200.0
2,12,14,493.251349,379.202288,322.65313799999996,2800.0,6600.0,4200.0
2,12,15,394.77333500000003,302.91351199999997,258.235189,2800.0,6600.0,4200.0
2,12,16,255.432548,195.604097,167.087456,2800.0,6600.0,4200.0
2,12,17,88.207971,67.52258400000001,57.699951,2800.0,6600.0,4200.0
2,12,18,0.0,0.0,0.0,2800.0,6600.0,4200.0
2,12,19,0.0,0.0,0.0,2800.0,6600.0,4200.0
2,12,20,0.0,0.0,0.0,2800.0,6600.0,4200.0
2,12,21,0.0,0.0,0.0,2800.0,6600.0,4200.0
2,12,22,0.0,0.0,0.0,2800.0,6600.0,4200.0
2,12,23,0.0,0.0,0.0,2800.0,6600.0,4200.0
2,13,0,0.0,0.0,0.0,2800.0,6600.0,4200.0
2,13,1,0.0,0.0,0.0,2800.0,6600.0,4200.0
2,13,2,0.0,0.0,0.0,2800.0,6600.0,4200.0
2,13,3,0.0,0.0,0.0,2800.0,6600.0,4200.0
2,13,4,0.0,0.0,0.0,2800.0,6600.0,4200.0
2,13,5,0.0,0.0,0.0,2800.0,6600.0,4200.0
2,13,6,0.0,0.0,0.0,2800.0,6600.0,4200.0
2,13,7,27.885769,21.389986,18.241066999999997,2800.0,6600.0,4200.0
2,13,8,203.04286499999998,155.390817,132.81751300000002,2800.0,6600.0,4200.0
2,13,9,356.231846,273.202923,233.023839,2800.0,6600.0,4200.0
2,13,10,469.459896,360.86127700000003,307.090308,2800.0,6600.0,4200.0
2,13,11,536.8839449999999,413.34786599999995,351.19476099999997,2800.0,6600.0,4200.0
2,13,12,554.166667,425.0,362.5,2800.0,6600.0,4200.0
2,13,13,550.795632,424.209356,360.29488699999996,2800.0,6600.0,4200.0
2,13,14,495.268799,380.957264,323.97282299999995,2800.0,6600.0,4200.0
2,13,15,395.536902,303.610032,258.734665,2800.0,6600.0,4200.0
2,13,16,258.066398,197.659044,168.810351,2800.0,6600.0,4200.0
2,13,17,90.224445,69.052463,59.018997999999996,2800.0,6600.0,4200.0
2,13,18,0.0,0.0,0.0,2800.0,6600.0,4200.0
2,13,19,0.0,0.0,0.0,2800.0,6600.0,4200.0
2,13,20,0.0,0.0,0.0,2800.0,6600.0,4200.0
2,13,21,0.0,0.0,0.0,2800.0,6600.0,4200.0
2,13,22,0.0,0.0,0.0,2800.0,6600.0,4200.0
2,13,23,0.0,0.0,0.0,2800.0,6600.0,4200.0
2,14,0,0.0,0.0,0.0,2800.0,6600.0,4200.0
2,14,1,0.0,0.0,0.0,2800.0,6600.0,4200.0
2,14,2,0.0,0.0,0.0,2800.0,6600.0,4200.0
2,14,3,0.0,0.0,0.0,2800.0,6600.0,4200.0
2,14,4,0.0,0.0,0.0,2800.0,6600.0,4200.0
2,14,5,0.0,0.0,0.0,2800.0,6600.0,4200.0
2,14,6,0.0,0.0,0.0,2800.0,6600.0,4200.0
2,14,7,17.354035,13.32542,11.351888,2800.0,6600.0,4200.0
2,14,8,185.283958,141.8172,121.20078500000001,2800.0,6600.0,4200.0
2,14,9,343.806031,263.82469699999996,224.89567399999999,2800.0,6600.0,4200.0
2,14,10,458.049321,352.408298,299.626247,2800.0,6600.0,4200.0
2,14,11,529.87588,408.38382299999995,346.610538,2800.0,6600.0,4200.0
2,14,12,554.166667,425.0,362.5,2800.0,6600.0,4200.0
2,14,13,545.2337140000001,420.157274,356.65664000000004,2800.0,6600.0,4200.0
2,14,14,489.448031,376.60667,320.165253,2800.0,6600.0,4200.0
2,14,15,391.606968,300.63531,256.163957,2275.070137118247,2776.660403569514,2687.090713131788
2,14,16,255.037842,195.34581500000002,166.82926500000002,2364.2786071344885,2885.536882723194,2792.4550477966395
2,14,17,88.144993,67.465394,57.658755,2800.0,6600.0,4200.0
2,14,18,0.0,0.0,0.0,2800.0,6600.0,4200.0
2,14,19,0.0,0.0,0.0,2800.0,6600.0,4200.0
2,14,20,0.0,0.0,0.0,2800.0,6600.0,4200.0
2,14,21,0.0,0.0,0.0,2800.0,6600.0,4200.0
2,14,22,0.0,0.0,0.0,2800.0,6600.0,4200.0
2,14,23,0.0,0.0,0.0,2800.0,6600.0,4200.0
2,15,0,0.0,0.0,0.0,2800.0,6600.0,4200.0
2,15,1,0.0,0.0,0.0,2800.0,6600.0,4200.0
2,15,2,0.0,0.0,0.0,2800.0,6600.0,4200.0
2,15,3,0.0,0.0,0.0,2800.0,6600.0,4200.0
2,15,4,0.0,0.0,0.0,2800.0,6600.0,4200.0
2,15,5,0.0,0.0,0.0,2800.0,6600.0,4200.0
2,15,6,0.0,0.0,0.0,2800.0,6600.0,4200.0
2,15,7,22.604819,17.346533,14.786611,2800.0,6600.0,4200.0
2,15,8,189.543682,145.117182,123.987221,2800.0,6600.0,4200.0
2,15,9,344.813916,264.628178,225.554967,2800.0,6600.0,4200.0
2,15,10,466.70331400000003,359.139538,305.28713,2800.0,6600.0,4200.0
2,15,11,534.40004,411.80354800000003,349.569951,2800.0,6600.0,4200.0
2,15,12,554.166667,425.0,362.5,2800.0,6600.0,4200.0
2,15,13,550.159707,423.748105,359.87890600000003,2800.0,6600.0,4200.0
2,15,14,486.876102,374.417777,318.482864,2800.0,6600.0,4200.0
2,15,15,384.726252,295.26542800000004,251.663037,2800.0,6600.0,4200.0
2,15,16,247.00057999999999,189.177302,161.57180799999998,2800.0,6600.0,4200.0
2,15,17,86.54822999999999,66.253768,56.614255,2800.0,5965.099051003621,4200.0
2,15,18,0.0,0.0,0.0,2549.630956168769,3111.754316583931,3011.3751450812238
2,15,19,0.0,0.0,0.0,268.18869820056244,327.31691512667066,316.7583049612942
2,15,20,0.0,0.0,0.0,33.523587275070305,40.91461439083383,39.59478812016177
2,15,21,0.0,0.0,0.0,1786.5196926460033,2180.398050079768,2110.0626291094527
2,15,22,0.0,0.0,0.0,2800.0,6600.0,4200.0
2,15,23,0.0,0.0,0.0,2800.0,6600.0,4200.0
2,16,0,0.0,0.0,0.0,2800.0,6600.0,4200.0
2,16,1,0.0,0.0,0.0,2800.0,6600.0,4200.0
2,16,2,0.0,0.0,0.0,2800.0,6600.0,4200.0
2,16,3,0.0,0.0,0.0,2800.0,6600.0,4200.0
2,16,4,0.0,0.0,0.0,2800.0,6600.0,4200.0
2,16,5,0.0,0.0,0.0,2800.0,6600.0,4200.0
2,16,6,0.0,0.0,0.0,2800.0,6600.0,4200.0
2,16,7,25.786275,19.779564999999998,16.867714,2800.0,6600.0,4200.0
2,16,8,192.69507000000002,147.59199600000002,126.048655,2800.0,6600.0,4200.0
2,16,9,342.568274,263.131761,224.086014,2800.0,6600.0,4200.0
2,16,10,442.333077,340.62612800000005,289.345697,2800.0,6600.0,4200.0
2,16,11,508.028868,391.897988,332.319635,2800.0,6600.0,4200.0
2,16,12,533.168574,411.521581,348.764405,2800.0,6600.0,4200.0
2,16,13,509.92436599999996,393.311303,333.559548,2800.0,6600.0,4200.0
2,16,14,453.386818,349.221195,296.57634,2800.0,6600.0,4200.0
2,16,15,359.024946,276.005667,234.850904,2800.0,6600.0,4200.0
2,16,16,225.162526,172.717196,147.286765,2800.0,6600.0,4200.0
2,16,17,79.674744,61.065452,52.118066,2800.0,6600.0,4200.0
2,16,18,0.0,0.0,0.0,2800.0,6600.0,4200.0
2,16,19,0.0,0.0,0.0,2800.0,6600.0,4200.0
2,16,20,0.0,0.0,0.0,2800.0,6600.0,4200.0
2,16,21,0.0,0.0,0.0,2800.0,6600.0,4200.0
2,16,22,0.0,0.0,0.0,2800.0,6600.0,4200.0
2,16,23,0.0,0.0,0.0,2800.0,6600.0,4200.0
2,17,0,0.0,0.0,0.0,2800.0,6600.0,4200.0
2,17,1,0.0,0.0,0.0,2800.0,6600.0,4200.0
2,17,2,0.0,0.0,0.0,2800.0,6600.0,4200.0
2,17,3,0.0,0.0,0.0,2800.0,6600.0,4200.0
2,17,4,0.0,0.0,0.0,2800.0,6600.0,4200.0
2,17,5,0.0,0.0,0.0,2800.0,6600.0,4200.0
2,17,6,0.0,0.0,0.0,2800.0,6600.0,4200.0
2,17,7,6.067845,4.684949,3.969192,2800.0,6600.0,4200.0
2,17,8,131.317467,100.595303,85.899395,2800.0,6600.0,4200.0
2,17,9,269.50305699999996,206.978728,176.291473,2800.0,6600.0,4200.0
2,17,10,406.950946,313.68465399999997,266.200995,2800.0,6600.0,4200.0
2,17,11,472.68144900000004,365.267783,309.19763900000004,2800.0,6600.0,4200.0
2,17,12,445.176344,343.91584,291.205579,2800.0,6600.0,4200.0
2,17,13,481.330298,372.269651,314.855157,2800.0,6600.0,4200.0
2,17,14,427.423226,330.16751400000004,279.59263699999997,2800.0,6600.0,4200.0
2,17,15,270.777105,208.514138,177.12487299999998,2800.0,6600.0,4200.0
2,17,16,205.32314300000002,157.96396900000002,134.309123,2800.0,6600.0,4200.0
2,17,17,0.466096,0.387767,0.30489,2800.0,6600.0,4200.0
2,17,18,0.0,0.0,0.0,2800.0,6600.0,4200.0
2,17,19,0.0,0.0,0.0,2800.0,6600.0,4200.0
2,17,20,0.0,0.0,0.0,2800.0,6600.0,4200.0
2,17,21,0.0,0.0,0.0,2800.0,6600.0,4200.0
2,17,22,0.0,0.0,0.0,2800.0,6600.0,4200.0
2,17,23,0.0,0.0,0.0,2800.0,6600.0,4200.0
2,18,0,0.0,0.0,0.0,2800.0,6600.0,4200.0
2,18,1,0.0,0.0,0.0,2800.0,6600.0,4200.0
2,18,2,0.0,0.0,0.0,2800.0,6600.0,4200.0
2,18,3,0.0,0.0,0.0,2800.0,6600.0,4200.0
2,18,4,0.0,0.0,0.0,2800.0,6600.0,4200.0
2,18,5,0.0,0.0,0.0,2800.0,6600.0,4200.0
2,18,6,0.0,0.0,0.0,2800.0,6600.0,4200.0
2,18,7,15.978412,12.294789000000002,10.452043999999999,2800.0,6600.0,4200.0
2,18,8,170.418204,130.66650199999998,111.47657000000001,2800.0,6600.0,4200.0
2,18,9,323.345848,248.588225,211.511946,2800.0,6600.0,4200.0
2,18,10,437.062967,336.964901,285.898332,2800.0,6600.0,4200.0
2,18,11,508.114442,392.398362,332.37561200000005,2800.0,6600.0,4200.0
2,18,12,537.977799,415.583755,351.910289,2800.0,6600.0,4200.0
2,18,13,516.9429160000001,398.958369,338.15062900000004,2800.0,6600.0,4200.0
2,18,14,462.106386,356.04919900000004,302.280117,2800.0,6600.0,4200.0
2,18,15,368.73970299999996,283.466546,241.205671,2800.0,6600.0,4200.0
2,18,16,238.77832500000002,183.116193,156.19334,2800.0,6600.0,4200.0
2,18,17,85.733041,65.70190799999999,56.081012,2800.0,6600.0,4200.0
2,18,18,0.0,0.0,0.0,2800.0,6600.0,4200.0
2,18,19,0.0,0.0,0.0,2800.0,6600.0,4200.0
2,18,20,0.0,0.0,0.0,2800.0,6600.0,4200.0
2,18,21,0.0,0.0,0.0,2800.0,6600.0,4200.0
2,18,22,0.0,0.0,0.0,2800.0,6600.0,4200.0
2,18,23,0.0,0.0,0.0,2800.0,6600.0,4200.0
2,19,0,0.0,0.0,0.0,2800.0,6600.0,4200.0
2,19,1,0.0,0.0,0.0,2800.0,6600.0,4200.0
2,19,2,0.0,0.0,0.0,2800.0,6600.0,4200.0
2,19,3,0.0,0.0,0.0,2800.0,6600.0,4200.0
2,19,4,0.0,0.0,0.0,2800.0,6600.0,4200.0
2,19,5,0.0,0.0,0.0,2800.0,6600.0,4200.0
2,19,6,0.0,0.0,0.0,2800.0,6600.0,4200.0
2,19,7,30.734891,23.579823,20.104778,2800.0,6600.0,4200.0
2,19,8,147.93206400000003,113.2746,96.767591,2800.0,6600.0,4200.0
2,19,9,354.40961599999997,272.096379,231.831854,2800.0,6600.0,4200.0
2,19,10,459.796797,353.90228499999995,300.76933299999996,2800.0,6600.0,4200.0
2,19,11,528.413949,407.456337,345.654238,2800.0,6600.0,4200.0
2,19,12,552.934518,425.0,361.694008,2800.0,6600.0,4200.0
2,19,13,537.038366,414.327632,351.295773,2800.0,6600.0,4200.0
2,19,14,482.95072999999996,372.142744,315.915139,2800.0,6600.0,4200.0
2,19,15,388.42232299999995,298.68140999999997,254.080768,2800.0,6600.0,4200.0
2,19,16,254.85776199999998,195.50525,166.711468,2800.0,6600.0,4200.0
2,19,17,92.368704,70.78076399999999,60.421634,2800.0,6600.0,4200.0
2,19,18,0.0,0.0,0.0,2800.0,6600.0,4200.0
2,19,19,0.0,0.0,0.0,2800.0,6600.0,4200.0
2,19,20,0.0,0.0,0.0,2800.0,6600.0,4200.0
2,19,21,0.0,0.0,0.0,2800.0,6600.0,4200.0
2,19,22,0.0,0.0,0.0,2800.0,6600.0,4200.0
2,19,23,0.0,0.0,0.0,2800.0,6600.0,4200.0
2,20,0,0.0,0.0,0.0,2800.0,6600.0,4200.0
2,20,1,0.0,0.0,0.0,2800.0,6600.0,4200.0
2,20,2,0.0,0.0,0.0,2800.0,6600.0,4200.0
2,20,3,0.0,0.0,0.0,2800.0,6600.0,4200.0
2,20,4,0.0,0.0,0.0,2800.0,6600.0,4200.0
2,20,5,0.0,0.0,0.0,2800.0,6600.0,4200.0
2,20,6,0.0,0.0,0.0,2800.0,6600.0,4200.0
2,20,7,37.378324,28.637598,24.450483,2800.0,6600.0,4200.0
2,20,8,212.069711,162.53941500000002,138.72229199999998,2800.0,6600.0,4200.0
2,20,9,357.506662,275.292324,233.857741,2800.0,6600.0,4200.0
2,20,10,451.028323,348.809876,295.033565,2800.0,6600.0,4200.0
2,20,11,504.938821,392.25853600000005,330.298327,2800.0,6600.0,4200.0
2,20,12,516.216289,402.504408,337.675317,2800.0,6600.0,4200.0
2,20,13,498.569077,388.352417,326.131652,2800.0,6600.0,4200.0
2,20,14,452.53901,351.06699599999996,296.02175900000003,2800.0,6600.0,4200.0
2,20,15,364.769722,281.810229,238.608766,2800.0,6600.0,4200.0
2,20,16,237.53913,182.78680300000002,155.38273900000002,2800.0,6600.0,4200.0
2,20,17,85.93577499999999,65.978427,56.213627,2800.0,6600.0,4200.0
2,20,18,0.0,0.0,0.0,2800.0,6600.0,4200.0
2,20,19,0.0,0.0,0.0,2800.0,6600.0,4200.0
2,20,20,0.0,0.0,0.0,2800.0,6600.0,4200.0
2,20,21,0.0,0.0,0.0,2800.0,6600.0,4200.0
2,20,22,0.0,0.0,0.0,2800.0,6600.0,4200.0
2,20,23,0.0,0.0,0.0,2800.0,6600.0,4200.0
2,21,0,0.0,0.0,0.0,2800.0,6600.0,4200.0
2,21,1,0.0,0.0,0.0,2800.0,6600.0,4200.0
2,21,2,0.0,0.0,0.0,2800.0,6600.0,4200.0
2,21,3,0.0,0.0,0.0,2800.0,6600.0,4200.0
2,21,4,0.0,0.0,0.0,2800.0,6600.0,4200.0
2,21,5,0.0,0.0,0.0,2800.0,6600.0,4200.0
2,21,6,0.0,0.0,0.0,2800.0,6600.0,4200.0
2,21,7,21.324114,16.372435,13.948856,2800.0,6600.0,4200.0
2,21,8,171.37640100000002,131.21017999999998,112.10336,2800.0,6600.0,4200.0
2,21,9,313.25578,240.43878899999999,204.911676,2800.0,6600.0,4200.0
2,21,10,412.45455699999997,317.475957,269.801102,2800.0,6600.0,4200.0
2,21,11,468.612927,361.492114,306.536276,2800.0,6600.0,4200.0
2,21,12,485.185494,374.703148,317.376977,2800.0,6600.0,4200.0
2,21,13,475.348358,367.277343,310.942159,2800.0,6600.0,4200.0
2,21,14,392.772554,303.023521,256.926408,2800.0,6600.0,4200.0
2,21,15,194.199507,149.345487,127.03276,2800.0,6600.0,4200.0
2,21,16,186.296568,143.30372,121.863168,2800.0,6600.0,4200.0
2,21,17,3.324799,2.596819,2.174869,2800.0,6600.0,4200.0
2,21,18,0.0,0.0,0.0,2800.0,6600.0,4200.0
2,21,19,0.0,0.0,0.0,2800.0,6600.0,4200.0
2,21,20,0.0,0.0,0.0,2800.0,6600.0,4200.0
2,21,21,0.0,0.0,0.0,2800.0,6600.0,4200.0
2,21,22,0.0,0.0,0.0,2800.0,6600.0,4200.0
2,21,23,0.0,0.0,0.0,2800.0,6600.0,4200.0
2,22,0,0.0,0.0,0.0,2800.0,6600.0,4200.0
2,22,1,0.0,0.0,0.0,2800.0,6600.0,4200.0
2,22,2,0.0,0.0,0.0,2800.0,6600.0,4200.0
2,22,3,0.0,0.0,0.0,2800.0,6600.0,4200.0
2,22,4,0.0,0.0,0.0,2800.0,6600.0,4200.0
2,22,5,0.0,0.0,0.0,2800.0,6600.0,4200.0
2,22,6,0.0,0.0,0.0,2800.0,6600.0,4200.0
2,22,7,6.522337,5.038362,4.266491,2800.0,6600.0,4200.0
2,22,8,130.915502,100.306557,85.63645600000001,2800.0,6600.0,4200.0
2,22,9,265.229244,203.619213,173.495821,2800.0,6600.0,4200.0
2,22,10,397.786953,306.427942,260.206503,2800.0,6600.0,4200.0
2,22,11,466.330159,360.10816600000004,305.04303600000003,2800.0,6600.0,4200.0
2,22,12,494.42032900000004,382.18106300000005,323.41780900000003,2800.0,6600.0,4200.0
2,22,13,476.06789000000003,367.795655,311.41283000000004,2800.0,6600.0,4200.0
2,22,14,422.16042200000004,325.610241,276.15005099999996,2800.0,6600.0,4200.0
2,22,15,336.960915,259.323653,220.41804199999999,2800.0,6600.0,4200.0
2,22,16,219.27619099999998,168.368832,143.436306,2800.0,6600.0,4200.0
2,22,17,81.97744100000001,62.890971,53.624341,2800.0,6600.0,4200.0
2,22,18,0.0,0.0,0.0,2800.0,6600.0,4200.0
2,22,19,0.0,0.0,0.0,2800.0,6600.0,4200.0
2,22,20,0.0,0.0,0.0,2800.0,6600.0,4200.0
2,22,21,0.0,0.0,0.0,2800.0,6600.0,4200.0
2,22,22,0.0,0.0,0.0,2800.0,6600.0,4200.0
2,22,23,0.0,0.0,0.0,2800.0,6600.0,4200.0
2,23,0,0.0,0.0,0.0,2800.0,6600.0,4200.0
2,23,1,0.0,0.0,0.0,2800.0,6600.0,4200.0
2,23,2,0.0,0.0,0.0,2800.0,6600.0,4200.0
2,23,3,0.0,0.0,0.0,2800.0,6600.0,4200.0
2,23,4,0.0,0.0,0.0,2800.0,6600.0,4200.0
2,23,5,0.0,0.0,0.0,2800.0,6600.0,4200.0
2,23,6,0.0,0.0,0.0,2800.0,6600.0,4200.0
2,23,7,27.66421,21.23453,18.096138,2800.0,6600.0,4200.0
2,23,8,189.67713899999998,145.51902299999998,124.074519,2800.0,6600.0,4200.0
2,23,9,330.25753100000003,254.510865,216.033122,2800.0,6600.0,4200.0
2,23,10,428.641366,331.865794,280.38946500000003,2800.0,6600.0,4200.0
2,23,11,488.995689,380.01691,319.86936099999997,2800.0,6600.0,4200.0
2,23,12,517.342476,402.157569,338.411996,2800.0,6600.0,4200.0
2,23,13,509.93617700000004,395.88875,333.567273,2800.0,6600.0,4200.0
2,23,14,461.140366,356.94294,301.64820899999995,2800.0,6600.0,4200.0
2,23,15,370.737604,285.975732,242.512568,2800.0,6600.0,4200.0
2,23,16,241.356646,185.574161,157.879911,2800.0,6600.0,4200.0
2,23,17,88.84508,68.182305,58.116707000000005,2800.0,6600.0,4200.0
2,23,18,0.0,0.0,0.0,2800.0,6600.0,4200.0
2,23,19,0.0,0.0,0.0,2800.0,6600.0,4200.0
2,23,20,0.0,0.0,0.0,2800.0,6145.847517348083,4200.0
2,23,21,0.0,0.0,0.0,2020.963642713616,2466.530430083547,2386.964932338916
2,23,22,0.0,0.0,0.0,324.6794129073232,396.2622755955519,383.4796215440825
2,23,23,0.0,0.0,0.0,81.04201369779398,98.90954427683516,95.7189138162921
2,24,0,0.0,0.0,0.0,2502.4167786610287,3054.130714113854,2955.610368497278
2,24,1,0.0,0.0,0.0,2800.0,6600.0,4200.0
2,24,2,0.0,0.0,0.0,2800.0,6600.0,4200.0
2,24,3,0.0,0.0,0.0,2800.0,6600.0,4200.0
2,24,4,0.0,0.0,0.0,2800.0,6600.0,4200.0
2,24,5,0.0,0.0,0.0,2800.0,6600.0,4200.0
2,24,6,0.0,0.0,0.0,2800.0,6600.0,4200.0
2,24,7,15.236362,11.712221,9.966643,2800.0,6600.0,4200.0
2,24,8,169.789899,130.198219,111.065573,2800.0,6600.0,4200.0
2,24,9,308.886464,238.12571,202.053552,2800.0,6600.0,4200.0
2,24,10,396.28502299999997,307.652555,259.224038,2800.0,6600.0,4200.0
2,24,11,456.539711,355.275452,298.638758,2800.0,6600.0,4200.0
2,24,12,490.912098,381.256321,321.122952,2800.0,6600.0,4200.0
2,24,13,481.954903,373.472151,315.263734,2800.0,6600.0,4200.0
2,24,14,430.481138,332.668727,281.592925,2800.0,6600.0,4200.0
2,24,15,337.389888,259.96331599999996,220.69864900000002,2800.0,6600.0,4200.0
2,24,16,217.00753899999998,166.746746,141.95229999999998,2800.0,6600.0,4200.0
2,24,17,80.21597299999999,61.554657,52.472103000000004,1373.4523042863404,1676.2606863337226,1622.1877609681185
2,24,18,0.0,0.0,0.0,218.66271769222345,266.87182080546955,258.26305239238985
2,24,19,0.0,0.0,0.0,707.2412654778989,863.1684736147585,835.3243293046049
2,24,20,0.0,0.0,0.0,2800.0,6600.0,4200.0
2,24,21,0.0,0.0,0.0,2800.0,6600.0,4200.0
2,24,22,0.0,0.0,0.0,2800.0,6600.0,4200.0
2,24,23,0.0,0.0,0.0,2800.0,6600.0,4200.0
2,25,0,0.0,0.0,0.0,2800.0,6600.0,4200.0
2,25,1,0.0,0.0,0.0,2800.0,6600.0,4200.0
2,25,2,0.0,0.0,0.0,2800.0,6600.0,4200.0
2,25,3,0.0,0.0,0.0,2800.0,6600.0,4200.0
2,25,4,0.0,0.0,0.0,2800.0,6600.0,4200.0
2,25,5,0.0,0.0,0.0,2800.0,6600.0,4200.0
2,25,6,0.0,0.0,0.0,2800.0,6600.0,4200.0
2,25,7,20.351717,15.647746,13.312777,2800.0,6600.0,4200.0
2,25,8,166.800164,128.123045,109.109882,2800.0,6600.0,4200.0
2,25,9,305.026493,235.704207,199.52860800000002,2800.0,6600.0,4200.0
2,25,10,400.147086,310.319441,261.75034899999997,2800.0,6600.0,4200.0
2,25,11,466.97150400000004,362.73732,305.46256300000005,2800.0,6600.0,4200.0
2,25,12,495.916645,385.218736,324.39660200000003,2800.0,6600.0,4200.0
2,25,13,469.233695,363.770353,306.942342,2800.0,6600.0,4200.0
2,25,14,421.687297,326.085578,275.84056300000003,2800.0,6600.0,4200.0
2,25,15,331.76633899999996,255.83246100000002,217.02008600000002,2800.0,4644.951049827907,4200.0
2,25,16,210.094862,161.561085,137.430473,2800.0,4721.09628485135,4200.0
2,25,17,75.705811,58.151533,49.521846,2800.0,6600.0,4200.0
2,25,18,0.0,0.0,0.0,2800.0,6600.0,4200.0
2,25,19,0.0,0.0,0.0,2800.0,6600.0,4200.0
2,25,20,0.0,0.0,0.0,2800.0,6600.0,4200.0
2,25,21,0.0,0.0,0.0,2800.0,6600.0,4200.0
2,25,22,0.0,0.0,0.0,2800.0,6600.0,4200.0
2,25,23,0.0,0.0,0.0,2800.0,6600.0,4200.0
2,26,0,0.0,0.0,0.0,2800.0,6600.0,4200.0
2,26,1,0.0,0.0,0.0,2800.0,6600.0,4200.0
2,26,2,0.0,0.0,0.0,2800.0,6600.0,4200.0
2,26,3,0.0,0.0,0.0,2800.0,6600.0,4200.0
2,26,4,0.0,0.0,0.0,2800.0,6600.0,4200.0
2,26,5,0.0,0.0,0.0,2800.0,6600.0,4200.0
2,26,6,0.0,0.0,0.0,2800.0,6600.0,4200.0
2,26,7,13.83784,10.662884,9.05182,2800.0,6600.0,4200.0
2,26,8,149.596463,114.82883500000001,97.85633299999999,2800.0,6600.0,4200.0
2,26,9,282.174775,217.690071,184.580492,2800.0,6600.0,4200.0
2,26,10,388.371256,301.476121,254.04736300000002,2800.0,6600.0,4200.0
2,26,11,461.366475,357.80726400000003,301.796115,2800.0,6600.0,4200.0
2,26,12,493.793242,382.30744799999997,323.00761,2800.0,6600.0,4200.0
2,26,13,480.653163,371.555363,314.412219,2800.0,6600.0,4200.0
2,26,14,280.372987,215.87498399999998,183.401878,2800.0,6600.0,4200.0
2,26,15,33.630279,25.927332999999997,21.998754,1003.7965929387176,1225.1060779960724,1185.5865270929733
2,26,16,214.12955499999998,164.94102299999997,140.069709,2800.0,3599.0492231594667,3482.9508611220645
2,26,17,10.702644,8.286726,7.000978,2800.0,6600.0,4200.0
2,26,18,0.0,0.0,0.0,2800.0,6600.0,4200.0
2,26,19,0.0,0.0,0.0,2800.0,6600.0,4200.0
2,26,20,0.0,0.0,0.0,2800.0,6600.0,4200.0
2,26,21,0.0,0.0,0.0,2800.0,6600.0,4200.0
2,26,22,0.0,0.0,0.0,2800.0,6600.0,4200.0
2,26,23,0.0,0.0,0.0,2800.0,6600.0,4200.0
2,27,0,0.0,0.0,0.0,2800.0,6600.0,4200.0
2,27,1,0.0,0.0,0.0,2800.0,6600.0,4200.0
2,27,2,0.0,0.0,0.0,2800.0,6600.0,4200.0
2,27,3,0.0,0.0,0.0,2800.0,6600.0,4200.0
2,27,4,0.0,0.0,0.0,2800.0,6600.0,4200.0
2,27,5,0.0,0.0,0.0,2800.0,6600.0,4200.0
2,27,6,0.0,0.0,0.0,2800.0,6600.0,4200.0
2,27,7,17.244712,13.283301999999999,11.280376,2800.0,6600.0,4200.0
2,27,8,129.4982,99.35534299999999,84.709349,2800.0,6600.0,4200.0
2,27,9,232.124524,178.410889,151.84085399999998,2800.0,6600.0,4200.0
2,27,10,351.439071,270.957675,229.888716,2800.0,6600.0,4200.0
2,27,11,453.52782900000005,350.864123,296.66858,2800.0,6600.0,4200.0
2,27,12,475.772842,368.596358,311.219829,2800.0,6600.0,4200.0
2,27,13,445.594951,345.14305099999996,291.479404,2800.0,6600.0,4200.0
2,27,14,185.460261,142.938169,121.316111,2800.0,6600.0,4200.0
2,27,15,303.252146,234.208515,198.36794500000002,2800.0,6600.0,4200.0
2,27,16,6.712841,5.22958,4.391107,2800.0,6600.0,4200.0
2,27,17,9.092833,7.05896,5.947944000000001,2800.0,6600.0,4200.0
2,27,18,0.0,0.0,0.0,2800.0,6600.0,4200.0
2,27,19,0.0,0.0,0.0,2800.0,6600.0,4200.0
2,27,20,0.0,0.0,0.0,2800.0,6600.0,4200.0
2,27,21,0.0,0.0,0.0,2800.0,6600.0,4200.0
2,27,22,0.0,0.0,0.0,2800.0,6600.0,4200.0
2,27,23,0.0,0.0,0.0,2800.0,6600.0,4200.0
2,28,0,0.0,0.0,0.0,2800.0,6600.0,4200.0
2,28,1,0.0,0.0,0.0,2800.0,6600.0,4200.0
2,28,2,0.0,0.0,0.0,2800.0,6600.0,4200.0
2,28,3,0.0,0.0,0.0,2800.0,6600.0,4200.0
2,28,4,0.0,0.0,0.0,2800.0,6600.0,4200.0
2,28,5,0.0,0.0,0.0,2800.0,6600.0,4200.0
2,28,6,0.0,0.0,0.0,2800.0,6600.0,4200.0
2,28,7,8.472311,6.551797,5.542038,2800.0,6600.0,4200.0
2,28,8,121.82926499999999,93.484285,79.69282799999999,2800.0,6600.0,4200.0
2,28,9,250.9927,192.903563,164.183195,2800.0,6600.0,4200.0
2,28,10,352.060792,271.281489,230.295405,2800.0,6600.0,4200.0
2,28,11,420.925082,325.13437400000004,275.341971,2800.0,6600.0,4200.0
2,28,12,446.194508,345.16361700000004,291.871596,2800.0,6600.0,4200.0
2,28,13,456.671426,353.692767,298.724918,2800.0,6600.0,4200.0
2,28,14,398.046104,308.07544199999995,260.376023,2800.0,6600.0,4200.0
2,28,15,122.788696,94.60389599999999,80.320425,2800.0,6600.0,4200.0
2,28,16,87.58807,67.485713,57.294452,2800.0,6600.0,4200.0
2,28,17,66.090951,50.906518,43.232426,2800.0,6600.0,4200.0
2,28,18,0.0,0.0,0.0,2800.0,6600.0,4200.0
2,28,19,0.0,0.0,0.0,2800.0,6600.0,4200.0
2,28,20,0.0,0.0,0.0,2800.0,6600.0,4200.0
2,28,21,0.0,0.0,0.0,2800.0,5033.998538121269,4200.0
2,28,22,0.0,0.0,0.0,1503.1454301264964,1834.5475722016292,1775.3686182596414
2,28,23,0.0,0.0,0.0,402.3068740231014,491.0044525478796,475.1655992398835
3,1,0,0.0,0.0,0.0,237.66666698837332,290.0656171905344,280.7086617972913
3,1,1,0.0,0.0,0.0,1469.9890187508342,1794.0810858770024,1736.2075024616151
3,1,2,0.0,0.0,0.0,2794.6277004301824,3410.766091076207,3300.741378460845
3,1,3,0.0,0.0,0.0,2800.0,6330.21083371745,4200.0
3,1,4,0.0,0.0,0.0,2800.0,6600.0,4200.0
3,1,5,0.0,0.0,0.0,2800.0,6600.0,4200.0
3,1,6,0.0,0.0,0.0,2800.0,5033.998538121269,4200.0
3,1,7,53.415487,40.927121,34.940958,2188.134369840437,2670.5576954745493,2584.4106730398867
3,1,8,227.354886,174.424152,148.720865,2364.2786071344885,2885.536882723194,2792.4550477966395
3,1,9,367.28950699999996,283.09175300000004,240.257046,2800.0,5195.505086201954,4200.0
3,1,10,457.620487,354.073513,299.345732,2800.0,6600.0,4200.0
3,1,11,515.773293,400.046416,337.385538,2800.0,6600.0,4200.0
3,1,12,538.229782,417.97474800000003,352.07512099999997,2800.0,6600.0,4200.0
3,1,13,523.4864749999999,406.22506599999997,342.43100300000003,2800.0,6600.0,4200.0
3,1,14,473.760245,366.907648,309.903318,2800.0,6600.0,4200.0
3,1,15,384.411509,296.815335,251.457153,2800.0,6600.0,4200.0
3,1,16,253.901773,195.37102900000002,166.086122,2800.0,6600.0,4200.0
3,1,17,97.734679,75.02678200000001,63.931708,2800.0,6600.0,4200.0
3,1,18,0.0,0.0,0.0,2800.0,6600.0,4200.0
3,1,19,0.0,0.0,0.0,2800.0,6600.0,4200.0
3,1,20,0.0,0.0,0.0,2800.0,6600.0,4200.0
3,1,21,0.0,0.0,0.0,145.60448877556777,177.70626582844886,171.97380564043436
3,1,22,0.0,0.0,0.0,2800.0,6600.0,4200.0
3,1,23,0.0,0.0,0.0,2800.0,6600.0,4200.0
3,2,0,0.0,0.0,0.0,2800.0,6600.0,4200.0
3,2,1,0.0,0.0,0.0,2364.2786071344885,2885.536882723194,2792.4550477966395
3,2,2,0.0,0.0,0.0,592.796019999516,723.4912055112203,700.1527795269874
3,2,3,0.0,0.0,0.0,2800.0,3928.035620383037,3801.324793919068
3,2,4,0.0,0.0,0.0,2800.0,6600.0,4200.0
3,2,5,0.0,0.0,0.0,2800.0,6600.0,4200.0
3,2,6,0.0,0.0,0.0,2800.0,6600.0,4200.0
3,2,7,53.489468,41.007169000000005,34.989351,2800.0,6600.0,4200.0
3,2,8,225.693153,173.328007,147.633867,1980.545579523704,2417.201297843891,2339.227062429572
3,2,9,362.13539899999995,279.591788,236.885562,2800.0,6600.0,4200.0
3,2,10,459.316604,356.220098,300.455222,2800.0,5360.429636038867,4200.0
3,2,11,521.569376,405.29625300000004,341.17696,1164.8359102045422,1421.650126627591,1375.790445123475
3,2,12,547.771765,425.0,358.316869,2800.0,6600.0,4200.0
3,2,13,530.911008,412.055057,347.287652,2800.0,6600.0,4200.0
3,2,14,483.589997,374.265901,316.333306,2800.0,6600.0,4200.0
3,2,15,392.16045199999996,302.527631,256.52601,2800.0,6600.0,4200.0
3,2,16,257.462194,197.97305799999998,168.415119,2800.0,6600.0,4200.0
3,2,17,99.393353,76.289042,65.016705,2800.0,6237.575082367505,4200.0
3,2,18,0.0,0.0,0.0,2800.0,6600.0,4200.0
3,2,19,0.0,0.0,0.0,2800.0,6600.0,4200.0
3,2,20,0.0,0.0,0.0,1109.377075854021,1353.9641476958525,1310.287884866954
3,2,21,0.0,0.0,0.0,209.55296754900695,255.75362181178016,247.5035049791421
3,2,22,0.0,0.0,0.0,324.6794129073232,396.2622755955519,383.4796215440825
3,2,23,0.0,0.0,0.0,475.7328897807615,580.6188812284884,561.8892398985372
3,3,0,0.0,0.0,0.0,610.9415963527902,745.6373813754526,721.5845626214057
3,3,1,0.0,0.0,0.0,1749.3017415377876,2134.9745664437564,2066.104419139119
3,3,2,0.0,0.0,0.0,2800.0,5700.675903358588,4200.0
3,3,3,0.0,0.0,0.0,2800.0,6600.0,4200.0
3,3,4,0.0,0.0,0.0,2800.0,6600.0,4200.0
3,3,5,0.0,0.0,0.0,2800.0,6055.023664834879,4200.0
3,3,6,0.0,0.0,0.0,2188.134369840437,2670.5576954745493,2584.4106730398867
3,3,7,48.480959000000006,37.167553999999996,31.713109,648.3361095823518,791.2763542146813,765.7513105303368
3,3,8,215.928677,165.613832,141.246578,575.0133429544752,701.7879382515248,679.149617662766
3,3,9,359.411873,276.682458,235.10400700000002,402.3068740231014,491.0044525478796,475.1655992398835
3,3,10,463.798982,358.18142800000004,303.38730400000003,791.1870845831577,965.6220323652713,934.4729345470366
3,3,11,526.512373,407.489383,344.410349,2800.0,6600.0,4200.0
3,3,12,550.9253540000001,425.0,360.379743,2800.0,6600.0,4200.0
3,3,13,528.030416,408.50237699999997,345.403355,2800.0,6600.0,4200.0
3,3,14,473.009184,365.33883299999997,309.412023,2800.0,6600.0,4200.0
3,3,15,378.235758,291.46376000000004,247.417376,2800.0,6600.0,4200.0
3,3,16,236.94432999999998,182.092683,154.993659,2800.0,6600.0,4200.0
3,3,17,93.235086,71.55715,60.988364000000004,2800.0,6600.0,4200.0
3,3,18,0.0,0.0,0.0,2800.0,6600.0,4200.0
3,3,19,0.0,0.0,0.0,2800.0,6600.0,4200.0
3,3,20,0.0,0.0,0.0,2800.0,6600.0,4200.0
3,3,21,0.0,0.0,0.0,2800.0,6600.0,4200.0
3,3,22,0.0,0.0,0.0,2800.0,6600.0,4200.0
3,3,23,0.0,0.0,0.0,2800.0,6600.0,4200.0
3,4,0,0.0,0.0,0.0,2800.0,6600.0,4200.0
3,4,1,0.0,0.0,0.0,2800.0,6600.0,4200.0
3,4,2,0.0,0.0,0.0,2800.0,6600.0,4200.0
3,4,3,0.0,0.0,0.0,2800.0,6600.0,4200.0
3,4,4,0.0,0.0,0.0,2800.0,6600.0,4200.0
3,4,5,0.0,0.0,0.0,2800.0,6600.0,4200.0
3,4,6,0.0,0.0,0.0,2800.0,6600.0,4200.0
3,4,7,61.811502,47.379127999999994,40.433088000000005,2800.0,4205.209912886971,4069.5579802131983
3,4,8,240.412192,184.558772,157.262111,1570.9465066065366,1917.296917511915,1855.44862985024
3,4,9,380.886386,293.499634,249.151245,1055.7070784976213,1288.4613950167818,1246.8981242097886
3,4,10,479.777074,370.876402,313.83913900000005,2645.8334855800563,3229.1668524795964,3125.000179818964
3,4,11,541.124042,419.072852,353.968358,2800.0,6600.0,4200.0
3,4,12,554.166667,425.0,362.5,2800.0,6600.0,4200.0
3,4,13,550.34523,425.0,360.00026299999996,2800.0,6600.0,4200.0
3,4,14,494.492144,382.073539,323.464786,2800.0,6600.0,4200.0
3,4,15,399.307341,307.744228,261.201043,2800.0,6600.0,4200.0
3,4,16,259.975613,199.770745,170.05923499999997,2800.0,6600.0,4200.0
3,4,17,100.30948,76.95532899999999,65.615975,2800.0,6600.0,4200.0
3,4,18,0.0,0.0,0.0,2800.0,6600.0,4200.0
3,4,19,0.0,0.0,0.0,2800.0,6600.0,4200.0
3,4,20,0.0,0.0,0.0,2800.0,6600.0,4200.0
3,4,21,0.0,0.0,0.0,2800.0,6600.0,4200.0
3,4,22,0.0,0.0,0.0,2800.0,5876.06920203001,4200.0
3,4,23,0.0,0.0,0.0,1342.23868718708,1638.1653268818693,1585.3212840792282
3,5,0,0.0,0.0,0.0,192.09958802440056,234.45225310064637,226.88927719417387
3,5,1,0.0,0.0,0.0,131.96338481220266,161.05767437709773,155.86226552622358
3,5,2,0.0,0.0,0.0,460.3878697051685,561.8907071204812,543.7652004391754
3,5,3,0.0,0.0,0.0,1193.2453053765432,1456.323010498931,1409.344848869933
3,5,4,0.0,0.0,0.0,2502.4167786610287,3054.130714113854,2955.610368497278
3,5,5,0.0,0.0,0.0,2800.0,5700.675903358588,4200.0
3,5,6,0.0,0.0,0.0,2800.0,6600.0,4200.0
3,5,7,47.433158000000006,36.395945,31.027705,2800.0,6600.0,4200.0
3,5,8,206.421942,158.60581,135.027887,2800.0,6600.0,4200.0
3,5,9,339.692844,262.109449,222.205094,1786.5196926460033,2180.398050079768,2110.0626291094527
3,5,10,430.893377,333.257485,281.862585,1109.377075854021,1353.9641476958525,1310.287884866954
3,5,11,494.485796,383.075159,323.460633,2800.0,6600.0,4200.0
3,5,12,521.699239,404.33698599999997,341.261908,2800.0,6600.0,4200.0
3,5,13,513.8532640000001,398.066884,336.12957900000004,2800.0,6600.0,4200.0
3,5,14,459.24098200000003,355.144271,300.405755,2800.0,6600.0,4200.0
3,5,15,367.524152,283.519317,240.41053599999998,2800.0,6600.0,4200.0
3,5,16,239.82511300000002,184.51988500000002,156.878082,2800.0,6600.0,4200.0
3,5,17,94.946543,72.932955,62.107889,2800.0,6600.0,4200.0
3,5,18,0.0,0.0,0.0,2800.0,6600.0,4200.0
3,5,19,0.0,0.0,0.0,2800.0,6600.0,4200.0
3,5,20,0.0,0.0,0.0,2800.0,6600.0,4200.0
3,5,21,0.0,0.0,0.0,2800.0,6600.0,4200.0
3,5,22,0.0,0.0,0.0,2800.0,6600.0,4200.0
3,5,23,0.0,0.0,0.0,2800.0,6600.0,4200.0
3,6,0,0.0,0.0,0.0,2800.0,6600.0,4200.0
3,6,1,0.0,0.0,0.0,2800.0,6600.0,4200.0
3,6,2,0.0,0.0,0.0,2800.0,6600.0,4200.0
3,6,3,0.0,0.0,0.0,2800.0,6600.0,4200.0
3,6,4,0.0,0.0,0.0,2800.0,6600.0,4200.0
3,6,5,0.0,0.0,0.0,2800.0,6600.0,4200.0
3,6,6,0.0,0.0,0.0,2800.0,6600.0,4200.0
3,6,7,44.082508000000004,33.816968,28.835926,2800.0,6600.0,4200.0
3,6,8,206.332109,158.338751,134.96912400000002,2800.0,6600.0,4200.0
3,6,9,284.95155,219.213556,186.39687899999998,2800.0,6600.0,4200.0
3,6,10,451.078069,348.713915,295.066105,2800.0,6600.0,4200.0
3,6,11,516.30329,400.041163,337.732227,2800.0,6600.0,4200.0
3,6,12,541.8181679999999,420.149693,354.422411,2800.0,6600.0,4200.0
3,6,13,524.957728,406.710886,343.39340100000004,2800.0,6600.0,4200.0
3,6,14,473.41012,366.01378000000005,309.674289,2800.0,6600.0,4200.0
3,6,15,380.68859499999996,293.480843,249.02186300000002,2800.0,6600.0,4200.0
3,6,16,252.733805,194.273146,165.322113,2800.0,6600.0,4200.0
3,6,17,99.744853,76.55629300000001,65.246633,2800.0,6600.0,4200.0
3,6,18,0.0,0.0,0.0,2800.0,6600.0,4200.0
3,6,19,0.0,0.0,0.0,2800.0,6600.0,4200.0
3,6,20,0.0,0.0,0.0,2800.0,6600.0,4200.0
3,6,21,0.0,0.0,0.0,1570.9465066065366,1917.296917511915,1855.44862985024
3,6,22,0.0,0.0,0.0,648.3361095823518,791.2763542146813,765.7513105303368
3,6,23,0.0,0.0,0.0,1342.23868718708,1638.1653268818693,1585.3212840792282
3,7,0,0.0,0.0,0.0,2800.0,3728.344236364732,3608.075067449741
3,7,1,0.0,0.0,0.0,2800.0,6055.023664834879,4200.0
3,7,2,0.0,0.0,0.0,2800.0,6600.0,4200.0
3,7,3,0.0,0.0,0.0,2800.0,6600.0,4200.0
3,7,4,0.0,0.0,0.0,2800.0,6600.0,4200.0
3,7,5,0.0,0.0,0.0,2800.0,6600.0,4200.0
3,7,6,0.0,0.0,0.0,2800.0,6600.0,4200.0
3,7,7,45.954171,35.258146999999994,30.060247,2800.0,6600.0,4200.0
3,7,8,194.09856299999998,148.92659700000002,126.966729,2800.0,6600.0,4200.0
3,7,9,327.902429,252.27726199999998,214.49256599999998,2800.0,6600.0,4200.0
3,7,10,167.134108,128.33568499999998,109.328327,2800.0,5876.06920203001,4200.0
3,7,11,401.68926,309.923321,262.75914,2800.0,6600.0,4200.0
3,7,12,453.981919,350.758482,296.96561599999995,2800.0,6600.0,4200.0
3,7,13,398.868238,307.743981,260.91381,2800.0,6600.0,4200.0
3,7,14,318.61977399999995,245.37424600000003,208.420454,2800.0,6600.0,4200.0
3,7,15,14.845237,11.465817,9.710794,2800.0,6600.0,4200.0
3,7,16,7.956688,6.163556,5.204751,2800.0,6600.0,4200.0
3,7,17,96.688036,74.19842200000001,63.247061,2800.0,6600.0,4200.0
3,7,18,0.0,0.0,0.0,2800.0,6600.0,4200.0
3,7,19,0.0,0.0,0.0,2800.0,6600.0,4200.0
3,7,20,0.0,0.0,0.0,2800.0,6600.0,4200.0
3,7,21,0.0,0.0,0.0,2800.0,6423.759245222193,4200.0
3,7,22,0.0,0.0,0.0,2800.0,6600.0,4200.0
3,7,23,0.0,0.0,0.0,2800.0,6600.0,4200.0
3,8,0,0.0,0.0,0.0,2800.0,6600.0,4200.0
3,8,1,0.0,0.0,0.0,2800.0,6600.0,4200.0
3,8,2,0.0,0.0,0.0,2800.0,6600.0,4200.0
3,8,3,0.0,0.0,0.0,2800.0,6600.0,4200.0
3,8,4,0.0,0.0,0.0,2800.0,6600.0,4200.0
3,8,5,0.0,0.0,0.0,2800.0,6600.0,4200.0
3,8,6,0.0,0.0,0.0,2800.0,6600.0,4200.0
3,8,7,50.644901,38.872721,33.128620000000005,2800.0,6600.0,4200.0
3,8,8,210.29402,161.539714,137.56075,2800.0,6600.0,4200.0
3,8,9,350.718476,270.25512699999996,229.417349,2800.0,6600.0,4200.0
3,8,10,451.285879,348.812702,295.202041,2800.0,5195.505086201954,4200.0
3,8,11,515.204475,399.099443,337.01345299999997,1640.756359055384,2002.4979185321613,1937.9012114827367
3,8,12,541.9516850000001,420.12857299999996,354.509749,1373.4523042863404,1676.2606863337226,1622.1877609681185
3,8,13,530.321863,410.699897,346.902271,2800.0,5700.675903358588,4200.0
3,8,14,394.844534,304.554346,258.281763,2800.0,6600.0,4200.0
3,8,15,384.39355,296.27109,251.445405,2800.0,6600.0,4200.0
3,8,16,254.858516,195.956658,166.711962,2800.0,6600.0,4200.0
3,8,17,99.22359200000001,76.20195600000001,64.905658,2800.0,6600.0,4200.0
3,8,18,0.0,0.0,0.0,2800.0,6600.0,4200.0
3,8,19,0.0,0.0,0.0,2800.0,6600.0,4200.0
3,8,20,0.0,0.0,0.0,2800.0,6600.0,4200.0
3,8,21,0.0,0.0,0.0,2800.0,6600.0,4200.0
3,8,22,0.0,0.0,0.0,2800.0,6600.0,4200.0
3,8,23,0.0,0.0,0.0,2800.0,6600.0,4200.0
3,9,0,0.0,0.0,0.0,2800.0,6600.0,4200.0
3,9,1,0.0,0.0,0.0,2800.0,6600.0,4200.0
3,9,2,0.0,0.0,0.0,2800.0,6600.0,4200.0
3,9,3,0.0,0.0,0.0,2800.0,6600.0,4200.0
3,9,4,0.0,0.0,0.0,2800.0,6600.0,4200.0
3,9,5,0.0,0.0,0.0,2800.0,6600.0,4200.0
3,9,6,0.0,0.0,0.0,2800.0,6600.0,4200.0
3,9,7,56.456219,43.329963000000006,36.930008,2800.0,6600.0,4200.0
3,9,8,219.443644,168.69351,143.545842,2800.0,6600.0,4200.0
3,9,9,353.20928200000003,273.020968,231.046673,2800.0,6600.0,4200.0
3,9,10,445.10368,345.802679,291.15804599999996,2800.0,6600.0,4200.0
3,9,11,503.029006,391.955578,329.049049,2800.0,6600.0,4200.0
3,9,12,526.9628469999999,410.88322800000003,344.70502,2800.0,6600.0,4200.0
3,9,13,514.754163,400.745347,336.718888,2800.0,6600.0,4200.0
3,9,14,468.868983,363.933086,306.703771,2800.0,6600.0,4200.0
3,9,15,380.650847,294.36744699999997,248.99717,2800.0,6600.0,4200.0
3,9,16,257.474112,198.397131,168.42291500000002,1980.545579523704,2417.201297843891,2339.227062429572
3,9,17,101.23181100000001,77.826079,66.21930499999999,67.56525302384776,82.46152928107404,79.80147994942648
3,9,18,0.0,0.0,0.0,237.66666698837332,290.0656171905344,280.7086617972913
3,9,19,0.0,0.0,0.0,2744.426018516277,3349.496321811205,3241.448053365682
3,9,20,0.0,0.0,0.0,2800.0,6600.0,4200.0
3,9,21,0.0,0.0,0.0,2800.0,6600.0,4200.0
3,9,22,0.0,0.0,0.0,2800.0,6600.0,4200.0
3,9,23,0.0,0.0,0.0,2800.0,6600.0,4200.0
3,10,0,0.0,0.0,0.0,2800.0,6600.0,4200.0
3,10,1,0.0,0.0,0.0,2800.0,6600.0,4200.0
3,10,2,0.0,0.0,0.0,2800.0,6600.0,4200.0
3,10,3,0.0,0.0,0.0,2800.0,6600.0,4200.0
3,10,4,0.0,0.0,0.0,2800.0,6600.0,4200.0
3,10,5,0.0,0.0,0.0,2800.0,6600.0,4200.0
3,10,6,0.0,0.0,0.0,2800.0,6600.0,4200.0
3,10,7,65.37969600000001,50.139264000000004,42.76717,2800.0,6600.0,4200.0
3,10,8,232.020433,178.103274,151.772764,2800.0,6600.0,4200.0
3,10,9,368.207734,283.616304,240.857691,2800.0,6600.0,4200.0
3,10,10,463.076798,358.297407,302.914898,2800.0,6600.0,4200.0
3,10,11,511.96662599999996,397.98839899999996,334.895462,2800.0,6600.0,4200.0
3,10,12,524.233649,408.763656,342.919755,2800.0,6600.0,4200.0
3,10,13,501.658013,391.17852899999997,328.152234,2800.0,6600.0,4200.0
3,10,14,451.24714500000005,350.952265,295.17670400000003,2800.0,6600.0,4200.0
3,10,15,366.56660600000004,283.830559,239.78417100000001,2800.0,6600.0,4200.0
3,10,16,244.21546700000002,188.366096,159.749967,349.3284625537728,426.3457613845259,412.59267230760565
3,10,17,37.765916,29.106769,24.70402,445.37642374118406,543.569651022705,526.0351461510048
3,10,18,0.0,0.0,0.0,2800.0,4569.628998473504,4200.0
3,10,19,0.0,0.0,0.0,2800.0,6600.0,4200.0
3,10,20,0.0,0.0,0.0,2800.0,6600.0,4200.0
3,10,21,0.0,0.0,0.0,2800.0,6600.0,4200.0
3,10,22,0.0,0.0,0.0,2800.0,6600.0,4200.0
3,10,23,0.0,0.0,0.0,2800.0,6600.0,4200.0
3,11,0,0.0,0.0,0.0,2800.0,6600.0,4200.0
3,11,1,0.0,0.0,0.0,2800.0,6600.0,4200.0
3,11,2,0.0,0.0,0.0,2800.0,6600.0,4200.0
3,11,3,0.0,0.0,0.0,2800.0,6600.0,4200.0
3,11,4,0.0,0.0,0.0,2800.0,6600.0,4200.0
3,11,5,0.0,0.0,0.0,2800.0,6600.0,4200.0
3,11,6,0.0,0.0,0.0,2800.0,6600.0,4200.0
3,11,7,-0.0,-0.0,-0.0,2800.0,6600.0,4200.0
3,11,8,147.738568,113.417716,96.641018,2800.0,6600.0,4200.0
3,11,9,252.570377,194.281125,165.21520900000002,2800.0,6600.0,4200.0
3,11,10,348.74281099999996,268.828299,228.124996,2800.0,6600.0,4200.0
3,11,11,236.137584,181.655571,154.46593900000002,2800.0,6600.0,4200.0
3,11,12,92.90660700000001,71.427057,60.773495000000004,2800.0,6600.0,4200.0
3,11,13,362.951462,279.767082,237.419378,2800.0,6600.0,4200.0
3,11,14,78.665564,60.477733,51.457925,2800.0,6600.0,4200.0
3,11,15,37.962496,29.228625,24.83261,2800.0,6600.0,4200.0
3,11,16,59.729161999999995,45.911508000000005,39.070955000000005,2800.0,6600.0,4200.0
3,11,17,-0.0,-0.0,-0.0,2800.0,6600.0,4200.0
3,11,18,0.0,0.0,0.0,2800.0,6600.0,4200.0
3,11,19,0.0,0.0,0.0,2800.0,6600.0,4200.0
3,11,20,0.0,0.0,0.0,2800.0,6518.224790706034,4200.0
3,11,21,0.0,0.0,0.0,2800.0,6423.759245222193,4200.0
3,11,22,0.0,0.0,0.0,2800.0,5965.099051003621,4200.0
3,11,23,0.0,0.0,0.0,2800.0,4798.06917736812,4200.0
3,12,0,0.0,0.0,0.0,2597.435303258585,3170.098204764415,3067.83697235266
3,12,1,0.0,0.0,0.0,1712.6043126696648,2090.186365856677,2022.7609992161392
3,12,2,0.0,0.0,0.0,2800.0,3472.7785151730586,3360.753401780379
3,12,3,0.0,0.0,0.0,2800.0,6600.0,4200.0
3,12,4,0.0,0.0,0.0,2800.0,6600.0,4200.0
3,12,5,0.0,0.0,0.0,2800.0,6600.0,4200.0
3,12,6,0.0,0.0,0.0,2800.0,6600.0,4200.0
3,12,7,37.940775,29.136168,24.818402,2800.0,6600.0,4200.0
3,12,8,176.76872899999998,135.53934700000002,115.630673,2800.0,6600.0,4200.0
3,12,9,314.602399,241.700492,205.79254699999998,2800.0,6600.0,4200.0
3,12,10,414.78707799999995,319.29803999999996,271.326886,2800.0,5195.505086201954,4200.0
3,12,11,488.61093900000003,376.740484,319.61768199999995,2800.0,4798.06917736812,4200.0
3,12,12,520.596557,401.70817999999997,340.54060499999997,2800.0,6600.0,4200.0
3,12,13,508.546451,392.330538,332.658205,2800.0,6600.0,4200.0
3,12,14,459.63135700000004,354.218052,300.661113,2800.0,6600.0,4200.0
3,12,15,373.19887900000003,287.06586599999997,244.122575,2800.0,6600.0,4200.0
3,12,16,244.636996,187.749932,160.025704,2800.0,6600.0,4200.0
3,12,17,101.196751,77.583342,66.196371,2800.0,6600.0,4200.0
3,12,18,0.0,0.0,0.0,2800.0,6600.0,4200.0
3,12,19,0.0,0.0,0.0,2800.0,6600.0,4200.0
3,12,20,0.0,0.0,0.0,2800.0,6600.0,4200.0
3,12,21,0.0,0.0,0.0,2800.0,6600.0,4200.0
3,12,22,0.0,0.0,0.0,2800.0,6600.0,4200.0
3,12,23,0.0,0.0,0.0,2800.0,6600.0,4200.0
3,13,0,0.0,0.0,0.0,2800.0,6600.0,4200.0
3,13,1,0.0,0.0,0.0,2800.0,6600.0,4200.0
3,13,2,0.0,0.0,0.0,2800.0,6600.0,4200.0
3,13,3,0.0,0.0,0.0,2800.0,6600.0,4200.0
3,13,4,0.0,0.0,0.0,2800.0,6600.0,4200.0
3,13,5,0.0,0.0,0.0,2800.0,6600.0,4200.0
3,13,6,0.0,0.0,0.0,2800.0,6600.0,4200.0
3,13,7,60.716009,46.575483,39.716487,2800.0,6600.0,4200.0
3,13,8,219.21431,168.580081,143.395827,2800.0,6600.0,4200.0
3,13,9,350.786401,271.123875,229.461781,2800.0,6600.0,4200.0
3,13,10,442.701721,343.757936,289.58684000000005,2800.0,6600.0,4200.0
3,13,11,500.56877399999996,389.779944,327.43972499999995,2800.0,6600.0,4200.0
3,13,12,529.3795309999999,412.015243,346.285858,2800.0,6600.0,4200.0
3,13,13,523.900956,406.905389,342.702129,2800.0,6600.0,4200.0
3,13,14,474.63978000000003,367.49715000000003,310.478653,2800.0,6600.0,4200.0
3,13,15,383.611184,296.03630699999997,250.93363200000002,2800.0,6600.0,4200.0
3,13,16,254.803923,195.976196,166.67625099999998,2800.0,6600.0,4200.0
3,13,17,102.313823,78.53922100000001,66.927087,2800.0,6600.0,4200.0
3,13,18,0.0,0.0,0.0,2800.0,6600.0,4200.0
3,13,19,0.0,0.0,0.0,2800.0,6600.0,4200.0
3,13,20,0.0,0.0,0.0,2800.0,6600.0,4200.0
3,13,21,0.0,0.0,0.0,2800.0,6600.0,4200.0
3,13,22,0.0,0.0,0.0,2800.0,6600.0,4200.0
3,13,23,0.0,0.0,0.0,2800.0,6600.0,4200.0
3,14,0,0.0,0.0,0.0,2800.0,6600.0,4200.0
3,14,1,0.0,0.0,0.0,2800.0,6600.0,4200.0
3,14,2,0.0,0.0,0.0,2800.0,6600.0,4200.0
3,14,3,0.0,0.0,0.0,2800.0,6600.0,4200.0
3,14,4,0.0,0.0,0.0,2800.0,6600.0,4200.0
3,14,5,0.0,0.0,0.0,2800.0,6600.0,4200.0
3,14,6,-0.0,-0.0,-0.0,2800.0,6600.0,4200.0
3,14,7,64.481468,49.461453999999996,42.179607000000004,2800.0,6600.0,4200.0
3,14,8,225.632205,173.643668,147.593999,2800.0,6600.0,4200.0
3,14,9,356.27715500000005,275.839458,233.053478,2800.0,5444.184846176627,4200.0
3,14,10,443.510348,345.38349200000005,290.115792,2319.3884514592746,2830.7496848518704,2739.435178888906
3,14,11,484.31875199999996,377.557963,316.81001000000003,2188.134369840437,2670.5576954745493,2584.4106730398867
3,14,12,531.8736459999999,414.715813,347.917348,2800.0,5614.303506012198,4200.0
3,14,13,524.780705,408.239723,343.277604,2800.0,6600.0,4200.0
3,14,14,437.59673200000003,338.951545,286.247486,2800.0,6600.0,4200.0
3,14,15,323.87433500000003,249.85315,211.85764799999998,2800.0,6600.0,4200.0
3,14,16,259.725631,199.964859,169.895713,2800.0,6600.0,4200.0
3,14,17,27.169404999999998,20.924088,17.772468,2800.0,6600.0,4200.0
3,14,18,0.0,0.0,0.0,2800.0,6600.0,4200.0
3,14,19,0.0,0.0,0.0,2800.0,6600.0,4200.0
3,14,20,0.0,0.0,0.0,2800.0,6600.0,4200.0
3,14,21,0.0,0.0,0.0,2800.0,6600.0,4200.0
3,14,22,0.0,0.0,0.0,2800.0,6423.759245222193,4200.0
3,14,23,0.0,0.0,0.0,2800.0,4721.09628485135,4200.0
3,15,0,0.0,0.0,0.0,2800.0,3535.5380679260493,3421.48845283166
3,15,1,0.0,0.0,0.0,2597.435303258585,3170.098204764415,3067.83697235266
3,15,2,0.0,0.0,0.0,2364.2786071344885,2885.536882723194,2792.4550477966395
3,15,3,0.0,0.0,0.0,1437.3238044186396,1754.214092007001,1697.6265406519365
3,15,4,0.0,0.0,0.0,1082.3203053763452,1320.942104986878,1278.3310693421402
3,15,5,0.0,0.0,0.0,1281.237390674447,1563.7149256262935,1513.2725086706066
3,15,6,-0.0,-0.0,-0.0,1373.4523042863404,1676.2606863337226,1622.1877609681185
3,15,7,64.814438,49.677954,42.397414,2103.4419801044355,2567.192967843996,2484.3802914619314
3,15,8,226.859715,174.247118,148.39695600000002,748.4297260208111,913.4378545923286,883.9721173474147
3,15,9,354.73282400000005,274.005531,232.04327600000002,14.900254593448198,18.18535009436591,17.59872589777346
3,15,10,432.46666100000004,336.116701,282.891726,1980.545579523704,2417.201297843891,2339.227062429572
3,15,11,485.54623399999997,378.497934,317.61295,2800.0,6600.0,4200.0
3,15,12,516.991443,402.289652,338.182372,2800.0,6600.0,4200.0
3,15,13,500.042889,388.204025,327.09572399999996,2800.0,6600.0,4200.0
3,15,14,449.300896,348.149883,293.903594,2800.0,6600.0,4200.0
3,15,15,360.31024699999995,278.378364,235.691665,2800.0,6600.0,4200.0
3,15,16,236.411104,182.106763,154.644857,2800.0,6600.0,4200.0
3,15,17,96.275916,74.01920299999999,62.977479,2800.0,6600.0,4200.0
3,15,18,0.0,0.0,0.0,2800.0,6600.0,4200.0
3,15,19,0.0,0.0,0.0,2800.0,6600.0,4200.0
3,15,20,0.0,0.0,0.0,2800.0,5033.998538121269,4200.0
3,15,21,0.0,0.0,0.0,2319.3884514592746,2830.7496848518704,2739.435178888906
3,15,22,0.0,0.0,0.0,1251.4423799619176,1527.350936173994,1478.0815511361232
3,15,23,0.0,0.0,0.0,1222.1129067458091,1491.5551224063024,1443.4404410383572
3,16,0,0.0,0.0,0.0,1405.1461214803344,1714.9421167673372,1659.6214033232295
3,16,1,0.0,0.0,0.0,1281.237390674447,1563.7149256262935,1513.2725086706066
3,16,2,0.0,0.0,0.0,1082.3203053763452,1320.942104986878,1278.3310693421402
3,16,3,0.0,0.0,0.0,748.4297260208111,913.4378545923286,883.9721173474147
3,16,4,0.0,0.0,0.0,336.8536460978451,411.1205916942204,397.8586371234391
3,16,5,0.0,0.0,0.0,107.29111938509163,130.9458543676315,126.72179454932082
3,16,6,-0.0,-0.0,-0.0,6.505306117964509,7.939546836885818,7.683432422792727
3,16,7,52.230166,40.114473,34.165597,48.57413350122129,59.283391281018105,57.3710238203401
3,16,8,224.267463,172.51220999999998,146.701273,475.7328897807615,580.6188812284884,561.8892398985372
3,16,9,348.91116700000003,269.991326,228.235124,2800.0,6600.0,4200.0
3,16,10,428.992691,333.907213,280.619279,2800.0,6600.0,4200.0
3,16,11,474.538083,370.82667499999997,310.41213,2800.0,6600.0,4200.0
3,16,12,495.650621,387.126308,324.222587,2800.0,6600.0,4200.0
3,16,13,489.22177500000004,381.16569300000003,320.017251,2800.0,6600.0,4200.0
3,16,14,410.310708,318.343866,268.398734,2800.0,6600.0,4200.0
3,16,15,228.711365,176.500223,149.608186,2800.0,6600.0,4200.0
3,16,16,228.724321,176.48305,149.616661,2800.0,6600.0,4200.0
3,16,17,93.916657,72.308065,61.434204,2800.0,6600.0,4200.0
3,16,18,0.0,0.0,0.0,2800.0,6600.0,4200.0
3,16,19,0.0,0.0,0.0,2800.0,6600.0,4200.0
3,16,20,0.0,0.0,0.0,2800.0,6600.0,4200.0
3,16,21,0.0,0.0,0.0,2800.0,6600.0,4200.0
3,16,22,0.0,0.0,0.0,2800.0,6600.0,4200.0
3,16,23,0.0,0.0,0.0,2800.0,6600.0,4200.0
3,17,0,0.0,0.0,0.0,2800.0,6600.0,4200.0
3,17,1,0.0,0.0,0.0,2800.0,6600.0,4200.0
3,17,2,0.0,0.0,0.0,2800.0,6600.0,4200.0
3,17,3,0.0,0.0,0.0,2800.0,6600.0,4200.0
3,17,4,0.0,0.0,0.0,2800.0,6600.0,4200.0
3,17,5,0.0,0.0,0.0,2800.0,6600.0,4200.0
3,17,6,-0.0,-0.0,-0.0,2800.0,6600.0,4200.0
3,17,7,1.5248499999999998,1.203388,0.997458,2800.0,6600.0,4200.0
3,17,8,24.867373,19.165045999999997,16.266628,2800.0,6600.0,4200.0
3,17,9,189.645552,145.90879800000002,124.05385799999999,2800.0,6600.0,4200.0
3,17,10,315.972245,244.141434,206.688611,2800.0,6600.0,4200.0
3,17,11,347.812621,269.59782299999995,227.516527,2800.0,6600.0,4200.0
3,17,12,462.497534,360.676147,302.53598100000005,2800.0,6600.0,4200.0
3,17,13,394.221909,305.296296,257.874482,2800.0,6600.0,4200.0
3,17,14,373.934684,288.701603,244.603891,2800.0,6600.0,4200.0
3,17,15,58.561509,45.088719,38.307152,2800.0,6600.0,4200.0
3,17,16,9.318196,7.225238,6.095361,2800.0,6600.0,4200.0
3,17,17,1.9390889999999998,1.52868,1.268427,2800.0,6600.0,4200.0
3,17,18,0.0,0.0,0.0,2800.0,6600.0,4200.0
3,17,19,0.0,0.0,0.0,2800.0,6600.0,4200.0
3,17,20,0.0,0.0,0.0,2800.0,6600.0,4200.0
3,17,21,0.0,0.0,0.0,2800.0,6600.0,4200.0
3,17,22,0.0,0.0,0.0,2800.0,6600.0,4200.0
3,17,23,0.0,0.0,0.0,2800.0,6600.0,4200.0
3,18,0,0.0,0.0,0.0,2800.0,6600.0,4200.0
3,18,1,0.0,0.0,0.0,2800.0,6600.0,4200.0
3,18,2,0.0,0.0,0.0,2800.0,6600.0,4200.0
3,18,3,0.0,0.0,0.0,2800.0,6600.0,4200.0
3,18,4,0.0,0.0,0.0,2800.0,6600.0,4200.0
3,18,5,0.0,0.0,0.0,2800.0,6600.0,4200.0
3,18,6,-0.0,-0.0,-0.0,2800.0,6600.0,4200.0
3,18,7,42.001118000000005,32.287218,27.474416,2800.0,6600.0,4200.0
3,18,8,176.914092,135.845344,115.72575900000001,2800.0,6600.0,4200.0
3,18,9,303.96846600000003,233.928936,198.83651600000002,2800.0,6600.0,4200.0
3,18,10,398.57166600000005,307.585956,260.719811,2800.0,6600.0,4200.0
3,18,11,454.75433899999996,351.783866,297.470884,2800.0,6600.0,4200.0
3,18,12,471.816553,365.60267,308.631881,2800.0,6600.0,4200.0
3,18,13,430.582519,333.620606,281.659242,2800.0,6600.0,4200.0
3,18,14,361.21243499999997,279.57695,236.281818,2800.0,6600.0,4200.0
3,18,15,97.637185,75.25125999999999,63.867933,2800.0,6600.0,4200.0
3,18,16,55.973634,43.159116999999995,36.614332000000005,2800.0,6600.0,4200.0
3,18,17,61.622322999999994,47.472154,40.309339,2800.0,6600.0,4200.0
3,18,18,0.0,0.0,0.0,2800.0,6600.0,4200.0
3,18,19,0.0,0.0,0.0,2800.0,6600.0,4200.0
3,18,20,0.0,0.0,0.0,2800.0,6600.0,4200.0
3,18,21,0.0,0.0,0.0,2800.0,6600.0,4200.0
3,18,22,0.0,0.0,0.0,2800.0,6600.0,4200.0
3,18,23,0.0,0.0,0.0,2800.0,6600.0,4200.0
3,19,0,0.0,0.0,0.0,2800.0,6600.0,4200.0
3,19,1,0.0,0.0,0.0,2800.0,6600.0,4200.0
3,19,2,0.0,0.0,0.0,2800.0,6600.0,4200.0
3,19,3,0.0,0.0,0.0,2800.0,6600.0,4200.0
3,19,4,0.0,0.0,0.0,2800.0,6600.0,4200.0
3,19,5,0.0,0.0,0.0,2800.0,6600.0,4200.0
3,19,6,-0.0,-0.0,-0.0,2800.0,6600.0,4200.0
3,19,7,46.048221,35.388499,30.121768,2800.0,6600.0,4200.0
3,19,8,182.799432,140.318274,119.575568,2800.0,6600.0,4200.0
3,19,9,285.570336,219.61733600000002,186.801649,2800.0,6600.0,4200.0
3,19,10,366.755092,282.84736,239.907466,2800.0,6600.0,4200.0
3,19,11,394.567706,305.06077799999997,258.10068,2800.0,6600.0,4200.0
3,19,12,476.089353,369.676755,311.42687,2800.0,6600.0,4200.0
3,19,13,448.40332,348.44153700000004,293.316457,2800.0,6600.0,4200.0
3,19,14,327.54204200000004,253.770442,214.256824,2800.0,6600.0,4200.0
3,19,15,289.42693199999997,223.998628,189.32438399999998,2800.0,6600.0,4200.0
3,19,16,121.61437600000001,93.715288,79.552261,2800.0,6600.0,4200.0
3,19,17,86.424307,66.52009699999999,56.533193,2800.0,6600.0,4200.0
3,19,18,0.0,0.0,0.0,2800.0,6600.0,4200.0
3,19,19,0.0,0.0,0.0,2800.0,6600.0,4200.0
3,19,20,0.0,0.0,0.0,2800.0,6600.0,4200.0
3,19,21,0.0,0.0,0.0,2800.0,6423.759245222193,4200.0
3,19,22,0.0,0.0,0.0,2800.0,6600.0,4200.0
3,19,23,0.0,0.0,0.0,2800.0,6600.0,4200.0
3,20,0,0.0,0.0,0.0,2800.0,6600.0,4200.0
3,20,1,0.0,0.0,0.0,2800.0,6600.0,4200.0
3,20,2,0.0,0.0,0.0,2800.0,6600.0,4200.0
3,20,3,0.0,0.0,0.0,2800.0,6600.0,4200.0
3,20,4,0.0,0.0,0.0,2800.0,6600.0,4200.0
3,20,5,0.0,0.0,0.0,2800.0,6600.0,4200.0
3,20,6,-0.0,-0.0,-0.0,2800.0,6600.0,4200.0
3,20,7,57.250403,43.977183,37.449512000000006,2800.0,6600.0,4200.0
3,20,8,197.03231,151.53529500000002,128.885797,2800.0,6600.0,4200.0
3,20,9,318.30123100000003,245.779215,208.212083,2800.0,6600.0,4200.0
3,20,10,418.00693,323.81456,273.43310499999995,2800.0,6600.0,4200.0
3,20,11,482.46007299999997,374.052368,315.59418300000004,2800.0,6600.0,4200.0
3,20,12,509.446054,394.822343,333.246667,2800.0,6600.0,4200.0
3,20,13,502.34020000000004,389.000408,328.598477,2800.0,6600.0,4200.0
3,20,14,453.002539,350.181525,296.324969,2800.0,6600.0,4200.0
3,20,15,367.376445,283.349046,240.313915,2800.0,6600.0,4200.0
3,20,16,251.699348,193.613188,164.64543799999998,2800.0,6600.0,4200.0
3,20,17,103.41194899999999,79.416049,67.64541,2800.0,6600.0,4200.0
3,20,18,0.0,0.0,0.0,2800.0,5965.099051003621,4200.0
3,20,19,0.0,0.0,0.0,1373.4523042863404,1676.2606863337226,1622.1877609681185
3,20,20,0.0,0.0,0.0,113.14210705336222,138.08682356906414,133.63240990554593
3,20,21,0.0,0.0,0.0,3.563011389929472,4.34855720818164,4.208281169208038
3,20,22,0.0,0.0,0.0,748.4297260208111,913.4378545923286,883.9721173474147
3,20,23,0.0,0.0,0.0,2800.0,6600.0,4200.0
3,21,0,0.0,0.0,0.0,2800.0,6600.0,4200.0
3,21,1,0.0,0.0,0.0,2800.0,6600.0,4200.0
3,21,2,0.0,0.0,0.0,2800.0,6600.0,4200.0
3,21,3,0.0,0.0,0.0,2800.0,6600.0,4200.0
3,21,4,0.0,0.0,0.0,2800.0,6600.0,4200.0
3,21,5,0.0,0.0,0.0,2800.0,6600.0,4200.0
3,21,6,-0.0,-0.0,-0.0,2800.0,6600.0,4200.0
3,21,7,87.12006299999999,66.81721300000001,56.988312,2800.0,6600.0,4200.0
3,21,8,210.48271599999998,161.74207199999998,137.684183,2800.0,6600.0,4200.0
3,21,9,386.131635,298.211434,252.582348,2800.0,6600.0,4200.0
3,21,10,453.21951,350.49705200000005,296.466898,2800.0,6600.0,4200.0
3,21,11,468.293953,362.076021,306.327623,2800.0,6600.0,4200.0
3,21,12,439.674626,339.60496,287.60671,2800.0,6600.0,4200.0
3,21,13,378.794947,292.09015000000005,247.783161,2800.0,6600.0,4200.0
3,21,14,298.021408,229.342129,194.946335,2800.0,6600.0,4200.0
3,21,15,140.671063,108.05277099999999,92.01791300000001,2800.0,6600.0,4200.0
3,21,16,162.39063000000002,124.687518,106.225449,2800.0,6600.0,4200.0
3,21,17,70.369006,54.040935,46.030854,2800.0,6600.0,4200.0
3,21,18,-0.0,0.017013,-0.0,2800.0,6600.0,4200.0
3,21,19,0.0,0.0,0.0,2800.0,6600.0,4200.0
3,21,20,0.0,0.0,0.0,2800.0,6600.0,4200.0
3,21,21,0.0,0.0,0.0,2800.0,6600.0,4200.0
3,21,22,0.0,0.0,0.0,2800.0,6600.0,4200.0
3,21,23,0.0,0.0,0.0,2800.0,6600.0,4200.0
3,22,0,0.0,0.0,0.0,2800.0,6600.0,4200.0
3,22,1,0.0,0.0,0.0,2800.0,6600.0,4200.0
3,22,2,0.0,0.0,0.0,2800.0,6600.0,4200.0
3,22,3,0.0,0.0,0.0,2800.0,6600.0,4200.0
3,22,4,0.0,0.0,0.0,2800.0,6600.0,4200.0
3,22,5,0.0,0.0,0.0,2800.0,6600.0,4200.0
3,22,6,-0.0,-0.0,-0.0,2800.0,6600.0,4200.0
3,22,7,-0.0,-0.0,-0.0,2800.0,6600.0,4200.0
3,22,8,4.477383,3.478678,2.928815,2800.0,6600.0,4200.0
3,22,9,158.51344899999998,121.58467399999999,103.689248,2800.0,6600.0,4200.0
3,22,10,293.177886,225.12944,191.778016,2800.0,6600.0,4200.0
3,22,11,165.857444,127.23277800000001,108.49321499999999,2800.0,6600.0,4200.0
3,22,12,334.074252,256.700487,218.529774,2800.0,6600.0,4200.0
3,22,13,199.667867,153.218875,130.60980800000002,2800.0,6600.0,4200.0
3,22,14,89.054514,68.351803,58.253705000000004,2800.0,6600.0,4200.0
3,22,15,176.504795,135.382891,115.45802400000001,2800.0,6600.0,4200.0
3,22,16,55.083355000000005,42.293142,36.031969,2800.0,6600.0,4200.0
3,22,17,-0.0,-0.0,-0.0,2800.0,6600.0,4200.0
3,22,18,-0.0,-0.0,-0.0,2800.0,6600.0,4200.0
3,22,19,0.0,0.0,0.0,2800.0,6600.0,4200.0
3,22,20,0.0,0.0,0.0,2800.0,6600.0,4200.0
3,22,21,0.0,0.0,0.0,2800.0,6600.0,4200.0
3,22,22,0.0,0.0,0.0,2800.0,6600.0,4200.0
3,22,23,0.0,0.0,0.0,2800.0,6600.0,4200.0
3,23,0,0.0,0.0,0.0,2800.0,6600.0,4200.0
3,23,1,0.0,0.0,0.0,2800.0,6600.0,4200.0
3,23,2,0.0,0.0,0.0,2800.0,6600.0,4200.0
3,23,3,0.0,0.0,0.0,2800.0,6600.0,4200.0
3,23,4,0.0,0.0,0.0,2800.0,6600.0,4200.0
3,23,5,0.0,0.0,0.0,2800.0,6600.0,4200.0
3,23,6,-0.0,-0.0,-0.0,2800.0,6600.0,4200.0
3,23,7,80.022984,61.324478000000006,52.345862000000004,2800.0,6600.0,4200.0
3,23,8,239.740286,184.051958,156.82259299999998,2800.0,6600.0,4200.0
3,23,9,375.167603,288.936161,245.410387,2800.0,6600.0,4200.0
3,23,10,475.128043,366.89180200000004,310.798043,2800.0,6600.0,4200.0
3,23,11,534.1092179999999,413.130104,349.379714,2800.0,6600.0,4200.0
3,23,12,554.166667,425.0,362.5,2800.0,6600.0,4200.0
3,23,13,540.661631,418.13287699999995,353.665879,2800.0,6600.0,4200.0
3,23,14,475.627841,367.242307,311.124978,2800.0,6600.0,4200.0
3,23,15,373.79674900000003,287.95512,244.513663,2800.0,6600.0,4200.0
3,23,16,248.352521,190.872155,162.45616,2800.0,6600.0,4200.0
3,23,17,101.709273,78.067059,66.53163,2800.0,6600.0,4200.0
3,23,18,0.934142,0.7453200000000001,0.6110549999999999,2800.0,6600.0,4200.0
3,23,19,0.0,0.0,0.0,2800.0,6600.0,4200.0
3,23,20,0.0,0.0,0.0,2800.0,6600.0,4200.0
3,23,21,0.0,0.0,0.0,2800.0,6600.0,4200.0
3,23,22,0.0,0.0,0.0,2800.0,6600.0,4200.0
3,23,23,0.0,0.0,0.0,2800.0,6600.0,4200.0
3,24,0,0.0,0.0,0.0,2800.0,6600.0,4200.0
3,24,1,0.0,0.0,0.0,2800.0,6600.0,4200.0
3,24,2,0.0,0.0,0.0,2800.0,6600.0,4200.0
3,24,3,0.0,0.0,0.0,2800.0,6600.0,4200.0
3,24,4,0.0,0.0,0.0,2800.0,6600.0,4200.0
3,24,5,0.0,0.0,0.0,2800.0,6600.0,4200.0
3,24,6,-0.0,-0.0,-0.0,2800.0,6600.0,4200.0
3,24,7,74.129128,56.844909,48.490482,2800.0,6600.0,4200.0
3,24,8,229.120036,175.80013200000002,149.875513,2800.0,6600.0,4200.0
3,24,9,364.684248,280.486106,238.552854,2800.0,6600.0,4200.0
3,24,10,484.484234,373.554635,316.91825900000003,2800.0,6600.0,4200.0
3,24,11,550.967541,425.0,360.407339,2800.0,6600.0,4200.0
3,24,12,554.166667,425.0,362.5,2800.0,6600.0,4200.0
3,24,13,554.166667,425.0,362.5,2800.0,6600.0,4200.0
3,24,14,499.425293,384.86949300000003,326.691733,2800.0,6600.0,4200.0
3,24,15,400.679927,308.13448700000004,262.098899,2800.0,6600.0,4200.0
3,24,16,265.529278,203.75247,173.692084,2800.0,6600.0,4200.0
3,24,17,107.853488,82.694435,70.55077800000001,2800.0,6600.0,4200.0
3,24,18,3.80444,2.956301,2.4886190000000004,2800.0,6600.0,4200.0
3,24,19,0.0,0.0,0.0,2800.0,6600.0,4200.0
3,24,20,0.0,0.0,0.0,2800.0,6600.0,4200.0
3,24,21,0.0,0.0,0.0,2800.0,6600.0,4200.0
3,24,22,0.0,0.0,0.0,2800.0,6600.0,4200.0
3,24,23,0.0,0.0,0.0,2800.0,6600.0,4200.0
3,25,0,0.0,0.0,0.0,2800.0,6600.0,4200.0
3,25,1,0.0,0.0,0.0,2800.0,6600.0,4200.0
3,25,2,0.0,0.0,0.0,2800.0,5033.998538121269,4200.0
3,25,3,0.0,0.0,0.0,2275.070137118247,2776.660403569514,2687.090713131788
3,25,4,0.0,0.0,0.0,1003.7965929387176,1225.1060779960724,1185.5865270929733
3,25,5,0.0,0.0,0.0,475.7328897807615,580.6188812284884,561.8892398985372
3,25,6,-0.0,-0.0,-0.0,375.1945078601572,457.9145568371997,443.1431195198707
3,25,7,85.30420600000001,65.393658,55.800496,748.4297260208111,913.4378545923286,883.9721173474147
3,25,8,245.119927,188.36361,160.341606,610.9415963527902,745.6373813754526,721.5845626214057
3,25,9,373.151414,288.102759,244.091527,312.8020973326286,381.76633926423176,369.45129606215977
3,25,10,465.932703,361.35425,304.783047,402.3068740231014,491.0044525478796,475.1655992398835
3,25,11,525.318146,408.294894,343.629163,2800.0,3535.5380679260493,3421.48845283166
3,25,12,550.836442,425.0,360.321582,2800.0,6600.0,4200.0
3,25,13,531.619416,412.466213,347.751047,2800.0,6600.0,4200.0
3,25,14,435.339694,336.610533,284.771078,2800.0,6600.0,4200.0
3,25,15,385.703023,297.812427,252.30197700000002,2800.0,6600.0,4200.0
3,25,16,206.682245,158.951279,135.19816,2800.0,6600.0,4200.0
3,25,17,55.395436000000004,42.583144,36.236112,2800.0,6600.0,4200.0
3,25,18,4.403817,3.4217809999999997,2.880692,2800.0,6600.0,4200.0
3,25,19,0.0,0.0,0.0,2800.0,6600.0,4200.0
3,25,20,0.0,0.0,0.0,2800.0,6600.0,4200.0
3,25,21,0.0,0.0,0.0,2800.0,5700.675903358588,4200.0
3,25,22,0.0,0.0,0.0,1940.6700324713545,2368.5342915988967,2292.129959611836
3,25,23,0.0,0.0,0.0,575.0133429544752,701.7879382515248,679.149617662766
3,26,0,0.0,0.0,0.0,138.67213448175264,169.24551846198156,163.78598560836926
3,26,1,0.0,0.0,0.0,42.10670576223064,51.39007396177755,49.73232964042989
3,26,2,0.0,0.0,0.0,18.20056109694597,22.213283228556108,21.496725705054292
3,26,3,0.0,0.0,0.0,76.36769954409877,93.20467267193158,90.19807032767572
3,26,4,0.0,0.0,0.0,460.3878697051685,561.8907071204812,543.7652004391754
3,26,5,0.0,0.0,0.0,1749.3017415377876,2134.9745664437564,2066.104419139119
3,26,6,-0.0,-0.0,-0.0,2800.0,4954.515830178791,4200.0
3,26,7,93.20954499999999,71.46109799999999,60.971657,2800.0,6600.0,4200.0
3,26,8,254.803134,196.10591,166.675734,2800.0,6600.0,4200.0
3,26,9,376.639786,291.74948,246.373394,2800.0,6600.0,4200.0
3,26,10,465.515586,362.279197,304.510195,2800.0,6600.0,4200.0
3,26,11,523.420348,407.98750900000005,342.387747,2597.435303258585,3170.098204764415,3067.83697235266
3,26,12,549.121709,425.0,359.199915,2364.2786071344885,2885.536882723194,2792.4550477966395
3,26,13,536.545165,417.068398,350.97315299999997,2800.0,6600.0,4200.0
3,26,14,483.94683000000003,375.109733,316.56672399999997,2800.0,6600.0,4200.0
3,26,15,394.646043,304.913112,258.151923,2800.0,6600.0,4200.0
3,26,16,269.701971,207.66566699999998,176.42159,2800.0,6600.0,4200.0
3,26,17,108.569123,83.40594999999999,71.01889999999999,2800.0,6600.0,4200.0
3,26,18,4.726326,3.6700500000000003,3.091657,2800.0,6600.0,4200.0
3,26,19,0.0,0.0,0.0,2800.0,6600.0,4200.0
3,26,20,0.0,0.0,0.0,2800.0,6600.0,4200.0
3,26,21,0.0,0.0,0.0,2800.0,6600.0,4200.0
3,26,22,0.0,0.0,0.0,2800.0,6600.0,4200.0
3,26,23,0.0,0.0,0.0,2800.0,6600.0,4200.0
3,27,0,0.0,0.0,0.0,2800.0,6600.0,4200.0
3,27,1,0.0,0.0,0.0,2800.0,6600.0,4200.0
3,27,2,0.0,0.0,0.0,2800.0,6600.0,4200.0
3,27,3,0.0,0.0,0.0,2800.0,6600.0,4200.0
3,27,4,0.0,0.0,0.0,2800.0,6600.0,4200.0
3,27,5,0.0,0.0,0.0,2800.0,6600.0,4200.0
3,27,6,-0.0,-0.0,-0.0,2800.0,6600.0,4200.0
3,27,7,105.143541,80.66102000000001,68.778106,2800.0,6600.0,4200.0
3,27,8,271.034632,208.811181,177.29333,2800.0,6600.0,4200.0
3,27,9,391.467559,303.697157,256.072764,2800.0,6600.0,4200.0
3,27,10,472.280597,368.802976,308.935428,2800.0,6600.0,4200.0
3,27,11,515.738362,404.433659,337.36268800000005,2800.0,6600.0,4200.0
3,27,12,540.433372,423.322207,353.516567,2800.0,6600.0,4200.0
3,27,13,513.850202,400.43611300000003,336.12757500000004,2800.0,6600.0,4200.0
3,27,14,487.02509999999995,378.42334700000004,318.580329,2800.0,6600.0,4200.0
3,27,15,395.140984,305.924714,258.475681,2800.0,6600.0,4200.0
3,27,16,267.44862,206.315662,174.947594,2800.0,6600.0,4200.0
3,27,17,108.595705,83.53185,71.036288,2800.0,6600.0,4200.0
3,27,18,5.309518,4.124876,3.473143,2800.0,6600.0,4200.0
3,27,19,0.0,0.0,0.0,2455.7891050857875,2997.2229235298983,2900.5383130934497
3,27,20,0.0,0.0,0.0,460.3878697051685,561.8907071204812,543.7652004391754
3,27,21,0.0,0.0,0.0,48.57413350122129,59.283391281018105,57.3710238203401
3,27,22,0.0,0.0,0.0,4.190448409383788,5.114326798854229,4.949348515020222
3,27,23,0.0,0.0,0.0,30.94602468005788,37.7687702788108,36.55042285046206
3,28,0,0.0,0.0,0.0,268.18869820056244,327.31691512667066,316.7583049612942
3,28,1,0.0,0.0,0.0,1640.756359055384,2002.4979185321613,1937.9012114827367
3,28,2,0.0,0.0,0.0,2800.0,6600.0,4200.0
3,28,3,0.0,0.0,0.0,2800.0,6600.0,4200.0
3,28,4,0.0,0.0,0.0,2800.0,6600.0,4200.0
3,28,5,0.0,0.0,0.0,2800.0,6600.0,4200.0
3,28,6,-0.0,-0.0,-0.0,2800.0,6600.0,4200.0
3,28,7,108.88403,83.571204,71.22489200000001,2800.0,6600.0,4200.0
3,28,8,274.184636,211.052627,179.35386,2800.0,6600.0,4200.0
3,28,9,395.560907,306.159658,258.750368,2800.0,6600.0,4200.0
3,28,10,468.493739,364.381727,306.45831,2800.0,6600.0,4200.0
3,28,11,518.685491,404.475134,339.29050900000004,2800.0,6600.0,4200.0
3,28,12,536.401269,418.424436,350.879025,2800.0,6600.0,4200.0
3,28,13,514.612017,401.053002,336.62590600000004,2800.0,6600.0,4200.0
3,28,14,458.230249,356.523462,299.744599,2800.0,6600.0,4200.0
3,28,15,366.855672,284.63641600000005,239.97325899999998,2800.0,6600.0,4200.0
3,28,16,244.066453,188.604059,159.652492,2800.0,6600.0,4200.0
3,28,17,99.641919,76.76321899999999,65.179301,2800.0,6600.0,4200.0
3,28,18,3.95383,3.0875909999999998,2.5863400000000003,2800.0,6600.0,4200.0
3,28,19,0.0,0.0,0.0,2800.0,6600.0,4200.0
3,28,20,0.0,0.0,0.0,2800.0,6600.0,4200.0
3,28,21,0.0,0.0,0.0,2800.0,6600.0,4200.0
3,28,22,0.0,0.0,0.0,2800.0,6600.0,4200.0
3,28,23,0.0,0.0,0.0,2800.0,6600.0,4200.0
3,29,0,0.0,0.0,0.0,2800.0,6600.0,4200.0
3,29,1,0.0,0.0,0.0,2800.0,6600.0,4200.0
3,29,2,0.0,0.0,0.0,2800.0,6600.0,4200.0
3,29,3,0.0,0.0,0.0,2800.0,6600.0,4200.0
3,29,4,0.0,0.0,0.0,2800.0,6600.0,4200.0
3,29,5,0.0,0.0,0.0,2800.0,6600.0,4200.0
3,29,6,-0.0,-0.0,-0.0,2800.0,6600.0,4200.0
3,29,7,77.806459,59.770263,50.895955,2800.0,6600.0,4200.0
3,29,8,0.974033,0.783274,0.63715,2800.0,6600.0,4200.0
3,29,9,113.49401700000001,87.294651,74.240447,2800.0,6600.0,4200.0
3,29,10,425.191978,329.02991399999996,278.133098,2800.0,6600.0,4200.0
3,29,11,476.788048,370.055742,311.883911,2800.0,6600.0,4200.0
3,29,12,498.459264,387.673183,326.059819,2800.0,6600.0,4200.0
3,29,13,480.422483,373.725076,314.26132299999995,2800.0,6600.0,4200.0
3,29,14,397.654142,308.13809399999997,260.119627,2800.0,6600.0,4200.0
3,29,15,307.608669,237.480686,201.2177,2800.0,6600.0,4200.0
3,29,16,229.261151,176.556319,149.96782000000002,2800.0,6600.0,4200.0
3,29,17,42.050653,32.399009,27.506818,2800.0,6600.0,4200.0
3,29,18,0.551954,0.457084,0.361053,2800.0,6600.0,4200.0
3,29,19,0.0,0.0,0.0,2800.0,6600.0,4200.0
3,29,20,0.0,0.0,0.0,2800.0,6600.0,4200.0
3,29,21,0.0,0.0,0.0,2800.0,6600.0,4200.0
3,29,22,0.0,0.0,0.0,2800.0,6600.0,4200.0
3,29,23,0.0,0.0,0.0,2800.0,6600.0,4200.0
3,30,0,0.0,0.0,0.0,2800.0,6600.0,4200.0
3,30,1,0.0,0.0,0.0,2800.0,6600.0,4200.0
3,30,2,0.0,0.0,0.0,2800.0,6600.0,4200.0
3,30,3,0.0,0.0,0.0,2800.0,6600.0,4200.0
3,30,4,0.0,0.0,0.0,2800.0,6600.0,4200.0
3,30,5,0.0,0.0,0.0,2800.0,6600.0,4200.0
3,30,6,-0.0,-0.0,-0.0,2800.0,6600.0,4200.0
3,30,7,-0.0,-0.0,-0.0,2800.0,6600.0,4200.0
3,30,8,124.223892,95.524558,81.259238,2800.0,6600.0,4200.0
3,30,9,264.648227,203.849165,173.115758,2800.0,6600.0,4200.0
3,30,10,446.07797899999997,344.45286200000004,291.79537,2800.0,6600.0,4200.0
3,30,11,502.75935499999997,388.162191,328.872661,2800.0,6600.0,4200.0
3,30,12,458.251074,353.379987,299.758221,2800.0,6600.0,4200.0
3,30,13,184.178894,141.469091,120.47792299999999,2800.0,6600.0,4200.0
3,30,14,258.731773,198.947097,169.24559599999998,2800.0,6600.0,4200.0
3,30,15,247.544994,190.38905799999998,161.927928,2800.0,6600.0,4200.0
3,30,16,127.738851,98.156175,83.558496,2800.0,6600.0,4200.0
3,30,17,1.9774939999999999,1.556128,1.293549,2800.0,6600.0,4200.0
3,30,18,-0.0,-0.0,-0.0,2800.0,6600.0,4200.0
3,30,19,0.0,0.0,0.0,2800.0,6600.0,4200.0
3,30,20,0.0,0.0,0.0,2800.0,6600.0,4200.0
3,30,21,0.0,0.0,0.0,2800.0,6600.0,4200.0
3,30,22,0.0,0.0,0.0,2800.0,6600.0,4200.0
3,30,23,0.0,0.0,0.0,2800.0,6600.0,4200.0
3,31,0,0.0,0.0,0.0,2800.0,6600.0,4200.0
3,31,1,0.0,0.0,0.0,2800.0,6600.0,4200.0
3,31,2,0.0,0.0,0.0,2800.0,6600.0,4200.0
3,31,3,0.0,0.0,0.0,2800.0,6600.0,4200.0
3,31,4,0.0,0.0,0.0,2800.0,6600.0,4200.0
3,31,5,0.0,0.0,0.0,2800.0,6600.0,4200.0
3,31,6,-0.0,-0.0,-0.0,2800.0,6600.0,4200.0
3,31,7,88.8267,68.166846,58.104684,2800.0,6600.0,4200.0
3,31,8,241.763182,185.83922,158.145841,2800.0,6600.0,4200.0
3,31,9,373.656313,288.111142,244.421799,2800.0,6600.0,4200.0
3,31,10,465.15585200000004,359.60274599999997,304.274881,2800.0,6600.0,4200.0
3,31,11,526.801752,407.99168,344.59964299999996,2800.0,6600.0,4200.0
3,31,12,548.658193,425.0,358.896713,2800.0,6600.0,4200.0
3,31,13,526.326242,407.53623200000004,344.288594,2800.0,6600.0,4200.0
3,31,14,471.191647,364.292543,308.223108,2800.0,6600.0,4200.0
3,31,15,381.021456,293.852462,249.239599,2800.0,6600.0,4200.0
3,31,16,252.5658,194.261098,165.212215,2800.0,6600.0,4200.0
3,31,17,104.592043,80.32425199999999,68.417351,2800.0,5195.505086201954,4200.0
3,31,18,5.679364,4.405162000000001,3.715073,2800.0,6600.0,4200.0
3,31,19,0.0,0.0,0.0,2800.0,6600.0,4200.0
3,31,20,0.0,0.0,0.0,2800.0,6600.0,4200.0
3,31,21,0.0,0.0,0.0,2800.0,6600.0,4200.0
3,31,22,0.0,0.0,0.0,2800.0,6600.0,4200.0
3,31,23,0.0,0.0,0.0,2103.4419801044355,2567.192967843996,2484.3802914619314
4,1,0,0.0,0.0,0.0,687.226207839785,838.7406473635172,811.6844974485649
4,1,1,0.0,0.0,0.0,1222.1129067458091,1491.5551224063024,1443.4404410383572
4,1,2,0.0,0.0,0.0,1222.1129067458091,1491.5551224063024,1443.4404410383572
4,1,3,0.0,0.0,0.0,2800.0,4954.515830178791,4200.0
4,1,4,0.0,0.0,0.0,2800.0,6600.0,4200.0
4,1,5,0.0,0.0,0.0,2800.0,6600.0,4200.0
4,1,6,-0.0,-0.0,-0.0,2800.0,5965.099051003621,4200.0
4,1,7,90.819762,69.85218499999999,59.408415999999995,2800.0,3599.0492231594667,3482.9508611220645
4,1,8,237.00184099999998,182.93796700000001,155.031279,2800.0,6145.847517348083,4200.0
4,1,9,351.328857,272.866942,229.81662100000003,2800.0,6600.0,4200.0
4,1,10,433.890698,337.932399,283.823239,2800.0,6600.0,4200.0
4,1,11,489.287045,381.448758,320.05994699999997,2800.0,6600.0,4200.0
4,1,12,512.533952,399.24805599999996,335.26657,2800.0,6600.0,4200.0
4,1,13,505.80726,393.466999,330.866403,2800.0,6600.0,4200.0
4,1,14,452.15987,350.963166,295.77375,2800.0,6600.0,4200.0
4,1,15,361.996969,280.276347,236.79501000000002,2800.0,6600.0,4200.0
4,1,16,240.642372,185.804863,157.412679,2800.0,6600.0,4200.0
4,1,17,100.204622,77.227199,65.54738400000001,2800.0,6600.0,4200.0
4,1,18,5.18823,4.042962,3.393805,2800.0,6600.0,4200.0
4,1,19,0.0,0.0,0.0,2800.0,6600.0,4200.0
4,1,20,0.0,0.0,0.0,2800.0,6600.0,4200.0
4,1,21,0.0,0.0,0.0,2800.0,6600.0,4200.0
4,1,22,0.0,0.0,0.0,2800.0,6600.0,4200.0
4,1,23,0.0,0.0,0.0,2800.0,6600.0,4200.0
4,2,0,0.0,0.0,0.0,2800.0,6600.0,4200.0
4,2,1,0.0,0.0,0.0,2800.0,6600.0,4200.0
4,2,2,0.0,0.0,0.0,2800.0,6600.0,4200.0
4,2,3,0.0,0.0,0.0,2800.0,6600.0,4200.0
4,2,4,0.0,0.0,0.0,2800.0,6600.0,4200.0
4,2,5,0.0,0.0,0.0,2800.0,6600.0,4200.0
4,2,6,-0.0,-0.0,-0.0,2800.0,6600.0,4200.0
4,2,7,100.448902,77.334951,65.707177,2800.0,6600.0,4200.0
4,2,8,250.530625,193.619355,163.880935,2800.0,6600.0,4200.0
4,2,9,364.991181,283.666773,238.75363000000002,2800.0,6600.0,4200.0
4,2,10,445.93068800000003,348.055542,291.699021,2800.0,6600.0,4200.0
4,2,11,497.641612,389.264876,325.52496399999995,2800.0,6600.0,4200.0
4,2,12,514.874289,402.929836,336.797467,2800.0,6600.0,4200.0
4,2,13,499.30026000000004,390.17424800000003,326.609945,2800.0,6600.0,4200.0
4,2,14,447.127891,348.55379700000003,292.482154,2800.0,6600.0,4200.0
4,2,15,361.13068599999997,280.43978000000004,236.22834400000002,2800.0,6600.0,4200.0
4,2,16,238.128975,184.197391,155.76857800000002,2800.0,6600.0,4200.0
4,2,17,98.515824,75.993253,64.442682,2800.0,6600.0,4200.0
4,2,18,5.133273,4.006041,3.357855,2800.0,6600.0,4200.0
4,2,19,0.0,0.0,0.0,2800.0,6600.0,4200.0
4,2,20,0.0,0.0,0.0,2800.0,6600.0,4200.0
4,2,21,0.0,0.0,0.0,2800.0,6600.0,4200.0
4,2,22,0.0,0.0,0.0,2800.0,6600.0,4200.0
4,2,23,0.0,0.0,0.0,2800.0,6600.0,4200.0
4,3,0,0.0,0.0,0.0,2800.0,6600.0,4200.0
4,3,1,0.0,0.0,0.0,2800.0,6600.0,4200.0
4,3,2,0.0,0.0,0.0,2800.0,6600.0,4200.0
4,3,3,0.0,0.0,0.0,2800.0,6600.0,4200.0
4,3,4,0.0,0.0,0.0,2800.0,6600.0,4200.0
4,3,5,0.0,0.0,0.0,2800.0,6600.0,4200.0
4,3,6,-0.0,-0.0,-0.0,2800.0,6600.0,4200.0
4,3,7,103.21692900000001,79.388052,67.517841,2800.0,6600.0,4200.0
4,3,8,253.975878,195.733606,166.134597,2800.0,6600.0,4200.0
4,3,9,373.135124,288.832778,244.08087,2800.0,6600.0,4200.0
4,3,10,452.87053399999996,352.262064,296.23861999999997,2800.0,6600.0,4200.0
4,3,11,495.67058000000003,387.256516,324.235643,2800.0,6600.0,4200.0
4,3,12,502.35945899999996,393.598636,328.611075,2800.0,6600.0,4200.0
4,3,13,482.69366499999995,378.607581,315.746984,2800.0,6600.0,4200.0
4,3,14,430.178918,336.67726600000003,281.395232,2800.0,6600.0,4200.0
4,3,15,349.205568,272.06910899999997,228.427703,2800.0,6600.0,4200.0
4,3,16,233.934211,181.218493,153.024634,2800.0,6600.0,4200.0
4,3,17,98.660425,76.161925,64.537271,2800.0,6600.0,4200.0
4,3,18,4.788208,3.742511,3.132136,2800.0,6600.0,4200.0
4,3,19,0.0,0.0,0.0,2800.0,6600.0,4200.0
4,3,20,0.0,0.0,0.0,2800.0,6600.0,4200.0
4,3,21,0.0,0.0,0.0,2800.0,6600.0,4200.0
4,3,22,0.0,0.0,0.0,2800.0,6600.0,4200.0
4,3,23,0.0,0.0,0.0,2800.0,6600.0,4200.0
4,4,0,0.0,0.0,0.0,2800.0,6600.0,4200.0
4,4,1,0.0,0.0,0.0,2800.0,6600.0,4200.0
4,4,2,0.0,0.0,0.0,2800.0,6600.0,4200.0
4,4,3,0.0,0.0,0.0,2800.0,6600.0,4200.0
4,4,4,0.0,0.0,0.0,2800.0,6600.0,4200.0
4,4,5,0.0,0.0,0.0,2800.0,6600.0,4200.0
4,4,6,-0.0,-0.0,-0.0,2800.0,6600.0,4200.0
4,4,7,98.28627499999999,75.530096,64.292526,2800.0,6600.0,4200.0
4,4,8,247.503793,190.520907,161.900978,2800.0,6600.0,4200.0
4,4,9,371.98768800000005,287.282052,243.330292,2800.0,6600.0,4200.0
4,4,10,466.14671999999996,361.184059,304.923042,2800.0,6600.0,4200.0
4,4,11,516.710147,401.38079200000004,337.99836700000003,2800.0,6600.0,4200.0
4,4,12,530.659914,412.74163799999997,347.123403,2800.0,6600.0,4200.0
4,4,13,512.7209859999999,398.583721,335.38891600000005,2800.0,6600.0,4200.0
4,4,14,455.715103,353.54780800000003,298.099353,2800.0,6600.0,4200.0
4,4,15,363.714102,281.359771,237.918247,2800.0,6600.0,4200.0
4,4,16,244.17146599999998,188.325627,159.72118400000002,2800.0,6600.0,4200.0
4,4,17,101.53389800000001,78.17407,66.416911,2800.0,6600.0,4200.0
4,4,18,5.527963,4.303183,3.6160360000000003,2800.0,6600.0,4200.0
4,4,19,0.0,0.0,0.0,2800.0,6600.0,4200.0
4,4,20,0.0,0.0,0.0,2800.0,6600.0,4200.0
4,4,21,0.0,0.0,0.0,2800.0,6600.0,4200.0
4,4,22,0.0,0.0,0.0,2800.0,6600.0,4200.0
4,4,23,0.0,0.0,0.0,2800.0,6600.0,4200.0
4,5,0,0.0,0.0,0.0,2800.0,6600.0,4200.0
4,5,1,0.0,0.0,0.0,2800.0,6600.0,4200.0
4,5,2,0.0,0.0,0.0,2800.0,6600.0,4200.0
4,5,3,0.0,0.0,0.0,2800.0,6600.0,4200.0
4,5,4,0.0,0.0,0.0,2800.0,6600.0,4200.0
4,5,5,0.0,0.0,0.0,2800.0,6600.0,4200.0
4,5,6,-0.0,-0.0,-0.0,2800.0,6600.0,4200.0
4,5,7,98.57827099999999,75.672936,64.48353,2800.0,6600.0,4200.0
4,5,8,248.898095,191.397334,162.813039,2800.0,6600.0,4200.0
4,5,9,372.261659,287.14349599999997,243.509506,2800.0,6518.224790706034,4200.0
4,5,10,466.621587,360.960101,305.233669,2800.0,6600.0,4200.0
4,5,11,523.303305,405.507536,342.311184,2800.0,6600.0,4200.0
4,5,12,541.2363029999999,419.557668,354.04179200000004,2800.0,6600.0,4200.0
4,5,13,519.993408,402.724339,340.146064,2800.0,6600.0,4200.0
4,5,14,461.70516499999997,356.92298,302.01766399999997,2800.0,6600.0,4200.0
4,5,15,367.438309,283.336787,240.354383,2800.0,6600.0,4200.0
4,5,16,247.50804399999998,190.386022,161.903758,2800.0,6600.0,4200.0
4,5,17,104.759868,80.482799,68.527132,2800.0,6600.0,4200.0
4,5,18,4.028687,3.138274,2.6353069999999996,2800.0,6600.0,4200.0
4,5,19,0.0,0.0,0.0,2800.0,6600.0,4200.0
4,5,20,0.0,0.0,0.0,2800.0,6600.0,4200.0
4,5,21,0.0,0.0,0.0,2800.0,6600.0,4200.0
4,5,22,0.0,0.0,0.0,2800.0,6600.0,4200.0
4,5,23,0.0,0.0,0.0,2800.0,6600.0,4200.0
4,6,0,0.0,0.0,0.0,2800.0,6600.0,4200.0
4,6,1,0.0,0.0,0.0,2800.0,6600.0,4200.0
4,6,2,0.0,0.0,0.0,2800.0,6600.0,4200.0
4,6,3,0.0,0.0,0.0,2800.0,6600.0,4200.0
4,6,4,0.0,0.0,0.0,2800.0,6518.224790706034,4200.0
4,6,5,0.0,0.0,0.0,2800.0,6600.0,4200.0
4,6,6,-0.0,-0.0,-0.0,2800.0,6600.0,4200.0
4,6,7,103.109965,79.13439699999999,67.447872,2800.0,6600.0,4200.0
4,6,8,251.032397,192.88825,164.20916200000002,2800.0,4065.047980485539,3933.917400469876
4,6,9,373.017953,287.319678,244.00422500000002,1373.4523042863404,1676.2606863337226,1622.1877609681185
4,6,10,482.291174,372.48753700000003,315.4837,2364.2786071344885,2885.536882723194,2792.4550477966395
4,6,11,538.5097219999999,416.639113,352.258239,2800.0,6600.0,4200.0
4,6,12,554.166667,425.0,362.5,2800.0,6600.0,4200.0
4,6,13,541.3413959999999,418.97153399999996,354.110538,2800.0,6600.0,4200.0
4,6,14,481.732052,372.23832699999997,315.117959,2800.0,6600.0,4200.0
4,6,15,387.335412,298.593573,253.369781,2800.0,6600.0,4200.0
4,6,16,254.611589,195.751214,166.55043799999999,2800.0,6600.0,4200.0
4,6,17,106.335728,81.643614,69.557957,2800.0,6600.0,4200.0
4,6,18,5.994285,4.648492,3.921073,2800.0,6600.0,4200.0
4,6,19,0.0,0.0,0.0,2800.0,6600.0,4200.0
4,6,20,0.0,0.0,0.0,2800.0,6600.0,4200.0
4,6,21,0.0,0.0,0.0,2800.0,6600.0,4200.0
4,6,22,0.0,0.0,0.0,2800.0,6600.0,4200.0
4,6,23,0.0,0.0,0.0,2800.0,4421.436551474658,4200.0
4,7,0,0.0,0.0,0.0,2794.6277004301824,3410.766091076207,3300.741378460845
4,7,1,0.0,0.0,0.0,2800.0,4798.06917736812,4200.0
4,7,2,0.0,0.0,0.0,2800.0,6600.0,4200.0
4,7,3,0.0,0.0,0.0,2800.0,6600.0,4200.0
4,7,4,0.0,0.0,0.0,2800.0,6600.0,4200.0
4,7,5,0.0,0.0,0.0,2800.0,6600.0,4200.0
4,7,6,1.451253,1.141598,0.949316,2800.0,6600.0,4200.0
4,7,7,115.426041,88.558978,75.504252,2800.0,6600.0,4200.0
4,7,8,271.97319799999997,209.214297,177.90728,2800.0,6600.0,4200.0
4,7,9,394.332262,304.536551,257.946668,2800.0,6600.0,4200.0
4,7,10,482.57762199999996,373.95966,315.671076,2800.0,6600.0,4200.0
4,7,11,535.427637,415.617511,350.24213799999995,2800.0,6600.0,4200.0
4,7,12,549.002466,425.0,359.121914,2800.0,6600.0,4200.0
4,7,13,534.050324,413.95266499999997,349.341189,2800.0,6600.0,4200.0
4,7,14,478.224524,369.823037,312.823561,2800.0,6600.0,4200.0
4,7,15,382.883181,295.351141,250.457419,2800.0,6600.0,4200.0
4,7,16,251.966456,193.834308,164.820163,2800.0,6600.0,4200.0
4,7,17,104.357593,80.16916099999999,68.263989,2800.0,6600.0,4200.0
4,7,18,5.9742120000000005,4.634889,3.9079430000000004,2800.0,6600.0,4200.0
4,7,19,0.0,0.0,0.0,2800.0,6600.0,4200.0
4,7,20,0.0,0.0,0.0,2800.0,6600.0,4200.0
4,7,21,0.0,0.0,0.0,2800.0,6600.0,4200.0
4,7,22,0.0,0.0,0.0,2800.0,6600.0,4200.0
4,7,23,0.0,0.0,0.0,2800.0,6600.0,4200.0
4,8,0,0.0,0.0,0.0,2800.0,6600.0,4200.0
4,8,1,0.0,0.0,0.0,2800.0,6600.0,4200.0
4,8,2,0.0,0.0,0.0,2800.0,6600.0,4200.0
4,8,3,0.0,0.0,0.0,2800.0,6600.0,4200.0
4,8,4,0.0,0.0,0.0,2800.0,6600.0,4200.0
4,8,5,0.0,0.0,0.0,2800.0,6600.0,4200.0
4,8,6,-0.0,-0.0,-0.0,2800.0,6600.0,4200.0
4,8,7,102.67282300000001,78.803131,67.161922,2800.0,6600.0,4200.0
4,8,8,252.348933,194.0094,165.070355,2800.0,6600.0,4200.0
4,8,9,377.844111,291.288291,247.161186,2800.0,6600.0,4200.0
4,8,10,487.725026,377.09434000000005,319.03817499999997,2800.0,6600.0,4200.0
4,8,11,543.655878,421.174012,355.624521,2800.0,6600.0,4200.0
4,8,12,554.166667,425.0,362.5,2800.0,6600.0,4200.0
4,8,13,531.127749,411.65053600000005,347.42942999999997,2800.0,6600.0,4200.0
4,8,14,475.053832,367.651838,310.749499,2800.0,6600.0,4200.0
4,8,15,383.24591100000004,295.940623,250.694694,2800.0,6600.0,4200.0
4,8,16,256.608777,197.59729199999998,167.85686900000002,2800.0,6600.0,4200.0
4,8,17,105.507102,81.105002,69.015924,2800.0,6600.0,4200.0
4,8,18,7.899545,6.118361,5.167372,2800.0,6600.0,4200.0
4,8,19,0.0,0.0,0.0,2800.0,6600.0,4200.0
4,8,20,0.0,0.0,0.0,2800.0,6600.0,4200.0
4,8,21,0.0,0.0,0.0,2800.0,6600.0,4200.0
4,8,22,0.0,0.0,0.0,2800.0,6600.0,4200.0
4,8,23,0.0,0.0,0.0,2800.0,6330.21083371745,4200.0
4,9,0,0.0,0.0,0.0,2549.630956168769,3111.754316583931,3011.3751450812238
4,9,1,0.0,0.0,0.0,1055.7070784976213,1288.4613950167818,1246.8981242097886
4,9,2,0.0,0.0,0.0,707.2412654778989,863.1684736147585,835.3243293046049
4,9,3,0.0,0.0,0.0,228.03272895548625,278.3076613236249,269.32999482931444
4,9,4,0.0,0.0,0.0,1.3422386871870802,1.6381653268818694,1.5853212840792283
4,9,5,0.0,0.0,0.0,6.505306117964509,7.939546836885818,7.683432422792727
4,9,6,4.0427539999999995,3.1353400000000002,2.6445079999999996,81.04201369779398,98.90954427683516,95.7189138162921
4,9,7,118.472855,90.87128999999999,77.497281,349.3284625537728,426.3457613845259,412.59267230760565
4,9,8,274.385432,211.05985800000002,179.485207,101.6454080931955,124.05541932634095,120.0536316061364
4,9,9,393.90232299999997,304.159364,257.66543,610.9415963527902,745.6373813754526,721.5845626214057
4,9,10,481.9401,373.628788,315.25405,2800.0,3728.344236364732,3608.075067449741
4,9,11,531.923657,413.354124,347.950061,2800.0,6600.0,4200.0
4,9,12,546.404843,424.88778499999995,357.422717,2800.0,6600.0,4200.0
4,9,13,523.5504099999999,406.745995,342.472824,2800.0,6600.0,4200.0
4,9,14,464.669131,360.295853,303.956499,2800.0,6600.0,4200.0
4,9,15,370.82604399999997,286.759696,242.57042,2800.0,6600.0,4200.0
4,9,16,249.378468,192.276361,163.127269,2800.0,6600.0,4200.0
4,9,17,104.65145299999999,80.548535,68.456213,2800.0,6600.0,4200.0
4,9,18,7.466292999999999,5.795431,4.883966,2800.0,6600.0,4200.0
4,9,19,0.0,0.0,0.0,2800.0,6600.0,4200.0
4,9,20,0.0,0.0,0.0,2800.0,6600.0,4200.0
4,9,21,0.0,0.0,0.0,2800.0,6600.0,4200.0
4,9,22,0.0,0.0,0.0,2800.0,5195.505086201954,4200.0
4,9,23,0.0,0.0,0.0,2800.0,4205.209912886971,4069.5579802131983
4,10,0,0.0,0.0,0.0,2800.0,3996.150340809066,3867.242265299096
4,10,1,0.0,0.0,0.0,1749.3017415377876,2134.9745664437564,2066.104419139119
4,10,2,0.0,0.0,0.0,540.5220241907821,659.6922342485923,638.4118395954118
4,10,3,0.0,0.0,0.0,575.0133429544752,701.7879382515248,679.149617662766
4,10,4,0.0,0.0,0.0,2061.927887690667,2516.5261621421523,2435.347898847244
4,10,5,0.0,0.0,0.0,2800.0,6600.0,4200.0
4,10,6,1.645011,1.2912519999999998,1.07606,2800.0,6600.0,4200.0
4,10,7,105.643681,81.036447,69.105265,2800.0,6600.0,4200.0
4,10,8,246.146679,189.26421599999998,161.01324100000002,2800.0,6600.0,4200.0
4,10,9,364.366911,281.29026899999997,238.345272,2800.0,6600.0,4200.0
4,10,10,444.475025,344.67038199999996,290.746821,1373.4523042863404,1676.2606863337226,1622.1877609681185
4,10,11,487.11768199999995,379.373036,318.64089,2800.0,3599.0492231594667,3482.9508611220645
4,10,12,493.011712,385.281709,322.496383,2800.0,6600.0,4200.0
4,10,13,462.026944,361.786223,302.228151,2800.0,6600.0,4200.0
4,10,14,410.687822,320.90285600000004,268.645417,2800.0,6600.0,4200.0
4,10,15,335.394369,260.53976800000004,219.39330900000002,2800.0,6600.0,4200.0
4,10,16,225.25419,174.094348,147.346726,2800.0,6600.0,4200.0
4,10,17,99.09347100000001,76.387849,64.82054099999999,2800.0,6600.0,4200.0
4,10,18,4.221055000000001,3.2985819999999997,2.7611410000000003,2800.0,6600.0,4200.0
4,10,19,0.0,0.0,0.0,2800.0,6600.0,4200.0
4,10,20,0.0,0.0,0.0,2800.0,6600.0,4200.0
4,10,21,0.0,0.0,0.0,2800.0,6600.0,4200.0
4,10,22,0.0,0.0,0.0,2800.0,6600.0,4200.0
4,10,23,0.0,0.0,0.0,2800.0,6600.0,4200.0
4,11,0,0.0,0.0,0.0,2800.0,6600.0,4200.0
4,11,1,0.0,0.0,0.0,2800.0,6600.0,4200.0
4,11,2,0.0,0.0,0.0,2800.0,6600.0,4200.0
4,11,3,0.0,0.0,0.0,2800.0,6600.0,4200.0
4,11,4,0.0,0.0,0.0,2800.0,6600.0,4200.0
4,11,5,0.0,0.0,0.0,2800.0,6600.0,4200.0
4,11,6,-0.0,-0.0,-0.0,2800.0,6600.0,4200.0
4,11,7,93.54155100000001,71.87244899999999,61.188834,2800.0,6600.0,4200.0
4,11,8,227.486473,175.114044,148.806941,2800.0,6600.0,4200.0
4,11,9,338.94486,261.990323,221.71581099999997,2800.0,4644.951049827907,4200.0
4,11,10,412.670306,320.198306,269.94223,1251.4423799619176,1527.350936173994,1478.0815511361232
4,11,11,460.388649,358.280721,301.156485,362.10752792468406,441.94225849075616,427.6860566039575
4,11,12,472.184845,368.083013,308.872793,2800.0,3663.3164546975977,3545.1449561589657
4,11,13,457.784921,356.92462900000004,299.45329399999997,2800.0,6600.0,4200.0
4,11,14,402.748942,313.38297600000004,263.452315,2800.0,6600.0,4200.0
4,11,15,321.68877100000003,249.496645,210.427993,2800.0,6600.0,4200.0
4,11,16,215.262719,166.405888,140.810952,2800.0,6600.0,4200.0
4,11,17,95.011315,73.28538800000001,62.150259,2800.0,6600.0,4200.0
4,11,18,2.332885,1.841033,1.526022,2800.0,6600.0,4200.0
4,11,19,0.0,0.0,0.0,2800.0,6600.0,4200.0
4,11,20,0.0,0.0,0.0,2800.0,6600.0,4200.0
4,11,21,0.0,0.0,0.0,2800.0,6600.0,4200.0
4,11,22,0.0,0.0,0.0,2800.0,6055.023664834879,4200.0
4,11,23,0.0,0.0,0.0,1676.4237403920558,2046.0289744942413,1980.0280398331363
4,12,0,0.0,0.0,0.0,629.4537376638762,768.2309396685104,743.4492964533971
4,12,1,0.0,0.0,0.0,2231.3199984618277,2723.264565051836,2635.417321017906
4,12,2,0.0,0.0,0.0,2800.0,6600.0,4200.0
4,12,3,0.0,0.0,0.0,2800.0,6600.0,4200.0
4,12,4,0.0,0.0,0.0,2800.0,6600.0,4200.0
4,12,5,0.0,0.0,0.0,2800.0,6600.0,4200.0
4,12,6,-0.0,-0.0,-0.0,2800.0,6600.0,4200.0
4,12,7,86.860659,66.78372900000001,56.818627,2800.0,6600.0,4200.0
4,12,8,216.454504,166.65523499999998,141.59054,2800.0,6600.0,4200.0
4,12,9,328.960435,254.23154399999999,215.18464600000001,2800.0,6600.0,4200.0
4,12,10,413.732346,321.117455,270.63694799999996,2800.0,6600.0,4200.0
4,12,11,462.897251,360.18855699999995,302.79745,2800.0,6600.0,4200.0
4,12,12,478.40795199999997,372.561569,312.943548,2800.0,6600.0,4200.0
4,12,13,460.196077,358.145828,301.030516,2800.0,6600.0,4200.0
4,12,14,406.15085100000005,315.500431,265.67762400000004,2800.0,6600.0,4200.0
4,12,15,324.16495000000003,251.20297399999998,212.047749,2800.0,6600.0,4200.0
4,12,16,218.03714300000001,168.509803,142.6258,2800.0,6600.0,4200.0
4,12,17,96.128685,74.14330899999999,62.88117,2800.0,6600.0,4200.0
4,12,18,3.880632,3.038151,2.538459,2800.0,6600.0,4200.0
4,12,19,0.0,0.0,0.0,2800.0,6600.0,4200.0
4,12,20,0.0,0.0,0.0,2800.0,6600.0,4200.0
4,12,21,0.0,0.0,0.0,2800.0,6600.0,4200.0
4,12,22,0.0,0.0,0.0,2800.0,6600.0,4200.0
4,12,23,0.0,0.0,0.0,2800.0,6600.0,4200.0
4,13,0,0.0,0.0,0.0,2800.0,6600.0,4200.0
4,13,1,0.0,0.0,0.0,2800.0,6600.0,4200.0
4,13,2,0.0,0.0,0.0,2800.0,6600.0,4200.0
4,13,3,0.0,0.0,0.0,2800.0,6600.0,4200.0
4,13,4,0.0,0.0,0.0,2800.0,6600.0,4200.0
4,13,5,0.0,0.0,0.0,2800.0,6600.0,4200.0
4,13,6,1.2225039999999998,0.974527,0.799683,2800.0,6600.0,4200.0
4,13,7,99.680141,76.689932,65.204302,2800.0,6600.0,4200.0
4,13,8,234.085206,180.518466,153.123405,2800.0,6600.0,4200.0
4,13,9,347.201327,268.821866,227.116657,2800.0,6600.0,4200.0
4,13,10,430.415429,334.22925,281.549942,2800.0,6600.0,4200.0
4,13,11,485.29268199999996,377.22265500000003,317.447093,2800.0,6600.0,4200.0
4,13,12,504.06410999999997,391.762623,329.72614699999997,2800.0,6600.0,4200.0
4,13,13,489.739893,380.24379999999996,320.35617099999996,2800.0,6600.0,4200.0
4,13,14,435.713127,337.58610600000003,285.015354,2800.0,6600.0,4200.0
4,13,15,347.068515,268.212947,227.02978,2800.0,6600.0,4200.0
4,13,16,230.707156,177.843825,150.913704,2800.0,6600.0,4200.0
4,13,17,100.17049300000001,77.12078,65.525059,2800.0,6600.0,4200.0
4,13,18,5.824582,4.53395,3.8100650000000003,2800.0,6600.0,4200.0
4,13,19,0.0,0.0,0.0,2800.0,6600.0,4200.0
4,13,20,0.0,0.0,0.0,2800.0,6600.0,4200.0
4,13,21,0.0,0.0,0.0,2800.0,6600.0,4200.0
4,13,22,0.0,0.0,0.0,2800.0,6600.0,4200.0
4,13,23,0.0,0.0,0.0,2800.0,3928.035620383037,3801.324793919068
4,14,0,0.0,0.0,0.0,835.542666361563,1019.7567975278918,986.8614169624758
4,14,1,0.0,0.0,0.0,402.3068740231014,491.0044525478796,475.1655992398835
4,14,2,0.0,0.0,0.0,1055.7070784976213,1288.4613950167818,1246.8981242097886
4,14,3,0.0,0.0,0.0,2800.0,4798.06917736812,4200.0
4,14,4,0.0,0.0,0.0,2800.0,6600.0,4200.0
4,14,5,0.0,0.0,0.0,2800.0,6600.0,4200.0
4,14,6,4.51966,3.5190900000000003,2.9564690000000002,2800.0,6600.0,4200.0
4,14,7,109.56156299999999,84.348143,71.66808999999999,2800.0,6600.0,4200.0
4,14,8,245.930837,190.154321,160.872051,2800.0,6600.0,4200.0
4,14,9,352.442013,274.318473,230.544776,2800.0,6600.0,4200.0
4,14,10,436.250515,340.199418,285.36687800000004,2800.0,6600.0,4200.0
4,14,11,493.440968,384.83461700000004,322.777175,2800.0,6600.0,4200.0
4,14,12,515.118613,401.24526099999997,336.957288,2800.0,6600.0,4200.0
4,14,13,497.450759,386.629305,325.400121,2800.0,6600.0,4200.0
4,14,14,442.528413,343.08831599999996,289.473473,2800.0,6600.0,4200.0
4,14,15,349.289518,270.040621,228.482617,2800.0,6600.0,4200.0
4,14,16,238.32945999999998,183.793523,155.899722,2800.0,6600.0,4200.0
4,14,17,102.883071,79.23997800000001,67.299453,2800.0,6600.0,4200.0
4,14,18,7.714753,5.993957,5.046492,2800.0,6600.0,4200.0
4,14,19,0.0,0.0,0.0,2800.0,6600.0,4200.0
4,14,20,0.0,0.0,0.0,2800.0,6600.0,4200.0
4,14,21,0.0,0.0,0.0,2800.0,6600.0,4200.0
4,14,22,0.0,0.0,0.0,2800.0,6600.0,4200.0
4,14,23,0.0,0.0,0.0,2800.0,6600.0,4200.0
4,15,0,0.0,0.0,0.0,2800.0,6600.0,4200.0
4,15,1,0.0,0.0,0.0,2800.0,6600.0,4200.0
4,15,2,0.0,0.0,0.0,2800.0,6600.0,4200.0
4,15,3,0.0,0.0,0.0,2800.0,6600.0,4200.0
4,15,4,0.0,0.0,0.0,2800.0,6600.0,4200.0
4,15,5,0.0,0.0,0.0,2800.0,6600.0,4200.0
4,15,6,7.6370640000000005,5.924086,4.995674,2800.0,6600.0,4200.0
4,15,7,120.80443,93.030678,79.022447,2800.0,6600.0,4200.0
4,15,8,261.91515100000004,202.589416,171.327956,2800.0,6600.0,4200.0
4,15,9,367.58038,286.31293900000003,240.447316,2800.0,6600.0,4200.0
4,15,10,440.398636,345.160582,288.080311,2800.0,6600.0,4200.0
4,15,11,482.927394,379.57250300000004,315.899874,2800.0,6600.0,4200.0
4,15,12,502.296141,394.37813,328.569656,2800.0,6600.0,4200.0
4,15,13,492.35429800000003,385.23274200000003,322.06634499999996,2800.0,6600.0,4200.0
4,15,14,444.65696399999996,346.524234,290.86583399999995,2800.0,6600.0,4200.0
4,15,15,359.581998,279.07030699999996,235.21529199999998,2800.0,6600.0,4200.0
4,15,16,240.53826500000002,185.951538,157.344579,2800.0,6600.0,4200.0
4,15,17,100.950245,77.86726700000001,66.03512300000001,2800.0,6600.0,4200.0
4,15,18,8.582165999999999,6.671782,5.613898,2800.0,6600.0,4200.0
4,15,19,0.0,0.0,0.0,2800.0,6600.0,4200.0
4,15,20,0.0,0.0,0.0,2800.0,6600.0,4200.0
4,15,21,0.0,0.0,0.0,2800.0,6600.0,4200.0
4,15,22,0.0,0.0,0.0,2800.0,6600.0,4200.0
4,15,23,0.0,0.0,0.0,2800.0,6600.0,4200.0
4,16,0,0.0,0.0,0.0,2800.0,6600.0,4200.0
4,16,1,0.0,0.0,0.0,2800.0,6600.0,4200.0
4,16,2,0.0,0.0,0.0,2800.0,6600.0,4200.0
4,16,3,0.0,0.0,0.0,2800.0,6600.0,4200.0
4,16,4,0.0,0.0,0.0,2800.0,6600.0,4200.0
4,16,5,0.0,0.0,0.0,2800.0,6600.0,4200.0
4,16,6,8.639177,6.6996080000000005,5.651191,2800.0,6600.0,4200.0
4,16,7,117.402806,90.411755,76.79732399999999,2800.0,6600.0,4200.0
4,16,8,260.636094,201.362166,170.49127900000002,2800.0,6600.0,4200.0
4,16,9,373.38966700000003,289.90564,244.247376,2800.0,6600.0,4200.0
4,16,10,458.063268,356.743776,299.63537099999996,2800.0,6600.0,4200.0
4,16,11,508.476903,396.571147,332.612711,2800.0,6600.0,4200.0
4,16,12,522.089887,407.333298,341.517445,2800.0,6600.0,4200.0
4,16,13,498.762023,389.009369,326.257865,2800.0,6600.0,4200.0
4,16,14,440.92435600000005,343.267172,288.424203,2800.0,6600.0,4200.0
4,16,15,350.937222,272.367021,229.560438,2800.0,6600.0,4200.0
4,16,16,233.563568,180.654001,152.782184,2800.0,6600.0,4200.0
4,16,17,100.22676200000001,77.33760400000001,65.56186699999999,2800.0,6600.0,4200.0
4,16,18,7.923017,6.165435,5.1827250000000005,2800.0,6600.0,4200.0
4,16,19,0.0,0.0,0.0,2800.0,6600.0,4200.0
4,16,20,0.0,0.0,0.0,2800.0,6600.0,4200.0
4,16,21,0.0,0.0,0.0,2800.0,6600.0,4200.0
4,16,22,0.0,0.0,0.0,2800.0,6600.0,4200.0
4,16,23,0.0,0.0,0.0,2800.0,6600.0,4200.0
4,17,0,0.0,0.0,0.0,2800.0,6600.0,4200.0
4,17,1,0.0,0.0,0.0,2800.0,6600.0,4200.0
4,17,2,0.0,0.0,0.0,2800.0,6600.0,4200.0
4,17,3,0.0,0.0,0.0,2800.0,6600.0,4200.0
4,17,4,0.0,0.0,0.0,2800.0,6600.0,4200.0
4,17,5,0.0,0.0,0.0,2800.0,6600.0,4200.0
4,17,6,8.200721,6.3601030000000005,5.364381000000001,2800.0,6600.0,4200.0
4,17,7,39.473425000000006,30.423168,25.820961999999998,2800.0,6600.0,4200.0
4,17,8,200.40860999999998,154.330966,131.09435399999998,2800.0,6600.0,4200.0
4,17,9,348.39582,269.252977,227.898018,2800.0,6600.0,4200.0
4,17,10,433.52819300000004,336.184171,283.58611099999996,2800.0,6600.0,4200.0
4,17,11,473.347283,368.010846,309.633185,2800.0,6600.0,4200.0
4,17,12,482.74776199999997,375.939325,315.782371,2800.0,6600.0,4200.0
4,17,13,469.443086,365.93172,307.07931199999996,2800.0,6600.0,4200.0
4,17,14,400.877729,311.961363,262.228289,2800.0,6600.0,4200.0
4,17,15,328.55071899999996,255.170728,214.916636,2800.0,6600.0,4200.0
4,17,16,198.18450399999998,153.313426,129.639487,2800.0,6600.0,4200.0
4,17,17,57.12027,44.11525,37.364387,2800.0,6600.0,4200.0
4,17,18,3.838092,3.0095810000000003,2.510631,2800.0,6600.0,4200.0
4,17,19,0.0,0.0,0.0,2800.0,6600.0,4200.0
4,17,20,0.0,0.0,0.0,2800.0,6600.0,4200.0
4,17,21,0.0,0.0,0.0,2800.0,6600.0,4200.0
4,17,22,0.0,0.0,0.0,2800.0,6600.0,4200.0
4,17,23,0.0,0.0,0.0,2800.0,6600.0,4200.0
4,18,0,0.0,0.0,0.0,2800.0,6600.0,4200.0
4,18,1,0.0,0.0,0.0,2800.0,6600.0,4200.0
4,18,2,0.0,0.0,0.0,2800.0,6600.0,4200.0
4,18,3,0.0,0.0,0.0,2800.0,6600.0,4200.0
4,18,4,0.0,0.0,0.0,2800.0,6600.0,4200.0
4,18,5,0.0,0.0,0.0,2800.0,6600.0,4200.0
4,18,6,4.614126000000001,3.5935659999999996,3.018263,2800.0,6600.0,4200.0
4,18,7,2.4504479999999997,1.924558,1.602925,2800.0,6600.0,4200.0
4,18,8,83.881022,64.508261,54.869541,2800.0,6600.0,4200.0
4,18,9,149.258365,114.87811900000001,97.635171,2800.0,6600.0,4200.0
4,18,10,174.827056,134.732406,114.360556,2800.0,6600.0,4200.0
4,18,11,183.90174299999998,141.89979300000002,120.296629,2800.0,6600.0,4200.0
4,18,12,194.549454,150.331007,127.261673,2800.0,6600.0,4200.0
4,18,13,175.06781,135.286108,114.518041,2800.0,6600.0,4200.0
4,18,14,118.28302400000001,91.311678,77.37310599999999,2800.0,6600.0,4200.0
4,18,15,131.242624,101.255792,85.850438,2800.0,6600.0,4200.0
4,18,16,79.681015,61.450995999999996,52.122167999999995,2800.0,6600.0,4200.0
4,18,17,19.229811,14.887465,12.578899,2800.0,6600.0,4200.0
4,18,18,6.075698999999999,4.734299,3.974329,2800.0,6600.0,4200.0
4,18,19,0.0,0.0,0.0,2800.0,6600.0,4200.0
4,18,20,0.0,0.0,0.0,2800.0,6600.0,4200.0
4,18,21,0.0,0.0,0.0,2800.0,6600.0,4200.0
4,18,22,0.0,0.0,0.0,2800.0,6600.0,4200.0
4,18,23,0.0,0.0,0.0,2800.0,6600.0,4200.0
4,19,0,0.0,0.0,0.0,2800.0,6600.0,4200.0
4,19,1,0.0,0.0,0.0,2800.0,3928.035620383037,3801.324793919068
4,19,2,0.0,0.0,0.0,1251.4423799619176,1527.350936173994,1478.0815511361232
4,19,3,0.0,0.0,0.0,575.0133429544752,701.7879382515248,679.149617662766
4,19,4,0.0,0.0,0.0,278.9149998077284,340.4080706314795,329.42716512723825
4,19,5,0.0,0.0,0.0,200.6998128762587,244.94859051826847,237.0470230821953
4,19,6,8.200558000000001,6.361149,5.364274999999999,445.37642374118406,543.569651022705,526.0351461510048
4,19,7,101.349782,78.019248,66.296474,1373.4523042863404,1676.2606863337226,1622.1877609681185
4,19,8,150.925959,116.317382,98.72600299999999,2794.6277004301824,3410.766091076207,3300.741378460845
4,19,9,13.794347,10.695681,9.023370000000002,2800.0,6600.0,4200.0
4,19,10,18.007478,13.953521,11.779326999999999,2800.0,6600.0,4200.0
4,19,11,365.620067,283.552966,239.165006,2800.0,6600.0,4200.0
4,19,12,369.85909399999997,286.79762,241.937904,2800.0,6600.0,4200.0
4,19,13,369.300749,286.411876,241.57267000000002,2800.0,6600.0,4200.0
4,19,14,355.916494,275.907905,232.81755600000002,2800.0,6600.0,4200.0
4,19,15,7.38658,5.762284999999999,4.831823,2800.0,6600.0,4200.0
4,19,16,71.02253999999999,54.789907,46.458353,2800.0,6600.0,4200.0
4,19,17,0.910658,0.742818,0.595693,2800.0,6600.0,4200.0
4,19,18,1.716907,1.36453,1.12309,2800.0,6600.0,4200.0
4,19,19,0.0,0.0,0.0,2800.0,6600.0,4200.0
4,19,20,0.0,0.0,0.0,2800.0,6600.0,4200.0
4,19,21,0.0,0.0,0.0,2800.0,6600.0,4200.0
4,19,22,0.0,0.0,0.0,2800.0,6600.0,4200.0
4,19,23,0.0,0.0,0.0,2800.0,6600.0,4200.0
4,20,0,0.0,0.0,0.0,2800.0,6600.0,4200.0
4,20,1,0.0,0.0,0.0,2800.0,6600.0,4200.0
4,20,2,0.0,0.0,0.0,2800.0,6600.0,4200.0
4,20,3,0.0,0.0,0.0,2800.0,6600.0,4200.0
4,20,4,0.0,0.0,0.0,2800.0,6600.0,4200.0
4,20,5,0.0,0.0,0.0,2800.0,6600.0,4200.0
4,20,6,10.901236,8.434190000000001,7.130884,2800.0,6600.0,4200.0
4,20,7,114.10051,87.800344,74.63717600000001,2800.0,6600.0,4200.0
4,20,8,237.896422,183.619767,155.616456,2800.0,6600.0,4200.0
4,20,9,316.085658,244.684341,206.762799,2800.0,4875.874201202505,4200.0
4,20,10,426.613417,331.587159,279.062912,2800.0,6600.0,4200.0
4,20,11,453.327243,352.680431,296.537369,2800.0,6600.0,4200.0
4,20,12,502.91648100000003,391.881384,328.975442,2800.0,6600.0,4200.0
4,20,13,397.573648,308.250472,260.066973,2800.0,6600.0,4200.0
4,20,14,380.415924,294.489662,248.843499,2800.0,6600.0,4200.0
4,20,15,290.482984,224.232491,190.015185,2800.0,6600.0,4200.0
4,20,16,209.06921599999998,161.082498,136.75956200000002,2800.0,6600.0,4200.0
4,20,17,25.060173,19.359236,16.392744,2800.0,6600.0,4200.0
4,20,18,8.685886,6.741868,5.681745,2800.0,6600.0,4200.0
4,20,19,0.0,0.0,0.0,2800.0,6600.0,4200.0
4,20,20,0.0,0.0,0.0,2800.0,6600.0,4200.0
4,20,21,0.0,0.0,0.0,2800.0,6600.0,4200.0
4,20,22,0.0,0.0,0.0,2800.0,6600.0,4200.0
4,20,23,0.0,0.0,0.0,2800.0,6600.0,4200.0
4,21,0,0.0,0.0,0.0,2800.0,6600.0,4200.0
4,21,1,0.0,0.0,0.0,2800.0,6600.0,4200.0
4,21,2,0.0,0.0,0.0,2800.0,6600.0,4200.0
4,21,3,0.0,0.0,0.0,2800.0,6600.0,4200.0
4,21,4,0.0,0.0,0.0,2800.0,6600.0,4200.0
4,21,5,0.0,0.0,0.0,2800.0,6600.0,4200.0
4,21,6,12.521681000000001,9.672979,8.190873999999999,2800.0,6600.0,4200.0
4,21,7,123.969764,95.296531,81.09300400000001,2800.0,6600.0,4200.0
4,21,8,264.299351,203.753848,172.88754500000002,2800.0,6600.0,4200.0
4,21,9,378.23637199999996,292.603322,247.417777,2800.0,6600.0,4200.0
4,21,10,462.907117,359.03898300000003,302.803903,2800.0,6600.0,4200.0
4,21,11,512.95085,398.419127,335.53927799999997,2800.0,6600.0,4200.0
4,21,12,527.369021,409.727512,344.970713,2800.0,6600.0,4200.0
4,21,13,508.241589,394.599807,332.458784,2800.0,6600.0,4200.0
4,21,14,452.132217,350.403311,295.75566100000003,2800.0,6600.0,4200.0
4,21,15,361.083147,279.15639799999997,236.197247,2800.0,6600.0,4200.0
4,21,16,242.13305499999998,186.716544,158.387788,2800.0,6600.0,4200.0
4,21,17,101.44906200000001,78.132095,66.36141599999999,2800.0,6600.0,4200.0
4,21,18,7.466386000000001,5.8035630000000005,4.884027,2800.0,6600.0,4200.0
4,21,19,0.0,0.0,0.0,2800.0,6600.0,4200.0
4,21,20,0.0,0.0,0.0,2800.0,5876.06920203001,4200.0
4,21,21,0.0,0.0,0.0,1342.23868718708,1638.1653268818693,1585.3212840792282
4,21,22,0.0,0.0,0.0,125.47457411733969,153.13825974950905,148.19831588662166
4,21,23,0.0,0.0,0.0,3.563011389929472,4.34855720818164,4.208281169208038
4,22,0,0.0,0.0,0.0,67.56525302384776,82.46152928107404,79.80147994942648
4,22,1,0.0,0.0,0.0,200.6998128762587,244.94859051826847,237.0470230821953
4,22,2,0.0,0.0,0.0,336.8536460978451,411.1205916942204,397.8586371234391
4,22,3,0.0,0.0,0.0,523.8060511729734,639.2908498567786,618.6685643775277
4,22,4,0.0,0.0,0.0,791.1870845831577,965.6220323652713,934.4729345470366
4,22,5,0.0,0.0,0.0,1193.2453053765432,1456.323010498931,1409.344848869933
4,22,6,12.889536,9.960411,8.431501,1640.756359055384,2002.4979185321613,1937.9012114827367
4,22,7,124.445205,95.712953,81.404006,2364.2786071344885,2885.536882723194,2792.4550477966395
4,22,8,264.419969,203.967948,172.966446,1570.9465066065366,1917.296917511915,1855.44862985024
4,22,9,377.550179,292.314928,246.96891399999998,2694.829168782761,3288.9647335537634,3182.869096987513
4,22,10,457.131176,354.95832,299.025657,2800.0,6330.21083371745,4200.0
4,22,11,507.038026,394.278985,331.671491,2800.0,6600.0,4200.0
4,22,12,522.152218,406.04290999999995,341.558218,2800.0,6600.0,4200.0
4,22,13,500.501893,388.706928,327.39597499999996,2800.0,6600.0,4200.0
4,22,14,441.906092,342.447991,289.066391,2800.0,6600.0,4200.0
4,22,15,324.785819,250.91437599999998,212.45388200000002,2800.0,6600.0,4200.0
4,22,16,208.186799,160.466703,136.182342,2800.0,6600.0,4200.0
4,22,17,101.058785,77.82938499999999,66.10612300000001,2800.0,6600.0,4200.0
4,22,18,7.154688,5.563488,4.680135,2800.0,6600.0,4200.0
4,22,19,0.0,0.0,0.0,2800.0,6600.0,4200.0
4,22,20,0.0,0.0,0.0,2800.0,6600.0,4200.0
4,22,21,0.0,0.0,0.0,2800.0,6600.0,4200.0
4,22,22,0.0,0.0,0.0,2800.0,3928.035620383037,3801.324793919068
4,22,23,0.0,0.0,0.0,1251.4423799619176,1527.350936173994,1478.0815511361232
4,23,0,0.0,0.0,0.0,278.9149998077284,340.4080706314795,329.42716512723825
4,23,1,0.0,0.0,0.0,5.6579301238231885,6.905347788918065,6.682594634436836
4,23,2,0.0,0.0,0.0,9.545962443012346,11.650584083991449,11.274758790959464
4,23,3,0.0,0.0,0.0,200.6998128762587,244.94859051826847,237.0470230821953
4,23,4,0.0,0.0,0.0,289.9235564324093,353.8437106064838,342.42939736111333
4,23,5,0.0,0.0,0.0,1003.7965929387176,1225.1060779960724,1185.5865270929733
4,23,6,13.953346999999999,10.779596999999999,9.127377000000001,2455.7891050857875,2997.2229235298983,2900.5383130934497
4,23,7,120.515899,92.681405,78.833708,2800.0,5528.8079782263085,4200.0
4,23,8,259.22906,199.925464,169.570889,2800.0,4205.209912886971,4069.5579802131983
4,23,9,370.303745,286.82196899999997,242.228765,2800.0,4134.733013236745,4001.3545289387857
4,23,10,444.130492,345.179361,290.52145,2800.0,6600.0,4200.0
4,23,11,492.922433,383.950935,322.43798200000003,2800.0,6600.0,4200.0
4,23,12,502.057494,391.077045,328.413548,2800.0,6600.0,4200.0
4,23,13,429.549848,333.676309,280.98373499999997,2800.0,6600.0,4200.0
4,23,14,330.542551,255.936161,216.219563,2800.0,6600.0,4200.0
4,23,15,295.635178,228.630736,193.385417,2800.0,6600.0,4200.0
4,23,16,149.323535,115.169405,97.677801,2800.0,6600.0,4200.0
4,23,17,79.201216,61.064398999999995,51.808313999999996,2800.0,6600.0,4200.0
4,23,18,6.768493,5.269640000000001,4.42751,2800.0,6600.0,4200.0
4,23,19,0.0,0.0,0.0,2800.0,6600.0,4200.0
4,23,20,0.0,0.0,0.0,2800.0,6600.0,4200.0
4,23,21,0.0,0.0,0.0,2800.0,6600.0,4200.0
4,23,22,0.0,0.0,0.0,2800.0,6600.0,4200.0
4,23,23,0.0,0.0,0.0,2800.0,6600.0,4200.0
4,24,0,0.0,0.0,0.0,2800.0,6600.0,4200.0
4,24,1,0.0,0.0,0.0,2800.0,6600.0,4200.0
4,24,2,0.0,0.0,0.0,2800.0,6600.0,4200.0
4,24,3,0.0,0.0,0.0,2800.0,6600.0,4200.0
4,24,4,0.0,0.0,0.0,2800.0,6600.0,4200.0
4,24,5,0.0,0.0,0.0,2800.0,6600.0,4200.0
4,24,6,14.393879,11.125463,9.415545,2800.0,6600.0,4200.0
4,24,7,122.40810400000001,94.269706,80.071466,2800.0,6600.0,4200.0
4,24,8,257.719419,199.202208,168.58337899999998,2800.0,6600.0,4200.0
4,24,9,369.39331599999997,286.5471,241.63322200000002,2800.0,6600.0,4200.0
4,24,10,464.302408,361.16267700000003,303.716612,2800.0,6600.0,4200.0
4,24,11,512.865265,399.450669,335.483293,2800.0,6600.0,4200.0
4,24,12,527.993964,411.242483,345.37951,2800.0,6600.0,4200.0
4,24,13,505.446096,393.215194,330.630153,2800.0,6600.0,4200.0
4,24,14,448.10106099999996,347.94667,293.118739,2800.0,6600.0,4200.0
4,24,15,357.877434,277.16028600000004,234.100277,2800.0,6600.0,4200.0
4,24,16,238.09948,183.910964,155.74928400000002,2800.0,6600.0,4200.0
4,24,17,103.554382,79.868859,67.73858100000001,2800.0,6600.0,4200.0
4,24,18,7.540011000000001,5.868516,4.932188,2800.0,6600.0,4200.0
4,24,19,0.0,0.0,0.0,2800.0,6600.0,4200.0
4,24,20,0.0,0.0,0.0,881.5257965526516,1075.877940674496,1041.1722006527382
4,24,21,0.0,0.0,0.0,4.887532770822322,5.965099051003621,5.772676500971246
4,24,22,0.0,0.0,0.0,1570.9465066065366,1917.296917511915,1855.44862985024
4,24,23,0.0,0.0,0.0,2800.0,6600.0,4200.0
4,25,0,0.0,0.0,0.0,2800.0,6600.0,4200.0
4,25,1,0.0,0.0,0.0,2800.0,6600.0,4200.0
4,25,2,0.0,0.0,0.0,2800.0,6600.0,4200.0
4,25,3,0.0,0.0,0.0,2800.0,6600.0,4200.0
4,25,4,0.0,0.0,0.0,2800.0,6600.0,4200.0
4,25,5,0.0,0.0,0.0,2800.0,6600.0,4200.0
4,25,6,15.624068,12.099150999999999,10.220255,2800.0,3860.699345383164,3736.160656822416
4,25,7,123.745445,95.497724,80.946268,2744.426018516277,3349.496321811205,3241.448053365682
4,25,8,257.554904,199.58776999999998,168.475764,1222.1129067458091,1491.5551224063024,1443.4404410383572
4,25,9,369.22590399999996,287.019635,241.523712,6.505306117964509,7.939546836885818,7.683432422792727
4,25,10,452.138915,352.100032,295.760042,707.2412654778989,863.1684736147585,835.3243293046049
4,25,11,503.425119,392.435737,329.30816,2800.0,4495.12565696385,4200.0
4,25,12,517.880429,403.66400500000003,338.76389,2800.0,6600.0,4200.0
4,25,13,498.69738299999995,388.346634,326.215582,2800.0,6600.0,4200.0
4,25,14,442.03443699999997,343.55682,289.150346,2800.0,6600.0,4200.0
4,25,15,352.57421999999997,273.313514,230.631257,2800.0,6600.0,4200.0
4,25,16,234.915695,181.636104,153.66665700000001,2800.0,6600.0,4200.0
4,25,17,101.993505,78.75202499999999,66.717556,2800.0,6600.0,4200.0
4,25,18,7.530903,5.8700969999999995,4.926229999999999,2800.0,6600.0,4200.0
4,25,19,0.0,0.0,0.0,2800.0,6600.0,4200.0
4,25,20,0.0,0.0,0.0,2800.0,6600.0,4200.0
4,25,21,0.0,0.0,0.0,2800.0,6600.0,4200.0
4,25,22,0.0,0.0,0.0,2800.0,6600.0,4200.0
4,25,23,0.0,0.0,0.0,2800.0,6600.0,4200.0
4,26,0,0.0,0.0,0.0,2800.0,6600.0,4200.0
4,26,1,0.0,0.0,0.0,2800.0,6600.0,4200.0
4,26,2,0.0,0.0,0.0,2800.0,6600.0,4200.0
4,26,3,0.0,0.0,0.0,2800.0,6600.0,4200.0
4,26,4,0.0,0.0,0.0,2800.0,6600.0,4200.0
4,26,5,0.0,0.0,0.0,2800.0,6600.0,4200.0
4,26,6,15.667131999999999,12.135016,10.248424000000002,2800.0,6600.0,4200.0
4,26,7,121.063069,93.40491499999999,79.191631,2800.0,6600.0,4200.0
4,26,8,252.731744,195.706261,165.32076500000002,748.4297260208111,913.4378545923286,883.9721173474147
4,26,9,355.123432,276.49767599999996,232.298786,71.8766678693094,87.7234922814406,84.89370220784575
4,26,10,435.299569,339.812685,284.74483100000003,1003.7965929387176,1225.1060779960724,1185.5865270929733
4,26,11,487.02261599999997,380.182191,318.57870299999996,2800.0,6600.0,4200.0
4,26,12,504.168168,393.22630699999996,329.794215,2800.0,6600.0,4200.0
4,26,13,482.828261,375.982581,315.83502799999997,2800.0,6600.0,4200.0
4,26,14,427.510325,332.194571,279.649611,2800.0,6600.0,4200.0
4,26,15,340.51065600000004,263.925299,222.74005300000002,2800.0,6600.0,4200.0
4,26,16,224.486329,173.572074,146.844441,2800.0,6600.0,4200.0
4,26,17,97.40775500000001,75.23422599999999,63.717855,2800.0,6600.0,4200.0
4,26,18,7.233574,5.645082,4.731737,2800.0,6600.0,4200.0
4,26,19,0.0,0.0,0.0,2800.0,6600.0,4200.0
4,26,20,0.0,0.0,0.0,2800.0,6600.0,4200.0
4,26,21,0.0,0.0,0.0,2800.0,6600.0,4200.0
4,26,22,0.0,0.0,0.0,2800.0,6600.0,4200.0
4,26,23,0.0,0.0,0.0,2800.0,6600.0,4200.0
4,27,0,0.0,0.0,0.0,2800.0,6600.0,4200.0
4,27,1,0.0,0.0,0.0,2800.0,6600.0,4200.0
4,27,2,0.0,0.0,0.0,2800.0,6600.0,4200.0
4,27,3,0.0,0.0,0.0,2800.0,6600.0,4200.0
4,27,4,0.0,0.0,0.0,2800.0,6600.0,4200.0
4,27,5,0.0,0.0,0.0,2800.0,5965.099051003621,4200.0
4,27,6,13.198462,10.22404,8.63358,2800.0,6600.0,4200.0
4,27,7,115.790576,89.232502,75.742707,2800.0,6600.0,4200.0
4,27,8,244.290457,188.601664,159.799021,2800.0,6600.0,4200.0
4,27,9,285.053851,220.208921,186.463797,2800.0,6600.0,4200.0
4,27,10,106.758719,82.327663,69.834651,2800.0,6600.0,4200.0
4,27,11,337.931469,261.222843,221.052916,2800.0,6600.0,4200.0
4,27,12,491.702215,381.441935,321.639795,2800.0,6600.0,4200.0
4,27,13,322.540805,249.343763,210.985339,2800.0,6600.0,4200.0
4,27,14,52.202045,40.333161999999994,34.147203000000005,2800.0,6600.0,4200.0
4,27,15,6.869422999999999,5.365742,4.493532,2800.0,6600.0,4200.0
4,27,16,108.16203200000001,83.37633500000001,70.752607,2800.0,6600.0,4200.0
4,27,17,2.801868,2.209074,1.832801,2800.0,6600.0,4200.0
4,27,18,1.597809,1.273069,1.045183,2800.0,6600.0,4200.0
4,27,19,0.0,0.0,0.0,2800.0,6600.0,4200.0
4,27,20,0.0,0.0,0.0,2800.0,6600.0,4200.0
4,27,21,0.0,0.0,0.0,2800.0,6600.0,4200.0
4,27,22,0.0,0.0,0.0,2800.0,6600.0,4200.0
4,27,23,0.0,0.0,0.0,2800.0,6600.0,4200.0
4,28,0,0.0,0.0,0.0,2800.0,6600.0,4200.0
4,28,1,0.0,0.0,0.0,2800.0,6600.0,4200.0
4,28,2,0.0,0.0,0.0,2800.0,6600.0,4200.0
4,28,3,0.0,0.0,0.0,2800.0,6600.0,4200.0
4,28,4,0.0,0.0,0.0,2800.0,6600.0,4200.0
4,28,5,0.0,0.0,0.0,2800.0,6600.0,4200.0
4,28,6,18.931449,14.613089,12.38373,2800.0,6600.0,4200.0
4,28,7,141.316429,108.684147,92.44007,2800.0,6600.0,4200.0
4,28,8,287.02985600000005,221.29221900000002,187.756372,2800.0,6600.0,4200.0
4,28,9,399.658098,308.967036,261.430485,2800.0,6600.0,4200.0
4,28,10,483.942163,375.036913,316.56367,2800.0,6600.0,4200.0
4,28,11,532.6474740000001,413.330924,348.423536,2800.0,6600.0,4200.0
4,28,12,545.076077,423.03970400000003,356.553524,2800.0,6600.0,4200.0
4,28,13,521.648224,404.456655,341.228538,2800.0,6600.0,4200.0
4,28,14,462.88241700000003,358.202227,302.78774599999997,2800.0,6600.0,4200.0
4,28,15,370.946961,286.40576400000003,242.649516,2800.0,6600.0,4200.0
4,28,16,243.385852,187.459323,159.20728599999998,2800.0,6600.0,4200.0
4,28,17,56.219748,43.306768,36.775324,2800.0,6600.0,4200.0
4,28,18,10.470829,8.116971,6.849339,2800.0,6600.0,4200.0
4,28,19,0.0,0.0,0.0,2800.0,6600.0,4200.0
4,28,20,0.0,0.0,0.0,2800.0,6600.0,4200.0
4,28,21,0.0,0.0,0.0,2800.0,6600.0,4200.0
4,28,22,0.0,0.0,0.0,2800.0,6600.0,4200.0
4,28,23,0.0,0.0,0.0,2800.0,6600.0,4200.0
4,29,0,0.0,0.0,0.0,2800.0,6600.0,4200.0
4,29,1,0.0,0.0,0.0,2800.0,6600.0,4200.0
4,29,2,0.0,0.0,0.0,2800.0,6600.0,4200.0
4,29,3,0.0,0.0,0.0,2800.0,6600.0,4200.0
4,29,4,0.0,0.0,0.0,2800.0,6600.0,4200.0
4,29,5,0.0,0.0,0.0,2800.0,6600.0,4200.0
4,29,6,16.034245000000002,12.381936,10.488566,2800.0,6600.0,4200.0
4,29,7,40.762412,31.399423,26.664133999999997,2800.0,6600.0,4200.0
4,29,8,205.093127,157.79120600000002,134.15866200000002,2800.0,6600.0,4200.0
4,29,9,139.107288,107.042549,90.99499300000001,2800.0,6600.0,4200.0
4,29,10,430.393364,332.611244,281.53550900000005,2800.0,6600.0,4200.0
4,29,11,480.209499,371.70705499999997,314.122003,2800.0,6600.0,4200.0
4,29,12,484.082824,374.974519,316.65568199999996,2800.0,6600.0,4200.0
4,29,13,455.17187,352.48567099999997,297.744005,2800.0,6600.0,4200.0
4,29,14,58.246718,44.939758999999995,38.101236,2800.0,6600.0,4200.0
4,29,15,288.918982,222.93026,188.992116,2800.0,6600.0,4200.0
4,29,16,156.235827,120.328383,102.199375,2800.0,6600.0,4200.0
4,29,17,44.264962,34.141814,28.955276,2800.0,6600.0,4200.0
4,29,18,8.566700999999998,6.653501,5.603782,2800.0,6600.0,4200.0
4,29,19,0.0,0.0,0.0,2800.0,6600.0,4200.0
4,29,20,0.0,0.0,0.0,2800.0,6600.0,4200.0
4,29,21,0.0,0.0,0.0,2275.070137118247,2776.660403569514,2687.090713131788
4,29,22,0.0,0.0,0.0,523.8060511729734,639.2908498567786,618.6685643775277
4,29,23,0.0,0.0,0.0,268.18869820056244,327.31691512667066,316.7583049612942
4,30,0,0.0,0.0,0.0,1082.3203053763452,1320.942104986878,1278.3310693421402
4,30,1,0.0,0.0,0.0,2800.0,3728.344236364732,3608.075067449741
4,30,2,0.0,0.0,0.0,2800.0,4954.515830178791,4200.0
4,30,3,0.0,0.0,0.0,2800.0,4644.951049827907,4200.0
4,30,4,0.0,0.0,0.0,2800.0,4134.733013236745,4001.3545289387857
4,30,5,0.0,0.0,0.0,2800.0,4134.733013236745,4001.3545289387857
4,30,6,18.913408999999998,14.601818,12.371929,2800.0,4495.12565696385,4200.0
4,30,7,125.217924,96.359251,81.909469,2800.0,6055.023664834879,4200.0
4,30,8,264.61803999999995,204.118797,173.096011,2800.0,5528.8079782263085,4200.0
4,30,9,370.702256,286.743222,242.489446,2800.0,3535.5380679260493,3421.48845283166
4,30,10,450.32875199999995,349.229811,294.57595000000003,2800.0,6600.0,4200.0
4,30,11,495.860233,385.082738,324.359701,2800.0,6600.0,4200.0
4,30,12,479.64369,372.15656,313.751887,2800.0,6600.0,4200.0
4,30,13,491.565087,381.305467,321.550095,2800.0,6600.0,4200.0
4,30,14,434.31640600000003,336.224647,284.10170899999997,2800.0,6600.0,4200.0
4,30,15,344.031478,265.741188,225.043147,2800.0,6600.0,4200.0
4,30,16,230.447968,177.645709,150.74416,2800.0,6600.0,4200.0
4,30,17,100.240774,77.20899800000001,65.571033,2800.0,6600.0,4200.0
4,30,18,8.524464,6.624785,5.576153000000001,2800.0,6600.0,4200.0
4,30,19,0.0,0.0,0.0,2800.0,6600.0,4200.0
4,30,20,0.0,0.0,0.0,2800.0,6600.0,4200.0
4,30,21,0.0,0.0,0.0,2800.0,6600.0,4200.0
4,30,22,0.0,0.0,0.0,2800.0,6600.0,4200.0
4,30,23,0.0,0.0,0.0,2800.0,6600.0,4200.0
5,1,0,0.0,0.0,0.0,2800.0,6600.0,4200.0
5,1,1,0.0,0.0,0.0,2800.0,6600.0,4200.0
5,1,2,0.0,0.0,0.0,2800.0,6600.0,4200.0
5,1,3,0.0,0.0,0.0,2800.0,6600.0,4200.0
5,1,4,0.0,0.0,0.0,2800.0,6600.0,4200.0
5,1,5,0.0,0.0,0.0,2800.0,6600.0,4200.0
5,1,6,0.889278,0.7209930000000001,0.581708,2800.0,6600.0,4200.0
5,1,7,89.38971400000001,68.844991,58.472971,2800.0,6600.0,4200.0
5,1,8,209.638419,161.67375099999998,137.13189799999998,2800.0,6600.0,4200.0
5,1,9,313.004365,242.21639000000002,204.74721599999998,2800.0,6600.0,4200.0
5,1,10,387.77716200000003,300.977517,253.65874499999998,2800.0,6600.0,4200.0
5,1,11,435.733339,338.708992,285.028575,2800.0,6600.0,4200.0
5,1,12,450.731616,350.414838,294.839478,2800.0,6600.0,4200.0
5,1,13,449.040462,349.094094,293.733235,2800.0,6600.0,4200.0
5,1,14,397.641551,308.670708,260.11139000000003,2800.0,6600.0,4200.0
5,1,15,318.630044,246.776871,208.42717100000002,2800.0,6600.0,4200.0
5,1,16,214.053903,165.376991,140.02022200000002,2800.0,6600.0,4200.0
5,1,17,99.967117,77.137165,65.39202399999999,2800.0,6600.0,4200.0
5,1,18,5.410156,4.228219,3.5389749999999998,2800.0,6600.0,4200.0
5,1,19,0.0,0.0,0.0,2800.0,6600.0,4200.0
5,1,20,0.0,0.0,0.0,2800.0,6600.0,4200.0
5,1,21,0.0,0.0,0.0,2800.0,6600.0,4200.0
5,1,22,0.0,0.0,0.0,2800.0,6600.0,4200.0
5,1,23,0.0,0.0,0.0,2800.0,6600.0,4200.0
5,2,0,0.0,0.0,0.0,2800.0,6600.0,4200.0
5,2,1,0.0,0.0,0.0,2800.0,6600.0,4200.0
5,2,2,0.0,0.0,0.0,2800.0,6600.0,4200.0
5,2,3,0.0,0.0,0.0,2800.0,6600.0,4200.0
5,2,4,0.0,0.0,0.0,2800.0,6600.0,4200.0
5,2,5,0.0,0.0,0.0,2800.0,6600.0,4200.0
5,2,6,4.734177,3.6891640000000003,3.0967919999999998,2800.0,6600.0,4200.0
5,2,7,102.402534,78.811985,66.98511599999999,2800.0,6600.0,4200.0
5,2,8,221.656252,170.90274100000002,144.993188,2800.0,6600.0,4200.0
5,2,9,324.341043,250.84655300000003,212.162938,2800.0,6600.0,4200.0
5,2,10,416.660908,323.26354499999997,272.55262400000004,2800.0,6600.0,4200.0
5,2,11,464.914946,361.134658,304.11729499999996,2800.0,6600.0,4200.0
5,2,12,480.762739,373.497301,314.483897,2800.0,6600.0,4200.0
5,2,13,458.901456,356.374986,300.183659,2800.0,6600.0,4200.0
5,2,14,406.96490500000004,315.826314,266.210126,2800.0,6600.0,4200.0
5,2,15,324.963481,251.77418,212.570097,2800.0,6600.0,4200.0
5,2,16,219.880268,169.967243,143.831453,2800.0,6600.0,4200.0
5,2,17,102.81372,79.351189,67.254087,2800.0,6600.0,4200.0
5,2,18,6.121333,4.778163999999999,4.00418,2800.0,6600.0,4200.0
5,2,19,0.0,0.0,0.0,2800.0,6600.0,4200.0
5,2,20,0.0,0.0,0.0,2800.0,6600.0,4200.0
5,2,21,0.0,0.0,0.0,2800.0,6600.0,4200.0
5,2,22,0.0,0.0,0.0,2800.0,6600.0,4200.0
5,2,23,0.0,0.0,0.0,2800.0,6600.0,4200.0
5,3,0,0.0,0.0,0.0,2800.0,6600.0,4200.0
5,3,1,0.0,0.0,0.0,2800.0,6600.0,4200.0
5,3,2,0.0,0.0,0.0,2800.0,6600.0,4200.0
5,3,3,0.0,0.0,0.0,2800.0,6600.0,4200.0
5,3,4,0.0,0.0,0.0,2800.0,6600.0,4200.0
5,3,5,0.0,0.0,0.0,2800.0,6600.0,4200.0
5,3,6,9.184363,7.11932,6.007817,2800.0,6600.0,4200.0
5,3,7,110.637548,85.154984,72.37192999999999,2800.0,6600.0,4200.0
5,3,8,232.20485699999998,179.15259700000001,151.89340299999998,2800.0,6600.0,4200.0
5,3,9,335.70483,259.963867,219.59639199999998,2800.0,6600.0,4200.0
5,3,10,412.899216,320.69282,270.091969,2800.0,6600.0,4200.0
5,3,11,458.89120199999996,356.95122100000003,300.17695199999997,2800.0,6600.0,4200.0
5,3,12,474.03999300000004,368.795336,310.08631099999997,2800.0,6600.0,4200.0
5,3,13,455.895172,354.40891600000003,298.21714299999996,2800.0,6600.0,4200.0
5,3,14,404.70295600000003,314.172312,264.730505,2800.0,6600.0,4200.0
5,3,15,325.278958,251.967107,212.776461,2800.0,6600.0,4200.0
5,3,16,216.010148,166.928924,141.29987100000002,2800.0,6600.0,4200.0
5,3,17,101.190817,78.105902,66.192489,2800.0,6600.0,4200.0
5,3,18,6.584482,5.137716999999999,4.307142,2800.0,6600.0,4200.0
5,3,19,0.0,0.0,0.0,2800.0,6600.0,4200.0
5,3,20,0.0,0.0,0.0,2800.0,6600.0,4200.0
5,3,21,0.0,0.0,0.0,2800.0,6600.0,4200.0
5,3,22,0.0,0.0,0.0,2800.0,6600.0,4200.0
5,3,23,0.0,0.0,0.0,2800.0,6600.0,4200.0
5,4,0,0.0,0.0,0.0,2800.0,6600.0,4200.0
5,4,1,0.0,0.0,0.0,2800.0,6600.0,4200.0
5,4,2,0.0,0.0,0.0,2800.0,6600.0,4200.0
5,4,3,0.0,0.0,0.0,2800.0,6600.0,4200.0
5,4,4,0.0,0.0,0.0,2800.0,6600.0,4200.0
5,4,5,0.0,0.0,0.0,2800.0,6600.0,4200.0
5,4,6,10.163383,7.877757,6.6482280000000005,2800.0,6600.0,4200.0
5,4,7,110.024109,84.779857,71.970658,2800.0,6600.0,4200.0
5,4,8,227.647401,175.85791,148.91221,2800.0,6600.0,4200.0
5,4,9,329.606739,255.52626800000002,215.607415,2800.0,6600.0,4200.0
5,4,10,413.30471,321.296989,270.357217,2800.0,6600.0,4200.0
5,4,11,462.30199200000004,359.725084,302.40807,2800.0,6600.0,4200.0
5,4,12,477.377929,371.461577,312.269773,2800.0,6600.0,4200.0
5,4,13,452.470562,351.751255,295.976984,2800.0,6600.0,4200.0
5,4,14,401.34300199999996,311.4878,262.532641,2800.0,6600.0,4200.0
5,4,15,320.063917,247.90549900000002,209.365119,2800.0,6600.0,4200.0
5,4,16,214.91343799999999,166.12734700000001,140.582474,2800.0,6600.0,4200.0
5,4,17,100.52892999999999,77.637292,65.759526,2800.0,6600.0,4200.0
5,4,18,5.895743,4.6104970000000005,3.856614,2800.0,6600.0,4200.0
5,4,19,0.0,0.0,0.0,2800.0,6600.0,4200.0
5,4,20,0.0,0.0,0.0,2800.0,6600.0,4200.0
5,4,21,0.0,0.0,0.0,2800.0,6600.0,4200.0
5,4,22,0.0,0.0,0.0,2800.0,6600.0,4200.0
5,4,23,0.0,0.0,0.0,2800.0,6600.0,4200.0
5,5,0,0.0,0.0,0.0,2800.0,6600.0,4200.0
5,5,1,0.0,0.0,0.0,2800.0,6600.0,4200.0
5,5,2,0.0,0.0,0.0,2800.0,6600.0,4200.0
5,5,3,0.0,0.0,0.0,2800.0,6600.0,4200.0
5,5,4,0.0,0.0,0.0,2800.0,6600.0,4200.0
5,5,5,0.0,0.0,0.0,2800.0,6600.0,4200.0
5,5,6,15.110472,11.703893,9.884293,2800.0,6600.0,4200.0
5,5,7,115.325988,88.976719,75.438804,2800.0,6600.0,4200.0
5,5,8,234.512205,181.434013,153.40272099999999,2800.0,6600.0,4200.0
5,5,9,321.769508,249.703071,210.480806,2800.0,6600.0,4200.0
5,5,10,422.425795,328.688178,276.32364,2800.0,6600.0,4200.0
5,5,11,471.245825,366.95101400000004,308.258547,2800.0,6600.0,4200.0
5,5,12,485.310571,377.932347,317.458795,2800.0,6600.0,4200.0
5,5,13,459.247482,357.435653,300.410007,2800.0,6600.0,4200.0
5,5,14,405.986659,315.570931,265.570221,2800.0,6600.0,4200.0
5,5,15,323.99348599999996,251.29941,211.935589,2800.0,6600.0,4200.0
5,5,16,218.21127900000002,168.889728,142.739709,2800.0,6600.0,4200.0
5,5,17,100.018359,77.323798,65.425543,2800.0,6600.0,4200.0
5,5,18,8.433294,6.581052,5.516515,2800.0,6600.0,4200.0
5,5,19,0.0,0.0,0.0,2800.0,6600.0,4200.0
5,5,20,0.0,0.0,0.0,2800.0,6600.0,4200.0
5,5,21,0.0,0.0,0.0,2800.0,6600.0,4200.0
5,5,22,0.0,0.0,0.0,2800.0,6600.0,4200.0
5,5,23,0.0,0.0,0.0,2800.0,6600.0,4200.0
5,6,0,0.0,0.0,0.0,2800.0,6600.0,4200.0
5,6,1,0.0,0.0,0.0,2800.0,6600.0,4200.0
5,6,2,0.0,0.0,0.0,2800.0,6600.0,4200.0
5,6,3,0.0,0.0,0.0,2800.0,6055.023664834879,4200.0
5,6,4,0.0,0.0,0.0,2645.8334855800563,3229.1668524795964,3125.000179818964
5,6,5,0.0,0.0,0.0,748.4297260208111,913.4378545923286,883.9721173474147
5,6,6,9.471532999999999,7.365807,6.195665,28.504091119435778,34.78845766545312,33.666249353664305
5,6,7,72.63065399999999,56.065944,47.510278,4.190448409383788,5.114326798854229,4.949348515020222
5,6,8,6.373419,4.9885649999999995,4.169079,81.04201369779398,98.90954427683516,95.7189138162921
5,6,9,245.02034400000002,189.756745,160.276466,183.74862734385428,224.2601357346253,217.0259378077019
5,6,10,421.411047,327.685393,275.659858,101.6454080931955,124.05541932634095,120.0536316061364
5,6,11,446.71022999999997,347.265631,292.20894699999997,1003.7965929387176,1225.1060779960724,1185.5865270929733
5,6,12,440.380101,341.947209,288.06818599999997,2800.0,6600.0,4200.0
5,6,13,301.792256,233.547776,197.41298,2800.0,6600.0,4200.0
5,6,14,403.71846,312.93243199999995,264.08651199999997,2800.0,6600.0,4200.0
5,6,15,329.76223,255.175539,215.709128,2800.0,6600.0,4200.0
5,6,16,224.445277,173.38346900000002,146.817587,2800.0,6600.0,4200.0
5,6,17,102.550193,79.163864,67.08170600000001,2800.0,6600.0,4200.0
5,6,18,9.506641,7.40322,6.21863,2800.0,6600.0,4200.0
5,6,19,0.0,0.0,0.0,2800.0,6600.0,4200.0
5,6,20,0.0,0.0,0.0,2800.0,6600.0,4200.0
5,6,21,0.0,0.0,0.0,2800.0,6600.0,4200.0
5,6,22,0.0,0.0,0.0,2800.0,5614.303506012198,4200.0
5,6,23,0.0,0.0,0.0,2800.0,4065.047980485539,3933.917400469876
5,7,0,0.0,0.0,0.0,2800.0,3535.5380679260493,3421.48845283166
5,7,1,0.0,0.0,0.0,2800.0,3860.699345383164,3736.160656822416
5,7,2,0.0,0.0,0.0,2800.0,4205.209912886971,4069.5579802131983
5,7,3,0.0,0.0,0.0,2800.0,3928.035620383037,3801.324793919068
5,7,4,0.0,0.0,0.0,2455.7891050857875,2997.2229235298983,2900.5383130934497
5,7,5,0.0,0.0,0.0,1373.4523042863404,1676.2606863337226,1622.1877609681185
5,7,6,19.240265,14.875208,12.585738,402.3068740231014,491.0044525478796,475.1655992398835
5,7,7,121.149018,93.28653800000001,79.247854,125.47457411733969,153.13825974950905,148.19831588662166
5,7,8,246.195624,189.962868,161.045258,125.47457411733969,153.13825974950905,148.19831588662166
5,7,9,356.25975400000004,275.638665,233.042095,30.94602468005788,37.7687702788108,36.55042285046206
5,7,10,430.79842099999996,334.01347100000004,281.800471,36.240444554051166,44.23046382581048,42.803674670139166
5,7,11,483.396174,375.33313699999997,316.20652,2794.6277004301824,3410.766091076207,3300.741378460845
5,7,12,502.049903,389.968353,328.40858299999996,2800.0,6600.0,4200.0
5,7,13,490.298629,380.628448,320.72166,2800.0,6600.0,4200.0
5,7,14,437.360249,338.986347,286.09279399999997,2800.0,6600.0,4200.0
5,7,15,351.255787,271.653371,229.768823,2800.0,6600.0,4200.0
5,7,16,235.82149299999998,181.99126,154.25917199999998,2800.0,6600.0,4200.0
5,7,17,108.74887799999999,83.842077,71.136484,2800.0,6600.0,4200.0
5,7,18,9.775459999999999,7.599283000000001,6.394474,2800.0,6600.0,4200.0
5,7,19,0.0,0.0,0.0,2800.0,6600.0,4200.0
5,7,20,0.0,0.0,0.0,2800.0,6600.0,4200.0
5,7,21,0.0,0.0,0.0,2800.0,4875.874201202505,4200.0
5,7,22,0.0,0.0,0.0,2231.3199984618277,2723.264565051836,2635.417321017906
5,7,23,0.0,0.0,0.0,1055.7070784976213,1288.4613950167818,1246.8981242097886
5,8,0,0.0,0.0,0.0,540.5220241907821,659.6922342485923,638.4118395954118
5,8,1,0.0,0.0,0.0,416.3395915497286,508.1309975606924,491.7396750587345
5,8,2,0.0,0.0,0.0,375.1945078601572,457.9145568371997,443.1431195198707
5,8,3,0.0,0.0,0.0,349.3284625537728,426.3457613845259,412.59267230760565
5,8,4,0.0,0.0,0.0,592.796019999516,723.4912055112203,700.1527795269874
5,8,5,0.0,0.0,0.0,1640.756359055384,2002.4979185321613,1937.9012114827367
5,8,6,22.429633000000003,17.310355,14.672015,2800.0,4798.06917736812,4200.0
5,8,7,131.854892,101.466178,86.250944,2800.0,6600.0,4200.0
5,8,8,264.647917,204.210814,173.115555,2800.0,6600.0,4200.0
5,8,9,376.109976,291.129529,246.026826,2800.0,5614.303506012198,4200.0
5,8,10,452.808347,351.258052,296.197941,1605.5985030100696,1959.588724146148,1896.3761846575624
5,8,11,498.570467,387.226037,326.132561,1193.2453053765432,1456.323010498931,1409.344848869933
5,8,12,510.494622,396.654542,333.932572,2800.0,5033.998538121269,4200.0
5,8,13,487.893917,378.94595400000003,319.14865299999997,2800.0,6600.0,4200.0
5,8,14,430.891376,334.26041,281.86127600000003,2800.0,6600.0,4200.0
5,8,15,343.31014500000003,265.793858,224.571298,2800.0,6600.0,4200.0
5,8,16,229.502249,177.330666,150.125531,2800.0,6600.0,4200.0
5,8,17,106.119805,81.917059,69.416715,2800.0,6600.0,4200.0
5,8,18,11.129871999999999,8.652569999999999,7.280443,2800.0,6600.0,4200.0
5,8,19,0.0,0.0,0.0,2800.0,6600.0,4200.0
5,8,20,0.0,0.0,0.0,2800.0,6600.0,4200.0
5,8,21,0.0,0.0,0.0,2800.0,6600.0,4200.0
5,8,22,0.0,0.0,0.0,2800.0,5195.505086201954,4200.0
5,8,23,0.0,0.0,0.0,2800.0,4644.951049827907,4200.0
5,9,0,0.0,0.0,0.0,2800.0,6600.0,4200.0
5,9,1,0.0,0.0,0.0,2800.0,6600.0,4200.0
5,9,2,0.0,0.0,0.0,2800.0,6600.0,4200.0
5,9,3,0.0,0.0,0.0,2800.0,6600.0,4200.0
5,9,4,0.0,0.0,0.0,2800.0,6600.0,4200.0
5,9,5,0.0,0.0,0.0,2800.0,6600.0,4200.0
5,9,6,19.104873,14.779748999999999,12.497172,2800.0,6600.0,4200.0
5,9,7,123.61017,95.361786,80.857781,2800.0,6600.0,4200.0
5,9,8,243.85408600000002,188.837592,159.513575,2800.0,6600.0,4200.0
5,9,9,339.99491700000004,264.701996,222.40269,2800.0,6600.0,4200.0
5,9,10,398.169831,311.068232,260.456957,2800.0,6600.0,4200.0
5,9,11,441.672549,345.344889,288.913622,2800.0,6600.0,4200.0
5,9,12,458.72957,358.09292,300.07122200000003,2800.0,6600.0,4200.0
5,9,13,452.29628399999996,352.33506,295.862983,2800.0,6600.0,4200.0
5,9,14,402.974243,313.10568800000004,263.599693,2800.0,6600.0,4200.0
5,9,15,323.135402,250.386515,211.37428500000001,2800.0,6600.0,4200.0
5,9,16,218.337085,168.748898,142.822003,2800.0,6600.0,4200.0
5,9,17,103.509091,79.89843300000001,67.70895399999999,2800.0,6600.0,4200.0
5,9,18,10.335115,8.039377,6.7605640000000005,2800.0,6600.0,4200.0
5,9,19,0.0,0.0,0.0,2800.0,6600.0,4200.0
5,9,20,0.0,0.0,0.0,2800.0,6600.0,4200.0
5,9,21,0.0,0.0,0.0,2800.0,6600.0,4200.0
5,9,22,0.0,0.0,0.0,2800.0,6600.0,4200.0
5,9,23,0.0,0.0,0.0,2800.0,6600.0,4200.0
5,10,0,0.0,0.0,0.0,2800.0,6600.0,4200.0
5,10,1,0.0,0.0,0.0,2800.0,6600.0,4200.0
5,10,2,0.0,0.0,0.0,2800.0,6600.0,4200.0
5,10,3,0.0,0.0,0.0,2800.0,6600.0,4200.0
5,10,4,0.0,0.0,0.0,2800.0,6600.0,4200.0
5,10,5,0.0,0.0,0.0,2800.0,6600.0,4200.0
5,10,6,18.580732,14.388112,12.154313,2800.0,6600.0,4200.0
5,10,7,118.170213,91.166099,77.299313,2800.0,6600.0,4200.0
5,10,8,236.003954,182.496558,154.37852600000002,2800.0,6600.0,4200.0
5,10,9,335.5811,260.406743,219.515456,2800.0,6600.0,4200.0
5,10,10,411.93824800000004,320.49363900000003,269.463365,2800.0,6600.0,4200.0
5,10,11,246.097679,190.699135,160.981189,2800.0,6600.0,4200.0
5,10,12,467.036,364.21990600000004,305.504752,2800.0,6600.0,4200.0
5,10,13,450.04511099999996,350.956687,294.39041100000003,2800.0,6600.0,4200.0
5,10,14,396.75898700000005,309.049268,259.534074,2800.0,6600.0,4200.0
5,10,15,318.110614,247.207335,208.087394,2800.0,6600.0,4200.0
5,10,16,215.02106,166.624938,140.652874,2800.0,6600.0,4200.0
5,10,17,100.601636,77.81604899999999,65.807085,2800.0,6600.0,4200.0
5,10,18,12.114895,9.43103,7.924781,2800.0,6600.0,4200.0
5,10,19,0.0,0.0,0.0,2800.0,6600.0,4200.0
5,10,20,0.0,0.0,0.0,2800.0,6600.0,4200.0
5,10,21,0.0,0.0,0.0,2800.0,6600.0,4200.0
5,10,22,0.0,0.0,0.0,1469.9890187508342,1794.0810858770024,1736.2075024616151
5,10,23,0.0,0.0,0.0,55.67205296764801,67.94620637783812,65.7543932688756
5,11,0,0.0,0.0,0.0,289.9235564324093,353.8437106064838,342.42939736111333
5,11,1,0.0,0.0,0.0,2020.963642713616,2466.530430083547,2386.964932338916
5,11,2,0.0,0.0,0.0,2800.0,5277.537873988738,4200.0
5,11,3,0.0,0.0,0.0,2800.0,6600.0,4200.0
5,11,4,0.0,0.0,0.0,2800.0,6600.0,4200.0
5,11,5,0.0,0.0,0.0,2800.0,6600.0,4200.0
5,11,6,26.282322,20.309116000000003,17.192196,2800.0,6600.0,4200.0
5,11,7,133.618542,103.083787,87.40461,2800.0,6600.0,4200.0
5,11,8,260.42975,201.69911499999998,170.356302,2800.0,6600.0,4200.0
5,11,9,362.070668,281.678784,236.843219,2800.0,6600.0,4200.0
5,11,10,445.075016,346.945376,291.13929599999994,2800.0,6600.0,4200.0
5,11,11,491.01690399999995,382.976752,321.191509,2800.0,6600.0,4200.0
5,11,12,501.804533,391.275652,328.24807799999996,2800.0,6600.0,4200.0
5,11,13,474.117817,369.236713,310.13721899999996,2800.0,6600.0,4200.0
5,11,14,419.210424,325.910979,274.220353,2800.0,6600.0,4200.0
5,11,15,335.500831,260.218466,219.46295,2800.0,6600.0,4200.0
5,11,16,226.805164,175.496737,148.36127299999998,2800.0,6600.0,4200.0
5,11,17,105.603452,81.60204300000001,69.07894999999999,2800.0,6600.0,4200.0
5,11,18,14.083696,10.943491,9.212643,2800.0,6600.0,4200.0
5,11,19,0.0,0.0,0.0,2800.0,6600.0,4200.0
5,11,20,0.0,0.0,0.0,2800.0,6600.0,4200.0
5,11,21,0.0,0.0,0.0,2800.0,6600.0,4200.0
5,11,22,0.0,0.0,0.0,2800.0,6600.0,4200.0
5,11,23,0.0,0.0,0.0,2800.0,6600.0,4200.0
5,12,0,0.0,0.0,0.0,2800.0,6600.0,4200.0
5,12,1,0.0,0.0,0.0,2800.0,6600.0,4200.0
5,12,2,0.0,0.0,0.0,2800.0,6600.0,4200.0
5,12,3,0.0,0.0,0.0,2800.0,6600.0,4200.0
5,12,4,0.0,0.0,0.0,2800.0,6600.0,4200.0
5,12,5,0.0,0.0,0.0,2800.0,6600.0,4200.0
5,12,6,26.242215,20.279606,17.16596,2800.0,6600.0,4200.0
5,12,7,132.08326300000002,101.92009900000001,86.40033,2800.0,6600.0,4200.0
5,12,8,257.003237,198.90177400000002,168.114899,2800.0,6600.0,4200.0
5,12,9,360.67314600000003,279.90386700000005,235.92905,2800.0,6600.0,4200.0
5,12,10,426.91816700000004,332.151042,279.26226,2800.0,6600.0,4200.0
5,12,11,476.581056,371.721533,311.74851,2800.0,6600.0,4200.0
5,12,12,482.323055,376.421942,315.504555,2800.0,6600.0,4200.0
5,12,13,458.461093,357.599067,299.895602,2800.0,6600.0,4200.0
5,12,14,407.861848,317.49607299999997,266.796848,2800.0,6600.0,4200.0
5,12,15,327.37170299999997,254.151547,214.1454,2800.0,6600.0,4200.0
5,12,16,220.34596599999998,170.596365,144.136083,2800.0,6600.0,4200.0
5,12,17,102.88813099999999,79.544791,67.302762,2800.0,6600.0,4200.0
5,12,18,14.230951,11.063858,9.308968,2800.0,6600.0,4200.0
5,12,19,0.0,0.0,0.0,2800.0,6600.0,4200.0
5,12,20,0.0,0.0,0.0,2800.0,6600.0,4200.0
5,12,21,0.0,0.0,0.0,2800.0,6600.0,4200.0
5,12,22,0.0,0.0,0.0,2800.0,6600.0,4200.0
5,12,23,0.0,0.0,0.0,2800.0,6600.0,4200.0
5,13,0,0.0,0.0,0.0,2800.0,6600.0,4200.0
5,13,1,0.0,0.0,0.0,2800.0,6600.0,4200.0
5,13,2,0.0,0.0,0.0,2800.0,6600.0,4200.0
5,13,3,0.0,0.0,0.0,2800.0,6600.0,4200.0
5,13,4,0.0,0.0,0.0,2800.0,6600.0,4200.0
5,13,5,0.0,0.0,0.0,2800.0,6600.0,4200.0
5,13,6,25.31317,19.567808,16.558239,2800.0,6600.0,4200.0
5,13,7,130.259863,100.507544,85.207579,2800.0,6600.0,4200.0
5,13,8,254.560286,196.987981,166.516879,2800.0,6600.0,4200.0
5,13,9,357.52901299999996,277.478195,233.87236199999998,2800.0,6600.0,4200.0
5,13,10,437.39719,340.145954,286.11695899999995,2800.0,6600.0,4200.0
5,13,11,483.658765,376.392875,316.37829,2800.0,6600.0,4200.0
5,13,12,494.858211,385.07418800000005,323.704243,2800.0,6600.0,4200.0
5,13,13,468.894591,364.597695,306.720522,2800.0,6600.0,4200.0
5,13,14,413.10244900000004,320.723163,270.22490999999997,2800.0,6600.0,4200.0
5,13,15,328.91563199999996,254.835196,215.155338,2800.0,6600.0,4200.0
5,13,16,220.776104,170.68820300000002,144.417452,2800.0,6600.0,4200.0
5,13,17,103.175764,79.691271,67.490913,2800.0,6600.0,4200.0
5,13,18,14.608316,11.350244,9.555815,2800.0,6600.0,4200.0
5,13,19,0.0,0.0,0.0,2800.0,6600.0,4200.0
5,13,20,0.0,0.0,0.0,2800.0,6600.0,4200.0
5,13,21,0.0,0.0,0.0,2800.0,6600.0,4200.0
5,13,22,0.0,0.0,0.0,2800.0,6600.0,4200.0
5,13,23,0.0,0.0,0.0,2800.0,6600.0,4200.0
5,14,0,0.0,0.0,0.0,2800.0,6600.0,4200.0
5,14,1,0.0,0.0,0.0,2800.0,6600.0,4200.0
5,14,2,0.0,0.0,0.0,2800.0,6600.0,4200.0
5,14,3,0.0,0.0,0.0,2800.0,6600.0,4200.0
5,14,4,0.0,0.0,0.0,2800.0,6600.0,4200.0
5,14,5,0.0,0.0,0.0,2800.0,6600.0,4200.0
5,14,6,26.54807,20.512062999999998,17.366031,2800.0,6600.0,4200.0
5,14,7,131.69144699999998,101.49652,86.14402899999999,2800.0,6600.0,4200.0
5,14,8,259.421393,200.433582,169.696701,2800.0,6600.0,4200.0
5,14,9,365.48990200000003,283.198791,239.079861,2800.0,6600.0,4200.0
5,14,10,445.802629,346.238248,291.61525300000005,2800.0,6600.0,4200.0
5,14,11,494.037048,384.215655,323.167092,2800.0,6600.0,4200.0
5,14,12,505.26734700000003,393.11080499999997,330.51322700000003,2800.0,6600.0,4200.0
5,14,13,481.10489,374.043745,314.70771,2800.0,6600.0,4200.0
5,14,14,425.567657,330.33802399999996,278.378843,2800.0,6600.0,4200.0
5,14,15,340.58839,263.826541,222.790902,2800.0,6600.0,4200.0
5,14,16,229.59842600000002,177.479533,150.18844399999998,2800.0,6600.0,4200.0
5,14,17,106.474208,82.23548699999999,69.648542,2800.0,6600.0,4200.0
5,14,18,16.266208,12.630168,10.640302,2800.0,6600.0,4200.0
5,14,19,0.0,0.0,0.0,2800.0,6600.0,4200.0
5,14,20,0.0,0.0,0.0,2800.0,6600.0,4200.0
5,14,21,0.0,0.0,0.0,2800.0,6600.0,4200.0
5,14,22,0.0,0.0,0.0,2800.0,6600.0,4200.0
5,14,23,0.0,0.0,0.0,2800.0,6600.0,4200.0
5,15,0,0.0,0.0,0.0,2800.0,6600.0,4200.0
5,15,1,0.0,0.0,0.0,2800.0,6600.0,4200.0
5,15,2,0.0,0.0,0.0,2800.0,6600.0,4200.0
5,15,3,0.0,0.0,0.0,2800.0,6600.0,4200.0
5,15,4,0.0,0.0,0.0,2800.0,6600.0,4200.0
5,15,5,0.0,0.0,0.0,2800.0,6600.0,4200.0
5,15,6,28.008861,21.633582999999998,18.321586,2800.0,6600.0,4200.0
5,15,7,136.34974100000002,105.078118,89.19118399999999,2800.0,6600.0,4200.0
5,15,8,267.86882199999997,206.976483,175.22246299999998,2800.0,6600.0,4200.0
5,15,9,374.962535,290.638117,245.276245,2800.0,6600.0,4200.0
5,15,10,447.595267,347.714457,292.78788099999997,2800.0,6600.0,4200.0
5,15,11,489.919787,381.071391,320.47384600000004,2800.0,6600.0,4200.0
5,15,12,498.69280699999996,388.097245,326.212588,2800.0,6600.0,4200.0
5,15,13,478.77691200000004,372.474222,313.184897,2800.0,6600.0,4200.0
5,15,14,421.138389,327.21796,275.481502,2800.0,6600.0,4200.0
5,15,15,335.02640399999996,259.816581,219.15260999999998,2800.0,6600.0,4200.0
5,15,16,223.887727,173.263719,146.452874,2800.0,6600.0,4200.0
5,15,17,105.06948799999999,81.22544500000001,68.729665,2800.0,6600.0,4200.0
5,15,18,16.062167,12.480219,10.506831,2800.0,6600.0,4200.0
5,15,19,0.0,0.0,0.0,2800.0,6600.0,4200.0
5,15,20,0.0,0.0,0.0,2800.0,6600.0,4200.0
5,15,21,0.0,0.0,0.0,2800.0,6600.0,4200.0
5,15,22,0.0,0.0,0.0,2800.0,6600.0,4200.0
5,15,23,0.0,0.0,0.0,2800.0,6600.0,4200.0
5,16,0,0.0,0.0,0.0,2800.0,6600.0,4200.0
5,16,1,0.0,0.0,0.0,2800.0,6600.0,4200.0
5,16,2,0.0,0.0,0.0,2800.0,6600.0,4200.0
5,16,3,0.0,0.0,0.0,2800.0,6600.0,4200.0
5,16,4,0.0,0.0,0.0,2800.0,6600.0,4200.0
5,16,5,0.0,0.0,0.0,2800.0,6600.0,4200.0
5,16,6,27.893699,21.551406,18.246255,2800.0,6600.0,4200.0
5,16,7,129.94511599999998,100.23380800000001,85.00169199999999,2800.0,6600.0,4200.0
5,16,8,251.745204,194.803438,164.675434,2800.0,6600.0,4200.0
5,16,9,352.281676,273.41693,230.439893,2800.0,6600.0,4200.0
5,16,10,418.943369,325.78205099999997,274.045663,2800.0,6600.0,4200.0
5,16,11,465.83727899999997,362.66191499999996,304.720626,2800.0,6600.0,4200.0
5,16,12,478.96052199999997,373.000276,313.305003,2800.0,6600.0,4200.0
5,16,13,459.035687,357.205903,300.271464,2800.0,6600.0,4200.0
5,16,14,405.590823,315.142931,265.31129,2800.0,6600.0,4200.0
5,16,15,323.96355900000003,251.173056,211.916013,2800.0,6600.0,4200.0
5,16,16,218.980746,169.402459,143.24304500000002,2800.0,6600.0,4200.0
5,16,17,104.53940399999999,80.781218,68.382918,2800.0,6600.0,4200.0
5,16,18,16.062157,12.478347,10.506824,2800.0,6600.0,4200.0
5,16,19,0.0,0.0,0.0,2800.0,6600.0,4200.0
5,16,20,0.0,0.0,0.0,2800.0,6600.0,4200.0
5,16,21,0.0,0.0,0.0,2800.0,6600.0,4200.0
5,16,22,0.0,0.0,0.0,2800.0,6600.0,4200.0
5,16,23,0.0,0.0,0.0,2800.0,6600.0,4200.0
5,17,0,0.0,0.0,0.0,2800.0,6600.0,4200.0
5,17,1,0.0,0.0,0.0,2800.0,6600.0,4200.0
5,17,2,0.0,0.0,0.0,2800.0,6600.0,4200.0
5,17,3,0.0,0.0,0.0,2800.0,6600.0,4200.0
5,17,4,0.0,0.0,0.0,2800.0,6600.0,4200.0
5,17,5,0.0,0.0,0.0,2800.0,6600.0,4200.0
5,17,6,28.704247,22.168142,18.776462,2800.0,6600.0,4200.0
5,17,7,136.123316,104.94615399999999,89.043072,2800.0,6600.0,4200.0
5,17,8,264.58874,204.685125,173.076845,2800.0,6600.0,4200.0
5,17,9,365.677048,283.991304,239.20228,2800.0,6600.0,4200.0
5,17,10,433.947972,337.90781400000003,283.86070400000006,2800.0,6600.0,4200.0
5,17,11,474.79538199999996,370.204654,310.580438,2800.0,6600.0,4200.0
5,17,12,488.22720799999996,380.690425,319.36667,2800.0,6600.0,4200.0
5,17,13,471.23856,367.031387,308.25379499999997,2800.0,6600.0,4200.0
5,17,14,424.73561099999995,330.181453,277.834573,2800.0,6600.0,4200.0
5,17,15,349.4653,271.031767,228.59760200000002,2800.0,6600.0,4200.0
5,17,16,235.174422,181.920436,153.83589999999998,2800.0,6600.0,4200.0
5,17,17,105.307008,81.350791,68.885035,2800.0,6600.0,4200.0
5,17,18,18.188221000000002,14.112258,11.897558,2800.0,6600.0,4200.0
5,17,19,0.0,0.0,0.0,2800.0,6600.0,4200.0
5,17,20,0.0,0.0,0.0,2800.0,6600.0,4200.0
5,17,21,0.0,0.0,0.0,2800.0,6600.0,4200.0
5,17,22,0.0,0.0,0.0,2800.0,6600.0,4200.0
5,17,23,0.0,0.0,0.0,2800.0,6600.0,4200.0
5,18,0,0.0,0.0,0.0,2800.0,6600.0,4200.0
5,18,1,0.0,0.0,0.0,2800.0,6600.0,4200.0
5,18,2,0.0,0.0,0.0,2800.0,6600.0,4200.0
5,18,3,0.0,0.0,0.0,2800.0,6600.0,4200.0
5,18,4,0.0,0.0,0.0,2800.0,5614.303506012198,4200.0
5,18,5,0.0,0.0,0.0,491.4151496175413,599.758647171015,580.4115940364661
5,18,6,28.658206,22.123784,18.746345,9.545962443012346,11.650584083991449,11.274758790959464
5,18,7,132.64614,102.202567,86.768528,727.6412163217148,888.0660514162661,859.4187594350961
5,18,8,258.079704,199.409907,168.819054,1862.5318241810248,2273.168761795739,2199.840737221683
5,18,9,355.297736,275.41667,232.412805,1676.4237403920558,2046.0289744942413,1980.0280398331363
5,18,10,423.73215899999997,329.14870299999995,277.178179,2800.0,6600.0,4200.0
5,18,11,466.158073,362.39887,304.93046899999996,2800.0,6600.0,4200.0
5,18,12,478.092797,371.662036,312.737393,2800.0,6600.0,4200.0
5,18,13,462.312035,359.282293,302.414639,2800.0,6600.0,4200.0
5,18,14,414.178488,321.49586800000003,270.928786,2800.0,6600.0,4200.0
5,18,15,335.938473,260.259889,219.74922700000002,2800.0,6600.0,4200.0
5,18,16,227.339405,175.712292,148.710739,2800.0,6600.0,4200.0
5,18,17,107.078924,82.6687,70.044108,2800.0,6600.0,4200.0
5,18,18,18.652420999999997,14.465027,12.201208000000001,2800.0,6600.0,4200.0
5,18,19,0.0,0.0,0.0,2800.0,6600.0,4200.0
5,18,20,0.0,0.0,0.0,2800.0,3599.0492231594667,3482.9508611220645
5,18,21,0.0,0.0,0.0,2188.134369840437,2670.5576954745493,2584.4106730398867
5,18,22,0.0,0.0,0.0,2800.0,4721.09628485135,4200.0
5,18,23,0.0,0.0,0.0,2800.0,6600.0,4200.0
5,19,0,0.0,0.0,0.0,2800.0,6600.0,4200.0
5,19,1,0.0,0.0,0.0,2800.0,6600.0,4200.0
5,19,2,0.0,0.0,0.0,2800.0,4798.06917736812,4200.0
5,19,3,0.0,0.0,0.0,2794.6277004301824,3410.766091076207,3300.741378460845
5,19,4,0.0,0.0,0.0,2800.0,6600.0,4200.0
5,19,5,0.0,0.0,0.0,2800.0,6600.0,4200.0
5,19,6,28.701895,22.162512,18.774924,2800.0,6600.0,4200.0
5,19,7,133.363506,102.740519,87.23778200000001,2800.0,6600.0,4200.0
5,19,8,257.749004,199.06568299999998,168.602732,2800.0,6600.0,4200.0
5,19,9,361.802206,280.277728,236.667609,2800.0,6600.0,4200.0
5,19,10,437.88478000000003,340.019613,286.435909,2800.0,6600.0,4200.0
5,19,11,483.67269799999997,376.08455499999997,316.387404,2800.0,6600.0,4200.0
5,19,12,495.842958,385.610663,324.348401,2800.0,6600.0,4200.0
5,19,13,476.814146,370.55996899999997,311.900983,2800.0,6600.0,4200.0
5,19,14,422.82928499999997,328.14425900000003,276.587577,2800.0,6600.0,4200.0
5,19,15,338.455902,262.165593,221.395966,2800.0,6600.0,4200.0
5,19,16,227.935332,176.205553,149.100556,2800.0,6600.0,4200.0
5,19,17,108.413959,83.733807,70.917402,2800.0,6600.0,4200.0
5,19,18,19.366839,15.021562,12.668534,2800.0,6600.0,4200.0
5,19,19,0.0,0.0,0.0,2800.0,6600.0,4200.0
5,19,20,0.0,0.0,0.0,2800.0,6600.0,4200.0
5,19,21,0.0,0.0,0.0,2800.0,5965.099051003621,4200.0
5,19,22,0.0,0.0,0.0,2800.0,4721.09628485135,4200.0
5,19,23,0.0,0.0,0.0,2800.0,4134.733013236745,4001.3545289387857
5,20,0,0.0,0.0,0.0,2800.0,4875.874201202505,4200.0
5,20,1,0.0,0.0,0.0,2800.0,5033.998538121269,4200.0
5,20,2,0.0,0.0,0.0,2800.0,3996.150340809066,3867.242265299096
5,20,3,0.0,0.0,0.0,2800.0,3860.699345383164,3736.160656822416
5,20,4,0.0,0.0,0.0,2800.0,6423.759245222193,4200.0
5,20,5,0.0,0.0,0.0,2800.0,6600.0,4200.0
5,20,6,27.167891,20.978673,17.771478,2800.0,6600.0,4200.0
5,20,7,133.76423699999998,103.02456600000001,87.49991499999999,2800.0,6600.0,4200.0
5,20,8,258.882592,199.883509,169.344252,2800.0,6600.0,4200.0
5,20,9,362.20610899999997,280.523415,236.931815,2800.0,6600.0,4200.0
5,20,10,442.77948,343.740906,289.63770500000004,2800.0,6600.0,4200.0
5,20,11,490.586063,381.376053,320.90968,2800.0,6600.0,4200.0
5,20,12,503.804319,391.806141,329.55620799999997,2800.0,6600.0,4200.0
5,20,13,481.58966999999996,374.278284,315.024822,2800.0,6600.0,4200.0
5,20,14,427.657567,331.843653,279.74592700000005,2800.0,6600.0,4200.0
5,20,15,343.477444,265.93282400000004,224.680734,2800.0,6600.0,4200.0
5,20,16,232.503617,179.625924,152.088832,2800.0,6600.0,4200.0
5,20,17,106.941433,82.541494,69.95417,2800.0,6600.0,4200.0
5,20,18,20.107893,15.586504999999999,13.153283,2800.0,6600.0,4200.0
5,20,19,0.0,0.0,0.0,2800.0,6600.0,4200.0
5,20,20,0.0,0.0,0.0,2800.0,6600.0,4200.0
5,20,21,0.0,0.0,0.0,2364.2786071344885,2885.536882723194,2792.4550477966395
5,20,22,0.0,0.0,0.0,402.3068740231014,491.0044525478796,475.1655992398835
5,20,23,0.0,0.0,0.0,152.76411334322614,186.4443903007878,180.43005512979465
5,21,0,0.0,0.0,0.0,2145.5095856044995,2618.5353210133653,2534.066439690353
5,21,1,0.0,0.0,0.0,2800.0,6600.0,4200.0
5,21,2,0.0,0.0,0.0,2800.0,6600.0,4200.0
5,21,3,0.0,0.0,0.0,2800.0,6600.0,4200.0
5,21,4,0.0,0.0,0.0,2800.0,6600.0,4200.0
5,21,5,0.0,0.0,0.0,2800.0,6600.0,4200.0
5,21,6,30.253183,23.343411,19.789676,2800.0,6600.0,4200.0
5,21,7,138.83577,106.87672500000001,90.817383,2800.0,6600.0,4200.0
5,21,8,271.12298300000003,209.14976000000001,177.351124,2800.0,6600.0,4200.0
5,21,9,381.998446,295.43253000000004,249.878683,2800.0,5444.184846176627,4200.0
5,21,10,467.195995,362.07766200000003,305.60940999999997,278.9149998077284,340.4080706314795,329.42716512723825
5,21,11,514.535302,399.270576,336.575724,152.76411334322614,186.4443903007878,180.43005512979465
5,21,12,525.8989710000001,408.223127,344.00910100000004,953.6162939806846,1163.862406039418,1126.3184574575014
5,21,13,499.08053,387.16418699999997,326.466212,2800.0,5444.184846176627,4200.0
5,21,14,444.034334,344.019505,290.45855,2800.0,6600.0,4200.0
5,21,15,358.986548,277.595462,234.82578700000002,2800.0,6600.0,4200.0
5,21,16,245.18365400000002,189.196014,160.383293,2800.0,6600.0,4200.0
5,21,17,106.32257399999999,81.962295,69.549353,2800.0,6600.0,4200.0
5,21,18,19.505349,15.099763999999999,12.759138,2800.0,6600.0,4200.0
5,21,19,0.0,0.0,0.0,2800.0,6600.0,4200.0
5,21,20,0.0,0.0,0.0,2800.0,6600.0,4200.0
5,21,21,0.0,0.0,0.0,2800.0,6600.0,4200.0
5,21,22,0.0,0.0,0.0,2800.0,6600.0,4200.0
5,21,23,0.0,0.0,0.0,2800.0,6423.759245222193,4200.0
5,22,0,0.0,0.0,0.0,523.8060511729734,639.2908498567786,618.6685643775277
5,22,1,0.0,0.0,0.0,18.20056109694597,22.213283228556108,21.496725705054292
5,22,2,0.0,0.0,0.0,2800.0,6600.0,4200.0
5,22,3,0.0,0.0,0.0,2800.0,6600.0,4200.0
5,22,4,0.0,0.0,0.0,2800.0,6600.0,4200.0
5,22,5,0.0,0.0,0.0,1824.2618316438895,2226.4612905889994,2154.639958634516
5,22,6,32.155678,24.790786,21.034165,209.55296754900695,255.75362181178016,247.5035049791421
5,22,7,143.00043599999998,110.030633,93.54163899999999,491.4151496175413,599.758647171015,580.4115940364661
5,22,8,274.735994,211.83783,179.714522,2645.8334855800563,3229.1668524795964,3125.000179818964
5,22,9,381.547941,295.02106699999996,249.583992,2800.0,6600.0,4200.0
5,22,10,458.637996,355.491225,300.011321,2800.0,6600.0,4200.0
5,22,11,502.082896,389.764258,328.430165,2800.0,6600.0,4200.0
5,22,12,514.109498,399.26875900000005,336.29719,2800.0,6600.0,4200.0
5,22,13,480.642983,372.905529,314.40556,2800.0,6600.0,4200.0
5,22,14,427.025831,330.821105,279.33268599999997,2800.0,6600.0,4200.0
5,22,15,342.706647,264.950293,224.17652900000002,2800.0,6600.0,4200.0
5,22,16,232.99430600000002,179.75677900000002,152.409809,2800.0,6600.0,4200.0
5,22,17,110.54494899999999,85.20171400000001,72.311358,2800.0,6600.0,4200.0
5,22,18,21.181835,16.389409,13.855787,2800.0,6600.0,4200.0
5,22,19,0.0,0.0,0.0,2800.0,6600.0,4200.0
5,22,20,0.0,0.0,0.0,2800.0,5114.326798854228,4200.0
5,22,21,0.0,0.0,0.0,2061.927887690667,2516.5261621421523,2435.347898847244
5,22,22,0.0,0.0,0.0,2061.927887690667,2516.5261621421523,2435.347898847244
5,22,23,0.0,0.0,0.0,2800.0,3728.344236364732,3608.075067449741
5,23,0,0.0,0.0,0.0,2800.0,5444.184846176627,4200.0
5,23,1,0.0,0.0,0.0,2800.0,5614.303506012198,4200.0
5,23,2,0.0,0.0,0.0,2800.0,4721.09628485135,4200.0
5,23,3,0.0,0.0,0.0,2800.0,4348.55720818164,4200.0
5,23,4,0.0,0.0,0.0,2800.0,4569.628998473504,4200.0
5,23,5,0.0,0.0,0.0,2800.0,6330.21083371745,4200.0
5,23,6,31.902142,24.565618999999998,20.868318,2800.0,6600.0,4200.0
5,23,7,145.158876,111.60092399999999,94.953551,2800.0,6600.0,4200.0
5,23,8,279.20820899999995,215.324414,182.63995699999998,2800.0,6600.0,4200.0
5,23,9,379.77369400000003,294.185226,248.423394,2800.0,6600.0,4200.0
5,23,10,448.669397,349.212051,293.490508,2800.0,6600.0,4200.0
5,23,11,484.874277,378.57896999999997,317.17339899999996,2800.0,6600.0,4200.0
5,23,12,494.893268,386.711155,323.727175,2800.0,6600.0,4200.0
5,23,13,474.059162,369.995492,310.09884999999997,2800.0,6600.0,4200.0
5,23,14,423.76275799999996,330.02844400000004,277.198195,2800.0,6600.0,4200.0
5,23,15,342.380488,265.85584600000004,223.963177,2800.0,6600.0,4200.0
5,23,16,232.695057,180.156082,152.21406,2800.0,6600.0,4200.0
5,23,17,103.462269,79.947676,67.678326,2800.0,6600.0,4200.0
5,23,18,20.254599,15.703214,13.249248999999999,2800.0,6600.0,4200.0
5,23,19,0.0,0.0,0.0,2800.0,6600.0,4200.0
5,23,20,0.0,0.0,0.0,2800.0,6600.0,4200.0
5,23,21,0.0,0.0,0.0,2800.0,5360.429636038867,4200.0
5,23,22,0.0,0.0,0.0,2409.744269793466,2941.0264710077745,2846.1546493623623
5,23,23,0.0,0.0,0.0,1469.9890187508342,1794.0810858770024,1736.2075024616151
5,24,0,0.0,0.0,0.0,748.4297260208111,913.4378545923286,883.9721173474147
5,24,1,0.0,0.0,0.0,278.9149998077284,340.4080706314795,329.42716512723825
5,24,2,0.0,0.0,0.0,362.10752792468406,441.94225849075616,427.6860566039575
5,24,3,0.0,0.0,0.0,2364.2786071344885,2885.536882723194,2792.4550477966395
5,24,4,0.0,0.0,0.0,2800.0,6600.0,4200.0
5,24,5,0.0,0.0,0.0,2800.0,6600.0,4200.0
5,24,6,28.511361,22.012882,18.650289,2800.0,6600.0,4200.0
5,24,7,140.68901,108.487475,92.02965300000001,2800.0,6600.0,4200.0
5,24,8,268.618138,208.012356,175.712617,2800.0,6600.0,4200.0
5,24,9,366.457239,285.061451,239.71263000000002,2800.0,6600.0,4200.0
5,24,10,436.278512,340.58169699999996,285.38519199999996,2800.0,6600.0,4200.0
5,24,11,477.23152600000003,373.17093,312.174006,2800.0,6600.0,4200.0
5,24,12,489.244885,382.703018,320.032368,2800.0,6600.0,4200.0
5,24,13,469.74431500000003,367.067001,307.276356,2800.0,6600.0,4200.0
5,24,14,419.300903,326.937053,274.279538,2800.0,6600.0,4200.0
5,24,15,338.87579999999997,263.363335,221.670636,2800.0,6600.0,4200.0
5,24,16,229.26379,177.578679,149.96954699999998,2800.0,6600.0,4200.0
5,24,17,103.663433,80.125824,67.80991499999999,2800.0,6600.0,4200.0
5,24,18,20.688431,16.044019,13.533033999999999,2800.0,6600.0,4200.0
5,24,19,0.0,0.0,0.0,2800.0,6600.0,4200.0
5,24,20,0.0,0.0,0.0,1940.6700324713545,2368.5342915988967,2292.129959611836
5,24,21,0.0,0.0,0.0,881.5257965526516,1075.877940674496,1041.1722006527382
5,24,22,0.0,0.0,0.0,687.226207839785,838.7406473635172,811.6844974485649
5,24,23,0.0,0.0,0.0,1405.1461214803344,1714.9421167673372,1659.6214033232295
5,25,0,0.0,0.0,0.0,2800.0,3599.0492231594667,3482.9508611220645
5,25,1,0.0,0.0,0.0,2800.0,5700.675903358588,4200.0
5,25,2,0.0,0.0,0.0,2800.0,6600.0,4200.0
5,25,3,0.0,0.0,0.0,2800.0,6600.0,4200.0
5,25,4,0.0,0.0,0.0,2800.0,6600.0,4200.0
5,25,5,0.0,0.0,0.0,2800.0,6600.0,4200.0
5,25,6,31.199468,24.080685000000003,20.408673999999998,2800.0,6600.0,4200.0
5,25,7,134.37079699999998,103.487897,87.896687,2800.0,6600.0,4200.0
5,25,8,253.228587,195.404811,165.645768,2800.0,6600.0,4200.0
5,25,9,349.79383399999995,270.61771600000003,228.812508,2800.0,6600.0,4200.0
5,25,10,437.670233,339.60651,286.295566,2800.0,6600.0,4200.0
5,25,11,479.466495,372.809913,313.635978,2800.0,6600.0,4200.0
5,25,12,488.319871,380.09549,319.427284,2800.0,6600.0,4200.0
5,25,13,468.319119,364.605641,306.344085,2800.0,6600.0,4200.0
5,25,14,413.205332,321.290148,270.29221,2800.0,6600.0,4200.0
5,25,15,330.38259899999997,256.282525,216.11493299999998,2800.0,6600.0,4200.0
5,25,16,224.703122,173.866313,146.986253,2800.0,6600.0,4200.0
5,25,17,107.501084,83.065335,70.320258,2800.0,6600.0,4200.0
5,25,18,21.578503,16.732028,14.115261,2800.0,6600.0,4200.0
5,25,19,0.0,0.0,0.0,2800.0,6600.0,4200.0
5,25,20,0.0,0.0,0.0,2800.0,6600.0,4200.0
5,25,21,0.0,0.0,0.0,2800.0,6600.0,4200.0
5,25,22,0.0,0.0,0.0,2800.0,6600.0,4200.0
5,25,23,0.0,0.0,0.0,2800.0,6600.0,4200.0
5,26,0,0.0,0.0,0.0,2800.0,6600.0,4200.0
5,26,1,0.0,0.0,0.0,2800.0,6600.0,4200.0
5,26,2,0.0,0.0,0.0,2800.0,6600.0,4200.0
5,26,3,0.0,0.0,0.0,2800.0,6600.0,4200.0
5,26,4,0.0,0.0,0.0,2800.0,6600.0,4200.0
5,26,5,0.0,0.0,0.0,2800.0,6600.0,4200.0
5,26,6,29.594405,22.870335999999998,19.358746,2800.0,6600.0,4200.0
5,26,7,130.001002,100.188967,85.038249,2800.0,6600.0,4200.0
5,26,8,246.040799,189.982976,160.943981,2800.0,6600.0,4200.0
5,26,9,345.146381,267.286734,225.772445,2800.0,6600.0,4200.0
5,26,10,414.240967,321.784029,270.96965500000005,2800.0,6600.0,4200.0
5,26,11,452.402674,352.330772,295.932576,2800.0,6600.0,4200.0
5,26,12,460.647827,359.22664299999997,301.326022,2800.0,6600.0,4200.0
5,26,13,452.66869199999996,353.077087,296.106588,2800.0,6600.0,4200.0
5,26,14,403.178799,313.940672,263.7335,2800.0,6600.0,4200.0
5,26,15,324.94357199999996,252.34543599999998,212.557074,2800.0,6600.0,4200.0
5,26,16,221.707639,171.693691,145.026802,2800.0,6600.0,4200.0
5,26,17,106.99490300000001,82.728673,69.989147,2800.0,6600.0,4200.0
5,26,18,21.928203,17.014025,14.344012000000001,2800.0,6600.0,4200.0
5,26,19,0.0,0.0,0.0,2800.0,6600.0,4200.0
5,26,20,0.0,0.0,0.0,2800.0,6600.0,4200.0
5,26,21,0.0,0.0,0.0,2800.0,6600.0,4200.0
5,26,22,0.0,0.0,0.0,2800.0,6600.0,4200.0
5,26,23,0.0,0.0,0.0,2800.0,6600.0,4200.0
5,27,0,0.0,0.0,0.0,2800.0,6600.0,4200.0
5,27,1,0.0,0.0,0.0,2800.0,6600.0,4200.0
5,27,2,0.0,0.0,0.0,2800.0,6600.0,4200.0
5,27,3,0.0,0.0,0.0,2800.0,6600.0,4200.0
5,27,4,0.0,0.0,0.0,2800.0,6600.0,4200.0
5,27,5,-0.0,-0.0,-0.0,2800.0,6600.0,4200.0
5,27,6,30.652262999999998,23.690671,20.050729,2800.0,6600.0,4200.0
5,27,7,130.731551,100.802062,85.516128,2800.0,6600.0,4200.0
5,27,8,253.145501,195.668128,165.591418,2800.0,6600.0,4200.0
5,27,9,350.67376,271.991581,229.38809799999999,2800.0,6600.0,4200.0
5,27,10,429.210847,334.195809,280.761983,2800.0,6600.0,4200.0
5,27,11,467.246988,364.90047,305.642766,2800.0,6600.0,4200.0
5,27,12,476.075409,372.166763,311.417749,2800.0,6600.0,4200.0
5,27,13,454.249299,354.803091,297.140519,2800.0,6600.0,4200.0
5,27,14,405.70287,316.127057,265.38458399999996,2800.0,6600.0,4200.0
5,27,15,327.220978,254.14516899999998,214.046805,2800.0,6600.0,4200.0
5,27,16,223.898377,173.3763,146.45984099999998,2800.0,6600.0,4200.0
5,27,17,106.57424800000001,82.39458900000001,69.713982,2800.0,6600.0,4200.0
5,27,18,22.345077,17.336339,14.616705,2800.0,6600.0,4200.0
5,27,19,0.0,0.0,0.0,2800.0,6600.0,4200.0
5,27,20,0.0,0.0,0.0,2800.0,6600.0,4200.0
5,27,21,0.0,0.0,0.0,2800.0,6600.0,4200.0
5,27,22,0.0,0.0,0.0,2800.0,6600.0,4200.0
5,27,23,0.0,0.0,0.0,2800.0,6600.0,4200.0
5,28,0,0.0,0.0,0.0,2800.0,6600.0,4200.0
5,28,1,0.0,0.0,0.0,2800.0,6600.0,4200.0
5,28,2,0.0,0.0,0.0,2800.0,6600.0,4200.0
5,28,3,0.0,0.0,0.0,2800.0,6600.0,4200.0
5,28,4,0.0,0.0,0.0,2800.0,6600.0,4200.0
5,28,5,-0.0,-0.0,-0.0,2800.0,6600.0,4200.0
5,28,6,30.122121,23.295552,19.703944,2800.0,6600.0,4200.0
5,28,7,131.960805,101.83166,86.32022599999999,2800.0,6600.0,4200.0
5,28,8,253.277386,195.962062,165.67768900000002,2800.0,6600.0,4200.0
5,28,9,350.165766,271.93405,229.055802,2800.0,6600.0,4200.0
5,28,10,420.201885,327.57824,274.868902,2800.0,6600.0,4200.0
5,28,11,456.870432,357.21078700000004,298.85509499999995,2800.0,6600.0,4200.0
5,28,12,468.092849,366.116221,306.196074,2800.0,6600.0,4200.0
5,28,13,455.192685,355.375408,297.757621,2800.0,6600.0,4200.0
5,28,14,408.16583399999996,317.683286,266.995696,2800.0,6600.0,4200.0
5,28,15,330.294462,256.24494699999997,216.05727900000002,2800.0,6600.0,4200.0
5,28,16,224.942926,174.032682,147.143117,2800.0,6600.0,4200.0
5,28,17,105.518011,81.539277,69.02306,2800.0,6600.0,4200.0
5,28,18,22.297757,17.298121,14.585751,2800.0,6600.0,4200.0
5,28,19,0.0,0.0,0.0,2800.0,6600.0,4200.0
5,28,20,0.0,0.0,0.0,2800.0,6600.0,4200.0
5,28,21,0.0,0.0,0.0,2800.0,6600.0,4200.0
5,28,22,0.0,0.0,0.0,2800.0,6600.0,4200.0
5,28,23,0.0,0.0,0.0,2800.0,6600.0,4200.0
5,29,0,0.0,0.0,0.0,2800.0,6600.0,4200.0
5,29,1,0.0,0.0,0.0,2800.0,6600.0,4200.0
5,29,2,0.0,0.0,0.0,2800.0,6600.0,4200.0
5,29,3,0.0,0.0,0.0,2800.0,6600.0,4200.0
5,29,4,0.0,0.0,0.0,2800.0,6600.0,4200.0
5,29,5,-0.0,-0.0,-0.0,2800.0,6600.0,4200.0
5,29,6,30.054912,23.242526,19.65998,2800.0,6600.0,4200.0
5,29,7,136.89065900000003,105.694712,89.545018,2800.0,6600.0,4200.0
5,29,8,264.534443,204.86223199999998,173.041327,2800.0,6600.0,4200.0
5,29,9,365.563753,284.010463,239.12816899999999,2800.0,6600.0,4200.0
5,29,10,435.148249,338.826949,284.645847,2800.0,6600.0,4200.0
5,29,11,479.427314,373.777404,313.610348,2800.0,6600.0,4200.0
5,29,12,492.337923,383.857349,322.055634,2800.0,6600.0,4200.0
5,29,13,471.848934,367.56289799999996,308.653062,2800.0,6600.0,4200.0
5,29,14,419.87978100000004,326.508125,274.65820299999996,2800.0,6600.0,4200.0
5,29,15,338.758027,262.81462,221.59359700000002,2800.0,6600.0,4200.0
5,29,16,229.643826,177.733361,150.218142,2800.0,6600.0,4200.0
5,29,17,106.99499,82.707003,69.989204,2800.0,6600.0,4200.0
5,29,18,22.96236,17.815874,15.020491,2800.0,6600.0,4200.0
5,29,19,0.0,0.0,0.0,2800.0,6600.0,4200.0
5,29,20,0.0,0.0,0.0,2800.0,6600.0,4200.0
5,29,21,0.0,0.0,0.0,2800.0,6600.0,4200.0
5,29,22,0.0,0.0,0.0,2800.0,6600.0,4200.0
5,29,23,0.0,0.0,0.0,1712.6043126696648,2090.186365856677,2022.7609992161392
5,30,0,0.0,0.0,0.0,2409.744269793466,2941.0264710077745,2846.1546493623623
5,30,1,0.0,0.0,0.0,2800.0,5614.303506012198,4200.0
5,30,2,0.0,0.0,0.0,2800.0,6145.847517348083,4200.0
5,30,3,0.0,0.0,0.0,2800.0,5700.675903358588,4200.0
5,30,4,0.0,0.0,0.0,2800.0,6600.0,4200.0
5,30,5,-0.0,-0.0,-0.0,2800.0,6600.0,4200.0
5,30,6,30.480719,23.577447,19.938516,2800.0,6600.0,4200.0
5,30,7,134.668614,103.95917200000001,88.091499,2800.0,6600.0,4200.0
5,30,8,259.249428,200.633443,169.584212,2800.0,6600.0,4200.0
5,30,9,359.600462,279.14514199999996,235.22737,2800.0,6600.0,4200.0
5,30,10,436.94973999999996,340.08511300000004,285.824266,2800.0,6600.0,4200.0
5,30,11,479.307544,373.53874099999996,313.53200300000003,2800.0,6600.0,4200.0
5,30,12,492.689396,384.00427,322.28554499999996,2800.0,6600.0,4200.0
5,30,13,470.361147,366.262847,307.679848,2800.0,6600.0,4200.0
5,30,14,418.379114,325.198118,273.67656300000004,2800.0,6600.0,4200.0
5,30,15,337.296066,261.606619,220.637276,2800.0,6600.0,4200.0
5,30,16,228.534,176.855804,149.492166,2800.0,6600.0,4200.0
5,30,17,107.002993,82.725346,69.994439,2800.0,6600.0,4200.0
5,30,18,23.357323,18.12476,15.278851000000001,2800.0,6600.0,4200.0
5,30,19,0.0,0.0,0.0,2800.0,6600.0,4200.0
5,30,20,0.0,0.0,0.0,2800.0,6600.0,4200.0
5,30,21,0.0,0.0,0.0,2800.0,6600.0,4200.0
5,30,22,0.0,0.0,0.0,2645.8334855800563,3229.1668524795964,3125.000179818964
5,30,23,0.0,0.0,0.0,540.5220241907821,659.6922342485923,638.4118395954118
5,31,0,0.0,0.0,0.0,167.779835898385,204.7706658602337,198.16516050990356
5,31,1,0.0,0.0,0.0,629.4537376638762,768.2309396685104,743.4492964533971
5,31,2,0.0,0.0,0.0,1536.7967041952045,1875.6180248051708,1815.114217553391
5,31,3,0.0,0.0,0.0,2794.6277004301824,3410.766091076207,3300.741378460845
5,31,4,0.0,0.0,0.0,2800.0,6055.023664834879,4200.0
5,31,5,-0.0,-0.0,-0.0,2800.0,6600.0,4200.0
5,31,6,30.616104,23.665101,20.027076,2800.0,6600.0,4200.0
5,31,7,134.91341699999998,104.062443,88.25163400000001,2800.0,6600.0,4200.0
5,31,8,259.734031,200.83303400000003,169.90120800000003,2800.0,6600.0,4200.0
5,31,9,361.571668,280.380855,236.516806,2800.0,6600.0,4200.0
5,31,10,431.792593,335.51615899999996,282.450794,2800.0,6600.0,4200.0
5,31,11,477.385444,371.398229,312.274689,2800.0,6600.0,4200.0
5,31,12,489.471939,380.928728,320.180892,2800.0,6600.0,4200.0
5,31,13,470.31113,365.850554,307.64713,2800.0,6600.0,4200.0
5,31,14,418.73299699999995,325.30656400000004,273.908051,2800.0,6600.0,4200.0
5,31,15,336.963986,261.274446,220.420051,2800.0,6600.0,4200.0
5,31,16,229.142144,177.317637,149.889974,2800.0,6600.0,4200.0
5,31,17,108.813457,84.12853,71.178728,2800.0,6600.0,4200.0
5,31,18,24.049619999999997,18.658535,15.731706,2800.0,6600.0,4200.0
5,31,19,0.0,0.0,0.0,2800.0,6600.0,4200.0
5,31,20,0.0,0.0,0.0,2800.0,6600.0,4200.0
5,31,21,0.0,0.0,0.0,2800.0,6600.0,4200.0
5,31,22,0.0,0.0,0.0,2800.0,6600.0,4200.0
5,31,23,0.0,0.0,0.0,2800.0,6600.0,4200.0
6,1,0,0.0,0.0,0.0,2800.0,6600.0,4200.0
6,1,1,0.0,0.0,0.0,2800.0,6600.0,4200.0
6,1,2,0.0,0.0,0.0,2800.0,6600.0,4200.0
6,1,3,0.0,0.0,0.0,2800.0,6600.0,4200.0
6,1,4,0.0,0.0,0.0,2800.0,6600.0,4200.0
6,1,5,-0.0,-0.0,-0.0,2800.0,6600.0,4200.0
6,1,6,30.561207999999997,23.624538,19.991166,2800.0,6600.0,4200.0
6,1,7,129.300657,99.714613,84.580129,2800.0,6600.0,4200.0
6,1,8,248.269802,191.89876999999998,162.402051,2800.0,6600.0,4200.0
6,1,9,347.72544,269.622082,227.459498,2800.0,6600.0,4200.0
6,1,10,420.846676,327.25471999999996,275.290683,2800.0,6600.0,4200.0
6,1,11,463.09338199999996,360.824044,302.925746,2800.0,6600.0,4200.0
6,1,12,473.97433,369.687073,310.043359,2800.0,6600.0,4200.0
6,1,13,453.029809,353.258998,296.342808,2800.0,6600.0,4200.0
6,1,14,403.72111,314.370629,264.088245,2800.0,6600.0,4200.0
6,1,15,326.370745,253.517007,213.49063800000002,2800.0,6600.0,4200.0
6,1,16,223.533173,173.198571,146.220948,2800.0,6600.0,4200.0
6,1,17,109.085217,84.38772,71.35649599999999,2800.0,6600.0,4200.0
6,1,18,24.271578,18.832603,15.876897000000001,2800.0,6600.0,4200.0
6,1,19,0.0,0.0,0.0,2800.0,6600.0,4200.0
6,1,20,0.0,0.0,0.0,2800.0,6600.0,4200.0
6,1,21,0.0,0.0,0.0,2800.0,6600.0,4200.0
6,1,22,0.0,0.0,0.0,2800.0,6600.0,4200.0
6,1,23,0.0,0.0,0.0,2800.0,6600.0,4200.0
6,2,0,0.0,0.0,0.0,2800.0,6600.0,4200.0
6,2,1,0.0,0.0,0.0,2800.0,6600.0,4200.0
6,2,2,0.0,0.0,0.0,2800.0,6600.0,4200.0
6,2,3,0.0,0.0,0.0,2800.0,6600.0,4200.0
6,2,4,0.0,0.0,0.0,2800.0,6600.0,4200.0
6,2,5,-0.0,-0.0,-0.0,2800.0,6600.0,4200.0
6,2,6,28.232087,21.837535,18.467606,2800.0,6600.0,4200.0
6,2,7,124.95746700000001,96.45407300000001,81.739095,2800.0,6600.0,4200.0
6,2,8,239.15211499999998,185.10225,156.437849,2800.0,6600.0,4200.0
6,2,9,333.719663,259.185297,218.29782500000002,2800.0,6600.0,4200.0
6,2,10,404.603118,315.153059,264.665197,2800.0,6600.0,4200.0
6,2,11,446.547551,348.598525,292.102533,2800.0,6600.0,4200.0
6,2,12,456.884863,357.090869,298.864535,2800.0,6600.0,4200.0
6,2,13,437.558871,341.96283600000004,286.22272,2800.0,6600.0,4200.0
6,2,14,387.38646500000004,302.430295,253.403176,2800.0,6600.0,4200.0
6,2,15,312.181237,243.283014,204.20877900000002,2800.0,6600.0,4200.0
6,2,16,215.788496,167.82188699999998,141.154881,2800.0,6600.0,4200.0
6,2,17,107.056366,83.13801600000001,70.029352,2800.0,6600.0,4200.0
6,2,18,23.333599,18.1707,15.263332,2800.0,6600.0,4200.0
6,2,19,0.0,0.0,0.0,2800.0,6600.0,4200.0
6,2,20,0.0,0.0,0.0,2800.0,6600.0,4200.0
6,2,21,0.0,0.0,0.0,2800.0,6600.0,4200.0
6,2,22,0.0,0.0,0.0,2800.0,6600.0,4200.0
6,2,23,0.0,0.0,0.0,2800.0,6600.0,4200.0
6,3,0,0.0,0.0,0.0,2800.0,6600.0,4200.0
6,3,1,0.0,0.0,0.0,2800.0,6600.0,4200.0
6,3,2,0.0,0.0,0.0,2800.0,6600.0,4200.0
6,3,3,0.0,0.0,0.0,2800.0,6600.0,4200.0
6,3,4,0.0,0.0,0.0,2800.0,6600.0,4200.0
6,3,5,-0.0,-0.0,-0.0,2800.0,6600.0,4200.0
6,3,6,28.047064,21.717015,18.346576000000002,2800.0,6600.0,4200.0
6,3,7,126.14171,97.457324,82.51375,2800.0,6600.0,4200.0
6,3,8,242.785056,187.982644,158.814285,2800.0,6600.0,4200.0
6,3,9,340.14229,264.147514,222.499092,2800.0,6600.0,4200.0
6,3,10,412.748408,321.5703,269.99332,2800.0,6600.0,4200.0
6,3,11,453.083557,353.977463,296.377966,2800.0,6600.0,4200.0
6,3,12,459.481336,359.73551000000003,300.562979,2800.0,6600.0,4200.0
6,3,13,437.630783,342.758673,286.26976,2800.0,6600.0,4200.0
6,3,14,389.614623,304.743668,254.860693,2800.0,6600.0,4200.0
6,3,15,316.395748,246.77135099999998,206.96564,2800.0,6600.0,4200.0
6,3,16,218.384797,169.78917,142.85321299999998,2800.0,6600.0,4200.0
6,3,17,109.249909,84.74055,71.464226,2800.0,6600.0,4200.0
6,3,18,24.443192,19.006629,15.989156000000001,2800.0,6600.0,4200.0
6,3,19,0.0,0.0,0.0,2800.0,6600.0,4200.0
6,3,20,0.0,0.0,0.0,2800.0,6600.0,4200.0
6,3,21,0.0,0.0,0.0,2800.0,6600.0,4200.0
6,3,22,0.0,0.0,0.0,2800.0,6518.224790706034,4200.0
6,3,23,0.0,0.0,0.0,1164.8359102045422,1421.650126627591,1375.790445123475
6,4,0,0.0,0.0,0.0,48.57413350122129,59.283391281018105,57.3710238203401
6,4,1,0.0,0.0,0.0,1605.5985030100696,1959.588724146148,1896.3761846575624
6,4,2,0.0,0.0,0.0,2800.0,6600.0,4200.0
6,4,3,0.0,0.0,0.0,2800.0,6600.0,4200.0
6,4,4,0.0,0.0,0.0,2800.0,6600.0,4200.0
6,4,5,-0.0,-0.0,-0.0,2800.0,6600.0,4200.0
6,4,6,28.611993,22.143693,18.716115000000002,2800.0,6600.0,4200.0
6,4,7,124.780397,96.391183,81.623268,2800.0,6600.0,4200.0
6,4,8,237.680648,184.09349799999998,155.47531099999998,2800.0,6600.0,4200.0
6,4,9,330.72322399999996,257.184691,216.337748,2800.0,6600.0,4200.0
6,4,10,398.081413,310.759924,260.39912,2800.0,6600.0,4200.0
6,4,11,435.151597,340.627163,284.648037,2800.0,6600.0,4200.0
6,4,12,443.78177600000004,347.85270899999995,290.293342,2800.0,6600.0,4200.0
6,4,13,421.752125,330.397492,275.882969,2800.0,6600.0,4200.0
6,4,14,375.837599,293.741776,245.848655,2800.0,6600.0,4200.0
6,4,15,305.11338,237.61899400000001,199.585444,2800.0,6600.0,4200.0
6,4,16,211.170743,163.939955,138.134245,2800.0,6600.0,4200.0
6,4,17,106.47008100000001,82.50818,69.645843,2800.0,6600.0,4200.0
6,4,18,22.597894,17.577045,14.782081,2800.0,6600.0,4200.0
6,4,19,0.0,0.0,0.0,2800.0,6600.0,4200.0
6,4,20,0.0,0.0,0.0,2800.0,6600.0,4200.0
6,4,21,0.0,0.0,0.0,2800.0,6600.0,4200.0
6,4,22,0.0,0.0,0.0,2800.0,6600.0,4200.0
6,4,23,0.0,0.0,0.0,2800.0,6600.0,4200.0
6,5,0,0.0,0.0,0.0,2800.0,6600.0,4200.0
6,5,1,0.0,0.0,0.0,2800.0,6600.0,4200.0
6,5,2,0.0,0.0,0.0,2800.0,6600.0,4200.0
6,5,3,0.0,0.0,0.0,2800.0,6600.0,4200.0
6,5,4,0.0,0.0,0.0,2800.0,6600.0,4200.0
6,5,5,-0.0,-0.0,-0.0,2800.0,6600.0,4200.0
6,5,6,13.938705,10.823801,9.117799999999999,2800.0,6600.0,4200.0
6,5,7,104.68601799999999,80.766871,68.47882399999999,2800.0,6600.0,4200.0
6,5,8,210.39866,162.522394,137.629198,2800.0,6600.0,4200.0
6,5,9,302.649081,234.420175,197.973459,2800.0,6600.0,4200.0
6,5,10,372.094335,289.180744,243.400053,2800.0,6600.0,4200.0
6,5,11,410.300118,319.989645,268.391806,2800.0,6600.0,4200.0
6,5,12,418.244825,327.028534,273.58871999999997,2800.0,6600.0,4200.0
6,5,13,408.103212,319.470581,266.95473300000003,2800.0,6600.0,4200.0
6,5,14,361.954781,283.024335,236.767413,2800.0,6600.0,4200.0
6,5,15,294.61404200000004,229.696653,192.717456,2800.0,6600.0,4200.0
6,5,16,205.058324,159.35072399999999,134.135896,2800.0,6600.0,4200.0
6,5,17,105.447709,81.74365399999999,68.977072,2800.0,6600.0,4200.0
6,5,18,22.245999,17.302349,14.551894,2800.0,6600.0,4200.0
6,5,19,0.0,0.0,0.0,2800.0,6600.0,4200.0
6,5,20,0.0,0.0,0.0,2800.0,6600.0,4200.0
6,5,21,0.0,0.0,0.0,2800.0,6600.0,4200.0
6,5,22,0.0,0.0,0.0,2800.0,6600.0,4200.0
6,5,23,0.0,0.0,0.0,2800.0,6600.0,4200.0
6,6,0,0.0,0.0,0.0,2800.0,6600.0,4200.0
6,6,1,0.0,0.0,0.0,2800.0,6600.0,4200.0
6,6,2,0.0,0.0,0.0,2800.0,6600.0,4200.0
6,6,3,0.0,0.0,0.0,2800.0,6600.0,4200.0
6,6,4,0.0,0.0,0.0,2800.0,6600.0,4200.0
6,6,5,-0.0,-0.0,-0.0,2800.0,6600.0,4200.0
6,6,6,17.959349999999997,13.928048,11.747846,2800.0,6600.0,4200.0
6,6,7,109.287479,84.28970100000001,71.48880199999999,2800.0,6600.0,4200.0
6,6,8,215.432963,166.34220499999998,140.922314,2800.0,6600.0,4200.0
6,6,9,307.868237,238.40229300000001,201.38749299999998,2800.0,6600.0,4200.0
6,6,10,379.738637,295.14398700000004,248.400462,2800.0,6600.0,4200.0
6,6,11,417.089755,325.11981,272.833148,2800.0,6600.0,4200.0
6,6,12,427.997796,333.915751,279.968483,2800.0,6600.0,4200.0
6,6,13,429.12282400000004,334.503066,280.704403,2800.0,6600.0,4200.0
6,6,14,384.8165,299.249843,251.722071,2800.0,6600.0,4200.0
6,6,15,311.5774,241.66031099999998,203.813788,2800.0,6600.0,4200.0
6,6,16,216.250465,167.36726199999998,141.45707099999998,2800.0,6600.0,4200.0
6,6,17,109.00113800000001,84.27320900000001,71.301496,2800.0,6600.0,4200.0
6,6,18,24.826133000000002,19.26353,16.239651,2800.0,6600.0,4200.0
6,6,19,0.0,0.0,0.0,2800.0,6600.0,4200.0
6,6,20,0.0,0.0,0.0,2800.0,6600.0,4200.0
6,6,21,0.0,0.0,0.0,2800.0,5700.675903358588,4200.0
6,6,22,0.0,0.0,0.0,1712.6043126696648,2090.186365856677,2022.7609992161392
6,6,23,0.0,0.0,0.0,491.4151496175413,599.758647171015,580.4115940364661
6,7,0,0.0,0.0,0.0,90.95515204021434,111.00825642703326,107.42734492938702
6,7,1,0.0,0.0,0.0,21.955408148130225,26.795970574489644,25.93158442692546
6,7,2,0.0,0.0,0.0,160.15467383430587,195.4643657032867,189.15906358382583
6,7,3,0.0,0.0,0.0,791.1870845831577,965.6220323652713,934.4729345470366
6,7,4,0.0,0.0,0.0,1980.545579523704,2417.201297843891,2339.227062429572
6,7,5,-0.0,-0.0,-0.0,2800.0,4134.733013236745,4001.3545289387857
6,7,6,28.608169999999998,22.147205999999997,18.713615,2800.0,6600.0,4200.0
6,7,7,122.98588000000001,94.969943,80.44941,2800.0,6600.0,4200.0
6,7,8,236.637301,183.15501999999998,154.792821,2800.0,6600.0,4200.0
6,7,9,332.41220899999996,258.104543,217.442573,2800.0,6600.0,4200.0
6,7,10,374.801727,291.553361,245.171054,2800.0,6600.0,4200.0
6,7,11,420.060802,327.249104,274.776615,2800.0,6600.0,4200.0
6,7,12,435.945565,339.73724,285.167399,2800.0,6600.0,4200.0
6,7,13,426.850275,332.541397,279.217849,2800.0,6600.0,4200.0
6,7,14,381.49863799999997,296.845145,249.55174100000002,2800.0,6600.0,4200.0
6,7,15,309.199935,240.145136,202.258604,2800.0,6600.0,4200.0
6,7,16,215.582424,167.06798,141.020082,2800.0,6600.0,4200.0
6,7,17,111.056475,85.948435,72.64596499999999,2800.0,6600.0,4200.0
6,7,18,24.853514,19.294670999999997,16.257562,2800.0,6600.0,4200.0
6,7,19,0.0,0.0,0.0,2800.0,6600.0,4200.0
6,7,20,0.0,0.0,0.0,2800.0,6600.0,4200.0
6,7,21,0.0,0.0,0.0,2800.0,6600.0,4200.0
6,7,22,0.0,0.0,0.0,2800.0,6600.0,4200.0
6,7,23,0.0,0.0,0.0,2800.0,6600.0,4200.0
6,8,0,0.0,0.0,0.0,2800.0,6600.0,4200.0
6,8,1,0.0,0.0,0.0,2800.0,6600.0,4200.0
6,8,2,0.0,0.0,0.0,2800.0,6600.0,4200.0
6,8,3,0.0,0.0,0.0,2800.0,6600.0,4200.0
6,8,4,0.0,0.0,0.0,2800.0,6600.0,4200.0
6,8,5,-0.0,-0.0,-0.0,2800.0,6600.0,4200.0
6,8,6,29.754065999999998,23.009567999999998,19.463186,2800.0,6600.0,4200.0
6,8,7,126.178451,97.44792100000001,82.53778299999999,2800.0,6600.0,4200.0
6,8,8,238.420737,185.01663699999997,155.95943,2800.0,6600.0,4200.0
6,8,9,331.305968,258.209737,216.718941,2800.0,6600.0,4200.0
6,8,10,406.492591,317.239508,265.901168,2800.0,6600.0,4200.0
6,8,11,452.10293,352.977118,295.736503,2800.0,6600.0,4200.0
6,8,12,468.87672299999997,365.927056,306.70883399999997,2800.0,6600.0,4200.0
6,8,13,450.081239,350.83378100000004,294.414043,2800.0,6600.0,4200.0
6,8,14,400.387583,311.561836,261.907667,2800.0,6600.0,4200.0
6,8,15,325.479785,252.70077600000002,212.907829,2800.0,6600.0,4200.0
6,8,16,224.50551199999998,173.911877,146.856989,2800.0,6600.0,4200.0
6,8,17,112.037062,86.669781,73.287402,2800.0,6600.0,4200.0
6,8,18,26.404460999999998,20.485392,17.272091,2800.0,6600.0,4200.0
6,8,19,0.0,0.0,0.0,2800.0,6600.0,4200.0
6,8,20,0.0,0.0,0.0,2800.0,6600.0,4200.0
6,8,21,0.0,0.0,0.0,2800.0,6600.0,4200.0
6,8,22,0.0,0.0,0.0,2800.0,6600.0,4200.0
6,8,23,0.0,0.0,0.0,2800.0,6600.0,4200.0
6,9,0,0.0,0.0,0.0,2800.0,6600.0,4200.0
6,9,1,0.0,0.0,0.0,2800.0,6600.0,4200.0
6,9,2,0.0,0.0,0.0,2800.0,6600.0,4200.0
6,9,3,0.0,0.0,0.0,2800.0,6600.0,4200.0
6,9,4,0.0,0.0,0.0,2800.0,6600.0,4200.0
6,9,5,-0.0,-0.0,-0.0,2800.0,6600.0,4200.0
6,9,6,30.422974,23.525733,19.900743,2800.0,6600.0,4200.0
6,9,7,125.12703599999999,96.56672599999999,81.850016,2800.0,6600.0,4200.0
6,9,8,235.866445,182.445014,154.288577,2800.0,6600.0,4200.0
6,9,9,329.135682,255.37857,215.29928,2800.0,6600.0,4200.0
6,9,10,404.807874,315.124455,264.79913500000004,2800.0,6600.0,4200.0
6,9,11,445.471276,347.576467,291.398504,2800.0,6600.0,4200.0
6,9,12,456.765579,356.593305,298.786507,2800.0,6600.0,4200.0
6,9,13,441.54445,344.397693,288.82982799999996,2800.0,6600.0,4200.0
6,9,14,393.324064,306.263002,257.28717,2800.0,6600.0,4200.0
6,9,15,317.677207,246.80919699999998,207.80388699999997,2800.0,6600.0,4200.0
6,9,16,219.784568,170.351863,143.768853,2800.0,6600.0,4200.0
6,9,17,109.97218099999999,85.129744,71.93669,2800.0,6600.0,4200.0
6,9,18,26.320567,20.433850999999997,17.217213,2800.0,6600.0,4200.0
6,9,19,0.0,0.0,0.0,2800.0,5528.8079782263085,4200.0
6,9,20,0.0,0.0,0.0,2800.0,3996.150340809066,3867.242265299096
6,9,21,0.0,0.0,0.0,2800.0,4644.951049827907,4200.0
6,9,22,0.0,0.0,0.0,2800.0,6600.0,4200.0
6,9,23,0.0,0.0,0.0,2800.0,6600.0,4200.0
6,10,0,0.0,0.0,0.0,2800.0,6600.0,4200.0
6,10,1,0.0,0.0,0.0,2800.0,6600.0,4200.0
6,10,2,0.0,0.0,0.0,2800.0,6600.0,4200.0
6,10,3,0.0,0.0,0.0,2800.0,6600.0,4200.0
6,10,4,0.0,0.0,0.0,2800.0,6600.0,4200.0
6,10,5,-0.0,-0.0,-0.0,1786.5196926460033,2180.398050079768,2110.0626291094527
6,10,6,26.187658,20.257881,17.130273000000003,375.1945078601572,457.9145568371997,443.1431195198707
6,10,7,118.510053,91.42225599999999,77.521614,460.3878697051685,561.8907071204812,543.7652004391754
6,10,8,227.76626199999998,176.13689499999998,148.98996100000002,2275.070137118247,2776.660403569514,2687.090713131788
6,10,9,318.416572,247.288604,208.287532,2800.0,6600.0,4200.0
6,10,10,381.25885600000004,297.573853,249.394891,2800.0,6600.0,4200.0
6,10,11,418.183164,327.572354,273.548385,2800.0,6600.0,4200.0
6,10,12,436.342315,341.494984,285.42692800000003,2800.0,6600.0,4200.0
6,10,13,432.196783,337.37994699999996,282.715189,2800.0,6600.0,4200.0
6,10,14,388.749962,302.619949,254.295088,2800.0,6600.0,4200.0
6,10,15,316.598925,245.798316,207.098545,2800.0,6600.0,4200.0
6,10,16,219.852914,170.300139,143.81356,2800.0,6600.0,4200.0
6,10,17,111.446766,86.225934,72.901268,2800.0,6600.0,4200.0
6,10,18,26.72127,20.741349999999997,17.479327,2800.0,6600.0,4200.0
6,10,19,0.0,0.0,0.0,2800.0,6600.0,4200.0
6,10,20,0.0,0.0,0.0,2800.0,6600.0,4200.0
6,10,21,0.0,0.0,0.0,2800.0,6600.0,4200.0
6,10,22,0.0,0.0,0.0,2800.0,6600.0,4200.0
6,10,23,0.0,0.0,0.0,2800.0,6600.0,4200.0
6,11,0,0.0,0.0,0.0,2800.0,6600.0,4200.0
6,11,1,0.0,0.0,0.0,2800.0,6600.0,4200.0
6,11,2,0.0,0.0,0.0,2800.0,5033.998538121269,4200.0
6,11,3,0.0,0.0,0.0,1570.9465066065366,1917.296917511915,1855.44862985024
6,11,4,0.0,0.0,0.0,416.3395915497286,508.1309975606924,491.7396750587345
6,11,5,-0.0,-0.0,-0.0,707.2412654778989,863.1684736147585,835.3243293046049
6,11,6,28.32264,21.899363,18.526839,2800.0,3860.699345383164,3736.160656822416
6,11,7,121.206942,93.45767500000001,79.28574400000001,2800.0,6055.023664834879,4200.0
6,11,8,234.316912,181.018391,153.274973,2800.0,4421.436551474658,4200.0
6,11,9,329.77051,255.696391,215.714544,2103.4419801044355,2567.192967843996,2484.3802914619314
6,11,10,393.801126,306.71361099999996,257.599233,835.542666361563,1019.7567975278918,986.8614169624758
6,11,11,431.14977000000005,337.023782,282.0303,1222.1129067458091,1491.5551224063024,1443.4404410383572
6,11,12,447.47873100000004,349.61535399999997,292.711651,2800.0,6600.0,4200.0
6,11,13,430.764943,335.987631,281.778572,2800.0,6600.0,4200.0
6,11,14,385.984447,300.403483,252.48606700000002,2800.0,6600.0,4200.0
6,11,15,313.606305,243.464146,205.14096700000002,2800.0,6600.0,4200.0
6,11,16,218.021142,168.856599,142.61533300000002,2800.0,6600.0,4200.0
6,11,17,111.026368,85.882887,72.62627099999999,2800.0,6600.0,4200.0
6,11,18,26.386092,20.479147,17.260075,2800.0,6600.0,4200.0
6,11,19,0.0,0.0,0.0,2800.0,6600.0,4200.0
6,11,20,0.0,0.0,0.0,2800.0,6600.0,4200.0
6,11,21,0.0,0.0,0.0,2800.0,6600.0,4200.0
6,11,22,0.0,0.0,0.0,2800.0,6600.0,4200.0
6,11,23,0.0,0.0,0.0,2800.0,6600.0,4200.0
6,12,0,0.0,0.0,0.0,2800.0,6600.0,4200.0
6,12,1,0.0,0.0,0.0,2800.0,6600.0,4200.0
6,12,2,0.0,0.0,0.0,2800.0,6600.0,4200.0
6,12,3,0.0,0.0,0.0,2800.0,6600.0,4200.0
6,12,4,0.0,0.0,0.0,2800.0,6600.0,4200.0
6,12,5,-0.0,-0.0,-0.0,2800.0,6600.0,4200.0
6,12,6,26.655231,20.615036,17.436129,2800.0,6600.0,4200.0
6,12,7,119.806269,92.375424,78.369514,2275.070137118247,2776.660403569514,2687.090713131788
6,12,8,188.902492,145.8444,123.567796,929.1658003530496,1134.0212523993912,1097.4399216768302
6,12,9,322.45423700000003,250.020591,210.928712,1136.8810555802274,1387.531996967994,1342.7729002916071
6,12,10,388.70640299999997,302.726771,254.266594,1749.3017415377876,2134.9745664437564,2066.104419139119
6,12,11,429.99418199999997,335.63999800000005,281.27439000000004,2800.0,4421.436551474658,4200.0
6,12,12,428.92432199999996,334.672949,280.57455699999997,2800.0,6600.0,4200.0
6,12,13,429.968371,335.32577299999997,281.257506,2800.0,6600.0,4200.0
6,12,14,386.441718,300.756212,252.78518400000002,2800.0,6600.0,4200.0
6,12,15,313.61218099999996,243.41542,205.14481,2800.0,6600.0,4200.0
6,12,16,218.218087,168.93678400000002,142.74416200000002,2800.0,6600.0,4200.0
6,12,17,91.276054,70.58158,59.706891999999996,2800.0,6600.0,4200.0
6,12,18,20.958316,16.275138000000002,13.709575000000001,2800.0,6600.0,4200.0
6,12,19,0.0,0.0,0.0,2800.0,6600.0,4200.0
6,12,20,0.0,0.0,0.0,2800.0,6600.0,4200.0
6,12,21,0.0,0.0,0.0,2800.0,6600.0,4200.0
6,12,22,0.0,0.0,0.0,2800.0,6600.0,4200.0
6,12,23,0.0,0.0,0.0,2800.0,6600.0,4200.0
6,13,0,0.0,0.0,0.0,2800.0,6600.0,4200.0
6,13,1,0.0,0.0,0.0,2800.0,6600.0,4200.0
6,13,2,0.0,0.0,0.0,2800.0,6600.0,4200.0
6,13,3,0.0,0.0,0.0,2800.0,6600.0,4200.0
6,13,4,0.0,0.0,0.0,2800.0,6600.0,4200.0
6,13,5,-0.0,-0.0,-0.0,2800.0,6600.0,4200.0
6,13,6,29.38696,22.719719,19.223049,2800.0,6600.0,4200.0
6,13,7,122.807166,94.71183,80.33250699999999,2800.0,6600.0,4200.0
6,13,8,236.19555799999998,182.602323,154.503861,2800.0,6600.0,4200.0
6,13,9,328.29330200000004,254.87646900000001,214.74825,2800.0,6600.0,4200.0
6,13,10,397.42816700000003,310.042419,259.971808,2800.0,6600.0,4200.0
6,13,11,433.627901,339.40713900000003,283.65133399999996,2800.0,6600.0,4200.0
6,13,12,444.074931,347.930693,290.485105,2800.0,6600.0,4200.0
6,13,13,430.955868,337.167583,281.903463,2800.0,6600.0,4200.0
6,13,14,388.930707,303.229014,254.413319,2800.0,6600.0,4200.0
6,13,15,317.96731900000003,247.027435,207.99366,2800.0,6600.0,4200.0
6,13,16,220.18406099999999,170.576868,144.03017499999999,2800.0,6600.0,4200.0
6,13,17,108.33855,83.81982,70.868074,2800.0,6600.0,4200.0
6,13,18,26.566014,20.618276,17.377769,2800.0,6600.0,4200.0
6,13,19,0.0,0.0,0.0,2800.0,6600.0,4200.0
6,13,20,0.0,0.0,0.0,2800.0,6600.0,4200.0
6,13,21,0.0,0.0,0.0,2800.0,6600.0,4200.0
6,13,22,0.0,0.0,0.0,2800.0,6600.0,4200.0
6,13,23,0.0,0.0,0.0,2800.0,6600.0,4200.0
6,14,0,0.0,0.0,0.0,2800.0,6600.0,4200.0
6,14,1,0.0,0.0,0.0,2800.0,6600.0,4200.0
6,14,2,0.0,0.0,0.0,2800.0,6600.0,4200.0
6,14,3,0.0,0.0,0.0,2800.0,6600.0,4200.0
6,14,4,0.0,0.0,0.0,2800.0,6600.0,4200.0
6,14,5,-0.0,-0.0,-0.0,2800.0,6600.0,4200.0
6,14,6,29.222580999999998,22.597458,19.115523,2800.0,6600.0,4200.0
6,14,7,124.474098,96.018675,81.422906,2800.0,6600.0,4200.0
6,14,8,239.56355499999998,185.28346100000002,156.706987,2800.0,6600.0,4200.0
6,14,9,331.15475799999996,257.421102,216.62002900000002,2800.0,6600.0,4200.0
6,14,10,391.36091899999997,306.17844199999996,256.003007,2800.0,6600.0,4200.0
6,14,11,427.149273,335.36762699999997,279.413434,2800.0,6600.0,4200.0
6,14,12,448.939164,351.810455,293.666972,2800.0,6600.0,4200.0
6,14,13,441.868045,345.142739,289.04150300000003,2800.0,6600.0,4200.0
6,14,14,399.02760600000005,310.64930599999997,261.018058,2800.0,6600.0,4200.0
6,14,15,323.339849,251.048372,211.508021,2800.0,6600.0,4200.0
6,14,16,223.447923,173.09016699999998,146.16518299999998,2800.0,6600.0,4200.0
6,14,17,110.308425,85.348136,72.156639,2800.0,6600.0,4200.0
6,14,18,27.208351999999998,21.114366999999998,17.797945,2800.0,6600.0,4200.0
6,14,19,0.0,0.0,0.0,2800.0,6600.0,4200.0
6,14,20,0.0,0.0,0.0,2800.0,6600.0,4200.0
6,14,21,0.0,0.0,0.0,2800.0,6600.0,4200.0
6,14,22,0.0,0.0,0.0,2800.0,6600.0,4200.0
6,14,23,0.0,0.0,0.0,2800.0,6600.0,4200.0
6,15,0,0.0,0.0,0.0,2800.0,6600.0,4200.0
6,15,1,0.0,0.0,0.0,2800.0,6600.0,4200.0
6,15,2,0.0,0.0,0.0,2800.0,6600.0,4200.0
6,15,3,0.0,0.0,0.0,2800.0,6600.0,4200.0
6,15,4,0.0,0.0,0.0,2800.0,6600.0,4200.0
6,15,5,-0.0,-0.0,-0.0,2800.0,6600.0,4200.0
6,15,6,28.626165,22.152392,18.725386,2800.0,6600.0,4200.0
6,15,7,122.25801,94.42201200000001,79.973285,2800.0,6600.0,4200.0
6,15,8,234.12608799999998,181.514353,153.15014799999997,2800.0,6600.0,4200.0
6,15,9,319.356654,249.209878,208.902473,2800.0,6600.0,4200.0
6,15,10,389.063491,304.49825500000003,254.500178,2800.0,6600.0,4200.0
6,15,11,442.36792599999995,345.697703,289.368493,2800.0,6600.0,4200.0
6,15,12,460.09966399999996,359.111666,300.96745,2800.0,6600.0,4200.0
6,15,13,446.71671100000003,348.156005,292.21318699999995,2800.0,6600.0,4200.0
6,15,14,399.98681300000004,311.217172,261.645509,2800.0,6600.0,4200.0
6,15,15,324.119053,251.65322,212.017727,2800.0,6600.0,4200.0
6,15,16,225.120744,174.398402,147.259434,2800.0,6600.0,4200.0
6,15,17,111.519483,86.281128,72.948835,2800.0,6600.0,4200.0
6,15,18,27.58832,21.405915,18.046495,2800.0,6600.0,4200.0
6,15,19,0.0,0.0,0.0,2800.0,6600.0,4200.0
6,15,20,0.0,0.0,0.0,2800.0,6600.0,4200.0
6,15,21,0.0,0.0,0.0,2800.0,6600.0,4200.0
6,15,22,0.0,0.0,0.0,2800.0,6600.0,4200.0
6,15,23,0.0,0.0,0.0,2800.0,6600.0,4200.0
6,16,0,0.0,0.0,0.0,2800.0,6600.0,4200.0
6,16,1,0.0,0.0,0.0,2800.0,6600.0,4200.0
6,16,2,0.0,0.0,0.0,2800.0,6600.0,4200.0
6,16,3,0.0,0.0,0.0,2800.0,6600.0,4200.0
6,16,4,0.0,0.0,0.0,2800.0,6600.0,4200.0
6,16,5,-0.0,-0.0,-0.0,2800.0,6600.0,4200.0
6,16,6,29.108472000000003,22.516194,19.04088,2800.0,6600.0,4200.0
6,16,7,125.704695,97.079914,82.227883,2800.0,6600.0,4200.0
6,16,8,242.80727,188.328551,158.828816,2800.0,6600.0,4200.0
6,16,9,330.966007,258.386545,216.49656099999999,2800.0,6600.0,4200.0
6,16,10,391.273657,306.860453,255.94592600000001,2800.0,6600.0,4200.0
6,16,11,440.38041499999997,345.17854700000004,288.068392,2800.0,6600.0,4200.0
6,16,12,461.92911200000003,361.29424,302.164156,2800.0,6600.0,4200.0
6,16,13,446.36092599999995,348.38605,291.980456,2800.0,6600.0,4200.0
6,16,14,399.631711,311.233918,261.413225,2800.0,6600.0,4200.0
6,16,15,324.610533,252.203747,212.33922099999998,2800.0,6600.0,4200.0
6,16,16,226.17174400000002,175.290437,147.94692999999998,2800.0,6600.0,4200.0
6,16,17,113.737757,88.00847900000001,74.399886,2800.0,6600.0,4200.0
6,16,18,28.224044000000003,21.895469000000002,18.462345000000003,2800.0,6600.0,4200.0
6,16,19,0.0,0.0,0.0,2800.0,6600.0,4200.0
6,16,20,0.0,0.0,0.0,2800.0,6600.0,4200.0
6,16,21,0.0,0.0,0.0,2800.0,6600.0,4200.0
6,16,22,0.0,0.0,0.0,2800.0,6600.0,4200.0
6,16,23,0.0,0.0,0.0,2800.0,6600.0,4200.0
6,17,0,0.0,0.0,0.0,2800.0,6600.0,4200.0
6,17,1,0.0,0.0,0.0,2800.0,6600.0,4200.0
6,17,2,0.0,0.0,0.0,2800.0,6600.0,4200.0
6,17,3,0.0,0.0,0.0,2800.0,6600.0,4200.0
6,17,4,0.0,0.0,0.0,2800.0,6600.0,4200.0
6,17,5,-0.0,-0.0,-0.0,2800.0,6600.0,4200.0
6,17,6,29.239635999999997,22.622666000000002,19.126679,2800.0,6600.0,4200.0
6,17,7,125.214557,96.677606,81.907266,2800.0,6600.0,4200.0
6,17,8,240.998366,186.661759,157.64554800000002,2800.0,6600.0,4200.0
6,17,9,332.5463,258.778221,217.53028700000002,2800.0,6600.0,4200.0
6,17,10,396.46669099999997,310.010072,259.342873,2800.0,6600.0,4200.0
6,17,11,437.299569,342.494712,286.053102,2800.0,6600.0,4200.0
6,17,12,457.633234,357.788115,299.35407,2800.0,6600.0,4200.0
6,17,13,442.558165,345.21880200000004,289.492935,2800.0,6600.0,4200.0
6,17,14,397.92920899999996,309.765141,260.299558,2800.0,6600.0,4200.0
6,17,15,322.29409499999997,250.322792,210.823957,2800.0,6600.0,4200.0
6,17,16,224.79972700000002,174.205215,147.04944500000002,2800.0,6600.0,4200.0
6,17,17,115.399011,89.30319800000001,75.486571,2800.0,6600.0,4200.0
6,17,18,28.74664,22.303398,18.804192999999998,2800.0,6600.0,4200.0
6,17,19,0.0,0.0,0.0,2800.0,6600.0,4200.0
6,17,20,0.0,0.0,0.0,2800.0,6600.0,4200.0
6,17,21,0.0,0.0,0.0,2800.0,6600.0,4200.0
6,17,22,0.0,0.0,0.0,2800.0,6600.0,4200.0
6,17,23,0.0,0.0,0.0,2800.0,6600.0,4200.0
6,18,0,0.0,0.0,0.0,2800.0,6600.0,4200.0
6,18,1,0.0,0.0,0.0,2800.0,6600.0,4200.0
6,18,2,0.0,0.0,0.0,2800.0,6600.0,4200.0
6,18,3,0.0,0.0,0.0,2800.0,6600.0,4200.0
6,18,4,0.0,0.0,0.0,2800.0,6600.0,4200.0
6,18,5,-0.0,-0.0,-0.0,2800.0,6600.0,4200.0
6,18,6,28.084751,21.727961999999998,18.371228,2800.0,6600.0,4200.0
6,18,7,122.293164,94.417458,79.99628,2800.0,6600.0,4200.0
6,18,8,234.994326,182.087757,153.71809299999998,2800.0,6600.0,4200.0
6,18,9,324.537487,252.79704999999998,212.29143900000003,2800.0,6600.0,4200.0
6,18,10,389.529212,304.470034,254.804823,2800.0,6600.0,4200.0
6,18,11,434.58360700000003,340.11081800000005,284.276495,2800.0,6600.0,4200.0
6,18,12,454.549685,355.334457,297.337012,2800.0,6600.0,4200.0
6,18,13,439.037846,342.499058,287.19016999999997,2800.0,6600.0,4200.0
6,18,14,393.667738,306.495179,257.511979,2800.0,6600.0,4200.0
6,18,15,319.511805,248.300215,209.003963,2800.0,6600.0,4200.0
6,18,16,223.96718299999998,173.693476,146.50484899999998,2800.0,6600.0,4200.0
6,18,17,116.212824,89.991478,76.01891499999999,2800.0,6600.0,4200.0
6,18,18,29.198805,22.664499,19.099970000000003,2800.0,6600.0,4200.0
6,18,19,0.0,0.0,0.0,2800.0,6600.0,4200.0
6,18,20,0.0,0.0,0.0,2800.0,6600.0,4200.0
6,18,21,0.0,0.0,0.0,2800.0,5787.929644089762,4200.0
6,18,22,0.0,0.0,0.0,1164.8359102045422,1421.650126627591,1375.790445123475
6,18,23,0.0,0.0,0.0,648.3361095823518,791.2763542146813,765.7513105303368
6,19,0,0.0,0.0,0.0,769.610460224766,939.288356967234,908.9887325489362
6,19,1,0.0,0.0,0.0,707.2412654778989,863.1684736147585,835.3243293046049
6,19,2,0.0,0.0,0.0,416.3395915497286,508.1309975606924,491.7396750587345
6,19,3,0.0,0.0,0.0,416.3395915497286,508.1309975606924,491.7396750587345
6,19,4,0.0,0.0,0.0,858.3289550807331,1047.566834941052,1013.7743563945666
6,19,5,-0.0,-0.0,-0.0,1536.7967041952045,1875.6180248051708,1815.114217553391
6,19,6,29.071081999999997,22.493222000000003,19.016422,2800.0,3663.3164546975977,3545.1449561589657
6,19,7,125.58021000000001,97.03083000000001,82.146453,2319.3884514592746,2830.7496848518704,2739.435178888906
6,19,8,243.123863,188.669876,159.035911,1222.1129067458091,1491.5551224063024,1443.4404410383572
6,19,9,344.997393,268.31122700000003,225.674987,667.5923777577954,814.7780988382542,788.4949343596008
6,19,10,425.942069,331.76014299999997,278.623759,1570.9465066065366,1917.296917511915,1855.44862985024
6,19,11,473.956789,369.43622999999997,310.03188400000005,2800.0,6600.0,4200.0
6,19,12,490.260048,382.153927,320.696423,2800.0,6600.0,4200.0
6,19,13,472.644173,368.12300799999997,309.173256,2800.0,6600.0,4200.0
6,19,14,424.405991,330.024494,277.618956,2800.0,6600.0,4200.0
6,19,15,347.60258,269.65106099999997,227.379131,2800.0,6600.0,4200.0
6,19,16,242.202013,187.42525,158.432896,2800.0,6600.0,4200.0
6,19,17,115.19319,89.016404,75.351936,2800.0,6600.0,4200.0
6,19,18,27.371485,21.215128,17.904656,2800.0,6600.0,4200.0
6,19,19,0.0,0.0,0.0,2800.0,6600.0,4200.0
6,19,20,0.0,0.0,0.0,2800.0,6600.0,4200.0
6,19,21,0.0,0.0,0.0,2800.0,6600.0,4200.0
6,19,22,0.0,0.0,0.0,2800.0,6600.0,4200.0
6,19,23,0.0,0.0,0.0,2800.0,4134.733013236745,4001.3545289387857
6,20,0,0.0,0.0,0.0,1437.3238044186396,1754.214092007001,1697.6265406519365
6,20,1,0.0,0.0,0.0,349.3284625537728,426.3457613845259,412.59267230760565
6,20,2,0.0,0.0,0.0,36.240444554051166,44.23046382581048,42.803674670139166
6,20,3,0.0,0.0,0.0,10.73790949749664,13.105322615054956,12.682570272633829
6,20,4,0.0,0.0,0.0,152.76411334322614,186.4443903007878,180.43005512979465
6,20,5,-0.0,-0.0,-0.0,769.610460224766,939.288356967234,908.9887325489362
6,20,6,29.974115,23.178357,19.607128,2275.070137118247,2776.660403569514,2687.090713131788
6,20,7,124.753761,96.249498,81.60584399999999,2800.0,3599.0492231594667,3482.9508611220645
6,20,8,241.431486,186.696008,157.928867,1437.3238044186396,1754.214092007001,1697.6265406519365
6,20,9,338.18922299999997,262.404128,221.221522,1570.9465066065366,1917.296917511915,1855.44862985024
6,20,10,413.621853,322.08169,270.564671,2800.0,4644.951049827907,4200.0
6,20,11,455.778495,355.714509,298.14082,2800.0,6600.0,4200.0
6,20,12,468.254087,365.73111700000004,306.301545,2800.0,6600.0,4200.0
6,20,13,450.5691,351.65831,294.73317,2800.0,6600.0,4200.0
6,20,14,403.471588,314.283461,263.92502399999995,2800.0,6600.0,4200.0
6,20,15,328.349738,255.064794,214.78516699999997,2800.0,6600.0,4200.0
6,20,16,228.36844399999998,176.93283799999998,149.38387,2800.0,6600.0,4200.0
6,20,17,114.742412,88.74557700000001,75.057066,2800.0,6600.0,4200.0
6,20,18,29.147518,22.600558,19.066422,2800.0,6600.0,4200.0
6,20,19,0.0,0.0,0.0,2800.0,6600.0,4200.0
6,20,20,0.0,0.0,0.0,2800.0,6600.0,4200.0
6,20,21,0.0,0.0,0.0,2800.0,6600.0,4200.0
6,20,22,0.0,0.0,0.0,2800.0,6600.0,4200.0
6,20,23,0.0,0.0,0.0,2800.0,5444.184846176627,4200.0
6,21,0,0.0,0.0,0.0,2800.0,4134.733013236745,4001.3545289387857
6,21,1,0.0,0.0,0.0,2800.0,3663.3164546975977,3545.1449561589657
6,21,2,0.0,0.0,0.0,2800.0,3535.5380679260493,3421.48845283166
6,21,3,0.0,0.0,0.0,2800.0,5033.998538121269,4200.0
6,21,4,0.0,0.0,0.0,2800.0,6600.0,4200.0
6,21,5,-0.0,-0.0,-0.0,2800.0,6600.0,4200.0
6,21,6,28.166859,21.799819,18.424937999999997,2800.0,6600.0,4200.0
6,21,7,119.009006,91.96416,77.847996,2800.0,6600.0,4200.0
6,21,8,231.340123,179.390706,151.32775,2800.0,6600.0,4200.0
6,21,9,321.012636,250.16066899999998,209.985709,2800.0,6600.0,4200.0
6,21,10,383.64043699999996,300.460014,250.952767,2800.0,6600.0,4200.0
6,21,11,426.377875,334.34963799999997,278.908835,2800.0,6600.0,4200.0
6,21,12,447.68940200000003,350.361326,292.84945799999997,2800.0,6600.0,4200.0
6,21,13,433.15097499999996,338.13949699999995,283.33936,2800.0,6600.0,4200.0
6,21,14,389.413758,303.20186,254.72930100000002,2800.0,6600.0,4200.0
6,21,15,316.834904,246.034506,207.252907,2800.0,6600.0,4200.0
6,21,16,219.872138,170.303063,143.82613500000002,2800.0,6600.0,4200.0
6,21,17,112.674781,87.156678,73.704556,2800.0,6600.0,4200.0
6,21,18,28.634821,22.214105,18.731047999999998,2800.0,6600.0,4200.0
6,21,19,0.0,0.0,0.0,2800.0,6600.0,4200.0
6,21,20,0.0,0.0,0.0,2800.0,6600.0,4200.0
6,21,21,0.0,0.0,0.0,2800.0,6600.0,4200.0
6,21,22,0.0,0.0,0.0,2800.0,6600.0,4200.0
6,21,23,0.0,0.0,0.0,2800.0,6600.0,4200.0
6,22,0,0.0,0.0,0.0,2800.0,6600.0,4200.0
6,22,1,0.0,0.0,0.0,2800.0,6600.0,4200.0
6,22,2,0.0,0.0,0.0,2800.0,6600.0,4200.0
6,22,3,0.0,0.0,0.0,2800.0,6600.0,4200.0
6,22,4,0.0,0.0,0.0,2800.0,6600.0,4200.0
6,22,5,-0.0,-0.0,-0.0,2800.0,6600.0,4200.0
6,22,6,26.40658,20.444591,17.273477,2800.0,6600.0,4200.0
6,22,7,117.247677,90.509297,76.695849,2800.0,6600.0,4200.0
6,22,8,228.27217100000001,176.539345,149.320894,2800.0,6600.0,4200.0
6,22,9,323.44043,250.919393,211.573815,2800.0,6600.0,4200.0
6,22,10,394.226802,306.7753,257.877683,2800.0,6600.0,4200.0
6,22,11,435.31303,339.470108,284.753636,2800.0,6600.0,4200.0
6,22,12,447.907152,349.569879,292.991896,2800.0,6600.0,4200.0
6,22,13,438.34913900000004,341.96497899999997,286.739662,2800.0,6600.0,4200.0
6,22,14,392.92823100000004,305.927742,257.02824100000004,2800.0,6600.0,4200.0
6,22,15,320.789153,249.111083,209.83952100000002,2800.0,6600.0,4200.0
6,22,16,224.102205,173.58162299999998,146.59317199999998,2800.0,6600.0,4200.0
6,22,17,113.941352,88.13140700000001,74.53306500000001,2800.0,6600.0,4200.0
6,22,18,29.260337,22.693377,19.140220000000003,2800.0,6600.0,4200.0
6,22,19,0.0,0.0,0.0,2800.0,6600.0,4200.0
6,22,20,0.0,0.0,0.0,2800.0,6600.0,4200.0
6,22,21,0.0,0.0,0.0,2800.0,6600.0,4200.0
6,22,22,0.0,0.0,0.0,2800.0,6600.0,4200.0
6,22,23,0.0,0.0,0.0,2800.0,6600.0,4200.0
6,23,0,0.0,0.0,0.0,2800.0,6600.0,4200.0
6,23,1,0.0,0.0,0.0,2800.0,6600.0,4200.0
6,23,2,0.0,0.0,0.0,2800.0,6600.0,4200.0
6,23,3,0.0,0.0,0.0,2800.0,6600.0,4200.0
6,23,4,0.0,0.0,0.0,2800.0,6600.0,4200.0
6,23,5,0.0,0.0,0.0,2800.0,6600.0,4200.0
6,23,6,26.451477999999998,20.474793000000002,17.302846000000002,2800.0,6600.0,4200.0
6,23,7,117.996926,91.044841,77.185959,2800.0,6600.0,4200.0
6,23,8,228.109234,176.239462,149.21431099999998,2800.0,6600.0,4200.0
6,23,9,269.990725,208.84091899999999,176.61047399999998,2800.0,6600.0,4200.0
6,23,10,271.369645,209.99358600000002,177.512474,2800.0,6600.0,4200.0
6,23,11,440.933838,342.469416,288.430406,2800.0,6600.0,4200.0
6,23,12,458.80483000000004,356.453542,300.120452,2800.0,6600.0,4200.0
6,23,13,453.365087,352.13608500000004,296.562124,2800.0,6600.0,4200.0
6,23,14,407.53508500000004,316.129135,266.583101,2800.0,6600.0,4200.0
6,23,15,333.498066,258.188742,218.15287,2800.0,6600.0,4200.0
6,23,16,233.94917999999998,180.76271100000002,153.034426,2800.0,6600.0,4200.0
6,23,17,117.818251,90.94127499999999,77.069082,2800.0,6600.0,4200.0
6,23,18,10.006831,7.795911,6.545822,2800.0,6600.0,4200.0
6,23,19,0.0,0.0,0.0,2800.0,6600.0,4200.0
6,23,20,0.0,0.0,0.0,2800.0,6600.0,4200.0
6,23,21,0.0,0.0,0.0,2800.0,6600.0,4200.0
6,23,22,0.0,0.0,0.0,2800.0,6600.0,4200.0
6,23,23,0.0,0.0,0.0,2800.0,6600.0,4200.0
6,24,0,0.0,0.0,0.0,2800.0,6600.0,4200.0
6,24,1,0.0,0.0,0.0,2800.0,6600.0,4200.0
6,24,2,0.0,0.0,0.0,2800.0,6600.0,4200.0
6,24,3,0.0,0.0,0.0,2800.0,6600.0,4200.0
6,24,4,0.0,0.0,0.0,2800.0,6600.0,4200.0
6,24,5,0.0,0.0,0.0,2800.0,6600.0,4200.0
6,24,6,27.046326,20.928732,17.691958,2800.0,6600.0,4200.0
6,24,7,113.05810000000001,87.208567,73.955298,2800.0,6600.0,4200.0
6,24,8,234.114949,180.768119,153.14286199999998,2800.0,6600.0,4200.0
6,24,9,335.642218,259.620527,219.555436,2800.0,6600.0,4200.0
6,24,10,413.099556,320.048825,270.22301799999997,2800.0,6600.0,4200.0
6,24,11,463.798063,359.76745400000004,303.38670299999995,2800.0,6600.0,4200.0
6,24,12,480.609935,373.011334,314.383942,2800.0,6600.0,4200.0
6,24,13,469.37412900000004,364.25928600000003,307.03420500000004,2800.0,6600.0,4200.0
6,24,14,420.351137,325.908773,274.96653399999997,2800.0,6600.0,4200.0
6,24,15,342.878222,265.404215,224.288762,2800.0,6600.0,4200.0
6,24,16,239.966755,185.41683600000002,156.970734,2800.0,6600.0,4200.0
6,24,17,117.82190399999999,90.957813,77.071471,2800.0,6600.0,4200.0
6,24,18,28.869038,22.356678,18.884258000000003,2800.0,6600.0,4200.0
6,24,19,0.0,0.0,0.0,2800.0,6600.0,4200.0
6,24,20,0.0,0.0,0.0,2800.0,6600.0,4200.0
6,24,21,0.0,0.0,0.0,2800.0,6600.0,4200.0
6,24,22,0.0,0.0,0.0,2800.0,6600.0,4200.0
6,24,23,0.0,0.0,0.0,2800.0,6600.0,4200.0
6,25,0,0.0,0.0,0.0,2800.0,6600.0,4200.0
6,25,1,0.0,0.0,0.0,2800.0,6600.0,4200.0
6,25,2,0.0,0.0,0.0,2800.0,6600.0,4200.0
6,25,3,0.0,0.0,0.0,2800.0,6600.0,4200.0
6,25,4,0.0,0.0,0.0,2800.0,6600.0,4200.0
6,25,5,0.0,0.0,0.0,2800.0,6600.0,4200.0
6,25,6,24.089156,18.640481,15.757568,2800.0,6600.0,4200.0
6,25,7,114.88887799999999,88.58680100000001,75.152875,2800.0,6600.0,4200.0
6,25,8,227.564718,175.664791,148.858124,2800.0,6600.0,4200.0
6,25,9,328.072811,253.69767199999998,214.604019,2800.0,6600.0,4200.0
6,25,10,423.18798200000003,327.921984,276.822214,2800.0,6600.0,4200.0
6,25,11,474.80269699999997,368.42313,310.585223,2800.0,6600.0,4200.0
6,25,12,492.94311200000004,382.72220799999997,322.45151,2800.0,6600.0,4200.0
6,25,13,477.28025099999996,370.474354,312.20587900000004,2800.0,6600.0,4200.0
6,25,14,428.87426500000004,332.54977,280.54181300000005,2800.0,6600.0,4200.0
6,25,15,350.2122,271.10925799999995,229.086176,2800.0,6600.0,4200.0
6,25,16,245.16375299999999,189.425848,160.370274,2800.0,6600.0,4200.0
6,25,17,120.055022,92.674773,78.53223200000001,2800.0,6600.0,4200.0
6,25,18,30.049483,23.262446,19.656428,2800.0,6600.0,4200.0
6,25,19,0.0,0.0,0.0,2800.0,6600.0,4200.0
6,25,20,0.0,0.0,0.0,2800.0,6600.0,4200.0
6,25,21,0.0,0.0,0.0,2800.0,6600.0,4200.0
6,25,22,0.0,0.0,0.0,2800.0,6600.0,4200.0
6,25,23,0.0,0.0,0.0,2800.0,6600.0,4200.0
6,26,0,0.0,0.0,0.0,2800.0,6600.0,4200.0
6,26,1,0.0,0.0,0.0,2800.0,6600.0,4200.0
6,26,2,0.0,0.0,0.0,2800.0,6600.0,4200.0
6,26,3,0.0,0.0,0.0,2800.0,6600.0,4200.0
6,26,4,0.0,0.0,0.0,2800.0,6600.0,4200.0
6,26,5,0.0,0.0,0.0,2800.0,6600.0,4200.0
6,26,6,26.97784,20.881308,17.647158,2800.0,6600.0,4200.0
6,26,7,124.06143700000001,95.707251,81.15297,2800.0,6600.0,4200.0
6,26,8,248.940912,192.25532199999998,162.841047,2800.0,6600.0,4200.0
6,26,9,356.14392,275.652448,232.96632300000002,2800.0,6600.0,4200.0
6,26,10,437.008926,338.97601099999997,285.86298100000005,2800.0,3860.699345383164,3736.160656822416
6,26,11,479.269786,372.227125,313.507304,1786.5196926460033,2180.398050079768,2110.0626291094527
6,26,12,486.045113,377.56120899999996,317.939285,2800.0,5965.099051003621,4200.0
6,26,13,474.252091,368.27952,310.225052,2800.0,6600.0,4200.0
6,26,14,423.438079,328.408943,276.985811,2800.0,6600.0,4200.0
6,26,15,342.604489,265.224642,224.109703,2800.0,6600.0,4200.0
6,26,16,237.25998499999997,183.342733,155.20014,2800.0,6600.0,4200.0
6,26,17,119.1486,91.98639299999999,77.93930999999999,2800.0,6600.0,4200.0
6,26,18,30.626495,23.712715,20.033873,2800.0,6600.0,4200.0
6,26,19,0.0,0.0,0.0,2800.0,6600.0,4200.0
6,26,20,0.0,0.0,0.0,2800.0,6600.0,4200.0
6,26,21,0.0,0.0,0.0,2800.0,6600.0,4200.0
6,26,22,0.0,0.0,0.0,2800.0,6600.0,4200.0
6,26,23,0.0,0.0,0.0,2800.0,6600.0,4200.0
6,27,0,0.0,0.0,0.0,2188.134369840437,2670.5576954745493,2584.4106730398867
6,27,1,0.0,0.0,0.0,55.67205296764801,67.94620637783812,65.7543932688756
6,27,2,0.0,0.0,0.0,1109.377075854021,1353.9641476958525,1310.287884866954
6,27,3,0.0,0.0,0.0,2800.0,6600.0,4200.0
6,27,4,0.0,0.0,0.0,2800.0,6600.0,4200.0
6,27,5,0.0,0.0,0.0,2800.0,6600.0,4200.0
6,27,6,23.044955,17.837366000000003,15.074519,2800.0,6600.0,4200.0
6,27,7,114.334946,88.184754,74.79052800000001,2800.0,6600.0,4200.0
6,27,8,225.672225,174.28107699999998,147.62017699999998,2800.0,6600.0,4200.0
6,27,9,325.990144,252.21179800000002,213.24167300000002,2800.0,6600.0,4200.0
6,27,10,411.501055,318.934871,269.17738199999997,2800.0,6600.0,4200.0
6,27,11,460.361969,357.212033,301.139033,2800.0,6600.0,4200.0
6,27,12,477.81917200000004,370.878582,312.558406,2800.0,6600.0,4200.0
6,27,13,455.040662,353.038115,297.658178,1136.8810555802274,1387.531996967994,1342.7729002916071
6,27,14,409.79689299999995,317.608168,268.062629,28.504091119435778,34.78845766545312,33.666249353664305
6,27,15,336.93296000000004,260.733127,220.399756,1311.5016045329749,1600.651564587489,1549.017643149183
6,27,16,236.70247,182.851606,154.83545,2800.0,6600.0,4200.0
6,27,17,122.284677,94.389115,79.990728,2800.0,6600.0,4200.0
6,27,18,31.491739000000003,24.37978,20.599859000000002,2800.0,6600.0,4200.0
6,27,19,0.0,0.0,0.0,2800.0,6600.0,4200.0
6,27,20,0.0,0.0,0.0,2800.0,6600.0,4200.0
6,27,21,0.0,0.0,0.0,2800.0,6600.0,4200.0
6,27,22,0.0,0.0,0.0,2800.0,6600.0,4200.0
6,27,23,0.0,0.0,0.0,2800.0,6600.0,4200.0
6,28,0,0.0,0.0,0.0,2800.0,6600.0,4200.0
6,28,1,0.0,0.0,0.0,2800.0,6600.0,4200.0
6,28,2,0.0,0.0,0.0,2800.0,6600.0,4200.0
6,28,3,0.0,0.0,0.0,2800.0,6600.0,4200.0
6,28,4,0.0,0.0,0.0,2800.0,6600.0,4200.0
6,28,5,0.0,0.0,0.0,2800.0,6600.0,4200.0
6,28,6,27.236111,21.063264999999998,17.816101999999997,2800.0,6600.0,4200.0
6,28,7,124.199052,95.760133,81.242989,2800.0,6600.0,4200.0
6,28,8,245.668869,189.695258,160.70068799999999,2800.0,6600.0,4200.0
6,28,9,348.433717,269.564882,227.922807,2800.0,6600.0,4200.0
6,28,10,426.397603,330.438046,278.921741,2800.0,6600.0,4200.0
6,28,11,474.32139,368.02334499999995,310.270383,2800.0,6600.0,4200.0
6,28,12,489.70585700000004,380.114591,320.333906,2800.0,6600.0,4200.0
6,28,13,474.01851899999997,367.831347,310.072264,2800.0,6600.0,4200.0
6,28,14,424.39386099999996,328.955873,277.611022,2800.0,6600.0,4200.0
6,28,15,345.028709,267.015066,225.695471,2800.0,6600.0,4200.0
6,28,16,240.06747099999998,185.467954,157.036616,2800.0,6600.0,4200.0
6,28,17,122.348294,94.457261,80.032343,2800.0,6600.0,4200.0
6,28,18,31.084255000000002,24.066651,20.33331,2800.0,6600.0,4200.0
6,28,19,0.0,0.0,0.0,2800.0,6600.0,4200.0
6,28,20,0.0,0.0,0.0,2800.0,6600.0,4200.0
6,28,21,0.0,0.0,0.0,2800.0,6600.0,4200.0
6,28,22,0.0,0.0,0.0,2800.0,6600.0,4200.0
6,28,23,0.0,0.0,0.0,2800.0,6600.0,4200.0
6,29,0,0.0,0.0,0.0,2145.5095856044995,2618.5353210133653,2534.066439690353
6,29,1,0.0,0.0,0.0,687.226207839785,838.7406473635172,811.6844974485649
6,29,2,0.0,0.0,0.0,71.8766678693094,87.7234922814406,84.89370220784575
6,29,3,0.0,0.0,0.0,2.0619278876906666,2.516526162142152,2.4353478988472435
6,29,4,0.0,0.0,0.0,52.04244894371608,63.51637469508655,61.467459382341815
6,29,5,0.0,0.0,0.0,349.3284625537728,426.3457613845259,412.59267230760565
6,29,6,26.162927,20.221837,17.114095000000002,881.5257965526516,1075.877940674496,1041.1722006527382
6,29,7,120.45085300000001,92.849712,78.79116,475.7328897807615,580.6188812284884,561.8892398985372
6,29,8,237.26399600000002,183.300351,155.202764,460.3878697051685,561.8907071204812,543.7652004391754
6,29,9,335.44713299999995,259.923092,219.427824,1405.1461214803344,1714.9421167673372,1659.6214033232295
6,29,10,406.174402,315.41873100000004,265.69303,2800.0,6600.0,4200.0
6,29,11,453.120542,352.313737,296.402159,2800.0,6600.0,4200.0
6,29,12,466.555065,362.789001,305.190156,2800.0,6600.0,4200.0
6,29,13,453.112131,352.12611,296.396657,2800.0,6600.0,4200.0
6,29,14,405.25845400000003,314.482993,265.09387599999997,2800.0,6600.0,4200.0
6,29,15,329.249207,255.04254600000002,215.373542,2800.0,6600.0,4200.0
6,29,16,231.209061,178.75851,151.242018,2800.0,6600.0,4200.0
6,29,17,120.54770699999999,93.09274099999999,78.854515,2800.0,6600.0,4200.0
6,29,18,31.425842,24.326992999999998,20.556754,2800.0,6600.0,4200.0
6,29,19,0.0,0.0,0.0,2800.0,6600.0,4200.0
6,29,20,0.0,0.0,0.0,2800.0,6600.0,4200.0
6,29,21,0.0,0.0,0.0,2800.0,6600.0,4200.0
6,29,22,0.0,0.0,0.0,2800.0,6600.0,4200.0
6,29,23,0.0,0.0,0.0,2800.0,6600.0,4200.0
6,30,0,0.0,0.0,0.0,2800.0,4348.55720818164,4200.0
6,30,1,0.0,0.0,0.0,2549.630956168769,3111.754316583931,3011.3751450812238
6,30,2,0.0,0.0,0.0,2800.0,3794.137041985159,3671.7455245017663
6,30,3,0.0,0.0,0.0,2800.0,5787.929644089762,4200.0
6,30,4,0.0,0.0,0.0,2800.0,6600.0,4200.0
6,30,5,0.0,0.0,0.0,2800.0,6600.0,4200.0
6,30,6,25.880779999999998,19.992149,16.929533,2800.0,6600.0,4200.0
6,30,7,119.28171499999999,91.955287,78.02638499999999,2800.0,6600.0,4200.0
6,30,8,236.49528700000002,182.958372,154.699924,2800.0,6600.0,4200.0
6,30,9,330.94481199999996,257.377586,216.48269699999997,2800.0,6600.0,4200.0
6,30,10,395.701742,309.52653399999997,258.842493,2800.0,6600.0,4200.0
6,30,11,428.342218,336.701302,280.193782,2800.0,6600.0,4200.0
6,30,12,444.745707,349.743006,290.92388400000004,2800.0,6600.0,4200.0
6,30,13,432.628986,339.263532,282.997908,2800.0,6600.0,4200.0
6,30,14,396.506415,309.846037,259.368858,2800.0,6600.0,4200.0
6,30,15,327.11743199999995,254.57177,213.97907199999997,2800.0,6600.0,4200.0
6,30,16,231.989178,179.873224,151.752319,2800.0,6600.0,4200.0
6,30,17,118.604591,91.74018799999999,77.583454,2800.0,6600.0,4200.0
6,30,18,30.779584,23.84969,20.134014,2800.0,6600.0,4200.0
6,30,19,0.0,0.0,0.0,2800.0,6600.0,4200.0
6,30,20,0.0,0.0,0.0,2800.0,6600.0,4200.0
6,30,21,0.0,0.0,0.0,2800.0,6600.0,4200.0
6,30,22,0.0,0.0,0.0,2800.0,6600.0,4200.0
6,30,23,0.0,0.0,0.0,2800.0,6600.0,4200.0
7,1,0,0.0,0.0,0.0,2800.0,6600.0,4200.0
7,1,1,0.0,0.0,0.0,2800.0,6600.0,4200.0
7,1,2,0.0,0.0,0.0,2800.0,6600.0,4200.0
7,1,3,0.0,0.0,0.0,2800.0,6600.0,4200.0
7,1,4,0.0,0.0,0.0,2800.0,6600.0,4200.0
7,1,5,0.0,0.0,0.0,2800.0,6600.0,4200.0
7,1,6,22.956923,17.776616,15.016935,2800.0,6600.0,4200.0
7,1,7,114.24923600000001,88.228015,74.734463,2800.0,6600.0,4200.0
7,1,8,225.24330600000002,174.513525,147.339606,2800.0,6600.0,4200.0
7,1,9,318.46072100000004,247.911809,208.316411,2800.0,6600.0,4200.0
7,1,10,372.877043,291.421482,243.91205100000002,2800.0,6600.0,4200.0
7,1,11,414.11723700000005,324.559006,270.888719,2800.0,6600.0,4200.0
7,1,12,430.55351299999995,337.427805,281.640268,2800.0,6600.0,4200.0
7,1,13,424.865839,332.41258500000004,277.919759,2800.0,6600.0,4200.0
7,1,14,385.995008,300.99886499999997,252.492975,2800.0,6600.0,4200.0
7,1,15,318.162151,247.246186,208.121106,2800.0,6600.0,4200.0
7,1,16,225.47947299999998,174.694522,147.494091,2800.0,6600.0,4200.0
7,1,17,118.81034600000001,91.907158,77.718046,2800.0,6600.0,4200.0
7,1,18,30.088159,23.335155999999998,19.681728,2800.0,6600.0,4200.0
7,1,19,0.0,0.0,0.0,2800.0,6600.0,4200.0
7,1,20,0.0,0.0,0.0,2800.0,6600.0,4200.0
7,1,21,0.0,0.0,0.0,2800.0,6600.0,4200.0
7,1,22,0.0,0.0,0.0,2800.0,6600.0,4200.0
7,1,23,0.0,0.0,0.0,2800.0,6600.0,4200.0
7,2,0,0.0,0.0,0.0,2800.0,6600.0,4200.0
7,2,1,0.0,0.0,0.0,2800.0,6600.0,4200.0
7,2,2,0.0,0.0,0.0,2800.0,6600.0,4200.0
7,2,3,0.0,0.0,0.0,2800.0,6600.0,4200.0
7,2,4,0.0,0.0,0.0,2800.0,6600.0,4200.0
7,2,5,0.0,0.0,0.0,2800.0,6600.0,4200.0
7,2,6,20.428714,15.841818,13.363144,2800.0,6600.0,4200.0
7,2,7,109.485535,84.585567,71.61835799999999,2800.0,6600.0,4200.0
7,2,8,218.955119,169.61228400000002,143.226281,2800.0,6600.0,4200.0
7,2,9,312.93693,243.436182,204.70310500000002,2800.0,6600.0,4200.0
7,2,10,380.728541,297.347337,249.047993,2800.0,6600.0,4200.0
7,2,11,421.579096,330.25142900000003,275.76978499999996,2800.0,6600.0,4200.0
7,2,12,435.658157,341.59737800000005,284.979396,2800.0,6600.0,4200.0
7,2,13,430.173831,336.789662,281.391905,2800.0,6600.0,4200.0
7,2,14,384.995161,300.325524,251.83894,2800.0,6600.0,4200.0
7,2,15,324.04176,251.93230799999998,211.967166,2800.0,6600.0,4200.0
7,2,16,227.869223,176.64628299999998,149.057311,2800.0,6600.0,4200.0
7,2,17,118.317484,91.573764,77.395647,2800.0,6600.0,4200.0
7,2,18,30.874924999999998,23.95376,20.19638,2800.0,6600.0,4200.0
7,2,19,0.0,0.0,0.0,2800.0,6600.0,4200.0
7,2,20,0.0,0.0,0.0,2800.0,6600.0,4200.0
7,2,21,0.0,0.0,0.0,2800.0,6600.0,4200.0
7,2,22,0.0,0.0,0.0,2800.0,6600.0,4200.0
7,2,23,0.0,0.0,0.0,2800.0,6600.0,4200.0
7,3,0,0.0,0.0,0.0,2800.0,6600.0,4200.0
7,3,1,0.0,0.0,0.0,2800.0,6600.0,4200.0
7,3,2,0.0,0.0,0.0,2800.0,6600.0,4200.0
7,3,3,0.0,0.0,0.0,2800.0,5876.06920203001,4200.0
7,3,4,0.0,0.0,0.0,1901.3333359069868,2320.524937524275,2245.6692943783305
7,3,5,0.0,0.0,0.0,324.6794129073232,396.2622755955519,383.4796215440825
7,3,6,20.471877,15.871867,13.391378000000001,3.0015560628812588,3.663316454697599,3.5451449561589667
7,3,7,109.562926,84.67817,71.668982,90.95515204021434,111.00825642703326,107.42734492938702
7,3,8,216.49417499999998,168.11805900000002,141.616491,402.3068740231014,491.0044525478796,475.1655992398835
7,3,9,307.369756,239.907296,201.061419,592.796019999516,723.4912055112203,700.1527795269874
7,3,10,380.98687800000005,297.675715,249.21698,1749.3017415377876,2134.9745664437564,2066.104419139119
7,3,11,424.618737,331.794473,277.75812099999996,2800.0,6600.0,4200.0
7,3,12,443.67384100000004,346.419772,290.222738,2800.0,6600.0,4200.0
7,3,13,433.38498300000003,337.92019500000004,283.492433,2800.0,6600.0,4200.0
7,3,14,395.24904100000003,307.59853999999996,258.546365,2800.0,6600.0,4200.0
7,3,15,329.173604,255.606647,215.324087,2800.0,6600.0,4200.0
7,3,16,232.189499,179.86377299999998,151.883357,2800.0,6600.0,4200.0
7,3,17,120.271793,93.029176,78.67403,2800.0,6600.0,4200.0
7,3,18,31.365226,24.318278999999997,20.517103,2800.0,6600.0,4200.0
7,3,19,0.0,0.0,0.0,2800.0,6600.0,4200.0
7,3,20,0.0,0.0,0.0,2800.0,6600.0,4200.0
7,3,21,0.0,0.0,0.0,2800.0,6600.0,4200.0
7,3,22,0.0,0.0,0.0,2800.0,6600.0,4200.0
7,3,23,0.0,0.0,0.0,2800.0,6600.0,4200.0
7,4,0,0.0,0.0,0.0,2800.0,6600.0,4200.0
7,4,1,0.0,0.0,0.0,2800.0,6600.0,4200.0
7,4,2,0.0,0.0,0.0,2800.0,6600.0,4200.0
7,4,3,0.0,0.0,0.0,2800.0,5195.505086201954,4200.0
7,4,4,0.0,0.0,0.0,2800.0,4276.483153260508,4138.532083800491
7,4,5,0.0,0.0,0.0,2409.744269793466,2941.0264710077745,2846.1546493623623
7,4,6,24.004114,18.572681,15.701939,1136.8810555802274,1387.531996967994,1342.7729002916071
7,4,7,116.180319,89.616253,75.997652,209.55296754900695,255.75362181178016,247.5035049791421
7,4,8,231.962905,179.30838699999998,151.735133,30.94602468005788,37.7687702788108,36.55042285046206
7,4,9,329.108747,255.22603,215.281662,228.03272895548625,278.3076613236249,269.32999482931444
7,4,10,396.644168,308.369753,259.45896700000003,791.1870845831577,965.6220323652713,934.4729345470366
7,4,11,437.068314,340.28217099999995,285.901829,1193.2453053765432,1456.323010498931,1409.344848869933
7,4,12,450.505279,350.883905,294.691423,1749.3017415377876,2134.9745664437564,2066.104419139119
7,4,13,437.803826,340.854647,286.38295400000004,2800.0,5195.505086201954,4200.0
7,4,14,397.477348,309.05869,260.003979,2800.0,6600.0,4200.0
7,4,15,330.428178,256.436147,216.144748,2800.0,6600.0,4200.0
7,4,16,233.933673,181.11972,153.024282,2800.0,6600.0,4200.0
7,4,17,119.924171,92.71658500000001,78.44663800000001,2800.0,6600.0,4200.0
7,4,18,30.972133999999997,24.002886,20.259967,2800.0,6600.0,4200.0
7,4,19,0.0,0.0,0.0,2800.0,6600.0,4200.0
7,4,20,0.0,0.0,0.0,2800.0,6600.0,4200.0
7,4,21,0.0,0.0,0.0,2800.0,6600.0,4200.0
7,4,22,0.0,0.0,0.0,2800.0,6600.0,4200.0
7,4,23,0.0,0.0,0.0,2800.0,6600.0,4200.0
7,5,0,0.0,0.0,0.0,2800.0,6600.0,4200.0
7,5,1,0.0,0.0,0.0,2800.0,6600.0,4200.0
7,5,2,0.0,0.0,0.0,2800.0,6600.0,4200.0
7,5,3,0.0,0.0,0.0,2800.0,6600.0,4200.0
7,5,4,0.0,0.0,0.0,2800.0,4421.436551474658,4200.0
7,5,5,0.0,0.0,0.0,2455.7891050857875,2997.2229235298983,2900.5383130934497
7,5,6,23.588236000000002,18.249385999999998,15.429898,2800.0,5700.675903358588,4200.0
7,5,7,116.543046,89.886364,76.234925,2800.0,6237.575082367505,4200.0
7,5,8,236.204908,182.623628,154.50997700000002,2800.0,5528.8079782263085,4200.0
7,5,9,325.242772,252.360585,212.752791,2800.0,4875.874201202505,4200.0
7,5,10,389.52762800000005,302.999486,254.803786,2800.0,6600.0,4200.0
7,5,11,428.102175,333.39034000000004,280.036761,2800.0,6600.0,4200.0
7,5,12,439.586743,342.448584,287.549223,2800.0,6600.0,4200.0
7,5,13,423.809322,330.082962,277.228654,2800.0,6600.0,4200.0
7,5,14,378.526638,294.501311,247.60765,2800.0,6600.0,4200.0
7,5,15,304.674619,236.56485899999998,199.29843499999998,2800.0,6600.0,4200.0
7,5,16,214.689736,166.35726699999998,140.43614300000002,2800.0,6600.0,4200.0
7,5,17,121.84559200000001,94.274329,79.703508,2800.0,6600.0,4200.0
7,5,18,36.484495,28.274645,23.865796999999997,2800.0,6600.0,4200.0
7,5,19,0.0,0.0,0.0,2800.0,6600.0,4200.0
7,5,20,0.0,0.0,0.0,2800.0,6600.0,4200.0
7,5,21,0.0,0.0,0.0,2800.0,6600.0,4200.0
7,5,22,0.0,0.0,0.0,2800.0,6600.0,4200.0
7,5,23,0.0,0.0,0.0,2800.0,5033.998538121269,4200.0
7,6,0,0.0,0.0,0.0,2800.0,4644.951049827907,4200.0
7,6,1,0.0,0.0,0.0,2800.0,3794.137041985159,3671.7455245017663
7,6,2,0.0,0.0,0.0,1940.6700324713545,2368.5342915988967,2292.129959611836
7,6,3,0.0,0.0,0.0,727.6412163217148,888.0660514162661,859.4187594350961
7,6,4,0.0,0.0,0.0,183.74862734385428,224.2601357346253,217.0259378077019
7,6,5,0.0,0.0,0.0,257.74098596133337,314.56577026776904,304.4184873559055
7,6,6,20.129679,15.590141,13.167534,748.4297260208111,913.4378545923286,883.9721173474147
7,6,7,109.32496,84.393944,71.51332000000001,416.3395915497286,508.1309975606924,491.7396750587345
7,6,8,195.652264,151.46226199999998,127.98306,71.8766678693094,87.7234922814406,84.89370220784575
7,6,9,255.606055,198.661818,167.200954,1.0557070784976212,1.2884613950167818,1.2468981242097887
7,6,10,304.711075,237.83470499999999,199.322282,21.955408148130225,26.795970574489644,25.93158442692546
7,6,11,337.978969,264.508408,221.083987,592.796019999516,723.4912055112203,700.1527795269874
7,6,12,353.054718,276.03171999999995,230.945567,2800.0,6600.0,4200.0
7,6,13,352.66094799999996,275.136505,230.68798800000002,2800.0,6600.0,4200.0
7,6,14,317.405362,246.982913,207.626064,2800.0,6600.0,4200.0
7,6,15,246.72242300000002,191.48333,161.389856,2800.0,6600.0,4200.0
7,6,16,165.855994,128.475638,108.49226700000001,2800.0,6600.0,4200.0
7,6,17,96.626105,74.796564,63.20655,2800.0,6600.0,4200.0
7,6,18,32.943883,25.550801,21.549758,2800.0,6600.0,4200.0
7,6,19,0.0,0.0,0.0,2800.0,6600.0,4200.0
7,6,20,0.0,0.0,0.0,2800.0,6600.0,4200.0
7,6,21,0.0,0.0,0.0,2800.0,6600.0,4200.0
7,6,22,0.0,0.0,0.0,2800.0,6600.0,4200.0
7,6,23,0.0,0.0,0.0,2800.0,6600.0,4200.0
7,7,0,0.0,0.0,0.0,2800.0,6600.0,4200.0
7,7,1,0.0,0.0,0.0,2800.0,6600.0,4200.0
7,7,2,0.0,0.0,0.0,2800.0,6330.21083371745,4200.0
7,7,3,0.0,0.0,0.0,2800.0,3794.137041985159,3671.7455245017663
7,7,4,0.0,0.0,0.0,2800.0,3599.0492231594667,3482.9508611220645
7,7,5,0.0,0.0,0.0,2800.0,6600.0,4200.0
7,7,6,20.510338,15.901738,13.416537,2800.0,6600.0,4200.0
7,7,7,60.711861,46.938185,39.713774,2800.0,6600.0,4200.0
7,7,8,103.099941,79.770872,67.441315,2800.0,6600.0,4200.0
7,7,9,190.918206,148.14535,124.886345,2800.0,6600.0,4200.0
7,7,10,271.856666,211.857583,177.831052,2800.0,6600.0,4200.0
7,7,11,342.242685,267.536729,223.87303500000002,2800.0,6600.0,4200.0
7,7,12,392.78002100000003,307.403827,256.931292,2800.0,6600.0,4200.0
7,7,13,397.516335,310.59022,260.029482,2800.0,6600.0,4200.0
7,7,14,361.072478,281.32277500000004,236.190268,2800.0,6600.0,4200.0
7,7,15,294.335532,228.76657600000001,192.535273,2800.0,6600.0,4200.0
7,7,16,216.113902,167.618856,141.36774,2800.0,6600.0,4200.0
7,7,17,117.013162,90.63154899999999,76.542445,2800.0,6600.0,4200.0
7,7,18,31.469925,24.437749,20.58559,2800.0,6600.0,4200.0
7,7,19,0.0,0.0,0.0,2800.0,6600.0,4200.0
7,7,20,0.0,0.0,0.0,2800.0,6600.0,4200.0
7,7,21,0.0,0.0,0.0,2800.0,6518.224790706034,4200.0
7,7,22,0.0,0.0,0.0,1082.3203053763452,1320.942104986878,1278.3310693421402
7,7,23,0.0,0.0,0.0,1109.377075854021,1353.9641476958525,1310.287884866954
7,8,0,0.0,0.0,0.0,1824.2618316438895,2226.4612905889994,2154.639958634516
7,8,1,0.0,0.0,0.0,2364.2786071344885,2885.536882723194,2792.4550477966395
7,8,2,0.0,0.0,0.0,2061.927887690667,2516.5261621421523,2435.347898847244
7,8,3,0.0,0.0,0.0,1570.9465066065366,1917.296917511915,1855.44862985024
7,8,4,0.0,0.0,0.0,1786.5196926460033,2180.398050079768,2110.0626291094527
7,8,5,0.0,0.0,0.0,2744.426018516277,3349.496321811205,3241.448053365682
7,8,6,17.520388,13.608433000000002,11.460705,2800.0,5444.184846176627,4200.0
7,8,7,72.08791599999999,55.743126,47.155252999999995,2800.0,6600.0,4200.0
7,8,8,157.005815,121.480628,102.703052,2800.0,6600.0,4200.0
7,8,9,264.235655,205.128287,172.845879,2800.0,6600.0,4200.0
7,8,10,348.074956,271.41833,227.68812899999998,2800.0,6600.0,4200.0
7,8,11,399.7379,312.748669,261.482687,2800.0,6600.0,4200.0
7,8,12,409.179304,320.256548,267.658643,2800.0,6600.0,4200.0
7,8,13,393.429691,307.568058,257.356264,2800.0,6600.0,4200.0
7,8,14,356.64224099999996,278.169614,233.292293,2800.0,6600.0,4200.0
7,8,15,300.791742,234.060007,196.758508,2800.0,6600.0,4200.0
7,8,16,219.427981,170.34807500000002,143.535596,2800.0,6600.0,4200.0
7,8,17,124.860079,96.792862,81.67539,2800.0,6600.0,4200.0
7,8,18,29.768905,23.146995999999998,19.472893,2800.0,6600.0,4200.0
7,8,19,0.0,0.0,0.0,2800.0,6600.0,4200.0
7,8,20,0.0,0.0,0.0,2800.0,6600.0,4200.0
7,8,21,0.0,0.0,0.0,2800.0,6600.0,4200.0
7,8,22,0.0,0.0,0.0,2800.0,6600.0,4200.0
7,8,23,0.0,0.0,0.0,2800.0,6600.0,4200.0
7,9,0,0.0,0.0,0.0,2800.0,6600.0,4200.0
7,9,1,0.0,0.0,0.0,2800.0,6600.0,4200.0
7,9,2,0.0,0.0,0.0,2800.0,6600.0,4200.0
7,9,3,0.0,0.0,0.0,2800.0,6600.0,4200.0
7,9,4,0.0,0.0,0.0,2800.0,6600.0,4200.0
7,9,5,0.0,0.0,0.0,2800.0,4569.628998473504,4200.0
7,9,6,20.890389,16.201158,13.665142,2800.0,3996.150340809066,3867.242265299096
7,9,7,110.256154,85.14941,72.122447,1862.5318241810248,2273.168761795739,2199.840737221683
7,9,8,226.46562,175.223962,148.13916500000002,769.610460224766,939.288356967234,908.9887325489362
7,9,9,323.011535,250.70294,211.29326,2800.0,3663.3164546975977,3545.1449561589657
7,9,10,389.317137,303.053896,254.666097,2800.0,6600.0,4200.0
7,9,11,432.898059,337.754074,283.173918,2800.0,6600.0,4200.0
7,9,12,444.899941,347.628334,291.024773,2800.0,6600.0,4200.0
7,9,13,435.502977,340.313247,284.877887,2800.0,6600.0,4200.0
7,9,14,391.380135,305.352244,256.015577,2800.0,6600.0,4200.0
7,9,15,319.52434999999997,248.752725,209.012169,2800.0,6600.0,4200.0
7,9,16,225.19525399999998,174.914819,147.308174,2800.0,6600.0,4200.0
7,9,17,115.838058,89.865083,75.773767,2800.0,6600.0,4200.0
7,9,18,35.388538,27.516071,23.148894,2800.0,6600.0,4200.0
7,9,19,0.0,0.0,0.0,2800.0,6600.0,4200.0
7,9,20,0.0,0.0,0.0,2800.0,6600.0,4200.0
7,9,21,0.0,0.0,0.0,2800.0,3860.699345383164,3736.160656822416
7,9,22,0.0,0.0,0.0,1605.5985030100696,1959.588724146148,1896.3761846575624
7,9,23,0.0,0.0,0.0,687.226207839785,838.7406473635172,811.6844974485649
7,10,0,0.0,0.0,0.0,175.6432651850418,214.36776459591715,207.4526754154037
7,10,1,0.0,0.0,0.0,388.5930680097703,474.2671302481448,458.9681905627208
7,10,2,0.0,0.0,0.0,2103.4419801044355,2567.192967843996,2484.3802914619314
7,10,3,0.0,0.0,0.0,2800.0,6600.0,4200.0
7,10,4,0.0,0.0,0.0,2800.0,6600.0,4200.0
7,10,5,0.0,0.0,0.0,2800.0,6600.0,4200.0
7,10,6,18.765542,14.576998999999999,12.275204,2800.0,6600.0,4200.0
7,10,7,107.410111,83.028312,70.26074899999999,2800.0,6600.0,4200.0
7,10,8,218.304877,169.06032000000002,142.800935,2800.0,6600.0,4200.0
7,10,9,312.437177,242.792054,204.37619899999999,2800.0,6600.0,4200.0
7,10,10,382.741535,298.475158,250.364764,2800.0,6600.0,4200.0
7,10,11,423.12451500000003,330.94118699999996,276.780698,2800.0,6600.0,4200.0
7,10,12,432.710055,339.03817499999997,283.05093800000003,2800.0,6600.0,4200.0
7,10,13,417.902851,327.521207,273.365023,2800.0,6600.0,4200.0
7,10,14,376.122415,294.052289,246.03496299999998,2800.0,6600.0,4200.0
7,10,15,309.721175,241.185766,202.59956599999998,2800.0,6600.0,4200.0
7,10,16,220.070388,170.815029,143.955818,2800.0,6600.0,4200.0
7,10,17,115.507094,89.501282,75.557272,2800.0,6600.0,4200.0
7,10,18,29.070059,22.589234,19.015753,2800.0,6600.0,4200.0
7,10,19,0.0,0.0,0.0,2800.0,6600.0,4200.0
7,10,20,0.0,0.0,0.0,2800.0,6600.0,4200.0
7,10,21,0.0,0.0,0.0,2800.0,6423.759245222193,4200.0
7,10,22,0.0,0.0,0.0,1437.3238044186396,1754.214092007001,1697.6265406519365
7,10,23,0.0,0.0,0.0,687.226207839785,838.7406473635172,811.6844974485649
7,11,0,0.0,0.0,0.0,247.56819744046305,302.1501622304864,292.4033828036965
7,11,1,0.0,0.0,0.0,192.09958802440056,234.45225310064637,226.88927719417387
7,11,2,0.0,0.0,0.0,507.4383148650858,619.3144787723488,599.3365923603375
7,11,3,0.0,0.0,0.0,1503.1454301264964,1834.5475722016292,1775.3686182596414
7,11,4,0.0,0.0,0.0,2800.0,5033.998538121269,4200.0
7,11,5,0.0,0.0,0.0,2800.0,6600.0,4200.0
7,11,6,16.869252,13.113453999999999,11.034773999999999,2800.0,6600.0,4200.0
7,11,7,104.357935,80.710569,68.264213,2800.0,6600.0,4200.0
7,11,8,214.579436,166.403824,140.363992,2800.0,6600.0,4200.0
7,11,9,308.589027,240.329993,201.858988,2800.0,6600.0,4200.0
7,11,10,383.04956699999997,299.131995,250.566258,2800.0,6600.0,4200.0
7,11,11,431.614771,337.303899,282.334474,2800.0,6600.0,4200.0
7,11,12,451.226157,352.486669,295.16297499999996,2800.0,6600.0,4200.0
7,11,13,443.185038,345.863588,289.902995,2800.0,6600.0,4200.0
7,11,14,398.35830699999997,310.354158,260.580246,2800.0,6600.0,4200.0
7,11,15,326.115936,253.550142,213.323958,2800.0,6600.0,4200.0
7,11,16,229.431074,178.00673,150.078973,2800.0,6600.0,4200.0
7,11,17,117.833389,91.288852,77.07898399999999,2800.0,6600.0,4200.0
7,11,18,30.029493,23.321984,19.643352999999998,2800.0,6600.0,4200.0
7,11,19,0.0,0.0,0.0,2800.0,6600.0,4200.0
7,11,20,0.0,0.0,0.0,2800.0,6600.0,4200.0
7,11,21,0.0,0.0,0.0,2800.0,3860.699345383164,3736.160656822416
7,11,22,0.0,0.0,0.0,707.2412654778989,863.1684736147585,835.3243293046049
7,11,23,0.0,0.0,0.0,107.29111938509163,130.9458543676315,126.72179454932082
7,12,0,0.0,0.0,0.0,375.1945078601572,457.9145568371997,443.1431195198707
7,12,1,0.0,0.0,0.0,2020.963642713616,2466.530430083547,2386.964932338916
7,12,2,0.0,0.0,0.0,2800.0,6600.0,4200.0
7,12,3,0.0,0.0,0.0,2800.0,6600.0,4200.0
7,12,4,0.0,0.0,0.0,2800.0,6600.0,4200.0
7,12,5,0.0,0.0,0.0,2800.0,6600.0,4200.0
7,12,6,18.516717,14.364908,12.112439,2800.0,6600.0,4200.0
7,12,7,107.464225,83.03852099999999,70.29614699999999,2800.0,6600.0,4200.0
7,12,8,220.78297700000002,171.145394,144.421947,2800.0,6600.0,4200.0
7,12,9,314.041555,244.716285,205.425679,2800.0,6600.0,4200.0
7,12,10,383.872564,300.322885,251.10460999999998,2800.0,6600.0,4200.0
7,12,11,428.23409100000003,335.584983,280.12305200000003,2800.0,6600.0,4200.0
7,12,12,447.858997,350.762004,292.960396,2800.0,6600.0,4200.0
7,12,13,435.17248,340.261371,284.661697,2800.0,6600.0,4200.0
7,12,14,392.345461,306.087631,256.64703099999997,2800.0,6600.0,4200.0
7,12,15,320.832094,249.635615,209.86760999999998,2800.0,6600.0,4200.0
7,12,16,226.18338699999998,175.515802,147.954546,2800.0,6600.0,4200.0
7,12,17,117.248326,90.82184299999999,76.696273,2800.0,6600.0,4200.0
7,12,18,29.753598,23.103411,19.462880000000002,2800.0,6600.0,4200.0
7,12,19,0.0,0.0,0.0,2800.0,6600.0,4200.0
7,12,20,0.0,0.0,0.0,2800.0,6600.0,4200.0
7,12,21,0.0,0.0,0.0,2800.0,6600.0,4200.0
7,12,22,0.0,0.0,0.0,2800.0,6600.0,4200.0
7,12,23,0.0,0.0,0.0,2800.0,6518.224790706034,4200.0
7,13,0,0.0,0.0,0.0,1901.3333359069868,2320.524937524275,2245.6692943783305
7,13,1,0.0,0.0,0.0,475.7328897807615,580.6188812284884,561.8892398985372
7,13,2,0.0,0.0,0.0,85.90327597997313,104.84258092043964,101.4605621810706
7,13,3,0.0,0.0,0.0,430.6948862392302,525.6512391108714,508.6947475266498
7,13,4,0.0,0.0,0.0,2145.5095856044995,2618.5353210133653,2534.066439690353
7,13,5,0.0,0.0,0.0,2800.0,6600.0,4200.0
7,13,6,17.568127,13.627319,11.491933000000001,2800.0,6600.0,4200.0
7,13,7,106.29948399999999,82.045056,69.534249,2800.0,6600.0,4200.0
7,13,8,218.932722,169.287901,143.21163,2800.0,6600.0,4200.0
7,13,9,314.911402,244.397445,205.994677,2800.0,6600.0,4200.0
7,13,10,382.336142,298.168696,250.099581,2800.0,6600.0,4200.0
7,13,11,418.345889,327.766683,273.65483,2800.0,6600.0,4200.0
7,13,12,428.08326400000004,336.245805,280.02439000000004,2800.0,6600.0,4200.0
7,13,13,421.106203,330.263418,275.460448,2800.0,6600.0,4200.0
7,13,14,382.557987,298.888539,250.244698,2800.0,6600.0,4200.0
7,13,15,315.78109,245.77964799999998,206.56357,2800.0,6600.0,4200.0
7,13,16,222.770678,172.845584,145.722173,2800.0,6600.0,4200.0
7,13,17,115.71702099999999,89.633798,75.694592,2800.0,6600.0,4200.0
7,13,18,29.936375,23.25223,19.582441,2800.0,6600.0,4200.0
7,13,19,0.0,0.0,0.0,2800.0,6600.0,4200.0
7,13,20,0.0,0.0,0.0,2800.0,6600.0,4200.0
7,13,21,0.0,0.0,0.0,2800.0,6600.0,4200.0
7,13,22,0.0,0.0,0.0,2800.0,6600.0,4200.0
7,13,23,0.0,0.0,0.0,2800.0,6600.0,4200.0
7,14,0,0.0,0.0,0.0,1980.545579523704,2417.201297843891,2339.227062429572
7,14,1,0.0,0.0,0.0,1749.3017415377876,2134.9745664437564,2066.104419139119
7,14,2,0.0,0.0,0.0,2800.0,6600.0,4200.0
7,14,3,0.0,0.0,0.0,2800.0,6600.0,4200.0
7,14,4,0.0,0.0,0.0,2800.0,6600.0,4200.0
7,14,5,0.0,0.0,0.0,2800.0,6600.0,4200.0
7,14,6,8.351389,6.512465,5.462938,2800.0,6600.0,4200.0
7,14,7,92.451938,71.38339,60.476079,2800.0,6600.0,4200.0
7,14,8,196.336408,151.73360699999998,128.430583,2800.0,6600.0,4200.0
7,14,9,289.504071,224.294313,189.374843,2800.0,6600.0,4200.0
7,14,10,374.344282,291.046202,244.871823,2800.0,6600.0,4200.0
7,14,11,412.903548,322.204289,270.094802,2800.0,6600.0,4200.0
7,14,12,419.702384,328.508327,274.542161,2800.0,6600.0,4200.0
7,14,13,403.527828,316.399844,263.96181199999995,2800.0,6600.0,4200.0
7,14,14,361.716576,283.23673599999995,236.611595,2694.829168782761,3288.9647335537634,3182.869096987513
7,14,15,298.881766,233.18331799999999,195.509125,953.6162939806846,1163.862406039418,1126.3184574575014
7,14,16,213.919696,166.21246299999999,139.932432,1980.545579523704,2417.201297843891,2339.227062429572
7,14,17,114.360583,88.639996,74.80729799999999,2800.0,6600.0,4200.0
7,14,18,27.048507,21.02627,17.693384,2800.0,6600.0,4200.0
7,14,19,0.0,0.0,0.0,2800.0,6600.0,4200.0
7,14,20,0.0,0.0,0.0,2800.0,6600.0,4200.0
7,14,21,0.0,0.0,0.0,2800.0,6600.0,4200.0
7,14,22,0.0,0.0,0.0,2800.0,6600.0,4200.0
7,14,23,0.0,0.0,0.0,2800.0,6600.0,4200.0
7,15,0,0.0,0.0,0.0,2800.0,6600.0,4200.0
7,15,1,0.0,0.0,0.0,2800.0,6600.0,4200.0
7,15,2,0.0,0.0,0.0,2800.0,6600.0,4200.0
7,15,3,0.0,0.0,0.0,2800.0,6600.0,4200.0
7,15,4,0.0,0.0,0.0,2800.0,6600.0,4200.0
7,15,5,0.0,0.0,0.0,2800.0,6600.0,4200.0
7,15,6,4.462759,3.5084009999999997,2.9192489999999998,2800.0,6600.0,4200.0
7,15,7,-0.0,-0.0,-0.0,2800.0,6600.0,4200.0
7,15,8,191.814853,148.327702,125.47287399999999,2800.0,6600.0,4200.0
7,15,9,286.277329,221.94968799999998,187.264117,2800.0,6600.0,4200.0
7,15,10,360.453555,280.368653,235.785408,2800.0,6600.0,4200.0
7,15,11,403.510239,314.81228100000004,263.95030599999996,2800.0,6600.0,4200.0
7,15,12,418.910494,327.378825,274.024158,2800.0,6600.0,4200.0
7,15,13,382.96221399999996,299.015843,250.509117,2800.0,6600.0,4200.0
7,15,14,344.090468,268.178883,225.08173499999998,2800.0,6600.0,4200.0
7,15,15,261.014506,202.813818,170.738812,2800.0,6600.0,4200.0
7,15,16,194.730976,151.031588,127.380413,2800.0,6600.0,4200.0
7,15,17,116.58515799999999,90.327715,76.26247199999999,2800.0,6600.0,4200.0
7,15,18,29.799161,23.152421999999998,19.492684,2800.0,6600.0,4200.0
7,15,19,0.0,0.0,0.0,2800.0,6600.0,4200.0
7,15,20,0.0,0.0,0.0,2800.0,6600.0,4200.0
7,15,21,0.0,0.0,0.0,2800.0,6600.0,4200.0
7,15,22,0.0,0.0,0.0,2800.0,6600.0,4200.0
7,15,23,0.0,0.0,0.0,2800.0,6600.0,4200.0
7,16,0,0.0,0.0,0.0,2800.0,4134.733013236745,4001.3545289387857
7,16,1,0.0,0.0,0.0,1082.3203053763452,1320.942104986878,1278.3310693421402
7,16,2,0.0,0.0,0.0,2800.0,6600.0,4200.0
7,16,3,0.0,0.0,0.0,2800.0,6600.0,4200.0
7,16,4,0.0,0.0,0.0,2800.0,6600.0,4200.0
7,16,5,0.0,0.0,0.0,2800.0,6600.0,4200.0
7,16,6,13.646108,10.613304,8.926402,2800.0,6600.0,4200.0
7,16,7,100.606565,77.73893799999999,65.81031,2800.0,6600.0,4200.0
7,16,8,210.562635,163.028619,137.73646100000002,2800.0,6600.0,4200.0
7,16,9,303.426032,236.07969,198.48169000000001,2800.0,6600.0,4200.0
7,16,10,371.486873,290.825418,243.002691,2800.0,6600.0,4200.0
7,16,11,412.52858299999997,324.00534000000005,269.849525,2800.0,6600.0,4200.0
7,16,12,436.17018099999996,342.08553,285.31432900000004,2800.0,6600.0,4200.0
7,16,13,431.015999,337.095931,281.942796,2800.0,6600.0,4200.0
7,16,14,392.356048,305.92026500000003,256.653956,2800.0,6600.0,4200.0
7,16,15,322.658257,250.856982,211.062168,2800.0,6600.0,4200.0
7,16,16,228.197098,176.934754,149.271786,2800.0,6600.0,4200.0
7,16,17,119.01358599999999,92.13939900000001,77.850993,2800.0,6600.0,4200.0
7,16,18,29.899285,23.213065999999998,19.558179,2800.0,6600.0,4200.0
7,16,19,0.0,0.0,0.0,2800.0,6600.0,4200.0
7,16,20,0.0,0.0,0.0,2800.0,6600.0,4200.0
7,16,21,0.0,0.0,0.0,2800.0,6600.0,4200.0
7,16,22,0.0,0.0,0.0,2800.0,6600.0,4200.0
7,16,23,0.0,0.0,0.0,2800.0,6330.21083371745,4200.0
7,17,0,0.0,0.0,0.0,2597.435303258585,3170.098204764415,3067.83697235266
7,17,1,0.0,0.0,0.0,475.7328897807615,580.6188812284884,561.8892398985372
7,17,2,0.0,0.0,0.0,96.20130752809575,117.41104462090426,113.62359156861704
7,17,3,0.0,0.0,0.0,2800.0,3472.7785151730586,3360.753401780379
7,17,4,0.0,0.0,0.0,2800.0,6600.0,4200.0
7,17,5,0.0,0.0,0.0,2800.0,6600.0,4200.0
7,17,6,16.010547,12.435073000000001,10.473065,2800.0,6600.0,4200.0
7,17,7,104.365368,80.605864,68.269075,2800.0,6600.0,4200.0
7,17,8,218.21894500000002,168.778042,142.744723,2800.0,6600.0,4200.0
7,17,9,317.60843900000003,246.36250399999997,207.758904,2800.0,6600.0,4200.0
7,17,10,383.38854,298.236951,250.787992,2800.0,6600.0,4200.0
7,17,11,427.843671,333.715125,279.867665,2800.0,6600.0,4200.0
7,17,12,435.012994,339.691634,284.557372,2800.0,6600.0,4200.0
7,17,13,432.570566,337.987322,282.959693,2800.0,6600.0,4200.0
7,17,14,389.302153,303.676973,254.656296,2800.0,6600.0,4200.0
7,17,15,318.625652,247.89066699999998,208.424299,2800.0,6600.0,4200.0
7,17,16,224.76522500000002,174.413669,147.026876,2800.0,6600.0,4200.0
7,17,17,117.009178,90.66780899999999,76.539838,2800.0,6600.0,4200.0
7,17,18,29.331374,22.797003,19.186687999999997,2800.0,6600.0,4200.0
7,17,19,0.0,0.0,0.0,2800.0,6330.21083371745,4200.0
7,17,20,0.0,0.0,0.0,2597.435303258585,3170.098204764415,3067.83697235266
7,17,21,0.0,0.0,0.0,2231.3199984618277,2723.264565051836,2635.417321017906
7,17,22,0.0,0.0,0.0,2800.0,5700.675903358588,4200.0
7,17,23,0.0,0.0,0.0,2800.0,6600.0,4200.0
7,18,0,0.0,0.0,0.0,2800.0,6600.0,4200.0
7,18,1,0.0,0.0,0.0,2800.0,6600.0,4200.0
7,18,2,0.0,0.0,0.0,2800.0,5360.429636038867,4200.0
7,18,3,0.0,0.0,0.0,2800.0,4421.436551474658,4200.0
7,18,4,0.0,0.0,0.0,2800.0,4134.733013236745,4001.3545289387857
7,18,5,0.0,0.0,0.0,2800.0,4205.209912886971,4069.5579802131983
7,18,6,13.829452999999999,10.73674,9.046334,2800.0,6600.0,4200.0
7,18,7,103.040112,79.50846,67.402179,2800.0,6600.0,4200.0
7,18,8,215.547817,166.61037100000001,140.997444,2800.0,6600.0,4200.0
7,18,9,311.05116999999996,241.34293,203.469562,2800.0,6600.0,4200.0
7,18,10,378.80763,295.465213,247.791457,2800.0,6600.0,4200.0
7,18,11,414.624207,325.02279599999997,271.220346,2800.0,5033.998538121269,4200.0
7,18,12,421.593551,331.64974,275.77924,2800.0,6600.0,4200.0
7,18,13,412.818159,324.197115,270.038946,2800.0,6600.0,4200.0
7,18,14,377.903249,295.69541100000004,247.19987,2800.0,6600.0,4200.0
7,18,15,313.240502,244.164443,204.901682,2800.0,6600.0,4200.0
7,18,16,221.25619500000002,171.870723,144.73149600000002,2800.0,6600.0,4200.0
7,18,17,115.52852899999999,89.56916899999999,75.571294,2800.0,6600.0,4200.0
7,18,18,28.63742,22.266358,18.732749,2800.0,6600.0,4200.0
7,18,19,0.0,0.0,0.0,2800.0,6600.0,4200.0
7,18,20,0.0,0.0,0.0,2800.0,6600.0,4200.0
7,18,21,0.0,0.0,0.0,2800.0,6600.0,4200.0
7,18,22,0.0,0.0,0.0,2800.0,3728.344236364732,3608.075067449741
7,18,23,0.0,0.0,0.0,2319.3884514592746,2830.7496848518704,2739.435178888906
7,19,0,0.0,0.0,0.0,1901.3333359069868,2320.524937524275,2245.6692943783305
7,19,1,0.0,0.0,0.0,1469.9890187508342,1794.0810858770024,1736.2075024616151
7,19,2,0.0,0.0,0.0,1373.4523042863404,1676.2606863337226,1622.1877609681185
7,19,3,0.0,0.0,0.0,1824.2618316438895,2226.4612905889994,2154.639958634516
7,19,4,0.0,0.0,0.0,2597.435303258585,3170.098204764415,3067.83697235266
7,19,5,0.0,0.0,0.0,2800.0,3599.0492231594667,3482.9508611220645
7,19,6,14.619018,11.356896,9.562816000000002,2800.0,4721.09628485135,4200.0
7,19,7,103.545793,79.974318,67.732962,2800.0,5528.8079782263085,4200.0
7,19,8,215.50876300000002,166.92098000000001,140.97189699999998,2800.0,4276.483153260508,4138.532083800491
7,19,9,307.490947,239.591592,201.140695,2800.0,3928.035620383037,3801.324793919068
7,19,10,370.525739,290.560543,242.37398000000002,2800.0,6600.0,4200.0
7,19,11,413.87345799999997,325.114423,270.729254,2800.0,6600.0,4200.0
7,19,12,434.063916,340.685538,283.936547,2800.0,6600.0,4200.0
7,19,13,429.837831,336.855322,281.17211499999996,2800.0,6600.0,4200.0
7,19,14,389.775031,304.589858,254.965622,2800.0,6600.0,4200.0
7,19,15,320.86298,249.930676,209.88781400000002,2800.0,6600.0,4200.0
7,19,16,226.495002,175.879856,148.158385,2800.0,6600.0,4200.0
7,19,17,116.819633,90.55752000000001,76.41585,2800.0,6600.0,4200.0
7,19,18,28.898491999999997,22.46342,18.903525000000002,2800.0,6600.0,4200.0
7,19,19,0.0,0.0,0.0,2800.0,6600.0,4200.0
7,19,20,0.0,0.0,0.0,2800.0,6600.0,4200.0
7,19,21,0.0,0.0,0.0,2800.0,6600.0,4200.0
7,19,22,0.0,0.0,0.0,2800.0,6600.0,4200.0
7,19,23,0.0,0.0,0.0,2800.0,6600.0,4200.0
7,20,0,0.0,0.0,0.0,2800.0,6600.0,4200.0
7,20,1,0.0,0.0,0.0,2800.0,6600.0,4200.0
7,20,2,0.0,0.0,0.0,2800.0,6600.0,4200.0
7,20,3,0.0,0.0,0.0,2800.0,6600.0,4200.0
7,20,4,0.0,0.0,0.0,2800.0,6600.0,4200.0
7,20,5,0.0,0.0,0.0,2800.0,6600.0,4200.0
7,20,6,16.433962,12.763767,10.750035,2800.0,6600.0,4200.0
7,20,7,105.635765,81.63811100000001,69.100087,2800.0,6600.0,4200.0
7,20,8,218.906948,169.728274,143.194771,2800.0,6600.0,4200.0
7,20,9,308.844247,241.077,202.02593599999997,2800.0,6600.0,4200.0
7,20,10,371.497485,291.61987,243.009633,2800.0,6600.0,4200.0
7,20,11,418.36293800000004,328.720815,273.66598200000004,2800.0,6600.0,4200.0
7,20,12,441.729769,346.508831,288.951052,2800.0,6600.0,4200.0
7,20,13,436.597105,341.654264,285.593595,2800.0,6600.0,4200.0
7,20,14,395.885999,309.00549,258.963022,2800.0,6600.0,4200.0
7,20,15,324.787942,252.82026000000002,212.455271,2800.0,6600.0,4200.0
7,20,16,229.048302,177.823283,149.828588,2800.0,6600.0,4200.0
7,20,17,116.975404,90.66,76.51774499999999,2800.0,6600.0,4200.0
7,20,18,28.351383000000002,22.035955,18.545641,2800.0,6600.0,4200.0
7,20,19,0.0,0.0,0.0,2800.0,6600.0,4200.0
7,20,20,0.0,0.0,0.0,2800.0,6600.0,4200.0
7,20,21,0.0,0.0,0.0,2800.0,6600.0,4200.0
7,20,22,0.0,0.0,0.0,2800.0,6600.0,4200.0
7,20,23,0.0,0.0,0.0,2800.0,6600.0,4200.0
7,21,0,0.0,0.0,0.0,1605.5985030100696,1959.588724146148,1896.3761846575624
7,21,1,0.0,0.0,0.0,1469.9890187508342,1794.0810858770024,1736.2075024616151
7,21,2,0.0,0.0,0.0,2800.0,6600.0,4200.0
7,21,3,0.0,0.0,0.0,2800.0,6600.0,4200.0
7,21,4,0.0,0.0,0.0,2800.0,6600.0,4200.0
7,21,5,0.0,0.0,0.0,2800.0,6600.0,4200.0
7,21,6,15.067808000000001,11.705787,9.856386,2800.0,6600.0,4200.0
7,21,7,102.791215,79.388751,67.23936599999999,2800.0,6600.0,4200.0
7,21,8,215.69840299999998,166.863198,141.095948,2800.0,6600.0,4200.0
7,21,9,312.68912,242.774798,204.541004,2800.0,6600.0,4200.0
7,21,10,382.01143099999996,297.927643,249.887176,1193.2453053765432,1456.323010498931,1409.344848869933
7,21,11,419.95775799999996,328.96458399999995,274.70921000000004,1029.5337295682716,1256.5175439612765,1215.984719962525
7,21,12,428.27523599999995,336.51852,280.149966,2800.0,6600.0,4200.0
7,21,13,414.56005300000004,325.73152500000003,271.178381,2800.0,6600.0,4200.0
7,21,14,376.506508,294.93435600000004,246.286212,2800.0,6600.0,4200.0
7,21,15,314.542813,245.12678,205.75357,2800.0,6600.0,4200.0
7,21,16,224.824637,174.483724,147.06573999999998,2800.0,6600.0,4200.0
7,21,17,117.011743,90.63356200000001,76.541516,2800.0,6600.0,4200.0
7,21,18,28.296991000000002,21.98239,18.510062,2800.0,6600.0,4200.0
7,21,19,0.0,0.0,0.0,2800.0,6600.0,4200.0
7,21,20,0.0,0.0,0.0,2800.0,6600.0,4200.0
7,21,21,0.0,0.0,0.0,2800.0,6600.0,4200.0
7,21,22,0.0,0.0,0.0,2800.0,6600.0,4200.0
7,21,23,0.0,0.0,0.0,2800.0,6600.0,4200.0
7,22,0,0.0,0.0,0.0,2800.0,6600.0,4200.0
7,22,1,0.0,0.0,0.0,2800.0,6600.0,4200.0
7,22,2,0.0,0.0,0.0,2800.0,6600.0,4200.0
7,22,3,0.0,0.0,0.0,2800.0,6600.0,4200.0
7,22,4,0.0,0.0,0.0,2800.0,6600.0,4200.0
7,22,5,0.0,0.0,0.0,2800.0,6600.0,4200.0
7,22,6,-0.0,-0.0,-0.0,2800.0,6600.0,4200.0
7,22,7,68.554368,53.008312,44.843835,2800.0,6600.0,4200.0
7,22,8,172.075054,133.039027,112.560374,2800.0,6600.0,4200.0
7,22,9,268.33677,207.881448,175.52856400000002,2800.0,6600.0,4200.0
7,22,10,352.33319300000005,273.658691,230.473593,2800.0,4348.55720818164,4200.0
7,22,11,399.68604200000004,310.98940799999997,261.448764,2800.0,3535.5380679260493,3421.48845283166
7,22,12,417.783359,325.300735,273.286859,2800.0,6600.0,4200.0
7,22,13,431.946998,336.56024699999995,282.55179599999997,2800.0,6600.0,4200.0
7,22,14,386.748284,301.02909000000005,252.98572000000001,2800.0,6600.0,4200.0
7,22,15,312.99640600000004,243.235808,204.74201000000002,2800.0,6600.0,4200.0
7,22,16,220.930583,171.362105,144.518501,2800.0,6600.0,4200.0
7,22,17,60.404323,46.829581,39.512602,2800.0,6600.0,4200.0
7,22,18,-0.0,-0.0,-0.0,2800.0,6600.0,4200.0
7,22,19,0.0,0.0,0.0,2800.0,6600.0,4200.0
7,22,20,0.0,0.0,0.0,2800.0,6600.0,4200.0
7,22,21,0.0,0.0,0.0,2800.0,6600.0,4200.0
7,22,22,0.0,0.0,0.0,2800.0,6600.0,4200.0
7,22,23,0.0,0.0,0.0,2800.0,6600.0,4200.0
7,23,0,0.0,0.0,0.0,2800.0,5033.998538121269,4200.0
7,23,1,0.0,0.0,0.0,152.76411334322614,186.4443903007878,180.43005512979465
7,23,2,0.0,0.0,0.0,575.0133429544752,701.7879382515248,679.149617662766
7,23,3,0.0,0.0,0.0,2800.0,5277.537873988738,4200.0
7,23,4,0.0,0.0,0.0,2800.0,6600.0,4200.0
7,23,5,0.0,0.0,0.0,2800.0,6600.0,4200.0
7,23,6,13.118356,10.20448,8.58118,2800.0,6600.0,4200.0
7,23,7,100.95061100000001,78.031364,66.03536199999999,2800.0,6600.0,4200.0
7,23,8,212.99252600000003,164.983956,139.325938,2800.0,6600.0,4200.0
7,23,9,315.631719,245.261068,206.465862,2800.0,6600.0,4200.0
7,23,10,386.636025,300.996865,252.91228700000002,2800.0,4954.515830178791,4200.0
7,23,11,437.842266,341.257286,286.408099,63.42978935813572,77.4143098465436,74.91707404504218
7,23,12,456.49228000000005,355.928091,298.607732,610.9415963527902,745.6373813754526,721.5845626214057
7,23,13,435.285846,339.239485,284.735854,2800.0,6600.0,4200.0
7,23,14,390.378964,303.924885,255.360676,2800.0,6600.0,4200.0
7,23,15,317.525351,246.771571,207.704553,2800.0,6600.0,4200.0
7,23,16,225.023777,174.525626,147.196005,2800.0,6600.0,4200.0
7,23,17,117.073639,90.660691,76.582004,2800.0,6600.0,4200.0
7,23,18,28.115734,21.836465,18.391495,2800.0,6600.0,4200.0
7,23,19,0.0,0.0,0.0,2800.0,6600.0,4200.0
7,23,20,0.0,0.0,0.0,2800.0,6600.0,4200.0
7,23,21,0.0,0.0,0.0,2800.0,6600.0,4200.0
7,23,22,0.0,0.0,0.0,2800.0,6600.0,4200.0
7,23,23,0.0,0.0,0.0,2800.0,6600.0,4200.0
7,24,0,0.0,0.0,0.0,2800.0,6600.0,4200.0
7,24,1,0.0,0.0,0.0,2800.0,6600.0,4200.0
7,24,2,0.0,0.0,0.0,2800.0,6600.0,4200.0
7,24,3,0.0,0.0,0.0,2800.0,6600.0,4200.0
7,24,4,0.0,0.0,0.0,2800.0,6600.0,4200.0
7,24,5,0.0,0.0,0.0,2800.0,6600.0,4200.0
7,24,6,14.149119,10.989541,9.255439,2800.0,6600.0,4200.0
7,24,7,102.600481,79.234505,67.11460000000001,2800.0,6600.0,4200.0
7,24,8,219.05816099999998,169.58270199999998,143.293684,2800.0,6600.0,4200.0
7,24,9,317.10003600000005,246.47024199999998,207.42634,2800.0,6600.0,4200.0
7,24,10,392.57868,306.08105800000004,256.79958799999997,2800.0,6600.0,4200.0
7,24,11,441.171132,344.386619,288.58562800000004,2231.3199984618277,2723.264565051836,2635.417321017906
7,24,12,461.450457,360.241745,301.851051,1676.4237403920558,2046.0289744942413,1980.0280398331363
7,24,13,443.498806,345.854915,290.108242,2800.0,6600.0,4200.0
7,24,14,399.793029,311.318062,261.518748,2800.0,6600.0,4200.0
7,24,15,326.85656900000004,254.04810500000002,213.808432,2800.0,6600.0,4200.0
7,24,16,229.16397700000002,177.70131899999998,149.904255,2800.0,6600.0,4200.0
7,24,17,118.00374599999999,91.351689,77.19042,2800.0,6600.0,4200.0
7,24,18,28.122305,21.828875,18.395793,2800.0,6600.0,4200.0
7,24,19,0.0,0.0,0.0,2800.0,6600.0,4200.0
7,24,20,0.0,0.0,0.0,2800.0,6600.0,4200.0
7,24,21,0.0,0.0,0.0,2800.0,6600.0,4200.0
7,24,22,0.0,0.0,0.0,2800.0,6600.0,4200.0
7,24,23,0.0,0.0,0.0,748.4297260208111,913.4378545923286,883.9721173474147
7,25,0,0.0,0.0,0.0,336.8536460978451,411.1205916942204,397.8586371234391
7,25,1,0.0,0.0,0.0,1281.237390674447,1563.7149256262935,1513.2725086706066
7,25,2,0.0,0.0,0.0,2800.0,5033.998538121269,4200.0
7,25,3,0.0,0.0,0.0,2800.0,6600.0,4200.0
7,25,4,0.0,0.0,0.0,2800.0,6600.0,4200.0
7,25,5,0.0,0.0,0.0,2800.0,6600.0,4200.0
7,25,6,14.251693999999999,11.062014,9.322536,2800.0,6600.0,4200.0
7,25,7,103.625321,79.99685099999999,67.784984,2800.0,6600.0,4200.0
7,25,8,222.421572,172.228905,145.49381,2800.0,6600.0,4200.0
7,25,9,315.222084,245.441985,206.197905,2800.0,6600.0,4200.0
7,25,10,375.234392,293.576751,245.45407600000001,2800.0,6600.0,4200.0
7,25,11,415.922513,325.512027,272.069614,2800.0,6600.0,4200.0
7,25,12,451.209457,352.973625,295.152051,2800.0,6600.0,4200.0
7,25,13,438.34923599999996,342.526537,286.739726,2800.0,6600.0,4200.0
7,25,14,394.979601,308.024686,258.370115,2800.0,6600.0,4200.0
7,25,15,323.23691499999995,251.36632500000002,211.44068900000002,2800.0,6600.0,4200.0
7,25,16,227.672725,176.48824100000002,148.928775,2800.0,6600.0,4200.0
7,25,17,117.229318,90.69678200000001,76.68384,2800.0,6600.0,4200.0
7,25,18,27.531894,21.363111,18.009584999999998,2800.0,6600.0,4200.0
7,25,19,0.0,0.0,0.0,2800.0,6600.0,4200.0
7,25,20,0.0,0.0,0.0,2800.0,6600.0,4200.0
7,25,21,0.0,0.0,0.0,2800.0,6600.0,4200.0
7,25,22,0.0,0.0,0.0,2800.0,6600.0,4200.0
7,25,23,0.0,0.0,0.0,2800.0,6600.0,4200.0
7,26,0,0.0,0.0,0.0,2800.0,6600.0,4200.0
7,26,1,0.0,0.0,0.0,2800.0,6600.0,4200.0
7,26,2,0.0,0.0,0.0,2800.0,6600.0,4200.0
7,26,3,0.0,0.0,0.0,2800.0,6600.0,4200.0
7,26,4,0.0,0.0,0.0,2800.0,6600.0,4200.0
7,26,5,0.0,0.0,0.0,2800.0,6600.0,4200.0
7,26,6,8.316968999999999,6.482367,5.440423,2800.0,6600.0,4200.0
7,26,7,96.774495,74.759811,63.303616999999996,2800.0,6600.0,4200.0
7,26,8,205.445572,159.092547,134.389209,2800.0,6600.0,4200.0
7,26,9,298.838476,232.26090599999998,195.480807,2800.0,6600.0,4200.0
7,26,10,382.07692499999996,297.867936,249.93001800000002,2800.0,6600.0,4200.0
7,26,11,431.496989,336.85503600000004,282.257429,1980.545579523704,2417.201297843891,2339.227062429572
7,26,12,451.437242,352.50487599999997,295.301053,1605.5985030100696,1959.588724146148,1896.3761846575624
7,26,13,441.712402,344.619038,288.939691,2800.0,6600.0,4200.0
7,26,14,397.983211,309.913572,260.334882,2800.0,6600.0,4200.0
7,26,15,325.61944400000004,252.882017,212.999185,2800.0,6600.0,4200.0
7,26,16,228.50117699999998,176.973106,149.470695,2800.0,6600.0,4200.0
7,26,17,119.104237,92.097458,77.91028999999999,2800.0,6600.0,4200.0
7,26,18,27.425566999999997,21.273284,17.940033,2800.0,6600.0,4200.0
7,26,19,0.0,0.0,0.0,2800.0,6600.0,4200.0
7,26,20,0.0,0.0,0.0,2800.0,6600.0,4200.0
7,26,21,0.0,0.0,0.0,2800.0,6600.0,4200.0
7,26,22,0.0,0.0,0.0,2800.0,6600.0,4200.0
7,26,23,0.0,0.0,0.0,2800.0,6600.0,4200.0
7,27,0,0.0,0.0,0.0,2800.0,6600.0,4200.0
7,27,1,0.0,0.0,0.0,2800.0,6600.0,4200.0
7,27,2,0.0,0.0,0.0,2800.0,6600.0,4200.0
7,27,3,0.0,0.0,0.0,2800.0,6600.0,4200.0
7,27,4,0.0,0.0,0.0,2800.0,6600.0,4200.0
7,27,5,0.0,0.0,0.0,2800.0,6600.0,4200.0
7,27,6,6.851883,5.3517719999999995,4.4820590000000005,2800.0,6600.0,4200.0
7,27,7,93.482389,72.18460400000001,61.150134,2800.0,6600.0,4200.0
7,27,8,205.16389,158.69638,134.204951,2800.0,6600.0,4200.0
7,27,9,303.09679100000005,235.319549,198.26632199999997,2800.0,6423.759245222193,4200.0
7,27,10,376.03641600000003,293.24289899999997,245.978708,430.6948862392302,525.6512391108714,508.6947475266498
7,27,11,416.61021,326.042734,272.51946000000004,200.6998128762587,244.94859051826847,237.0470230821953
7,27,12,432.232907,338.720275,282.73881900000003,2800.0,4421.436551474658,4200.0
7,27,13,420.813782,329.35912,275.26916600000004,2800.0,6600.0,4200.0
7,27,14,385.965919,301.377561,252.47394699999998,2800.0,6600.0,4200.0
7,27,15,312.081936,242.896154,204.143823,2800.0,6600.0,4200.0
7,27,16,222.305163,172.485102,145.417663,2800.0,6600.0,4200.0
7,27,17,107.662406,83.36872199999999,70.425784,2800.0,6600.0,4200.0
7,27,18,23.178547,18.015760999999998,15.161907,2800.0,6600.0,4200.0
7,27,19,0.0,0.0,0.0,2800.0,6600.0,4200.0
7,27,20,0.0,0.0,0.0,2800.0,6600.0,4200.0
7,27,21,0.0,0.0,0.0,2800.0,6600.0,4200.0
7,27,22,0.0,0.0,0.0,2800.0,6600.0,4200.0
7,27,23,0.0,0.0,0.0,2800.0,6600.0,4200.0
7,28,0,0.0,0.0,0.0,2800.0,6600.0,4200.0
7,28,1,0.0,0.0,0.0,2800.0,6600.0,4200.0
7,28,2,0.0,0.0,0.0,2800.0,6600.0,4200.0
7,28,3,0.0,0.0,0.0,2800.0,6600.0,4200.0
7,28,4,0.0,0.0,0.0,2800.0,6600.0,4200.0
7,28,5,0.0,0.0,0.0,2800.0,6600.0,4200.0
7,28,6,8.829888,6.875871,5.775942,2800.0,6600.0,4200.0
7,28,7,97.1807,74.972887,63.56933,2800.0,6600.0,4200.0
7,28,8,212.461436,164.148595,138.978533,2800.0,6600.0,4200.0
7,28,9,313.273774,242.90014000000002,204.92344599999998,2800.0,6600.0,4200.0
7,28,10,376.00807799999995,292.729333,245.960171,1281.237390674447,1563.7149256262935,1513.2725086706066
7,28,11,419.461835,327.748163,274.384809,107.29111938509163,130.9458543676315,126.72179454932082
7,28,12,434.754314,340.128749,284.38815999999997,835.542666361563,1019.7567975278918,986.8614169624758
7,28,13,422.34191100000004,330.258719,276.26876899999996,2800.0,6600.0,4200.0
7,28,14,381.368826,297.54909100000003,249.466826,2800.0,6600.0,4200.0
7,28,15,312.650999,243.164579,204.51606700000002,2800.0,6600.0,4200.0
7,28,16,219.759409,170.39881599999998,143.75239499999998,2800.0,6600.0,4200.0
7,28,17,114.26471400000001,88.437678,74.744587,2800.0,6600.0,4200.0
7,28,18,24.168543000000003,18.772679,15.809498,2800.0,6600.0,4200.0
7,28,19,0.0,0.0,0.0,2800.0,6600.0,4200.0
7,28,20,0.0,0.0,0.0,2800.0,6600.0,4200.0
7,28,21,0.0,0.0,0.0,2800.0,6600.0,4200.0
7,28,22,0.0,0.0,0.0,2800.0,6600.0,4200.0
7,28,23,0.0,0.0,0.0,2800.0,6600.0,4200.0
7,29,0,0.0,0.0,0.0,2800.0,6600.0,4200.0
7,29,1,0.0,0.0,0.0,2800.0,4421.436551474658,4200.0
7,29,2,0.0,0.0,0.0,1342.23868718708,1638.1653268818693,1585.3212840792282
7,29,3,0.0,0.0,0.0,858.3289550807331,1047.566834941052,1013.7743563945666
7,29,4,0.0,0.0,0.0,445.37642374118406,543.569651022705,526.0351461510048
7,29,5,0.0,0.0,0.0,349.3284625537728,426.3457613845259,412.59267230760565
7,29,6,7.793158999999999,6.079645999999999,5.097781,1311.5016045329749,1600.651564587489,1549.017643149183
7,29,7,93.511685,72.26121400000001,61.169298000000005,2597.435303258585,3170.098204764415,3067.83697235266
7,29,8,202.299049,156.82525,132.33095699999998,2364.2786071344885,2885.536882723194,2792.4550477966395
7,29,9,300.43730300000004,233.49227199999999,196.526657,2800.0,4569.628998473504,4200.0
7,29,10,381.25440299999997,296.728829,249.391978,2800.0,6600.0,4200.0
7,29,11,432.703278,337.08104,283.046505,2800.0,6600.0,4200.0
7,29,12,453.15840000000003,353.04113299999995,296.426923,2800.0,6600.0,4200.0
7,29,13,439.4912,342.166051,287.486725,2800.0,6600.0,4200.0
7,29,14,394.661294,306.85305900000003,258.161899,2800.0,6600.0,4200.0
7,29,15,321.394727,249.340577,210.235648,2800.0,6600.0,4200.0
7,29,16,226.27777600000002,175.150057,148.01629,2800.0,6600.0,4200.0
7,29,17,116.29016800000001,89.89068499999999,76.069508,2800.0,6600.0,4200.0
7,29,18,25.269061,19.604697,16.529386,2800.0,6600.0,4200.0
7,29,19,0.0,0.0,0.0,2800.0,6600.0,4200.0
7,29,20,0.0,0.0,0.0,2800.0,6600.0,4200.0
7,29,21,0.0,0.0,0.0,2145.5095856044995,2618.5353210133653,2534.066439690353
7,29,22,0.0,0.0,0.0,1109.377075854021,1353.9641476958525,1310.287884866954
7,29,23,0.0,0.0,0.0,475.7328897807615,580.6188812284884,561.8892398985372
7,30,0,0.0,0.0,0.0,81.04201369779398,98.90954427683516,95.7189138162921
7,30,1,0.0,0.0,0.0,9.545962443012346,11.650584083991449,11.274758790959464
7,30,2,0.0,0.0,0.0,28.504091119435778,34.78845766545312,33.666249353664305
7,30,3,0.0,0.0,0.0,167.779835898385,204.7706658602337,198.16516050990356
7,30,4,0.0,0.0,0.0,416.3395915497286,508.1309975606924,491.7396750587345
7,30,5,0.0,0.0,0.0,707.2412654778989,863.1684736147585,835.3243293046049
7,30,6,10.709985000000001,8.333977,7.00578,1373.4523042863404,1676.2606863337226,1622.1877609681185
7,30,7,100.813615,77.824696,65.94574800000001,1029.5337295682716,1256.5175439612765,1215.984719962525
7,30,8,219.060656,169.291714,143.29531599999999,39.100262166578574,47.72079240802897,46.18141200776997
7,30,9,325.278705,251.942555,212.776296,312.8020973326286,381.76633926423176,369.45129606215977
7,30,10,410.39781,318.54495899999995,268.45571,2800.0,6600.0,4200.0
7,30,11,462.715723,359.609767,302.67870600000003,2800.0,6600.0,4200.0
7,30,12,481.658528,374.405057,315.069864,2800.0,6600.0,4200.0
7,30,13,463.165544,359.776931,302.97295,2800.0,6600.0,4200.0
7,30,14,415.90358100000003,322.596572,272.057229,2800.0,6600.0,4200.0
7,30,15,339.262609,262.646956,221.923662,2800.0,6600.0,4200.0
7,30,16,237.517469,183.516062,155.36857,2800.0,6600.0,4200.0
7,30,17,120.034488,92.66611,78.51880100000001,2800.0,6600.0,4200.0
7,30,18,26.329591,20.405510999999997,17.223116,2800.0,6600.0,4200.0
7,30,19,0.0,0.0,0.0,2800.0,6600.0,4200.0
7,30,20,0.0,0.0,0.0,2800.0,5195.505086201954,4200.0
7,30,21,0.0,0.0,0.0,1901.3333359069868,2320.524937524275,2245.6692943783305
7,30,22,0.0,0.0,0.0,1109.377075854021,1353.9641476958525,1310.287884866954
7,30,23,0.0,0.0,0.0,1862.5318241810248,2273.168761795739,2199.840737221683
7,31,0,0.0,0.0,0.0,2800.0,6600.0,4200.0
7,31,1,0.0,0.0,0.0,2800.0,6600.0,4200.0
7,31,2,0.0,0.0,0.0,2800.0,6600.0,4200.0
7,31,3,0.0,0.0,0.0,2800.0,6600.0,4200.0
7,31,4,0.0,0.0,0.0,2800.0,6600.0,4200.0
7,31,5,0.0,0.0,0.0,2800.0,6600.0,4200.0
7,31,6,11.305519,8.789442,7.395339,2800.0,6600.0,4200.0
7,31,7,101.07282099999999,78.001845,66.11530400000001,2800.0,6600.0,4200.0
7,31,8,216.20275099999998,167.007676,141.42586,2800.0,6600.0,4200.0
7,31,9,319.57845199999997,247.36594,209.047559,2800.0,6600.0,4200.0
7,31,10,396.24397899999997,307.27698200000003,259.19719,2800.0,6600.0,4200.0
7,31,11,444.477678,345.13885700000003,290.74855699999995,2800.0,6600.0,4200.0
7,31,12,462.387739,359.158521,302.46416,2800.0,6600.0,4200.0
7,31,13,457.280006,355.12902399999996,299.123011,2800.0,6600.0,4200.0
7,31,14,408.87693099999996,317.125107,267.460849,2800.0,6600.0,4200.0
7,31,15,330.777938,256.073099,216.373539,2800.0,6600.0,4200.0
7,31,16,232.765696,179.864347,152.260267,2800.0,6600.0,4200.0
7,31,17,117.157848,90.44427,76.637088,2800.0,6600.0,4200.0
7,31,18,25.096951,19.447603,16.416802,2800.0,6600.0,4200.0
7,31,19,0.0,0.0,0.0,2800.0,6600.0,4200.0
7,31,20,0.0,0.0,0.0,2800.0,6600.0,4200.0
7,31,21,0.0,0.0,0.0,2800.0,6600.0,4200.0
7,31,22,0.0,0.0,0.0,2800.0,6600.0,4200.0
7,31,23,0.0,0.0,0.0,2800.0,5114.326798854228,4200.0
8,1,0,0.0,0.0,0.0,2800.0,3535.5380679260493,3421.48845283166
8,1,1,0.0,0.0,0.0,2800.0,4495.12565696385,4200.0
8,1,2,0.0,0.0,0.0,2800.0,6600.0,4200.0
8,1,3,0.0,0.0,0.0,2800.0,6600.0,4200.0
8,1,4,0.0,0.0,0.0,2800.0,6600.0,4200.0
8,1,5,0.0,0.0,0.0,2800.0,6600.0,4200.0
8,1,6,9.720833,7.584794,6.358741,2800.0,6600.0,4200.0
8,1,7,36.522574,28.316997999999998,23.890705999999998,2800.0,6600.0,4200.0
8,1,8,216.43949600000002,167.66092999999998,141.580723,2800.0,6600.0,4200.0
8,1,9,312.376046,242.727075,204.33621,2800.0,6600.0,4200.0
8,1,10,384.594728,299.711682,251.577003,2800.0,6600.0,4200.0
8,1,11,426.274651,333.018798,278.841313,2800.0,6600.0,4200.0
8,1,12,438.726852,343.16607799999997,286.986738,2800.0,6600.0,4200.0
8,1,13,421.443676,329.715032,275.681202,2800.0,6600.0,4200.0
8,1,14,382.454391,298.789654,250.176933,2800.0,6600.0,4200.0
8,1,15,312.866559,243.79288,204.657073,2800.0,6600.0,4200.0
8,1,16,223.853149,173.96124600000002,146.43025599999999,2800.0,6600.0,4200.0
8,1,17,114.383009,88.720213,74.821968,2800.0,6600.0,4200.0
8,1,18,23.818325,18.533825,15.580408,2800.0,6600.0,4200.0
8,1,19,0.0,0.0,0.0,2800.0,6600.0,4200.0
8,1,20,0.0,0.0,0.0,2800.0,4569.628998473504,4200.0
8,1,21,0.0,0.0,0.0,1373.4523042863404,1676.2606863337226,1622.1877609681185
8,1,22,0.0,0.0,0.0,257.74098596133337,314.56577026776904,304.4184873559055
8,1,23,0.0,0.0,0.0,289.9235564324093,353.8437106064838,342.42939736111333
8,2,0,0.0,0.0,0.0,1109.377075854021,1353.9641476958525,1310.287884866954
8,2,1,0.0,0.0,0.0,1605.5985030100696,1959.588724146148,1896.3761846575624
8,2,2,0.0,0.0,0.0,1940.6700324713545,2368.5342915988967,2292.129959611836
8,2,3,0.0,0.0,0.0,2800.0,3794.137041985159,3671.7455245017663
8,2,4,0.0,0.0,0.0,2800.0,6330.21083371745,4200.0
8,2,5,0.0,0.0,0.0,2800.0,6600.0,4200.0
8,2,6,4.387137,3.450008,2.869781,2800.0,6600.0,4200.0
8,2,7,92.860075,71.752757,60.743055999999996,2800.0,6600.0,4200.0
8,2,8,203.72108799999998,157.574443,133.261163,1749.3017415377876,2134.9745664437564,2066.104419139119
8,2,9,302.933111,234.90166200000002,198.159253,30.94602468005788,37.7687702788108,36.55042285046206
8,2,10,383.21820299999996,298.05555499999997,250.676569,336.8536460978451,411.1205916942204,397.8586371234391
8,2,11,428.334979,333.93993800000004,280.189047,2800.0,4798.06917736812,4200.0
8,2,12,442.991429,345.84214399999996,289.776348,2800.0,6600.0,4200.0
8,2,13,433.917711,338.85856900000005,283.840909,2800.0,6600.0,4200.0
8,2,14,388.43389299999996,302.998261,254.088336,2800.0,6600.0,4200.0
8,2,15,270.246618,210.172228,176.77786300000002,2800.0,6600.0,4200.0
8,2,16,163.960289,127.250617,107.252219,2800.0,6600.0,4200.0
8,2,17,112.96832,87.62749099999999,73.89657000000001,2800.0,6600.0,4200.0
8,2,18,22.430253,17.466648,14.672421,2800.0,6600.0,4200.0
8,2,19,0.0,0.0,0.0,2800.0,6600.0,4200.0
8,2,20,0.0,0.0,0.0,2800.0,6600.0,4200.0
8,2,21,0.0,0.0,0.0,2800.0,6600.0,4200.0
8,2,22,0.0,0.0,0.0,2800.0,6600.0,4200.0
8,2,23,0.0,0.0,0.0,2800.0,6600.0,4200.0
8,3,0,0.0,0.0,0.0,2800.0,6600.0,4200.0
8,3,1,0.0,0.0,0.0,2800.0,6600.0,4200.0
8,3,2,0.0,0.0,0.0,2800.0,6600.0,4200.0
8,3,3,0.0,0.0,0.0,2800.0,6600.0,4200.0
8,3,4,0.0,0.0,0.0,2800.0,6600.0,4200.0
8,3,5,0.0,0.0,0.0,2800.0,6600.0,4200.0
8,3,6,4.819448,3.787725,3.152571,2800.0,6600.0,4200.0
8,3,7,93.629875,72.397083,61.246610000000004,2800.0,6600.0,4200.0
8,3,8,205.27633600000001,158.957166,134.278506,2800.0,6600.0,4200.0
8,3,9,302.22351000000003,234.745035,197.695078,2800.0,4421.436551474658,4200.0
8,3,10,380.099267,296.27403100000004,248.63636300000002,707.2412654778989,863.1684736147585,835.3243293046049
8,3,11,425.01213,332.18530599999997,278.015453,2800.0,6600.0,4200.0
8,3,12,439.727907,344.131527,287.641563,2800.0,6600.0,4200.0
8,3,13,429.099265,335.570842,280.68899300000004,2800.0,6600.0,4200.0
8,3,14,385.919327,301.201993,252.44347,2800.0,6600.0,4200.0
8,3,15,313.86310399999996,244.323421,205.30894800000002,2800.0,6600.0,4200.0
8,3,16,220.569819,171.258332,144.282513,2800.0,6600.0,4200.0
8,3,17,112.52853599999999,87.216361,73.60889200000001,2800.0,6600.0,4200.0
8,3,18,21.823946,16.978539,14.275814,2800.0,6600.0,4200.0
8,3,19,0.0,0.0,0.0,2800.0,6600.0,4200.0
8,3,20,0.0,0.0,0.0,2800.0,6600.0,4200.0
8,3,21,0.0,0.0,0.0,2800.0,6600.0,4200.0
8,3,22,0.0,0.0,0.0,2800.0,6600.0,4200.0
8,3,23,0.0,0.0,0.0,2800.0,6600.0,4200.0
8,4,0,0.0,0.0,0.0,2800.0,6600.0,4200.0
8,4,1,0.0,0.0,0.0,2800.0,4798.06917736812,4200.0
8,4,2,0.0,0.0,0.0,2800.0,4954.515830178791,4200.0
8,4,3,0.0,0.0,0.0,2800.0,6600.0,4200.0
8,4,4,0.0,0.0,0.0,2800.0,6600.0,4200.0
8,4,5,0.0,0.0,0.0,2800.0,6423.759245222193,4200.0
8,4,6,5.293651,4.15427,3.462764,2800.0,5700.675903358588,4200.0
8,4,7,90.207976,69.810966,59.008224999999996,2800.0,4495.12565696385,4200.0
8,4,8,201.264717,156.00893299999998,131.65436400000002,101.6454080931955,124.05541932634095,120.0536316061364
8,4,9,299.255458,232.65711199999998,195.75357,107.29111938509163,130.9458543676315,126.72179454932082
8,4,10,374.131393,291.630942,244.732565,1193.2453053765432,1456.323010498931,1409.344848869933
8,4,11,422.488094,329.870292,276.364392,2800.0,4721.09628485135,4200.0
8,4,12,440.138052,343.887064,287.909854,2800.0,6600.0,4200.0
8,4,13,427.27529100000004,333.79482,279.49586700000003,2800.0,6600.0,4200.0
8,4,14,383.39349699999997,299.193891,250.79123499999997,2800.0,6600.0,4200.0
8,4,15,310.94505300000003,242.198496,203.40014799999997,2800.0,5528.8079782263085,4200.0
8,4,16,219.76162,170.760228,143.753842,2409.744269793466,2941.0264710077745,2846.1546493623623
8,4,17,111.13986100000001,86.216122,72.70051,1749.3017415377876,2134.9745664437564,2066.104419139119
8,4,18,21.599416,16.826332999999998,14.128941000000001,1980.545579523704,2417.201297843891,2339.227062429572
8,4,19,0.0,0.0,0.0,2800.0,4348.55720818164,4200.0
8,4,20,0.0,0.0,0.0,2800.0,3728.344236364732,3608.075067449741
8,4,21,0.0,0.0,0.0,1605.5985030100696,1959.588724146148,1896.3761846575624
8,4,22,0.0,0.0,0.0,1055.7070784976213,1288.4613950167818,1246.8981242097886
8,4,23,0.0,0.0,0.0,1251.4423799619176,1527.350936173994,1478.0815511361232
8,5,0,0.0,0.0,0.0,2188.134369840437,2670.5576954745493,2584.4106730398867
8,5,1,0.0,0.0,0.0,2800.0,3535.5380679260493,3421.48845283166
8,5,2,0.0,0.0,0.0,2645.8334855800563,3229.1668524795964,3125.000179818964
8,5,3,0.0,0.0,0.0,2800.0,3472.7785151730586,3360.753401780379
8,5,4,0.0,0.0,0.0,2800.0,6600.0,4200.0
8,5,5,0.0,0.0,0.0,2800.0,6600.0,4200.0
8,5,6,4.376663,3.4411509999999996,2.86293,2800.0,6600.0,4200.0
8,5,7,92.336896,71.35346000000001,60.400827,2800.0,6600.0,4200.0
8,5,8,208.879117,161.587978,136.635212,2800.0,6600.0,4200.0
8,5,9,311.407189,241.48372,203.70244699999998,2800.0,6600.0,4200.0
8,5,10,384.334532,298.666784,251.406799,2800.0,6600.0,4200.0
8,5,11,433.946355,337.783102,283.859646,2800.0,6600.0,4200.0
8,5,12,449.573043,350.256751,294.081615,2800.0,6600.0,4200.0
8,5,13,436.865816,340.42754599999995,285.76936800000004,2800.0,6600.0,4200.0
8,5,14,388.811464,302.682047,254.335319,2800.0,6600.0,4200.0
8,5,15,314.70096,244.554137,205.857019,2800.0,6600.0,4200.0
8,5,16,214.525422,166.377081,140.32865900000002,2800.0,6600.0,4200.0
8,5,17,107.311554,83.16192,70.19628,2800.0,6600.0,4200.0
8,5,18,15.736031,12.280549,10.293494,2800.0,6600.0,4200.0
8,5,19,0.0,0.0,0.0,2800.0,6600.0,4200.0
8,5,20,0.0,0.0,0.0,2800.0,4276.483153260508,4138.532083800491
8,5,21,0.0,0.0,0.0,2800.0,4875.874201202505,4200.0
8,5,22,0.0,0.0,0.0,2800.0,6600.0,4200.0
8,5,23,0.0,0.0,0.0,2800.0,5700.675903358588,4200.0
8,6,0,0.0,0.0,0.0,2800.0,3794.137041985159,3671.7455245017663
8,6,1,0.0,0.0,0.0,2145.5095856044995,2618.5353210133653,2534.066439690353
8,6,2,0.0,0.0,0.0,1824.2618316438895,2226.4612905889994,2154.639958634516
8,6,3,0.0,0.0,0.0,2231.3199984618277,2723.264565051836,2635.417321017906
8,6,4,0.0,0.0,0.0,2800.0,5444.184846176627,4200.0
8,6,5,0.0,0.0,0.0,2800.0,6600.0,4200.0
8,6,6,-0.0,-0.0,-0.0,2800.0,6600.0,4200.0
8,6,7,67.771157,52.354728,44.331509,2800.0,6600.0,4200.0
8,6,8,174.572034,134.88737700000001,114.193737,2800.0,6600.0,4200.0
8,6,9,273.90040700000003,212.172639,179.167935,2800.0,6600.0,4200.0
8,6,10,362.21385399999997,281.616821,236.93688200000003,2800.0,6600.0,4200.0
8,6,11,407.394665,317.726017,266.491247,2800.0,6600.0,4200.0
8,6,12,420.540273,328.711201,275.090254,2800.0,6600.0,4200.0
8,6,13,395.085777,308.960794,258.439569,2800.0,6600.0,4200.0
8,6,14,353.22540999999995,275.758776,231.057223,2800.0,6600.0,4200.0
8,6,15,287.24556800000005,223.562317,187.897477,2800.0,6600.0,4200.0
8,6,16,205.300051,159.35200899999998,134.294019,2800.0,6600.0,4200.0
8,6,17,100.63826700000001,78.007757,65.83104700000001,2800.0,6600.0,4200.0
8,6,18,11.638898,9.099808000000001,7.613415,2800.0,6600.0,4200.0
8,6,19,0.0,0.0,0.0,2800.0,6600.0,4200.0
8,6,20,0.0,0.0,0.0,2800.0,6600.0,4200.0
8,6,21,0.0,0.0,0.0,2800.0,6600.0,4200.0
8,6,22,0.0,0.0,0.0,2800.0,6600.0,4200.0
8,6,23,0.0,0.0,0.0,2800.0,6600.0,4200.0
8,7,0,0.0,0.0,0.0,2800.0,6600.0,4200.0
8,7,1,0.0,0.0,0.0,2800.0,6600.0,4200.0
8,7,2,0.0,0.0,0.0,2800.0,6600.0,4200.0
8,7,3,0.0,0.0,0.0,2800.0,5277.537873988738,4200.0
8,7,4,0.0,0.0,0.0,2549.630956168769,3111.754316583931,3011.3751450812238
8,7,5,0.0,0.0,0.0,2319.3884514592746,2830.7496848518704,2739.435178888906
8,7,6,-0.0,-0.0,-0.0,2800.0,5114.326798854228,4200.0
8,7,7,76.187086,58.881325,49.836665999999994,2800.0,6600.0,4200.0
8,7,8,184.275527,142.505253,120.541134,2800.0,6600.0,4200.0
8,7,9,281.83728499999995,218.601257,184.359728,2800.0,6600.0,4200.0
8,7,10,357.414272,278.298768,233.797305,2800.0,6600.0,4200.0
8,7,11,397.560195,310.86224400000003,260.058173,2800.0,6600.0,4200.0
8,7,12,404.08017,317.252125,264.323119,2800.0,6600.0,4200.0
8,7,13,391.664798,307.855206,256.20178500000003,2800.0,6600.0,4200.0
8,7,14,360.818188,282.093618,236.023927,2800.0,6600.0,4200.0
8,7,15,297.687271,231.611981,194.727764,2800.0,6600.0,4200.0
8,7,16,210.04901500000003,162.895499,137.400484,2800.0,6600.0,4200.0
8,7,17,104.6909,81.071135,68.48201700000001,2800.0,6600.0,4200.0
8,7,18,14.459835,11.275562,9.458689,2800.0,6600.0,4200.0
8,7,19,0.0,0.0,0.0,2800.0,6600.0,4200.0
8,7,20,0.0,0.0,0.0,2800.0,6600.0,4200.0
8,7,21,0.0,0.0,0.0,2800.0,6600.0,4200.0
8,7,22,0.0,0.0,0.0,2800.0,6600.0,4200.0
8,7,23,0.0,0.0,0.0,2800.0,6600.0,4200.0
8,8,0,0.0,0.0,0.0,2800.0,6600.0,4200.0
8,8,1,0.0,0.0,0.0,2800.0,6600.0,4200.0
8,8,2,0.0,0.0,0.0,2800.0,6600.0,4200.0
8,8,3,0.0,0.0,0.0,2800.0,6600.0,4200.0
8,8,4,0.0,0.0,0.0,2800.0,6600.0,4200.0
8,8,5,0.0,0.0,0.0,2800.0,6600.0,4200.0
8,8,6,-0.0,-0.0,-0.0,2800.0,6600.0,4200.0
8,8,7,82.94551799999999,64.098798,54.257594,2800.0,6600.0,4200.0
8,8,8,195.235388,151.09224600000002,127.710367,2800.0,6600.0,4200.0
8,8,9,295.596989,229.630999,193.36043700000002,2800.0,6600.0,4200.0
8,8,10,370.597059,289.16547499999996,242.420633,2800.0,6600.0,4200.0
8,8,11,415.530162,325.46015500000004,271.81296299999997,2800.0,6600.0,4200.0
8,8,12,431.5841,338.463186,282.314411,2800.0,6600.0,4200.0
8,8,13,418.717294,327.88048100000003,273.89777899999996,2800.0,6600.0,4200.0
8,8,14,379.79526500000003,296.450902,248.437504,2800.0,6600.0,4200.0
8,8,15,312.01946000000004,242.701728,204.10295499999998,2800.0,6600.0,4200.0
8,8,16,216.241459,167.710354,141.45118,2800.0,6600.0,4200.0
8,8,17,108.52541099999999,84.041132,70.990307,2800.0,6600.0,4200.0
8,8,18,16.915257,13.170838,11.064867,2800.0,6600.0,4200.0
8,8,19,0.0,0.0,0.0,2800.0,6600.0,4200.0
8,8,20,0.0,0.0,0.0,2800.0,6600.0,4200.0
8,8,21,0.0,0.0,0.0,2597.435303258585,3170.098204764415,3067.83697235266
8,8,22,0.0,0.0,0.0,592.796019999516,723.4912055112203,700.1527795269874
8,8,23,0.0,0.0,0.0,228.03272895548625,278.3076613236249,269.32999482931444
8,9,0,0.0,0.0,0.0,813.163264745564,992.4433546107276,960.4290528490912
8,9,1,0.0,0.0,0.0,1281.237390674447,1563.7149256262935,1513.2725086706066
8,9,2,0.0,0.0,0.0,1003.7965929387176,1225.1060779960724,1185.5865270929733
8,9,3,0.0,0.0,0.0,629.4537376638762,768.2309396685104,743.4492964533971
8,9,4,0.0,0.0,0.0,402.3068740231014,491.0044525478796,475.1655992398835
8,9,5,0.0,0.0,0.0,557.58989956809,680.5231057720783,658.5707475213661
8,9,6,3.927882,3.090042,2.569366,1824.2618316438895,2226.4612905889994,2154.639958634516
8,9,7,92.404448,71.40899499999999,60.445015,2800.0,6600.0,4200.0
8,9,8,210.870168,163.260033,137.937628,2800.0,6600.0,4200.0
8,9,9,317.097132,246.206799,207.424439,2800.0,6600.0,4200.0
8,9,10,402.40231,313.207238,263.225571,2800.0,6600.0,4200.0
8,9,11,456.148662,355.45681199999996,298.38295899999997,2800.0,6600.0,4200.0
8,9,12,476.117179,371.07324900000003,311.445072,2800.0,6600.0,4200.0
8,9,13,456.431474,355.385972,298.567957,2800.0,6600.0,4200.0
8,9,14,410.07191600000004,318.844272,268.24253100000004,2800.0,6600.0,4200.0
8,9,15,330.867598,256.75714999999997,216.432188,2800.0,6600.0,4200.0
8,9,16,230.136132,178.199691,150.540177,2800.0,6600.0,4200.0
8,9,17,112.842865,87.27256600000001,73.814506,2800.0,6600.0,4200.0
8,9,18,19.198334,14.917593,12.558308,2800.0,6600.0,4200.0
8,9,19,0.0,0.0,0.0,2800.0,6600.0,4200.0
8,9,20,0.0,0.0,0.0,2800.0,5700.675903358588,4200.0
8,9,21,0.0,0.0,0.0,610.9415963527902,745.6373813754526,721.5845626214057
8,9,22,0.0,0.0,0.0,81.04201369779398,98.90954427683516,95.7189138162921
8,9,23,0.0,0.0,0.0,0.0391002621665785,0.0477207924080289,0.0461814120077699
8,10,0,0.0,0.0,0.0,7.433326402824398,9.07217001919513,8.779519373414644
8,10,1,0.0,0.0,0.0,167.779835898385,204.7706658602337,198.16516050990356
8,10,2,0.0,0.0,0.0,1570.9465066065366,1917.296917511915,1855.44862985024
8,10,3,0.0,0.0,0.0,2800.0,6600.0,4200.0
8,10,4,0.0,0.0,0.0,2800.0,6600.0,4200.0
8,10,5,0.0,0.0,0.0,2800.0,6600.0,4200.0
8,10,6,7.344512,5.734585,4.804305,2800.0,6600.0,4200.0
8,10,7,98.81855999999999,76.38923799999999,64.640712,2800.0,6600.0,4200.0
8,10,8,218.242151,169.294871,142.759904,2800.0,6600.0,4200.0
8,10,9,318.776005,248.436705,208.52265,2800.0,6600.0,4200.0
8,10,10,395.28081699999996,308.61306199999996,258.567151,2800.0,6600.0,4200.0
8,10,11,448.89468,350.729847,293.637873,2800.0,6600.0,4200.0
8,10,12,468.647453,366.05643599999996,306.55886,2800.0,6600.0,4200.0
8,10,13,454.574423,354.661668,297.35319400000003,2800.0,6600.0,4200.0
8,10,14,406.97791600000005,317.00018800000004,266.218637,2800.0,6600.0,4200.0
8,10,15,329.954591,256.425559,215.834958,2800.0,6600.0,4200.0
8,10,16,228.41129899999999,177.111075,149.411902,2800.0,6600.0,4200.0
8,10,17,110.726226,85.748527,72.42993799999999,2800.0,6600.0,4200.0
8,10,18,18.251929,14.204498,11.939232,2800.0,6600.0,4200.0
8,10,19,0.0,0.0,0.0,2800.0,6600.0,4200.0
8,10,20,0.0,0.0,0.0,2800.0,6600.0,4200.0
8,10,21,0.0,0.0,0.0,2800.0,3728.344236364732,3608.075067449741
8,10,22,0.0,0.0,0.0,2800.0,4421.436551474658,4200.0
8,10,23,0.0,0.0,0.0,2800.0,6600.0,4200.0
8,11,0,0.0,0.0,0.0,2800.0,6600.0,4200.0
8,11,1,0.0,0.0,0.0,2800.0,6600.0,4200.0
8,11,2,0.0,0.0,0.0,2800.0,6600.0,4200.0
8,11,3,0.0,0.0,0.0,2800.0,6600.0,4200.0
8,11,4,0.0,0.0,0.0,2800.0,6600.0,4200.0
8,11,5,0.0,0.0,0.0,2800.0,6600.0,4200.0
8,11,6,8.2805,6.463127,5.416568,2800.0,6600.0,4200.0
8,11,7,99.275576,76.798856,64.939662,2800.0,6600.0,4200.0
8,11,8,219.430336,170.487686,143.537137,2800.0,6423.759245222193,4200.0
8,11,9,314.821771,246.154665,205.936045,1373.4523042863404,1676.2606863337226,1622.1877609681185
8,11,10,390.84511200000003,306.479559,255.665599,183.74862734385428,224.2601357346253,217.0259378077019
8,11,11,442.769038,347.365092,289.630874,1222.1129067458091,1491.5551224063024,1443.4404410383572
8,11,12,466.47889899999996,365.523677,305.140333,2800.0,6600.0,4200.0
8,11,13,453.202212,354.562528,296.455582,2800.0,6600.0,4200.0
8,11,14,406.536981,317.321853,265.930206,2800.0,6600.0,4200.0
8,11,15,329.751534,256.666092,215.70213099999998,2800.0,6600.0,4200.0
8,11,16,230.091687,178.627206,150.511104,2800.0,6600.0,4200.0
8,11,17,109.29397999999999,84.698189,71.493055,2800.0,6600.0,4200.0
8,11,18,16.850736,13.125905000000001,11.022662,2800.0,6600.0,4200.0
8,11,19,0.0,0.0,0.0,2800.0,6600.0,4200.0
8,11,20,0.0,0.0,0.0,2800.0,6330.21083371745,4200.0
8,11,21,0.0,0.0,0.0,1901.3333359069868,2320.524937524275,2245.6692943783305
8,11,22,0.0,0.0,0.0,1193.2453053765432,1456.323010498931,1409.344848869933
8,11,23,0.0,0.0,0.0,1373.4523042863404,1676.2606863337226,1622.1877609681185
8,12,0,0.0,0.0,0.0,1940.6700324713545,2368.5342915988967,2292.129959611836
8,12,1,0.0,0.0,0.0,1980.545579523704,2417.201297843891,2339.227062429572
8,12,2,0.0,0.0,0.0,1940.6700324713545,2368.5342915988967,2292.129959611836
8,12,3,0.0,0.0,0.0,2800.0,4134.733013236745,4001.3545289387857
8,12,4,0.0,0.0,0.0,2800.0,6600.0,4200.0
8,12,5,0.0,0.0,0.0,2800.0,6600.0,4200.0
8,12,6,8.879878000000001,6.916220999999999,5.808642,2800.0,6600.0,4200.0
8,12,7,97.75679,75.44609600000001,63.946171,2800.0,6600.0,4200.0
8,12,8,220.24822899999998,170.278158,144.07215,2800.0,6600.0,4200.0
8,12,9,324.345583,251.800396,212.165907,2800.0,6600.0,4200.0
8,12,10,397.195021,309.98704499999997,259.819299,2800.0,6600.0,4200.0
8,12,11,435.644585,341.474939,284.97051799999997,2800.0,6600.0,4200.0
8,12,12,449.530498,352.836262,294.053784,2800.0,6600.0,4200.0
8,12,13,433.426379,339.917634,283.519511,2800.0,6600.0,4200.0
8,12,14,389.463375,304.567275,254.76175700000002,2800.0,6600.0,4200.0
8,12,15,319.087212,248.49992600000002,208.726222,2800.0,6600.0,4200.0
8,12,16,220.64654099999998,171.263308,144.332699,2800.0,6600.0,4200.0
8,12,17,107.604033,83.374344,70.3876,2800.0,6600.0,4200.0
8,12,18,15.237079,11.876481,9.967111999999998,2800.0,6600.0,4200.0
8,12,19,0.0,0.0,0.0,2800.0,6600.0,4200.0
8,12,20,0.0,0.0,0.0,2275.070137118247,2776.660403569514,2687.090713131788
8,12,21,0.0,0.0,0.0,1029.5337295682716,1256.5175439612765,1215.984719962525
8,12,22,0.0,0.0,0.0,1109.377075854021,1353.9641476958525,1310.287884866954
8,12,23,0.0,0.0,0.0,2061.927887690667,2516.5261621421523,2435.347898847244
8,13,0,0.0,0.0,0.0,2800.0,3599.0492231594667,3482.9508611220645
8,13,1,0.0,0.0,0.0,2364.2786071344885,2885.536882723194,2792.4550477966395
8,13,2,0.0,0.0,0.0,1676.4237403920558,2046.0289744942413,1980.0280398331363
8,13,3,0.0,0.0,0.0,2364.2786071344885,2885.536882723194,2792.4550477966395
8,13,4,0.0,0.0,0.0,2800.0,6600.0,4200.0
8,13,5,0.0,0.0,0.0,2800.0,6600.0,4200.0
8,13,6,3.91381,3.077823,2.5601619999999996,2800.0,6600.0,4200.0
8,13,7,91.25313899999999,70.488574,59.691902999999996,2800.0,6600.0,4200.0
8,13,8,208.594152,161.44831200000002,136.44880600000002,2800.0,6600.0,4200.0
8,13,9,308.124166,239.42621,201.554906,2800.0,6600.0,4200.0
8,13,10,384.809593,300.31190999999995,251.717553,2800.0,6600.0,4200.0
8,13,11,429.765296,336.305907,281.124667,2800.0,6600.0,4200.0
8,13,12,448.949931,351.267629,293.674015,2800.0,6600.0,4200.0
8,13,13,439.02961700000003,342.755125,287.18478700000003,2800.0,6600.0,4200.0
8,13,14,394.841408,307.511578,258.279718,2800.0,6600.0,4200.0
8,13,15,319.633712,248.33481099999997,209.083706,2800.0,6600.0,4200.0
8,13,16,222.516058,172.479343,145.555617,2800.0,6600.0,4200.0
8,13,17,107.50941499999999,83.237408,70.32570799999999,2800.0,6600.0,4200.0
8,13,18,15.344843000000001,11.954433000000002,10.037604,2800.0,6600.0,4200.0
8,13,19,0.0,0.0,0.0,2800.0,6600.0,4200.0
8,13,20,0.0,0.0,0.0,2800.0,6600.0,4200.0
8,13,21,0.0,0.0,0.0,2800.0,6600.0,4200.0
8,13,22,0.0,0.0,0.0,2800.0,6600.0,4200.0
8,13,23,0.0,0.0,0.0,2800.0,6600.0,4200.0
8,14,0,0.0,0.0,0.0,2800.0,6600.0,4200.0
8,14,1,0.0,0.0,0.0,2800.0,6600.0,4200.0
8,14,2,0.0,0.0,0.0,2800.0,6600.0,4200.0
8,14,3,0.0,0.0,0.0,2800.0,6600.0,4200.0
8,14,4,0.0,0.0,0.0,2800.0,6600.0,4200.0
8,14,5,0.0,0.0,0.0,2800.0,6600.0,4200.0
8,14,6,5.767079,4.514478,3.7724499999999996,2800.0,6600.0,4200.0
8,14,7,96.214398,74.34811,62.937238,2800.0,6600.0,4200.0
8,14,8,216.95826399999999,168.089696,141.920068,2800.0,6600.0,4200.0
8,14,9,319.994373,249.03418100000002,209.319627,2800.0,6600.0,4200.0
8,14,10,398.520354,311.22583299999997,260.686247,2800.0,6600.0,4200.0
8,14,11,447.961292,350.353958,293.027312,2800.0,6600.0,4200.0
8,14,12,463.37725300000005,362.258683,303.11143599999997,2800.0,6600.0,4200.0
8,14,13,450.57738900000004,351.84734299999997,294.738593,2800.0,6600.0,4200.0
8,14,14,402.84119699999997,313.996914,263.512663,2800.0,6600.0,4200.0
8,14,15,326.12795500000004,253.619343,213.33182,2800.0,6600.0,4200.0
8,14,16,224.304827,173.988721,146.725714,2800.0,6600.0,4200.0
8,14,17,107.170102,83.013738,70.103751,2800.0,6600.0,4200.0
8,14,18,14.39405,11.2192,9.415657,2800.0,6600.0,4200.0
8,14,19,0.0,0.0,0.0,2800.0,6600.0,4200.0
8,14,20,0.0,0.0,0.0,2800.0,6600.0,4200.0
8,14,21,0.0,0.0,0.0,2549.630956168769,3111.754316583931,3011.3751450812238
8,14,22,0.0,0.0,0.0,507.4383148650858,619.3144787723488,599.3365923603375
8,14,23,0.0,0.0,0.0,209.55296754900695,255.75362181178016,247.5035049791421
8,15,0,0.0,0.0,0.0,278.9149998077284,340.4080706314795,329.42716512723825
8,15,1,0.0,0.0,0.0,237.66666698837332,290.0656171905344,280.7086617972913
8,15,2,0.0,0.0,0.0,200.6998128762587,244.94859051826847,237.0470230821953
8,15,3,0.0,0.0,0.0,835.542666361563,1019.7567975278918,986.8614169624758
8,15,4,0.0,0.0,0.0,2455.7891050857875,2997.2229235298983,2900.5383130934497
8,15,5,0.0,0.0,0.0,2800.0,4569.628998473504,4200.0
8,15,6,6.892428,5.379001000000001,4.508581,2800.0,6600.0,4200.0
8,15,7,98.51317900000001,76.058769,64.440952,2800.0,6600.0,4200.0
8,15,8,222.53657800000002,172.25099,145.56904,2800.0,6600.0,4200.0
8,15,9,323.29267,251.443824,211.47716,2694.829168782761,3288.9647335537634,3182.869096987513
8,15,10,389.849289,304.642154,255.014197,145.60448877556777,177.70626582844886,171.97380564043436
8,15,11,434.373107,340.451468,284.138799,491.4151496175413,599.758647171015,580.4115940364661
8,15,12,321.093634,250.355294,210.038693,2800.0,4875.874201202505,4200.0
8,15,13,320.716054,249.888185,209.79170499999998,2800.0,6600.0,4200.0
8,15,14,392.213657,306.116247,256.560813,2800.0,6600.0,4200.0
8,15,15,316.726912,246.416427,207.182266,2800.0,6600.0,4200.0
8,15,16,216.627188,168.00082999999998,141.70349900000002,2800.0,6600.0,4200.0
8,15,17,104.340943,80.76264599999999,68.253098,2800.0,6600.0,4200.0
8,15,18,11.593456,9.041889999999999,7.583689000000001,2800.0,6600.0,4200.0
8,15,19,0.0,0.0,0.0,2800.0,6600.0,4200.0
8,15,20,0.0,0.0,0.0,2800.0,6600.0,4200.0
8,15,21,0.0,0.0,0.0,2800.0,6600.0,4200.0
8,15,22,0.0,0.0,0.0,2800.0,5965.099051003621,4200.0
8,15,23,0.0,0.0,0.0,2800.0,5614.303506012198,4200.0
8,16,0,0.0,0.0,0.0,2800.0,6600.0,4200.0
8,16,1,0.0,0.0,0.0,2800.0,6600.0,4200.0
8,16,2,0.0,0.0,0.0,2800.0,6600.0,4200.0
8,16,3,0.0,0.0,0.0,2800.0,6600.0,4200.0
8,16,4,0.0,0.0,0.0,2800.0,6600.0,4200.0
8,16,5,0.0,0.0,0.0,2800.0,6600.0,4200.0
8,16,6,1.615894,1.294513,1.057014,2800.0,6600.0,4200.0
8,16,7,87.80533100000001,67.81724,57.43657,2800.0,6600.0,4200.0
8,16,8,204.980605,158.633575,134.085057,2800.0,6600.0,4200.0
8,16,9,304.965376,237.027579,199.48862899999997,2800.0,6600.0,4200.0
8,16,10,381.809854,298.152683,249.755318,2800.0,6600.0,4200.0
8,16,11,423.928767,332.26905200000004,277.306788,2800.0,6600.0,4200.0
8,16,12,439.068336,344.434919,287.210114,2800.0,6600.0,4200.0
8,16,13,430.552472,337.423073,281.639587,2800.0,6600.0,4200.0
8,16,14,388.854202,303.691076,254.363275,2800.0,5195.505086201954,4200.0
8,16,15,314.396306,244.648772,205.657734,2800.0,4065.047980485539,3933.917400469876
8,16,16,216.576255,168.00647800000002,141.670182,2409.744269793466,2941.0264710077745,2846.1546493623623
8,16,17,103.429129,80.101514,67.656648,2800.0,3728.344236364732,3608.075067449741
8,16,18,2.559009,2.0404780000000002,1.6739380000000001,2800.0,6600.0,4200.0
8,16,19,0.0,0.0,0.0,2800.0,6600.0,4200.0
8,16,20,0.0,0.0,0.0,2800.0,6600.0,4200.0
8,16,21,0.0,0.0,0.0,2800.0,6600.0,4200.0
8,16,22,0.0,0.0,0.0,2800.0,6600.0,4200.0
8,16,23,0.0,0.0,0.0,2800.0,6600.0,4200.0
8,17,0,0.0,0.0,0.0,2800.0,6600.0,4200.0
8,17,1,0.0,0.0,0.0,2800.0,6600.0,4200.0
8,17,2,0.0,0.0,0.0,2800.0,6600.0,4200.0
8,17,3,0.0,0.0,0.0,2800.0,6600.0,4200.0
8,17,4,0.0,0.0,0.0,2800.0,6600.0,4200.0
8,17,5,0.0,0.0,0.0,2800.0,6600.0,4200.0
8,17,6,1.135134,0.924016,0.7425309999999999,2800.0,6600.0,4200.0
8,17,7,90.338561,69.815215,59.093644999999995,2800.0,6600.0,4200.0
8,17,8,209.30439199999998,161.999494,136.913399,2800.0,6600.0,4200.0
8,17,9,312.478663,242.635926,204.40333600000002,2800.0,6600.0,4200.0
8,17,10,393.866624,306.94466700000004,257.642077,2800.0,6600.0,4200.0
8,17,11,440.726702,344.36586800000003,288.29490999999996,2800.0,6600.0,4200.0
8,17,12,456.366176,357.017619,298.525243,813.163264745564,992.4433546107276,960.4290528490912
8,17,13,440.05919300000005,344.11082,287.85826899999995,648.3361095823518,791.2763542146813,765.7513105303368
8,17,14,393.285304,306.85722999999996,257.261816,2800.0,6600.0,4200.0
8,17,15,316.957283,246.555152,207.33295900000002,2800.0,6600.0,4200.0
8,17,16,216.76271599999998,168.116094,141.79215200000002,2800.0,6600.0,4200.0
8,17,17,101.460982,78.560856,66.36921400000001,2800.0,6600.0,4200.0
8,17,18,9.022448,7.054629,5.901902,2800.0,6600.0,4200.0
8,17,19,0.0,0.0,0.0,2800.0,6600.0,4200.0
8,17,20,0.0,0.0,0.0,2800.0,6600.0,4200.0
8,17,21,0.0,0.0,0.0,2800.0,6600.0,4200.0
8,17,22,0.0,0.0,0.0,2800.0,4134.733013236745,4001.3545289387857
8,17,23,0.0,0.0,0.0,2800.0,6600.0,4200.0
8,18,0,0.0,0.0,0.0,2800.0,6600.0,4200.0
8,18,1,0.0,0.0,0.0,2800.0,6600.0,4200.0
8,18,2,0.0,0.0,0.0,2800.0,6600.0,4200.0
8,18,3,0.0,0.0,0.0,2800.0,6600.0,4200.0
8,18,4,0.0,0.0,0.0,2800.0,6600.0,4200.0
8,18,5,0.0,0.0,0.0,2800.0,6600.0,4200.0
8,18,6,2.0293959999999998,1.6186010000000002,1.327499,2800.0,6600.0,4200.0
8,18,7,90.84365700000001,70.18132399999999,59.424046000000004,2800.0,6600.0,4200.0
8,18,8,211.767493,163.78173,138.524601,2800.0,6600.0,4200.0
8,18,9,316.407475,245.36301699999999,206.973311,2800.0,6600.0,4200.0
8,18,10,405.059556,315.049197,264.96377,2800.0,6600.0,4200.0
8,18,11,452.711168,352.88998300000003,296.13437300000004,2800.0,6600.0,4200.0
8,18,12,466.382138,364.010361,305.077037,2800.0,5965.099051003621,4200.0
8,18,13,449.810356,350.987647,294.236849,2800.0,6600.0,4200.0
8,18,14,401.56464500000004,312.756249,262.677625,2800.0,6600.0,4200.0
8,18,15,324.093374,251.790196,212.000929,2800.0,6600.0,4200.0
8,18,16,221.993222,172.051573,145.21361100000001,2800.0,6600.0,4200.0
8,18,17,103.990719,80.50595799999999,68.024004,2800.0,6600.0,4200.0
8,18,18,8.647585,6.765193,5.6566909999999995,2800.0,6600.0,4200.0
8,18,19,0.0,0.0,0.0,2800.0,6600.0,4200.0
8,18,20,0.0,0.0,0.0,2800.0,6600.0,4200.0
8,18,21,0.0,0.0,0.0,2800.0,4348.55720818164,4200.0
8,18,22,0.0,0.0,0.0,1003.7965929387176,1225.1060779960724,1185.5865270929733
8,18,23,0.0,0.0,0.0,257.74098596133337,314.56577026776904,304.4184873559055
8,19,0,0.0,0.0,0.0,1.3422386871870802,1.6381653268818694,1.5853212840792283
8,19,1,0.0,0.0,0.0,278.9149998077284,340.4080706314795,329.42716512723825
8,19,2,0.0,0.0,0.0,2597.435303258585,3170.098204764415,3067.83697235266
8,19,3,0.0,0.0,0.0,2800.0,6600.0,4200.0
8,19,4,0.0,0.0,0.0,2800.0,6600.0,4200.0
8,19,5,0.0,0.0,0.0,2800.0,6600.0,4200.0
8,19,6,5.849406,4.576729,3.826303,2800.0,6600.0,4200.0
8,19,7,100.676326,77.765858,65.855943,2800.0,6600.0,4200.0
8,19,8,227.904014,176.38920800000002,149.08007,2800.0,6600.0,4200.0
8,19,9,335.888665,260.852982,219.716645,2800.0,6600.0,4200.0
8,19,10,414.066477,322.61273,270.855515,2800.0,6600.0,4200.0
8,19,11,462.593835,361.208864,302.598975,2800.0,6600.0,4200.0
8,19,12,478.250226,373.603075,312.840373,2800.0,4134.733013236745,4001.3545289387857
8,19,13,461.412259,360.06976199999997,301.82606400000003,2800.0,6600.0,4200.0
8,19,14,412.84153299999997,321.497524,270.054236,2800.0,6600.0,4200.0
8,19,15,333.12083,258.719673,217.906107,2800.0,6600.0,4200.0
8,19,16,227.64373999999998,176.348188,148.909815,2800.0,6600.0,4200.0
8,19,17,104.959329,81.203322,68.657606,2800.0,6600.0,4200.0
8,19,18,8.43302,6.592935000000001,5.516336,2800.0,6600.0,4200.0
8,19,19,0.0,0.0,0.0,2800.0,6600.0,4200.0
8,19,20,0.0,0.0,0.0,2800.0,6600.0,4200.0
8,19,21,0.0,0.0,0.0,2800.0,6600.0,4200.0
8,19,22,0.0,0.0,0.0,1749.3017415377876,2134.9745664437564,2066.104419139119
8,19,23,0.0,0.0,0.0,748.4297260208111,913.4378545923286,883.9721173474147
8,20,0,0.0,0.0,0.0,1003.7965929387176,1225.1060779960724,1185.5865270929733
8,20,1,0.0,0.0,0.0,1536.7967041952045,1875.6180248051708,1815.114217553391
8,20,2,0.0,0.0,0.0,2061.927887690667,2516.5261621421523,2435.347898847244
8,20,3,0.0,0.0,0.0,2800.0,3860.699345383164,3736.160656822416
8,20,4,0.0,0.0,0.0,2800.0,6600.0,4200.0
8,20,5,0.0,0.0,0.0,2800.0,6600.0,4200.0
8,20,6,5.421109,4.2400910000000005,3.546139,2800.0,6600.0,4200.0
8,20,7,99.22283900000001,76.60404700000001,64.905165,2800.0,6600.0,4200.0
8,20,8,208.62540299999998,161.37318100000002,136.46924900000002,2800.0,6600.0,4200.0
8,20,9,309.356243,240.111867,202.36085,2800.0,6600.0,4200.0
8,20,10,407.23605699999996,317.523872,266.387496,2800.0,6600.0,4200.0
8,20,11,450.093659,351.86699699999997,294.422168,2319.3884514592746,2830.7496848518704,2739.435178888906
8,20,12,342.68635600000005,266.87845799999997,224.163256,1901.3333359069868,2320.524937524275,2245.6692943783305
8,20,13,449.204068,351.17316800000003,293.840255,2800.0,6600.0,4200.0
8,20,14,401.24698,313.03694900000005,262.469829,2800.0,6600.0,4200.0
8,20,15,322.738487,251.162682,211.11464900000001,2800.0,6600.0,4200.0
8,20,16,219.616938,170.40377299999997,143.6592,2800.0,6600.0,4200.0
8,20,17,101.564239,78.682371,66.436758,2800.0,6600.0,4200.0
8,20,18,7.900098,6.187339,5.167734,2800.0,6600.0,4200.0
8,20,19,0.0,0.0,0.0,2800.0,6600.0,4200.0
8,20,20,0.0,0.0,0.0,2800.0,6600.0,4200.0
8,20,21,0.0,0.0,0.0,2800.0,6600.0,4200.0
8,20,22,0.0,0.0,0.0,2800.0,6600.0,4200.0
8,20,23,0.0,0.0,0.0,2800.0,6600.0,4200.0
8,21,0,0.0,0.0,0.0,2800.0,6600.0,4200.0
8,21,1,0.0,0.0,0.0,2800.0,6600.0,4200.0
8,21,2,0.0,0.0,0.0,2800.0,6600.0,4200.0
8,21,3,0.0,0.0,0.0,2800.0,6600.0,4200.0
8,21,4,0.0,0.0,0.0,2800.0,6600.0,4200.0
8,21,5,0.0,0.0,0.0,2800.0,6600.0,4200.0
8,21,6,5.393503,4.2229149999999995,3.5280810000000002,2800.0,6600.0,4200.0
8,21,7,99.40075900000001,76.765378,65.021549,2800.0,6600.0,4200.0
8,21,8,227.351271,175.98458,148.7185,2800.0,6600.0,4200.0
8,21,9,330.07138299999997,256.785301,215.911356,2800.0,6600.0,4200.0
8,21,10,397.270549,311.076315,259.868705,2800.0,6600.0,4200.0
8,21,11,433.23351,341.007595,283.393348,2800.0,6600.0,4200.0
8,21,12,448.987543,353.491399,293.698618,1003.7965929387176,1225.1060779960724,1185.5865270929733
8,21,13,440.2602,345.41265899999996,287.989755,2800.0,4721.09628485135,4200.0
8,21,14,400.535816,312.772102,262.004632,2800.0,6600.0,4200.0
8,21,15,324.889049,252.70009299999998,212.521408,2800.0,6600.0,4200.0
8,21,16,219.356446,170.095223,143.48880300000002,2800.0,6600.0,4200.0
8,21,17,100.319676,77.697653,65.622645,2800.0,6600.0,4200.0
8,21,18,7.251802,5.688831,4.74366,2800.0,6600.0,4200.0
8,21,19,0.0,0.0,0.0,2800.0,6600.0,4200.0
8,21,20,0.0,0.0,0.0,2800.0,6600.0,4200.0
8,21,21,0.0,0.0,0.0,2800.0,6600.0,4200.0
8,21,22,0.0,0.0,0.0,2800.0,6600.0,4200.0
8,21,23,0.0,0.0,0.0,2800.0,5033.998538121269,4200.0
8,22,0,0.0,0.0,0.0,2061.927887690667,2516.5261621421523,2435.347898847244
8,22,1,0.0,0.0,0.0,1164.8359102045422,1421.650126627591,1375.790445123475
8,22,2,0.0,0.0,0.0,1003.7965929387176,1225.1060779960724,1185.5865270929733
8,22,3,0.0,0.0,0.0,1055.7070784976213,1288.4613950167818,1246.8981242097886
8,22,4,0.0,0.0,0.0,1342.23868718708,1638.1653268818693,1585.3212840792282
8,22,5,0.0,0.0,0.0,2275.070137118247,2776.660403569514,2687.090713131788
8,22,6,4.449885,3.4875599999999998,2.9108270000000003,2800.0,5033.998538121269,4200.0
8,22,7,99.603886,76.854005,65.154422,2800.0,6600.0,4200.0
8,22,8,226.332799,175.108994,148.05228200000002,2800.0,6600.0,4200.0
8,22,9,327.064897,254.548855,213.944707,2694.829168782761,3288.9647335537634,3182.869096987513
8,22,10,396.04664299999996,310.10009499999995,259.068105,648.3361095823518,791.2763542146813,765.7513105303368
8,22,11,447.255365,350.350869,292.56554,2800.0,5444.184846176627,4200.0
8,22,12,468.538323,366.56928800000003,306.48747499999996,2800.0,6600.0,4200.0
8,22,13,453.35559,354.09067200000004,296.55591200000003,2800.0,6600.0,4200.0
8,22,14,402.481202,313.75302500000004,263.27717700000005,2800.0,6600.0,4200.0
8,22,15,323.98425199999997,251.959282,211.929548,2800.0,6600.0,4200.0
8,22,16,217.89458100000002,169.06001999999998,142.532546,2800.0,6600.0,4200.0
8,22,17,99.63278,77.20419,65.173323,2800.0,6600.0,4200.0
8,22,18,6.803691,5.340161,4.450533999999999,2800.0,6600.0,4200.0
8,22,19,0.0,0.0,0.0,2800.0,6600.0,4200.0
8,22,20,0.0,0.0,0.0,2800.0,6600.0,4200.0
8,22,21,0.0,0.0,0.0,2800.0,6600.0,4200.0
8,22,22,0.0,0.0,0.0,2800.0,6600.0,4200.0
8,22,23,0.0,0.0,0.0,2800.0,6600.0,4200.0
8,23,0,0.0,0.0,0.0,2800.0,6600.0,4200.0
8,23,1,0.0,0.0,0.0,2800.0,6600.0,4200.0
8,23,2,0.0,0.0,0.0,2800.0,6600.0,4200.0
8,23,3,0.0,0.0,0.0,2800.0,6237.575082367505,4200.0
8,23,4,0.0,0.0,0.0,2694.829168782761,3288.9647335537634,3182.869096987513
8,23,5,0.0,0.0,0.0,2794.6277004301824,3410.766091076207,3300.741378460845
8,23,6,2.486628,1.969404,1.626591,2800.0,6600.0,4200.0
8,23,7,91.390916,70.594977,59.782028,2800.0,6600.0,4200.0
8,23,8,213.39478,165.204228,139.589067,2800.0,6600.0,4200.0
8,23,9,318.403564,247.407591,208.279023,2800.0,6600.0,4200.0
8,23,10,395.74289500000003,308.66071600000004,258.869413,2800.0,6600.0,4200.0
8,23,11,439.087482,343.469926,287.22263799999996,2800.0,6600.0,4200.0
8,23,12,449.835853,352.48141499999997,294.253528,2800.0,6600.0,4200.0
8,23,13,433.66398200000003,339.861544,283.674935,2800.0,6600.0,4200.0
8,23,14,386.704038,302.295707,252.956777,2800.0,6600.0,4200.0
8,23,15,310.00355699999994,241.481199,202.78428200000002,2800.0,6600.0,4200.0
8,23,16,212.073509,164.637815,138.72477600000002,2800.0,6600.0,4200.0
8,23,17,96.986425,75.158388,63.442248,2800.0,6600.0,4200.0
8,23,18,5.604303,4.408394,3.665972,2800.0,6600.0,4200.0
8,23,19,0.0,0.0,0.0,2800.0,6600.0,4200.0
8,23,20,0.0,0.0,0.0,2800.0,6600.0,4200.0
8,23,21,0.0,0.0,0.0,2800.0,6600.0,4200.0
8,23,22,0.0,0.0,0.0,2800.0,6600.0,4200.0
8,23,23,0.0,0.0,0.0,2800.0,6600.0,4200.0
8,24,0,0.0,0.0,0.0,2549.630956168769,3111.754316583931,3011.3751450812238
8,24,1,0.0,0.0,0.0,1109.377075854021,1353.9641476958525,1310.287884866954
8,24,2,0.0,0.0,0.0,813.163264745564,992.4433546107276,960.4290528490912
8,24,3,0.0,0.0,0.0,707.2412654778989,863.1684736147585,835.3243293046049
8,24,4,0.0,0.0,0.0,905.1368564268978,1104.694588552513,1069.0592792443674
8,24,5,0.0,0.0,0.0,1605.5985030100696,1959.588724146148,1896.3761846575624
8,24,6,-0.0,-0.0,-0.0,2800.0,3996.150340809066,3867.242265299096
8,24,7,83.623537,64.515323,54.701111,2455.7891050857875,2997.2229235298983,2900.5383130934497
8,24,8,203.49255499999998,157.045288,133.111672,507.4383148650858,619.3144787723488,599.3365923603375
8,24,9,312.591601,241.87265599999998,204.477212,3.563011389929472,4.34855720818164,4.208281169208038
8,24,10,409.518075,318.035618,267.880244,76.36769954409877,93.20467267193158,90.19807032767572
8,24,11,454.97547,354.48879700000003,297.61553299999997,33.523587275070305,40.91461439083383,39.59478812016177
8,24,12,464.198153,362.615099,303.64841600000005,2800.0,3535.5380679260493,3421.48845283166
8,24,13,443.21101500000003,346.556152,289.91998700000005,2800.0,6600.0,4200.0
8,24,14,395.778625,308.79454499999997,258.892785,2800.0,6600.0,4200.0
8,24,15,321.41310100000004,249.776502,210.24766699999998,2800.0,6600.0,4200.0
8,24,16,215.56324600000002,166.990573,141.007537,2800.0,6600.0,4200.0
8,24,17,96.899129,74.981719,63.385144,2800.0,6600.0,4200.0
8,24,18,5.6404179999999995,4.429955,3.689597,2800.0,6600.0,4200.0
8,24,19,0.0,0.0,0.0,2800.0,6600.0,4200.0
8,24,20,0.0,0.0,0.0,2800.0,6600.0,4200.0
8,24,21,0.0,0.0,0.0,2800.0,6600.0,4200.0
8,24,22,0.0,0.0,0.0,2800.0,4798.06917736812,4200.0
8,24,23,0.0,0.0,0.0,1222.1129067458091,1491.5551224063024,1443.4404410383572
8,25,0,0.0,0.0,0.0,268.18869820056244,327.31691512667066,316.7583049612942
8,25,1,0.0,0.0,0.0,67.56525302384776,82.46152928107404,79.80147994942648
8,25,2,0.0,0.0,0.0,228.03272895548625,278.3076613236249,269.32999482931444
8,25,3,0.0,0.0,0.0,1082.3203053763452,1320.942104986878,1278.3310693421402
8,25,4,0.0,0.0,0.0,1901.3333359069868,2320.524937524275,2245.6692943783305
8,25,5,0.0,0.0,0.0,1712.6043126696648,2090.186365856677,2022.7609992161392
8,25,6,0.246261,0.22963399999999998,0.16108799999999998,1164.8359102045422,1421.650126627591,1375.790445123475
8,25,7,90.28909900000001,69.661817,59.061291,648.3361095823518,791.2763542146813,765.7513105303368
8,25,8,212.707852,164.28079300000002,139.139723,507.4383148650858,619.3144787723488,599.3365923603375
8,25,9,316.667202,245.391195,207.14320800000002,475.7328897807615,580.6188812284884,561.8892398985372
8,25,10,400.75773200000003,312.113826,262.149795,228.03272895548625,278.3076613236249,269.32999482931444
8,25,11,436.72518699999995,341.96261,285.67737800000003,278.9149998077284,340.4080706314795,329.42716512723825
8,25,12,443.777367,348.482212,290.290458,2549.630956168769,3111.754316583931,3011.3751450812238
8,25,13,434.67863400000005,340.685498,284.338656,2800.0,6600.0,4200.0
8,25,14,393.53600300000005,307.15306,257.425807,2800.0,6600.0,4200.0
8,25,15,317.288962,246.732824,207.549923,2800.0,6600.0,4200.0
8,25,16,213.361785,165.412923,139.567483,2800.0,6600.0,4200.0
8,25,17,95.586462,74.011523,62.526483,2800.0,6600.0,4200.0
8,25,18,5.3161689999999995,4.181347,3.477494,2800.0,6600.0,4200.0
8,25,19,0.0,0.0,0.0,2800.0,6600.0,4200.0
8,25,20,0.0,0.0,0.0,2800.0,6600.0,4200.0
8,25,21,0.0,0.0,0.0,1251.4423799619176,1527.350936173994,1478.0815511361232
8,25,22,0.0,0.0,0.0,237.66666698837332,290.0656171905344,280.7086617972913
8,25,23,0.0,0.0,0.0,610.9415963527902,745.6373813754526,721.5845626214057
8,26,0,0.0,0.0,0.0,2275.070137118247,2776.660403569514,2687.090713131788
8,26,1,0.0,0.0,0.0,2800.0,5360.429636038867,4200.0
8,26,2,0.0,0.0,0.0,2800.0,6600.0,4200.0
8,26,3,0.0,0.0,0.0,2800.0,6600.0,4200.0
8,26,4,0.0,0.0,0.0,2800.0,6600.0,4200.0
8,26,5,0.0,0.0,0.0,2800.0,6600.0,4200.0
8,26,6,1.1042729999999998,0.8980990000000001,0.7223440000000001,2800.0,6600.0,4200.0
8,26,7,90.816432,70.116079,59.406237000000004,2800.0,6600.0,4200.0
8,26,8,213.754353,165.229561,139.82427600000003,2800.0,6600.0,4200.0
8,26,9,318.971851,247.500023,208.65076000000002,2800.0,6600.0,4200.0
8,26,10,343.860096,267.74951400000003,224.93104,2800.0,6600.0,4200.0
8,26,11,319.93251799999996,249.631033,209.279166,2800.0,6600.0,4200.0
8,26,12,441.281006,346.414901,288.6575,2800.0,6600.0,4200.0
8,26,13,435.209923,340.264151,284.686191,2800.0,6600.0,4200.0
8,26,14,392.152357,305.475928,256.520715,2800.0,6600.0,4200.0
8,26,15,313.73501799999997,243.581265,205.225162,2800.0,6600.0,4200.0
8,26,16,212.738899,164.73545800000002,139.16003099999998,2800.0,6600.0,4200.0
8,26,17,94.82028100000001,73.348543,62.025297,2800.0,6600.0,4200.0
8,26,18,6.385869,5.005248,4.177223,2800.0,6600.0,4200.0
8,26,19,0.0,0.0,0.0,2800.0,6600.0,4200.0
8,26,20,0.0,0.0,0.0,2800.0,6600.0,4200.0
8,26,21,0.0,0.0,0.0,2364.2786071344885,2885.536882723194,2792.4550477966395
8,26,22,0.0,0.0,0.0,687.226207839785,838.7406473635172,811.6844974485649
8,26,23,0.0,0.0,0.0,39.100262166578574,47.72079240802897,46.18141200776997
8,27,0,0.0,0.0,0.0,5.6579301238231885,6.905347788918065,6.682594634436836
8,27,1,0.0,0.0,0.0,192.09958802440056,234.45225310064637,226.88927719417387
8,27,2,0.0,0.0,0.0,769.610460224766,939.288356967234,908.9887325489362
8,27,3,0.0,0.0,0.0,1980.545579523704,2417.201297843891,2339.227062429572
8,27,4,0.0,0.0,0.0,2800.0,3996.150340809066,3867.242265299096
8,27,5,0.0,0.0,0.0,2800.0,4134.733013236745,4001.3545289387857
8,27,6,1.529482,1.2288240000000001,1.000488,2744.426018516277,3349.496321811205,3241.448053365682
8,27,7,89.85692999999999,69.410215,58.778593,2800.0,3663.3164546975977,3545.1449561589657
8,27,8,212.781218,164.610678,139.187714,2800.0,4495.12565696385,4200.0
8,27,9,319.549646,248.10626000000002,209.02871599999997,2800.0,5444.184846176627,4200.0
8,27,10,397.858392,309.981311,260.253234,2800.0,6237.575082367505,4200.0
8,27,11,448.230971,349.805774,293.203718,2800.0,6600.0,4200.0
8,27,12,468.427135,365.542819,306.41474200000005,2800.0,6600.0,4200.0
8,27,13,452.816744,352.796571,296.203434,2800.0,6600.0,4200.0
8,27,14,402.98164299999996,313.313549,263.604533,2800.0,6600.0,4200.0
8,27,15,321.67751699999997,249.509153,210.420632,2800.0,6600.0,4200.0
8,27,16,213.227217,165.024895,139.47945800000002,2800.0,6600.0,4200.0
8,27,17,93.408831,72.238788,61.102017,2800.0,6600.0,4200.0
8,27,18,6.0949539999999995,4.778063,3.9869250000000003,2800.0,6600.0,4200.0
8,27,19,0.0,0.0,0.0,2800.0,6600.0,4200.0
8,27,20,0.0,0.0,0.0,2800.0,6600.0,4200.0
8,27,21,0.0,0.0,0.0,2800.0,4134.733013236745,4001.3545289387857
8,27,22,0.0,0.0,0.0,430.6948862392302,525.6512391108714,508.6947475266498
8,27,23,0.0,0.0,0.0,76.36769954409877,93.20467267193158,90.19807032767572
8,28,0,0.0,0.0,0.0,13.411389923136454,16.36823179595394,15.840224318665102
8,28,1,0.0,0.0,0.0,28.504091119435778,34.78845766545312,33.666249353664305
8,28,2,0.0,0.0,0.0,85.90327597997313,104.84258092043964,101.4605621810706
8,28,3,0.0,0.0,0.0,45.26344099058551,55.24278231134452,53.46075707549469
8,28,4,0.0,0.0,0.0,76.36769954409877,93.20467267193158,90.19807032767572
8,28,5,0.0,0.0,0.0,978.4920029593812,1194.2225232968824,1155.6992160937573
8,28,6,1.5256500000000002,1.2261659999999999,0.997981,2800.0,4954.515830178791,4200.0
8,28,7,90.22795699999999,69.739905,59.021294999999995,2800.0,6600.0,4200.0
8,28,8,212.182965,164.504821,138.79637599999998,2800.0,3996.150340809066,3867.242265299096
8,28,9,314.550093,245.191709,205.758332,648.3361095823518,791.2763542146813,765.7513105303368
8,28,10,388.724407,304.07574800000003,254.27837100000002,301.21803372418333,367.6283088759718,355.7693311702953
8,28,11,440.80015999999995,345.096394,288.342962,2800.0,3996.150340809066,3867.242265299096
8,28,12,460.32556800000003,360.209119,301.115221,2800.0,6600.0,4200.0
8,28,13,440.990904,344.479589,288.467734,2800.0,6600.0,4200.0
8,28,14,393.0907,306.360229,257.134518,2800.0,6600.0,4200.0
8,28,15,313.953411,243.987845,205.368021,2800.0,6600.0,4200.0
8,28,16,210.852645,163.402837,137.926166,2800.0,6600.0,4200.0
8,28,17,91.463703,70.800667,59.82964,2800.0,6600.0,4200.0
8,28,18,5.444706,4.277751,3.5615740000000002,2800.0,6600.0,4200.0
8,28,19,0.0,0.0,0.0,2800.0,6600.0,4200.0
8,28,20,0.0,0.0,0.0,2800.0,6600.0,4200.0
8,28,21,0.0,0.0,0.0,2800.0,6055.023664834879,4200.0
8,28,22,0.0,0.0,0.0,2409.744269793466,2941.0264710077745,2846.1546493623623
8,28,23,0.0,0.0,0.0,1082.3203053763452,1320.942104986878,1278.3310693421402
8,29,0,0.0,0.0,0.0,362.10752792468406,441.94225849075616,427.6860566039575
8,29,1,0.0,0.0,0.0,36.240444554051166,44.23046382581048,42.803674670139166
8,29,2,0.0,0.0,0.0,20.019334229288237,24.43304571291084,23.64488294797823
8,29,3,0.0,0.0,0.0,228.03272895548625,278.3076613236249,269.32999482931444
8,29,4,0.0,0.0,0.0,929.1658003530496,1134.0212523993912,1097.4399216768302
8,29,5,0.0,0.0,0.0,2409.744269793466,2941.0264710077745,2846.1546493623623
8,29,6,2.439146,1.93177,1.595531,2800.0,5700.675903358588,4200.0
8,29,7,96.595145,74.55341,63.186298,2800.0,6600.0,4200.0
8,29,8,226.69628899999998,175.34636799999998,148.290054,2800.0,6600.0,4200.0
8,29,9,330.58786499999997,257.004728,216.249205,1342.23868718708,1638.1653268818693,1585.3212840792282
8,29,10,398.48821899999996,311.95321,260.665226,1570.9465066065366,1917.296917511915,1855.44862985024
8,29,11,439.956386,345.615021,287.79102,2800.0,6600.0,4200.0
8,29,12,461.35353200000003,361.87063,301.787649,2800.0,6600.0,4200.0
8,29,13,456.21353600000003,356.46495699999997,298.42539600000003,2800.0,6600.0,4200.0
8,29,14,409.574389,318.956276,267.917081,2800.0,6600.0,4200.0
8,29,15,327.891648,254.567407,214.485514,2800.0,6600.0,4200.0
8,29,16,217.74285,168.612624,142.433293,2800.0,6600.0,4200.0
8,29,17,94.147256,72.834049,61.585046999999996,2800.0,6600.0,4200.0
8,29,18,6.075498,4.765032,3.974198,2800.0,6600.0,4200.0
8,29,19,0.0,0.0,0.0,2800.0,6600.0,4200.0
8,29,20,0.0,0.0,0.0,2800.0,6600.0,4200.0
8,29,21,0.0,0.0,0.0,2800.0,6600.0,4200.0
8,29,22,0.0,0.0,0.0,2800.0,6600.0,4200.0
8,29,23,0.0,0.0,0.0,2800.0,6600.0,4200.0
8,30,0,0.0,0.0,0.0,2800.0,6600.0,4200.0
8,30,1,0.0,0.0,0.0,2800.0,6600.0,4200.0
8,30,2,0.0,0.0,0.0,2800.0,6600.0,4200.0
8,30,3,0.0,0.0,0.0,2800.0,6600.0,4200.0
8,30,4,0.0,0.0,0.0,2800.0,6600.0,4200.0
8,30,5,0.0,0.0,0.0,2800.0,6145.847517348083,4200.0
8,30,6,2.433883,1.926884,1.5920889999999999,2800.0,4134.733013236745,4001.3545289387857
8,30,7,96.788182,74.697075,63.31257,2800.0,5360.429636038867,4200.0
8,30,8,227.163042,175.70970499999999,148.595373,2800.0,4644.951049827907,4200.0
8,30,9,332.24149200000005,258.245567,217.330901,2800.0,5360.429636038867,4200.0
8,30,10,402.138553,314.464119,263.053039,2800.0,3996.150340809066,3867.242265299096
8,30,11,436.601337,343.284219,285.596364,2800.0,6600.0,4200.0
8,30,12,446.157285,351.363051,291.847246,2800.0,6600.0,4200.0
8,30,13,433.96186,340.645104,283.869788,2800.0,6600.0,4200.0
8,30,14,394.565886,308.029123,258.099489,2800.0,6600.0,4200.0
8,30,15,317.823532,246.999944,207.89960399999998,2800.0,6600.0,4200.0
8,30,16,212.61970300000002,164.724915,139.08206099999998,2800.0,6600.0,4200.0
8,30,17,90.535957,70.06874800000001,59.222769,2800.0,6600.0,4200.0
8,30,18,4.829645999999999,3.8013589999999997,3.1592420000000003,2800.0,6600.0,4200.0
8,30,19,0.0,0.0,0.0,2800.0,6600.0,4200.0
8,30,20,0.0,0.0,0.0,2800.0,6600.0,4200.0
8,30,21,0.0,0.0,0.0,2800.0,6600.0,4200.0
8,30,22,0.0,0.0,0.0,2800.0,6600.0,4200.0
8,30,23,0.0,0.0,0.0,2800.0,6600.0,4200.0
8,31,0,0.0,0.0,0.0,2800.0,6600.0,4200.0
8,31,1,0.0,0.0,0.0,2800.0,6600.0,4200.0
8,31,2,0.0,0.0,0.0,2800.0,6600.0,4200.0
8,31,3,0.0,0.0,0.0,2800.0,6600.0,4200.0
8,31,4,0.0,0.0,0.0,2800.0,6600.0,4200.0
8,31,5,0.0,0.0,0.0,2800.0,6600.0,4200.0
8,31,6,2.390523,1.896125,1.5637260000000002,2800.0,6600.0,4200.0
8,31,7,97.82428900000001,75.571504,63.990325,2800.0,6600.0,4200.0
8,31,8,226.75373499999998,175.81975500000001,148.327631,2800.0,6600.0,4200.0
8,31,9,323.69456,252.85156099999998,211.74005,2800.0,6600.0,4200.0
8,31,10,408.970049,319.66099099999997,267.521761,2800.0,6600.0,4200.0
8,31,11,464.251353,362.78247999999996,303.683216,2800.0,6600.0,4200.0
8,31,12,483.42532400000005,377.56466700000004,316.225588,2800.0,6600.0,4200.0
8,31,13,464.584499,362.420012,303.901138,2800.0,6600.0,4200.0
8,31,14,411.46365999999995,320.467416,269.152921,2800.0,6600.0,4200.0
8,31,15,327.21174699999995,254.271539,214.040767,2800.0,6600.0,4200.0
8,31,16,217.960957,169.012744,142.575964,2800.0,6600.0,4200.0
8,31,17,90.815501,70.353992,59.405628,2800.0,6600.0,4200.0
8,31,18,5.4059539999999995,4.251342999999999,3.536226,2800.0,6600.0,4200.0
8,31,19,0.0,0.0,0.0,2800.0,6600.0,4200.0
8,31,20,0.0,0.0,0.0,2800.0,6600.0,4200.0
8,31,21,0.0,0.0,0.0,2800.0,6600.0,4200.0
8,31,22,0.0,0.0,0.0,2800.0,4569.628998473504,4200.0
8,31,23,0.0,0.0,0.0,1749.3017415377876,2134.9745664437564,2066.104419139119
9,1,0,0.0,0.0,0.0,813.163264745564,992.4433546107276,960.4290528490912
9,1,1,0.0,0.0,0.0,460.3878697051685,561.8907071204812,543.7652004391754
9,1,2,0.0,0.0,0.0,375.1945078601572,457.9145568371997,443.1431195198707
9,1,3,0.0,0.0,0.0,402.3068740231014,491.0044525478796,475.1655992398835
9,1,4,0.0,0.0,0.0,491.4151496175413,599.758647171015,580.4115940364661
9,1,5,0.0,0.0,0.0,523.8060511729734,639.2908498567786,618.6685643775277
9,1,6,1.0506959999999999,0.855909,0.687297,748.4297260208111,913.4378545923286,883.9721173474147
9,1,7,93.408797,72.135837,61.101995,1055.7070784976213,1288.4613950167818,1246.8981242097886
9,1,8,220.643573,170.809459,144.330758,1570.9465066065366,1917.296917511915,1855.44862985024
9,1,9,324.410384,252.619755,212.208297,1281.237390674447,1563.7149256262935,1513.2725086706066
9,1,10,390.31041999999997,306.08239199999997,255.315839,667.5923777577954,814.7780988382542,788.4949343596008
9,1,11,431.079488,339.352909,281.984327,1570.9465066065366,1917.296917511915,1855.44862985024
9,1,12,454.481439,357.041832,297.29237,2800.0,6600.0,4200.0
9,1,13,444.466901,347.761277,290.74150699999996,2800.0,6600.0,4200.0
9,1,14,398.559884,310.58428299999997,260.712105,2800.0,6600.0,4200.0
9,1,15,317.338793,246.45288200000002,207.582519,2800.0,6600.0,4200.0
9,1,16,206.77638000000002,160.115725,135.259737,2800.0,6600.0,4200.0
9,1,17,87.70150199999999,67.85392200000001,57.368652000000004,2800.0,6600.0,4200.0
9,1,18,2.144078,1.7135440000000002,1.402517,2800.0,6600.0,4200.0
9,1,19,0.0,0.0,0.0,2800.0,6600.0,4200.0
9,1,20,0.0,0.0,0.0,2800.0,6600.0,4200.0
9,1,21,0.0,0.0,0.0,2800.0,6600.0,4200.0
9,1,22,0.0,0.0,0.0,2800.0,6600.0,4200.0
9,1,23,0.0,0.0,0.0,2800.0,3860.699345383164,3736.160656822416
9,2,0,0.0,0.0,0.0,1109.377075854021,1353.9641476958525,1310.287884866954
9,2,1,0.0,0.0,0.0,460.3878697051685,561.8907071204812,543.7652004391754
9,2,2,0.0,0.0,0.0,152.76411334322614,186.4443903007878,180.43005512979465
9,2,3,0.0,0.0,0.0,28.504091119435778,34.78845766545312,33.666249353664305
9,2,4,0.0,0.0,0.0,175.6432651850418,214.36776459591715,207.4526754154037
9,2,5,0.0,0.0,0.0,1437.3238044186396,1754.214092007001,1697.6265406519365
9,2,6,1.0506849999999999,0.8546699999999999,0.68729,2800.0,5965.099051003621,4200.0
9,2,7,94.122495,72.666688,61.56885,2800.0,6600.0,4200.0
9,2,8,222.31708300000003,172.097886,145.42546,2800.0,6600.0,4200.0
9,2,9,328.27991399999996,255.45028200000002,214.73949299999998,2800.0,6600.0,4200.0
9,2,10,403.81362,315.681998,264.14875900000004,2800.0,6600.0,4200.0
9,2,11,450.66945899999996,352.90484200000003,294.79881900000004,1164.8359102045422,1421.650126627591,1375.790445123475
9,2,12,468.74190899999996,366.880408,306.620647,1.0557070784976212,1.2884613950167818,1.2468981242097887
9,2,13,455.21188900000004,355.46484000000004,297.77018300000003,2145.5095856044995,2618.5353210133653,2534.066439690353
9,2,14,404.291063,314.83903999999995,264.461071,2800.0,6600.0,4200.0
9,2,15,321.537576,249.667123,210.32909099999998,2800.0,6600.0,4200.0
9,2,16,210.21615599999998,162.785732,137.509816,2800.0,6600.0,4200.0
9,2,17,87.64350400000001,67.815179,57.330713,2800.0,6600.0,4200.0
9,2,18,3.338222,2.641576,2.183649,2800.0,6600.0,4200.0
9,2,19,0.0,0.0,0.0,2800.0,6600.0,4200.0
9,2,20,0.0,0.0,0.0,2800.0,6600.0,4200.0
9,2,21,0.0,0.0,0.0,2800.0,6600.0,4200.0
9,2,22,0.0,0.0,0.0,2800.0,6600.0,4200.0
9,2,23,0.0,0.0,0.0,2800.0,6600.0,4200.0
9,3,0,0.0,0.0,0.0,2800.0,6600.0,4200.0
9,3,1,0.0,0.0,0.0,2800.0,6600.0,4200.0
9,3,2,0.0,0.0,0.0,2800.0,6600.0,4200.0
9,3,3,0.0,0.0,0.0,2800.0,6600.0,4200.0
9,3,4,0.0,0.0,0.0,2800.0,6600.0,4200.0
9,3,5,0.0,0.0,0.0,2800.0,6600.0,4200.0
9,3,6,1.474186,1.1839369999999998,0.964317,2800.0,6600.0,4200.0
9,3,7,97.181587,75.064637,63.56991,2800.0,6600.0,4200.0
9,3,8,227.792479,176.376444,149.00710999999998,2800.0,6600.0,4200.0
9,3,9,338.220056,262.734825,221.241691,2800.0,6600.0,4200.0
9,3,10,419.07938,326.37885600000004,274.134632,1980.545579523704,2417.201297843891,2339.227062429572
9,3,11,469.386614,366.062743,307.042371,3.0015560628812588,3.663316454697599,3.5451449561589667
9,3,12,485.381033,378.557931,317.504886,2800.0,4134.733013236745,4001.3545289387857
9,3,13,464.88048200000003,362.206153,304.094751,2800.0,6600.0,4200.0
9,3,14,410.891415,319.536723,268.778595,2800.0,6600.0,4200.0
9,3,15,325.08588199999997,252.201675,212.650163,2800.0,6600.0,4200.0
9,3,16,212.58582800000002,164.547136,139.059903,2800.0,6600.0,4200.0
9,3,17,87.912928,67.994526,57.506953,2800.0,6600.0,4200.0
9,3,18,3.064997,2.426598,2.004923,2800.0,6600.0,4200.0
9,3,19,0.0,0.0,0.0,2800.0,6600.0,4200.0
9,3,20,0.0,0.0,0.0,2800.0,6600.0,4200.0
9,3,21,0.0,0.0,0.0,2800.0,6600.0,4200.0
9,3,22,0.0,0.0,0.0,2800.0,6600.0,4200.0
9,3,23,0.0,0.0,0.0,2800.0,6600.0,4200.0
9,4,0,0.0,0.0,0.0,2800.0,6600.0,4200.0
9,4,1,0.0,0.0,0.0,2800.0,6600.0,4200.0
9,4,2,0.0,0.0,0.0,2800.0,6600.0,4200.0
9,4,3,0.0,0.0,0.0,2800.0,6600.0,4200.0
9,4,4,0.0,0.0,0.0,2800.0,6600.0,4200.0
9,4,5,0.0,0.0,0.0,2800.0,6600.0,4200.0
9,4,6,1.039664,0.845551,0.680081,2800.0,6600.0,4200.0
9,4,7,94.673008,73.089075,61.92896,2800.0,6600.0,4200.0
9,4,8,222.770142,172.292303,145.72182199999997,2800.0,6600.0,4200.0
9,4,9,333.305764,258.58252799999997,218.027079,2800.0,6600.0,4200.0
9,4,10,410.801382,319.54324699999995,268.719701,2800.0,6600.0,4200.0
9,4,11,460.10573999999997,358.43760499999996,300.971424,2549.630956168769,3111.754316583931,3011.3751450812238
9,4,12,474.96678,370.160486,310.69255599999997,2597.435303258585,3170.098204764415,3067.83697235266
9,4,13,454.489741,353.972642,297.297801,2800.0,6600.0,4200.0
9,4,14,400.066241,311.133893,261.69746599999996,2800.0,6600.0,4200.0
9,4,15,315.441832,244.845548,206.34165,2800.0,6600.0,4200.0
9,4,16,204.74386900000002,158.584214,133.9302,2800.0,6600.0,4200.0
9,4,17,84.212982,65.171443,55.086688,2800.0,6600.0,4200.0
9,4,18,1.566874,1.263015,1.0249469999999998,2800.0,6600.0,4200.0
9,4,19,0.0,0.0,0.0,2800.0,6600.0,4200.0
9,4,20,0.0,0.0,0.0,2800.0,6600.0,4200.0
9,4,21,0.0,0.0,0.0,2800.0,6600.0,4200.0
9,4,22,0.0,0.0,0.0,2800.0,6600.0,4200.0
9,4,23,0.0,0.0,0.0,2800.0,6600.0,4200.0
9,5,0,0.0,0.0,0.0,2800.0,6600.0,4200.0
9,5,1,0.0,0.0,0.0,2800.0,5277.537873988738,4200.0
9,5,2,0.0,0.0,0.0,1862.5318241810248,2273.168761795739,2199.840737221683
9,5,3,0.0,0.0,0.0,1082.3203053763452,1320.942104986878,1278.3310693421402
9,5,4,0.0,0.0,0.0,1373.4523042863404,1676.2606863337226,1622.1877609681185
9,5,5,0.0,0.0,0.0,2744.426018516277,3349.496321811205,3241.448053365682
9,5,6,1.0371320000000002,0.8423390000000001,0.678425,2800.0,6600.0,4200.0
9,5,7,97.226758,75.010105,63.599458,2800.0,6600.0,4200.0
9,5,8,227.82913699999997,176.15308,149.031089,2800.0,6600.0,4200.0
9,5,9,337.344672,261.99879999999996,220.669071,2800.0,6600.0,4200.0
9,5,10,404.477166,315.60734,264.582808,2800.0,6600.0,4200.0
9,5,11,447.703168,350.763184,292.858463,2800.0,6600.0,4200.0
9,5,12,461.200432,361.807568,301.687501,2800.0,6600.0,4200.0
9,5,13,441.922635,346.062522,289.077212,2800.0,6600.0,4200.0
9,5,14,394.75494,308.049718,258.22315599999996,2800.0,6600.0,4200.0
9,5,15,310.87986800000004,241.720225,203.357508,2800.0,6600.0,4200.0
9,5,16,203.51224299999998,157.746392,133.12455,2800.0,6600.0,4200.0
9,5,17,83.67124199999999,64.769572,54.732316,2800.0,6600.0,4200.0
9,5,18,0.096388,0.11906,0.06305,2800.0,6600.0,4200.0
9,5,19,0.0,0.0,0.0,2800.0,4644.951049827907,4200.0
9,5,20,0.0,0.0,0.0,2103.4419801044355,2567.192967843996,2484.3802914619314
9,5,21,0.0,0.0,0.0,2188.134369840437,2670.5576954745493,2584.4106730398867
9,5,22,0.0,0.0,0.0,2794.6277004301824,3410.766091076207,3300.741378460845
9,5,23,0.0,0.0,0.0,2800.0,4495.12565696385,4200.0
9,6,0,0.0,0.0,0.0,2800.0,6600.0,4200.0
9,6,1,0.0,0.0,0.0,2800.0,6600.0,4200.0
9,6,2,0.0,0.0,0.0,2800.0,6600.0,4200.0
9,6,3,0.0,0.0,0.0,2800.0,6600.0,4200.0
9,6,4,0.0,0.0,0.0,2800.0,6600.0,4200.0
9,6,5,0.0,0.0,0.0,2800.0,6600.0,4200.0
9,6,6,-0.0,-0.0,-0.0,2800.0,6600.0,4200.0
9,6,7,87.388317,67.40107499999999,57.163786,2800.0,6600.0,4200.0
9,6,8,213.074637,164.536293,139.37965,2800.0,6600.0,4200.0
9,6,9,321.178036,248.74689999999998,210.09390299999998,2800.0,6600.0,4200.0
9,6,10,398.853651,309.895305,260.904268,2800.0,3928.035620383037,3801.324793919068
9,6,11,444.338217,346.180961,290.65733,5.6579301238231885,6.905347788918065,6.682594634436836
9,6,12,448.154299,349.778972,293.153564,2800.0,6600.0,4200.0
9,6,13,441.318804,344.880853,288.68222499999996,2800.0,6600.0,4200.0
9,6,14,377.34919,294.723109,246.83744000000002,2800.0,6600.0,4200.0
9,6,15,292.459195,227.941878,191.307894,2800.0,6600.0,4200.0
9,6,16,187.270186,145.46298199999998,122.50004700000001,2800.0,6600.0,4200.0
9,6,17,36.412966,28.281212,23.819008,2800.0,6600.0,4200.0
9,6,18,-0.0,-0.0,-0.0,2800.0,6600.0,4200.0
9,6,19,0.0,0.0,0.0,2800.0,6600.0,4200.0
9,6,20,0.0,0.0,0.0,2800.0,6600.0,4200.0
9,6,21,0.0,0.0,0.0,2800.0,6600.0,4200.0
9,6,22,0.0,0.0,0.0,2800.0,6600.0,4200.0
9,6,23,0.0,0.0,0.0,2800.0,6600.0,4200.0
9,7,0,0.0,0.0,0.0,2800.0,6600.0,4200.0
9,7,1,0.0,0.0,0.0,2800.0,6600.0,4200.0
9,7,2,0.0,0.0,0.0,2800.0,6600.0,4200.0
9,7,3,0.0,0.0,0.0,2800.0,6600.0,4200.0
9,7,4,0.0,0.0,0.0,2800.0,6600.0,4200.0
9,7,5,0.0,0.0,0.0,2800.0,6600.0,4200.0
9,7,6,-0.0,-0.0,-0.0,2800.0,6600.0,4200.0
9,7,7,71.893345,55.500093,47.027978000000004,2800.0,6600.0,4200.0
9,7,8,194.775875,150.444196,127.40978299999999,2800.0,6600.0,4200.0
9,7,9,302.247841,234.062912,197.710994,2800.0,6600.0,4200.0
9,7,10,412.490138,320.66493699999995,269.824376,2800.0,6600.0,4200.0
9,7,11,458.353576,357.330733,299.825272,2800.0,6600.0,4200.0
9,7,12,467.26511200000004,365.05078100000003,305.65462199999996,2800.0,6600.0,4200.0
9,7,13,440.732636,344.592254,288.298792,2061.927887690667,2516.5261621421523,2435.347898847244
9,7,14,385.561259,301.06982,252.20924499999998,2800.0,6600.0,4200.0
9,7,15,303.022278,235.80542300000002,198.21758,2800.0,6600.0,4200.0
9,7,16,197.99275500000002,153.54906599999998,129.514058,2800.0,6600.0,4200.0
9,7,17,79.572551,61.631383,52.051218,2800.0,6600.0,4200.0
9,7,18,-0.0,-0.0,-0.0,2800.0,6600.0,4200.0
9,7,19,0.0,0.0,0.0,2800.0,6600.0,4200.0
9,7,20,0.0,0.0,0.0,2800.0,6600.0,4200.0
9,7,21,0.0,0.0,0.0,2800.0,6600.0,4200.0
9,7,22,0.0,0.0,0.0,2800.0,6600.0,4200.0
9,7,23,0.0,0.0,0.0,2800.0,6600.0,4200.0
9,8,0,0.0,0.0,0.0,2800.0,6600.0,4200.0
9,8,1,0.0,0.0,0.0,2800.0,6600.0,4200.0
9,8,2,0.0,0.0,0.0,2800.0,6600.0,4200.0
9,8,3,0.0,0.0,0.0,2800.0,6600.0,4200.0
9,8,4,0.0,0.0,0.0,2800.0,6600.0,4200.0
9,8,5,0.0,0.0,0.0,2800.0,6600.0,4200.0
9,8,6,-0.0,-0.0,-0.0,2800.0,6600.0,4200.0
9,8,7,84.737897,65.424295,55.430053,2800.0,6600.0,4200.0
9,8,8,210.97839199999999,163.04663699999998,138.008422,2800.0,6600.0,4200.0
9,8,9,319.739311,247.748063,209.152782,2800.0,6600.0,4200.0
9,8,10,408.16869099999997,317.10988799999996,266.997565,2800.0,6600.0,4200.0
9,8,11,454.60328999999996,353.912696,297.372077,2800.0,6600.0,4200.0
9,8,12,465.869425,363.020828,304.741654,2800.0,6600.0,4200.0
9,8,13,441.713931,344.079391,288.94069199999996,2800.0,6600.0,4200.0
9,8,14,383.44184499999994,298.16109600000004,250.82286100000002,2800.0,6600.0,4200.0
9,8,15,299.869971,232.600269,196.15554500000002,2800.0,6600.0,4200.0
9,8,16,191.430481,148.14038699999998,125.221442,2800.0,6600.0,4200.0
9,8,17,75.418368,58.336073,49.333819000000005,2800.0,6600.0,4200.0
9,8,18,-0.0,-0.0,-0.0,2800.0,6600.0,4200.0
9,8,19,0.0,0.0,0.0,2800.0,6600.0,4200.0
9,8,20,0.0,0.0,0.0,2800.0,6600.0,4200.0
9,8,21,0.0,0.0,0.0,1437.3238044186396,1754.214092007001,1697.6265406519365
9,8,22,0.0,0.0,0.0,96.20130752809575,117.41104462090426,113.62359156861704
9,8,23,0.0,0.0,0.0,131.96338481220266,161.05767437709773,155.86226552622358
9,9,0,0.0,0.0,0.0,1342.23868718708,1638.1653268818693,1585.3212840792282
9,9,1,0.0,0.0,0.0,2800.0,3860.699345383164,3736.160656822416
9,9,2,0.0,0.0,0.0,2800.0,5033.998538121269,4200.0
9,9,3,0.0,0.0,0.0,2800.0,5528.8079782263085,4200.0
9,9,4,0.0,0.0,0.0,2800.0,6600.0,4200.0
9,9,5,0.0,0.0,0.0,2800.0,6600.0,4200.0
9,9,6,-0.0,-0.0,-0.0,2800.0,6600.0,4200.0
9,9,7,82.21847500000001,63.487299,53.78201,2800.0,6600.0,4200.0
9,9,8,208.22546100000002,161.026102,136.20763200000002,2800.0,6600.0,4200.0
9,9,9,315.014158,244.445525,206.061893,2800.0,6600.0,4200.0
9,9,10,395.638913,308.177742,258.801394,2800.0,6600.0,4200.0
9,9,11,438.71731300000005,342.850355,286.980498,2800.0,6600.0,4200.0
9,9,12,447.937249,350.650254,293.01158399999997,2800.0,6600.0,4200.0
9,9,13,428.139285,335.13106,280.061036,2800.0,6600.0,4200.0
9,9,14,376.335075,293.782826,246.174072,2800.0,6600.0,4200.0
9,9,15,293.927061,228.486052,192.268078,2800.0,6600.0,4200.0
9,9,16,147.02997399999998,113.85058900000001,96.17750199999999,2800.0,6600.0,4200.0
9,9,17,72.111031,55.820981,47.170374,2800.0,6600.0,4200.0
9,9,18,0.0,0.0,0.0,2800.0,6600.0,4200.0
9,9,19,0.0,0.0,0.0,2800.0,6600.0,4200.0
9,9,20,0.0,0.0,0.0,2800.0,6600.0,4200.0
9,9,21,0.0,0.0,0.0,2800.0,6600.0,4200.0
9,9,22,0.0,0.0,0.0,2800.0,6600.0,4200.0
9,9,23,0.0,0.0,0.0,2800.0,6600.0,4200.0
9,10,0,0.0,0.0,0.0,2800.0,6600.0,4200.0
9,10,1,0.0,0.0,0.0,2800.0,6600.0,4200.0
9,10,2,0.0,0.0,0.0,2800.0,6600.0,4200.0
9,10,3,0.0,0.0,0.0,2800.0,6600.0,4200.0
9,10,4,0.0,0.0,0.0,2800.0,6600.0,4200.0
9,10,5,0.0,0.0,0.0,2800.0,6600.0,4200.0
9,10,6,-0.0,-0.0,-0.0,2800.0,6600.0,4200.0
9,10,7,88.306421,68.12161900000001,57.76435,2800.0,6600.0,4200.0
9,10,8,218.52178700000002,168.922953,142.942823,2800.0,6600.0,4200.0
9,10,9,329.30812199999997,255.759269,215.41207999999997,2800.0,6600.0,4200.0
9,10,10,407.647917,318.077821,266.656908,2800.0,6600.0,4200.0
9,10,11,453.38826,354.71693300000004,296.577283,2800.0,6600.0,4200.0
9,10,12,468.91897700000004,366.769663,306.736474,2800.0,6600.0,4200.0
9,10,13,457.338786,357.13115000000005,299.16146100000003,2800.0,6600.0,4200.0
9,10,14,404.36341600000003,314.84740600000003,264.50840000000005,2800.0,6600.0,4200.0
9,10,15,319.42593800000003,247.911896,208.947794,2800.0,6600.0,4200.0
9,10,16,204.385066,158.18083900000002,133.695494,2800.0,6600.0,4200.0
9,10,17,78.542318,60.751047,51.377306,2800.0,6600.0,4200.0
9,10,18,0.0,0.0,0.0,2800.0,6600.0,4200.0
9,10,19,0.0,0.0,0.0,2800.0,6600.0,4200.0
9,10,20,0.0,0.0,0.0,2319.3884514592746,2830.7496848518704,2739.435178888906
9,10,21,0.0,0.0,0.0,523.8060511729734,639.2908498567786,618.6685643775277
9,10,22,0.0,0.0,0.0,1311.5016045329749,1600.651564587489,1549.017643149183
9,10,23,0.0,0.0,0.0,2800.0,5787.929644089762,4200.0
9,11,0,0.0,0.0,0.0,2800.0,6600.0,4200.0
9,11,1,0.0,0.0,0.0,2800.0,6600.0,4200.0
9,11,2,0.0,0.0,0.0,2800.0,6600.0,4200.0
9,11,3,0.0,0.0,0.0,2800.0,6600.0,4200.0
9,11,4,0.0,0.0,0.0,2800.0,6600.0,4200.0
9,11,5,0.0,0.0,0.0,2800.0,6600.0,4200.0
9,11,6,0.093068,0.108018,0.060878999999999996,2800.0,6600.0,4200.0
9,11,7,98.720663,76.152256,64.576674,2800.0,6600.0,4200.0
9,11,8,234.82853400000002,181.670501,153.609643,2800.0,6600.0,4200.0
9,11,9,341.409564,265.64457799999997,223.328061,2800.0,6600.0,4200.0
9,11,10,414.42024599999996,324.244261,271.086928,2800.0,6600.0,4200.0
9,11,11,459.517741,360.347885,300.586793,2800.0,6600.0,4200.0
9,11,12,477.67832799999996,374.18081900000004,312.466275,2800.0,6600.0,4200.0
9,11,13,461.446217,360.56214,301.848277,2800.0,6600.0,4200.0
9,11,14,406.866805,316.90706900000004,266.145955,2800.0,6600.0,4200.0
9,11,15,319.930185,248.367595,209.27764000000002,2800.0,6600.0,4200.0
9,11,16,202.85906,157.031006,132.69728,2800.0,6600.0,4200.0
9,11,17,77.071112,59.605374000000005,50.414938,2800.0,6600.0,4200.0
9,11,18,0.0,0.0,0.0,2800.0,6600.0,4200.0
9,11,19,0.0,0.0,0.0,2800.0,6600.0,4200.0
9,11,20,0.0,0.0,0.0,2800.0,6600.0,4200.0
9,11,21,0.0,0.0,0.0,2800.0,6600.0,4200.0
9,11,22,0.0,0.0,0.0,2800.0,6600.0,4200.0
9,11,23,0.0,0.0,0.0,2800.0,6600.0,4200.0
9,12,0,0.0,0.0,0.0,2800.0,6600.0,4200.0
9,12,1,0.0,0.0,0.0,2800.0,6600.0,4200.0
9,12,2,0.0,0.0,0.0,2800.0,6423.759245222193,4200.0
9,12,3,0.0,0.0,0.0,2800.0,6600.0,4200.0
9,12,4,0.0,0.0,0.0,2800.0,6600.0,4200.0
9,12,5,0.0,0.0,0.0,2800.0,6600.0,4200.0
9,12,6,-0.0,-0.0,-0.0,2800.0,6600.0,4200.0
9,12,7,84.567469,65.177758,55.31857,2800.0,6600.0,4200.0
9,12,8,209.011724,161.205948,136.72195499999998,2800.0,6600.0,4200.0
9,12,9,318.119717,246.07119699999998,208.093348,2800.0,6600.0,4200.0
9,12,10,414.29689399999995,321.767434,271.006239,2800.0,6600.0,4200.0
9,12,11,456.480479,355.869805,298.600013,2800.0,6600.0,4200.0
9,12,12,462.075755,361.228903,302.260081,2800.0,6600.0,4200.0
9,12,13,438.841412,343.090496,287.061675,2800.0,6600.0,4200.0
9,12,14,385.49528399999997,300.68573599999996,252.166088,2800.0,6600.0,4200.0
9,12,15,300.169286,233.309538,196.351338,2800.0,6600.0,4200.0
9,12,16,192.555891,149.146953,125.957613,2800.0,6600.0,4200.0
9,12,17,72.36772,55.996394,47.338283000000004,2800.0,6600.0,4200.0
9,12,18,0.0,0.0,0.0,2800.0,6600.0,4200.0
9,12,19,0.0,0.0,0.0,2800.0,6600.0,4200.0
9,12,20,0.0,0.0,0.0,2800.0,6600.0,4200.0
9,12,21,0.0,0.0,0.0,2800.0,6600.0,4200.0
9,12,22,0.0,0.0,0.0,2800.0,4798.06917736812,4200.0
9,12,23,0.0,0.0,0.0,2188.134369840437,2670.5576954745493,2584.4106730398867
9,13,0,0.0,0.0,0.0,1469.9890187508342,1794.0810858770024,1736.2075024616151
9,13,1,0.0,0.0,0.0,1437.3238044186396,1754.214092007001,1697.6265406519365
9,13,2,0.0,0.0,0.0,1712.6043126696648,2090.186365856677,2022.7609992161392
9,13,3,0.0,0.0,0.0,1712.6043126696648,2090.186365856677,2022.7609992161392
9,13,4,0.0,0.0,0.0,905.1368564268978,1104.694588552513,1069.0592792443674
9,13,5,0.0,0.0,0.0,228.03272895548625,278.3076613236249,269.32999482931444
9,13,6,-0.0,-0.0,-0.0,183.74862734385428,224.2601357346253,217.0259378077019
9,13,7,72.686672,56.053548,47.546921000000005,2188.134369840437,2670.5576954745493,2584.4106730398867
9,13,8,196.51307,151.512259,128.546143,2800.0,6600.0,4200.0
9,13,9,304.864635,235.60487700000002,199.422731,2800.0,6600.0,4200.0
9,13,10,384.349805,297.857592,251.41679000000002,2800.0,6600.0,4200.0
9,13,11,432.68490399999996,336.09459499999997,283.03448599999996,2800.0,6600.0,4200.0
9,13,12,446.46259499999996,347.273071,292.046961,2800.0,6600.0,4200.0
9,13,13,456.421313,355.23653499999995,298.56131,2800.0,6600.0,4200.0
9,13,14,399.058487,310.09117,261.038258,2800.0,6600.0,4200.0
9,13,15,311.234745,241.2486,203.58964600000002,2800.0,6600.0,4200.0
9,13,16,195.909885,151.495931,128.151579,2800.0,6600.0,4200.0
9,13,17,72.528388,56.071703,47.443382,2800.0,6600.0,4200.0
9,13,18,0.0,0.0,0.0,2800.0,6600.0,4200.0
9,13,19,0.0,0.0,0.0,2800.0,6600.0,4200.0
9,13,20,0.0,0.0,0.0,2409.744269793466,2941.0264710077745,2846.1546493623623
9,13,21,0.0,0.0,0.0,1003.7965929387176,1225.1060779960724,1185.5865270929733
9,13,22,0.0,0.0,0.0,540.5220241907821,659.6922342485923,638.4118395954118
9,13,23,0.0,0.0,0.0,929.1658003530496,1134.0212523993912,1097.4399216768302
9,14,0,0.0,0.0,0.0,2188.134369840437,2670.5576954745493,2584.4106730398867
9,14,1,0.0,0.0,0.0,2800.0,3996.150340809066,3867.242265299096
9,14,2,0.0,0.0,0.0,2800.0,3928.035620383037,3801.324793919068
9,14,3,0.0,0.0,0.0,2502.4167786610287,3054.130714113854,2955.610368497278
9,14,4,0.0,0.0,0.0,1281.237390674447,1563.7149256262935,1513.2725086706066
9,14,5,0.0,0.0,0.0,540.5220241907821,659.6922342485923,638.4118395954118
9,14,6,-0.0,-0.0,-0.0,1251.4423799619176,1527.350936173994,1478.0815511361232
9,14,7,93.68495200000001,72.266339,61.282638,2800.0,6600.0,4200.0
9,14,8,229.240564,177.09595499999998,149.954354,2800.0,6600.0,4200.0
9,14,9,344.882888,267.242057,225.60008499999998,2800.0,5360.429636038867,4200.0
9,14,10,420.157034,326.442502,274.839564,2145.5095856044995,2618.5353210133653,2534.066439690353
9,14,11,471.153037,366.718118,308.197851,2800.0,5277.537873988738,4200.0
9,14,12,487.729188,379.794408,319.040897,2800.0,6600.0,4200.0
9,14,13,462.886614,360.04417700000005,302.79049200000003,2800.0,6600.0,4200.0
9,14,14,405.08655699999997,314.53028,264.981432,2800.0,6600.0,4200.0
9,14,15,315.014528,244.041009,206.062135,2800.0,6600.0,4200.0
9,14,16,200.257834,154.774625,130.995726,2800.0,6600.0,4200.0
9,14,17,73.91859600000001,57.109921,48.352766,2800.0,6600.0,4200.0
9,14,18,0.0,0.0,0.0,2800.0,6600.0,4200.0
9,14,19,0.0,0.0,0.0,2800.0,6600.0,4200.0
9,14,20,0.0,0.0,0.0,2800.0,6600.0,4200.0
9,14,21,0.0,0.0,0.0,2800.0,6600.0,4200.0
9,14,22,0.0,0.0,0.0,2800.0,6600.0,4200.0
9,14,23,0.0,0.0,0.0,2800.0,6600.0,4200.0
9,15,0,0.0,0.0,0.0,2800.0,4875.874201202505,4200.0
9,15,1,0.0,0.0,0.0,2549.630956168769,3111.754316583931,3011.3751450812238
9,15,2,0.0,0.0,0.0,1862.5318241810248,2273.168761795739,2199.840737221683
9,15,3,0.0,0.0,0.0,2231.3199984618277,2723.264565051836,2635.417321017906
9,15,4,0.0,0.0,0.0,2800.0,6518.224790706034,4200.0
9,15,5,0.0,0.0,0.0,2800.0,6600.0,4200.0
9,15,6,0.048706000000000006,0.07274599999999999,0.03186,2800.0,6600.0,4200.0
9,15,7,99.986456,77.137757,65.404674,2800.0,6600.0,4200.0
9,15,8,237.149881,183.589387,155.128118,2800.0,6600.0,4200.0
9,15,9,345.49635700000005,268.74818300000004,226.00137700000002,2800.0,6600.0,4200.0
9,15,10,420.40315100000004,328.448948,275.00055699999996,2597.435303258585,3170.098204764415,3067.83697235266
9,15,11,465.56771999999995,364.475141,304.544298,1786.5196926460033,2180.398050079768,2110.0626291094527
9,15,12,482.290019,377.250142,315.48294500000003,2800.0,6600.0,4200.0
9,15,13,460.430837,359.14306400000004,301.184081,2800.0,6600.0,4200.0
9,15,14,404.60544699999997,314.594555,264.666721,2800.0,6600.0,4200.0
9,15,15,315.96504,244.942131,206.683898,2800.0,6600.0,4200.0
9,15,16,197.88022899999999,152.99076399999998,129.44045,2800.0,6600.0,4200.0
9,15,17,71.516349,55.27034,46.781371,2800.0,6600.0,4200.0
9,15,18,0.0,0.0,0.0,2800.0,6600.0,4200.0
9,15,19,0.0,0.0,0.0,2800.0,6600.0,4200.0
9,15,20,0.0,0.0,0.0,2800.0,6600.0,4200.0
9,15,21,0.0,0.0,0.0,2800.0,3728.344236364732,3608.075067449741
9,15,22,0.0,0.0,0.0,2455.7891050857875,2997.2229235298983,2900.5383130934497
9,15,23,0.0,0.0,0.0,1676.4237403920558,2046.0289744942413,1980.0280398331363
9,16,0,0.0,0.0,0.0,1469.9890187508342,1794.0810858770024,1736.2075024616151
9,16,1,0.0,0.0,0.0,1503.1454301264964,1834.5475722016292,1775.3686182596414
9,16,2,0.0,0.0,0.0,1712.6043126696648,2090.186365856677,2022.7609992161392
9,16,3,0.0,0.0,0.0,1940.6700324713545,2368.5342915988967,2292.129959611836
9,16,4,0.0,0.0,0.0,2800.0,3472.7785151730586,3360.753401780379
9,16,5,0.0,0.0,0.0,2800.0,6600.0,4200.0
9,16,6,-0.0,-0.0,-0.0,2800.0,6600.0,4200.0
9,16,7,97.986834,75.565204,64.096651,2800.0,6600.0,4200.0
9,16,8,236.78652,183.087613,154.89042999999998,2800.0,6600.0,4200.0
9,16,9,348.638528,270.66408399999995,228.056781,2800.0,6600.0,4200.0
9,16,10,429.626506,334.591419,281.03388,2800.0,4954.515830178791,4200.0
9,16,11,478.063967,372.86237300000005,312.718535,2800.0,6423.759245222193,4200.0
9,16,12,493.443574,384.729627,322.778879,2800.0,6600.0,4200.0
9,16,13,472.78453499999995,368.221906,309.265072,2800.0,6600.0,4200.0
9,16,14,413.870227,321.70586,270.727141,2800.0,6600.0,4200.0
9,16,15,321.32716899999997,249.146796,210.19145699999999,2800.0,6600.0,4200.0
9,16,16,201.18761600000002,155.61767,131.603929,2800.0,6600.0,4200.0
9,16,17,71.84689900000001,55.556183,46.997595999999994,2800.0,6600.0,4200.0
9,16,18,0.0,0.0,0.0,2800.0,6600.0,4200.0
9,16,19,0.0,0.0,0.0,2800.0,6600.0,4200.0
9,16,20,0.0,0.0,0.0,2800.0,6600.0,4200.0
9,16,21,0.0,0.0,0.0,2800.0,6600.0,4200.0
9,16,22,0.0,0.0,0.0,2800.0,6600.0,4200.0
9,16,23,0.0,0.0,0.0,2800.0,6600.0,4200.0
9,17,0,0.0,0.0,0.0,2800.0,6600.0,4200.0
9,17,1,0.0,0.0,0.0,2800.0,6600.0,4200.0
9,17,2,0.0,0.0,0.0,2800.0,6237.575082367505,4200.0
9,17,3,0.0,0.0,0.0,2800.0,3472.7785151730586,3360.753401780379
9,17,4,0.0,0.0,0.0,1862.5318241810248,2273.168761795739,2199.840737221683
9,17,5,0.0,0.0,0.0,1164.8359102045422,1421.650126627591,1375.790445123475
9,17,6,-0.0,-0.0,-0.0,610.9415963527902,745.6373813754526,721.5845626214057
9,17,7,102.72799,79.221649,67.198008,375.1945078601572,457.9145568371997,443.1431195198707
9,17,8,245.305494,189.644047,160.46299199999999,24.01244850305007,29.306531637580797,28.36115964927173
9,17,9,360.697098,280.00685200000004,235.944718,26.194120943625872,31.96920272647252,30.93793812239276
9,17,10,441.40157500000004,343.768482,288.736368,707.2412654778989,863.1684736147585,835.3243293046049
9,17,11,488.627356,381.28447,319.62842099999995,2800.0,4644.951049827907,4200.0
9,17,12,501.92893699999996,391.717757,328.329455,2800.0,6600.0,4200.0
9,17,13,474.223613,369.678459,310.206424,2800.0,6600.0,4200.0
9,17,14,414.999149,322.857618,271.465609,2800.0,6600.0,4200.0
9,17,15,322.60298,250.336646,211.026009,2800.0,6600.0,4200.0
9,17,16,202.860015,157.00768100000002,132.69790400000002,2800.0,6600.0,4200.0
9,17,17,70.317527,54.394499,45.997178999999996,2800.0,6600.0,4200.0
9,17,18,0.0,0.0,0.0,2800.0,6600.0,4200.0
9,17,19,0.0,0.0,0.0,2800.0,6600.0,4200.0
9,17,20,0.0,0.0,0.0,2800.0,6600.0,4200.0
9,17,21,0.0,0.0,0.0,2800.0,6600.0,4200.0
9,17,22,0.0,0.0,0.0,2800.0,6600.0,4200.0
9,17,23,0.0,0.0,0.0,2800.0,6600.0,4200.0
9,18,0,0.0,0.0,0.0,2800.0,6600.0,4200.0
9,18,1,0.0,0.0,0.0,2800.0,6518.224790706034,4200.0
9,18,2,0.0,0.0,0.0,2800.0,4276.483153260508,4138.532083800491
9,18,3,0.0,0.0,0.0,1980.545579523704,2417.201297843891,2339.227062429572
9,18,4,0.0,0.0,0.0,687.226207839785,838.7406473635172,811.6844974485649
9,18,5,0.0,0.0,0.0,138.67213448175264,169.24551846198156,163.78598560836926
9,18,6,0.342751,0.302921,0.22420500000000002,13.411389923136454,16.36823179595394,15.840224318665102
9,18,7,107.208882,82.78897599999999,70.129118,160.15467383430587,195.4643657032867,189.15906358382583
9,18,8,245.98117499999998,190.62404199999997,160.904979,1342.23868718708,1638.1653268818693,1585.3212840792282
9,18,9,356.561689,277.531048,233.239601,2800.0,4569.628998473504,4200.0
9,18,10,434.231731,338.863165,284.04632,2800.0,5614.303506012198,4200.0
9,18,11,483.64081,377.82464699999997,316.366545,2800.0,4644.951049827907,4200.0
9,18,12,496.597269,387.891061,324.841823,2800.0,4348.55720818164,4200.0
9,18,13,468.677818,365.547019,306.578723,2800.0,6600.0,4200.0
9,18,14,408.62121,318.055064,267.293573,2800.0,6600.0,4200.0
9,18,15,316.873788,245.961074,207.278343,2800.0,6600.0,4200.0
9,18,16,196.279673,151.92293700000002,128.39347,2800.0,6600.0,4200.0
9,18,17,68.488771,52.98008,44.800925,2800.0,6600.0,4200.0
9,18,18,0.0,0.0,0.0,2800.0,6600.0,4200.0
9,18,19,0.0,0.0,0.0,2800.0,6600.0,4200.0
9,18,20,0.0,0.0,0.0,2800.0,6600.0,4200.0
9,18,21,0.0,0.0,0.0,2800.0,6600.0,4200.0
9,18,22,0.0,0.0,0.0,2800.0,6600.0,4200.0
9,18,23,0.0,0.0,0.0,2800.0,4569.628998473504,4200.0
9,19,0,0.0,0.0,0.0,1109.377075854021,1353.9641476958525,1310.287884866954
9,19,1,0.0,0.0,0.0,402.3068740231014,491.0044525478796,475.1655992398835
9,19,2,0.0,0.0,0.0,278.9149998077284,340.4080706314795,329.42716512723825
9,19,3,0.0,0.0,0.0,175.6432651850418,214.36776459591715,207.4526754154037
9,19,4,0.0,0.0,0.0,55.67205296764801,67.94620637783812,65.7543932688756
9,19,5,0.0,0.0,0.0,3.0015560628812588,3.663316454697599,3.5451449561589667
9,19,6,-0.0,-0.0,-0.0,39.100262166578574,47.72079240802897,46.18141200776997
9,19,7,97.77051399999999,75.392518,63.955148,610.9415963527902,745.6373813754526,721.5845626214057
9,19,8,238.989358,184.67597,156.33138399999999,1786.5196926460033,2180.398050079768,2110.0626291094527
9,19,9,351.803205,272.98215500000003,230.126909,1570.9465066065366,1917.296917511915,1855.44862985024
9,19,10,427.148333,333.102622,279.412819,1251.4423799619176,1527.350936173994,1478.0815511361232
9,19,11,462.108016,362.20516499999997,302.281183,2800.0,5787.929644089762,4200.0
9,19,12,462.855694,363.89097200000003,302.770266,2800.0,6600.0,4200.0
9,19,13,443.094339,347.842907,289.84366600000004,2800.0,6600.0,4200.0
9,19,14,390.773241,305.470501,255.61858600000002,2800.0,6600.0,4200.0
9,19,15,306.872793,238.66598499999998,200.736338,2800.0,6600.0,4200.0
9,19,16,189.98795800000002,147.177292,124.277837,2800.0,6600.0,4200.0
9,19,17,65.444533,50.653805,42.809582,2800.0,6600.0,4200.0
9,19,18,0.0,0.0,0.0,2800.0,6600.0,4200.0
9,19,19,0.0,0.0,0.0,2800.0,6600.0,4200.0
9,19,20,0.0,0.0,0.0,2800.0,6600.0,4200.0
9,19,21,0.0,0.0,0.0,2800.0,6600.0,4200.0
9,19,22,0.0,0.0,0.0,2800.0,4348.55720818164,4200.0
9,19,23,0.0,0.0,0.0,1824.2618316438895,2226.4612905889994,2154.639958634516
9,20,0,0.0,0.0,0.0,1193.2453053765432,1456.323010498931,1409.344848869933
9,20,1,0.0,0.0,0.0,1136.8810555802274,1387.531996967994,1342.7729002916071
9,20,2,0.0,0.0,0.0,1311.5016045329749,1600.651564587489,1549.017643149183
9,20,3,0.0,0.0,0.0,1712.6043126696648,2090.186365856677,2022.7609992161392
9,20,4,0.0,0.0,0.0,2409.744269793466,2941.0264710077745,2846.1546493623623
9,20,5,0.0,0.0,0.0,2800.0,4875.874201202505,4200.0
9,20,6,-0.0,-0.0,-0.0,2800.0,6600.0,4200.0
9,20,7,99.444973,76.771747,65.050471,2800.0,6600.0,4200.0
9,20,8,239.77490799999998,185.85788699999998,156.84524,2800.0,6600.0,4200.0
9,20,9,341.329538,266.78051899999997,223.275713,2800.0,6600.0,4200.0
9,20,10,422.884197,331.18291800000003,276.623497,2800.0,6600.0,4200.0
9,20,11,479.12760499999996,374.885625,313.41429800000003,2800.0,3996.150340809066,3867.242265299096
9,20,12,498.04630599999996,389.09898499999997,325.789689,2800.0,5614.303506012198,4200.0
9,20,13,474.877066,370.265062,310.63387,2800.0,6600.0,4200.0
9,20,14,414.686018,322.515369,271.260778,2800.0,6600.0,4200.0
9,20,15,319.654559,247.896475,209.097343,2800.0,6600.0,4200.0
9,20,16,196.126326,151.704256,128.293161,2800.0,6600.0,4200.0
9,20,17,66.313699,51.286823,43.378133999999996,2800.0,6600.0,4200.0
9,20,18,0.0,0.0,0.0,2800.0,6600.0,4200.0
9,20,19,0.0,0.0,0.0,2800.0,6600.0,4200.0
9,20,20,0.0,0.0,0.0,2800.0,6600.0,4200.0
9,20,21,0.0,0.0,0.0,2800.0,6600.0,4200.0
9,20,22,0.0,0.0,0.0,2800.0,6600.0,4200.0
9,20,23,0.0,0.0,0.0,2800.0,6600.0,4200.0
9,21,0,0.0,0.0,0.0,2800.0,6600.0,4200.0
9,21,1,0.0,0.0,0.0,2800.0,6600.0,4200.0
9,21,2,0.0,0.0,0.0,2800.0,3860.699345383164,3736.160656822416
9,21,3,0.0,0.0,0.0,1405.1461214803344,1714.9421167673372,1659.6214033232295
9,21,4,0.0,0.0,0.0,445.37642374118406,543.569651022705,526.0351461510048
9,21,5,0.0,0.0,0.0,52.04244894371608,63.51637469508655,61.467459382341815
9,21,6,-0.0,-0.0,-0.0,71.8766678693094,87.7234922814406,84.89370220784575
9,21,7,100.926221,77.82216199999999,66.019408,929.1658003530496,1134.0212523993912,1097.4399216768302
9,21,8,244.420775,188.900263,159.884266,2455.7891050857875,2997.2229235298983,2900.5383130934497
9,21,9,358.63256800000005,278.19169,234.594236,2800.0,5033.998538121269,4200.0
9,21,10,434.249186,337.826644,284.05773800000003,2800.0,6600.0,4200.0
9,21,11,480.332343,374.374603,314.20236,2800.0,6600.0,4200.0
9,21,12,493.020934,384.342392,322.502415,2800.0,6600.0,4200.0
9,21,13,467.37608,363.972022,305.72721,2800.0,6600.0,4200.0
9,21,14,408.123942,317.20196799999997,266.968293,2800.0,6600.0,4200.0
9,21,15,316.54892,245.402405,207.065835,2800.0,6600.0,4200.0
9,21,16,194.53143,150.444379,127.249883,2800.0,6600.0,4200.0
9,21,17,65.556257,50.692991,42.882664,2800.0,6600.0,4200.0
9,21,18,0.0,0.0,0.0,2800.0,6600.0,4200.0
9,21,19,0.0,0.0,0.0,2800.0,6600.0,4200.0
9,21,20,0.0,0.0,0.0,2800.0,6600.0,4200.0
9,21,21,0.0,0.0,0.0,2800.0,6600.0,4200.0
9,21,22,0.0,0.0,0.0,2800.0,6600.0,4200.0
9,21,23,0.0,0.0,0.0,2800.0,6600.0,4200.0
9,22,0,0.0,0.0,0.0,2800.0,6600.0,4200.0
9,22,1,0.0,0.0,0.0,2800.0,6600.0,4200.0
9,22,2,0.0,0.0,0.0,2800.0,4954.515830178791,4200.0
9,22,3,0.0,0.0,0.0,953.6162939806846,1163.862406039418,1126.3184574575014
9,22,4,0.0,0.0,0.0,402.3068740231014,491.0044525478796,475.1655992398835
9,22,5,0.0,0.0,0.0,905.1368564268978,1104.694588552513,1069.0592792443674
9,22,6,-0.0,-0.0,-0.0,1940.6700324713545,2368.5342915988967,2292.129959611836
9,22,7,99.430567,76.71054,65.041048,2800.0,6518.224790706034,4200.0
9,22,8,238.411818,184.465228,155.953595,2800.0,6600.0,4200.0
9,22,9,349.87577899999997,271.97598999999997,228.86611100000002,2800.0,6600.0,4200.0
9,22,10,425.21307,332.160125,278.14689500000003,2800.0,6600.0,4200.0
9,22,11,464.013868,363.862119,303.527868,2800.0,6600.0,4200.0
9,22,12,472.175772,370.70345199999997,308.866858,2800.0,6600.0,4200.0
9,22,13,456.37074099999995,357.48056,298.528229,2800.0,6600.0,4200.0
9,22,14,404.449567,315.496899,264.564754,2800.0,6600.0,4200.0
9,22,15,315.14989199999997,244.822531,206.15068100000002,2800.0,6600.0,4200.0
9,22,16,193.91043599999998,150.122291,126.84366899999999,2800.0,6600.0,4200.0
9,22,17,62.114976999999996,48.061064,40.631602,2800.0,6600.0,4200.0
9,22,18,0.0,0.0,0.0,2800.0,6600.0,4200.0
9,22,19,0.0,0.0,0.0,2800.0,6600.0,4200.0
9,22,20,0.0,0.0,0.0,2800.0,6600.0,4200.0
9,22,21,0.0,0.0,0.0,2800.0,6600.0,4200.0
9,22,22,0.0,0.0,0.0,2800.0,6600.0,4200.0
9,22,23,0.0,0.0,0.0,2800.0,6600.0,4200.0
9,23,0,0.0,0.0,0.0,2800.0,6600.0,4200.0
9,23,1,0.0,0.0,0.0,2800.0,6600.0,4200.0
9,23,2,0.0,0.0,0.0,2800.0,6600.0,4200.0
9,23,3,0.0,0.0,0.0,2800.0,6600.0,4200.0
9,23,4,0.0,0.0,0.0,2800.0,6600.0,4200.0
9,23,5,0.0,0.0,0.0,2800.0,6600.0,4200.0
9,23,6,-0.0,-0.0,-0.0,2800.0,6600.0,4200.0
9,23,7,106.916992,82.46708,69.938182,2800.0,6600.0,4200.0
9,23,8,249.330906,192.981928,163.096157,2800.0,6600.0,4200.0
9,23,9,362.895876,282.135461,237.383016,2800.0,6600.0,4200.0
9,23,10,444.594037,346.512946,290.82467099999997,2800.0,6600.0,4200.0
9,23,11,495.20955599999996,386.208385,323.934071,2800.0,6600.0,4200.0
9,23,12,508.353221,396.269944,332.53180599999996,2800.0,6600.0,4200.0
9,23,13,485.55071899999996,377.998603,317.615884,2188.134369840437,2670.5576954745493,2584.4106730398867
9,23,14,422.698895,328.404926,276.502284,2800.0,4348.55720818164,4200.0
9,23,15,327.40419,253.736819,214.166651,2800.0,6600.0,4200.0
9,23,16,200.023336,154.64174,130.842333,2800.0,6600.0,4200.0
9,23,17,62.820316,48.567648999999996,41.092988,2800.0,6600.0,4200.0
9,23,18,0.0,0.0,0.0,2800.0,6600.0,4200.0
9,23,19,0.0,0.0,0.0,2800.0,6600.0,4200.0
9,23,20,0.0,0.0,0.0,2800.0,6600.0,4200.0
9,23,21,0.0,0.0,0.0,2800.0,6600.0,4200.0
9,23,22,0.0,0.0,0.0,2800.0,6600.0,4200.0
9,23,23,0.0,0.0,0.0,2800.0,6600.0,4200.0
9,24,0,0.0,0.0,0.0,2800.0,6600.0,4200.0
9,24,1,0.0,0.0,0.0,2800.0,6600.0,4200.0
9,24,2,0.0,0.0,0.0,2800.0,6600.0,4200.0
9,24,3,0.0,0.0,0.0,2800.0,6600.0,4200.0
9,24,4,0.0,0.0,0.0,2800.0,6600.0,4200.0
9,24,5,0.0,0.0,0.0,2800.0,6600.0,4200.0
9,24,6,-0.0,-0.0,-0.0,2800.0,6600.0,4200.0
9,24,7,102.454798,79.007875,67.019304,2800.0,6600.0,4200.0
9,24,8,250.711568,193.61256400000002,163.99929600000002,2800.0,6600.0,4200.0
9,24,9,372.024843,288.100691,243.354596,2800.0,6600.0,4200.0
9,24,10,460.53631,357.529365,301.253075,2800.0,6600.0,4200.0
9,24,11,509.27865399999996,395.904255,333.137164,2800.0,6600.0,4200.0
9,24,12,519.327974,403.82573599999995,339.71078,2800.0,6600.0,4200.0
9,24,13,497.091634,386.231543,325.165204,2800.0,6600.0,4200.0
9,24,14,430.425952,333.80224699999997,281.556826,2800.0,6600.0,4200.0
9,24,15,331.090527,256.16708,216.578014,2800.0,6600.0,4200.0
9,24,16,200.6935,154.938259,131.280711,2800.0,6600.0,4200.0
9,24,17,62.108447999999996,47.97835,40.62733,2800.0,6600.0,4200.0
9,24,18,0.0,0.0,0.0,2800.0,6600.0,4200.0
9,24,19,0.0,0.0,0.0,2800.0,6600.0,4200.0
9,24,20,0.0,0.0,0.0,2800.0,5114.326798854228,4200.0
9,24,21,0.0,0.0,0.0,2800.0,3860.699345383164,3736.160656822416
9,24,22,0.0,0.0,0.0,2800.0,6600.0,4200.0
9,24,23,0.0,0.0,0.0,2800.0,6600.0,4200.0
9,25,0,0.0,0.0,0.0,2800.0,6600.0,4200.0
9,25,1,0.0,0.0,0.0,2800.0,6600.0,4200.0
9,25,2,0.0,0.0,0.0,2800.0,6600.0,4200.0
9,25,3,0.0,0.0,0.0,2800.0,6600.0,4200.0
9,25,4,0.0,0.0,0.0,2800.0,6600.0,4200.0
9,25,5,0.0,0.0,0.0,2800.0,6600.0,4200.0
9,25,6,-0.0,-0.0,-0.0,2800.0,6600.0,4200.0
9,25,7,100.97675,77.864163,66.052461,2800.0,6600.0,4200.0
9,25,8,245.969709,190.03234400000002,160.897479,2800.0,6600.0,4200.0
9,25,9,360.189756,279.254217,235.61284799999999,2800.0,6600.0,4200.0
9,25,10,455.439467,354.384714,297.91904999999997,2800.0,6600.0,4200.0
9,25,11,497.44587199999995,387.77788699999996,325.396924,2800.0,6600.0,4200.0
9,25,12,507.456451,395.621646,331.945197,2800.0,6600.0,4200.0
9,25,13,484.641477,377.333108,317.021117,2800.0,6600.0,4200.0
9,25,14,423.994372,329.414998,277.349702,2800.0,6600.0,4200.0
9,25,15,327.502892,253.735547,214.231215,2800.0,6600.0,4200.0
9,25,16,198.62199600000002,153.492331,129.925667,2800.0,6600.0,4200.0
9,25,17,60.559514,46.812561,39.614118000000005,2800.0,6600.0,4200.0
9,25,18,0.0,0.0,0.0,2800.0,6600.0,4200.0
9,25,19,0.0,0.0,0.0,2800.0,6600.0,4200.0
9,25,20,0.0,0.0,0.0,2800.0,6600.0,4200.0
9,25,21,0.0,0.0,0.0,2794.6277004301824,3410.766091076207,3300.741378460845
9,25,22,0.0,0.0,0.0,629.4537376638762,768.2309396685104,743.4492964533971
9,25,23,0.0,0.0,0.0,85.90327597997313,104.84258092043964,101.4605621810706
9,26,0,0.0,0.0,0.0,160.15467383430587,195.4643657032867,189.15906358382583
9,26,1,0.0,0.0,0.0,629.4537376638762,768.2309396685104,743.4492964533971
9,26,2,0.0,0.0,0.0,2794.6277004301824,3410.766091076207,3300.741378460845
9,26,3,0.0,0.0,0.0,2800.0,6600.0,4200.0
9,26,4,0.0,0.0,0.0,2800.0,6600.0,4200.0
9,26,5,0.0,0.0,0.0,2800.0,6600.0,4200.0
9,26,6,-0.0,-0.0,-0.0,2800.0,6600.0,4200.0
9,26,7,102.27772,78.834395,66.90347100000001,2800.0,6600.0,4200.0
9,26,8,245.944924,189.905663,160.881266,2800.0,6600.0,4200.0
9,26,9,362.3468,280.586756,237.02384700000002,2800.0,6600.0,4200.0
9,26,10,447.674592,347.463376,292.83977000000004,2800.0,6600.0,4200.0
9,26,11,498.95568199999997,387.679935,326.384544,2800.0,6600.0,4200.0
9,26,12,512.824234,398.43546899999996,335.456454,2800.0,6600.0,4200.0
9,26,13,500.270834,388.407043,327.244832,2800.0,6600.0,4200.0
9,26,14,434.694412,336.871945,284.34897600000005,2800.0,6600.0,4200.0
9,26,15,334.204464,258.400877,218.61495000000002,2800.0,6600.0,4200.0
9,26,16,201.318185,155.32067600000002,131.68933900000002,2800.0,6600.0,4200.0
9,26,17,61.469398,47.45268,40.209306,2800.0,6600.0,4200.0
9,26,18,0.0,0.0,0.0,2800.0,6600.0,4200.0
9,26,19,0.0,0.0,0.0,2800.0,6600.0,4200.0
9,26,20,0.0,0.0,0.0,2800.0,6600.0,4200.0
9,26,21,0.0,0.0,0.0,2800.0,6600.0,4200.0
9,26,22,0.0,0.0,0.0,2800.0,6600.0,4200.0
9,26,23,0.0,0.0,0.0,2800.0,6600.0,4200.0
9,27,0,0.0,0.0,0.0,2800.0,6600.0,4200.0
9,27,1,0.0,0.0,0.0,2800.0,6600.0,4200.0
9,27,2,0.0,0.0,0.0,2800.0,6600.0,4200.0
9,27,3,0.0,0.0,0.0,2800.0,6600.0,4200.0
9,27,4,0.0,0.0,0.0,2800.0,6600.0,4200.0
9,27,5,0.0,0.0,0.0,2800.0,6600.0,4200.0
9,27,6,-0.0,-0.0,-0.0,2800.0,6600.0,4200.0
9,27,7,106.153887,81.816503,69.439008,2800.0,6600.0,4200.0
9,27,8,254.198665,196.414107,166.28033,2800.0,6600.0,4200.0
9,27,9,371.702439,288.268919,243.143701,2800.0,6600.0,4200.0
9,27,10,456.397378,355.154922,298.545653,2800.0,6600.0,4200.0
9,27,11,500.729799,390.419716,327.545057,2800.0,6600.0,4200.0
9,27,12,510.372358,398.000733,333.85259499999995,2800.0,6600.0,4200.0
9,27,13,482.032531,375.415533,315.314512,2800.0,6145.847517348083,4200.0
9,27,14,419.726723,326.044749,274.558082,2800.0,5787.929644089762,4200.0
9,27,15,321.973603,249.35108300000002,210.614311,2800.0,6600.0,4200.0
9,27,16,193.60590200000001,149.533017,126.644462,2800.0,6600.0,4200.0
9,27,17,58.216873,44.966578999999996,38.081714,2800.0,6600.0,4200.0
9,27,18,0.0,0.0,0.0,2800.0,6600.0,4200.0
9,27,19,0.0,0.0,0.0,2800.0,6600.0,4200.0
9,27,20,0.0,0.0,0.0,2800.0,6600.0,4200.0
9,27,21,0.0,0.0,0.0,2800.0,6600.0,4200.0
9,27,22,0.0,0.0,0.0,2800.0,6600.0,4200.0
9,27,23,0.0,0.0,0.0,2800.0,6600.0,4200.0
9,28,0,0.0,0.0,0.0,2800.0,6600.0,4200.0
9,28,1,0.0,0.0,0.0,2800.0,6600.0,4200.0
9,28,2,0.0,0.0,0.0,2800.0,6600.0,4200.0
9,28,3,0.0,0.0,0.0,2800.0,6600.0,4200.0
9,28,4,0.0,0.0,0.0,2800.0,6600.0,4200.0
9,28,5,0.0,0.0,0.0,2800.0,6600.0,4200.0
9,28,6,-0.0,-0.0,-0.0,2800.0,6600.0,4200.0
9,28,7,109.626476,84.484382,71.71055199999999,2800.0,6600.0,4200.0
9,28,8,260.28646599999996,201.051378,170.262576,2800.0,6600.0,4200.0
9,28,9,377.1682,292.221967,246.71904800000002,2800.0,6600.0,4200.0
9,28,10,456.909082,354.87078399999996,298.88037699999995,2800.0,6600.0,4200.0
9,28,11,500.625222,389.47078100000004,327.47664899999995,2800.0,6600.0,4200.0
9,28,12,506.937118,394.648211,331.605483,2800.0,6600.0,4200.0
9,28,13,476.703643,370.936811,311.82869900000003,2800.0,6600.0,4200.0
9,28,14,409.587855,318.175414,267.92589000000004,2800.0,6600.0,4200.0
9,28,15,309.2174,239.609965,202.270028,2800.0,6600.0,4200.0
9,28,16,182.175562,140.80148300000002,119.167473,2800.0,6600.0,4200.0
9,28,17,53.908661,41.678749,35.26356,2800.0,6600.0,4200.0
9,28,18,0.0,0.0,0.0,2800.0,6600.0,4200.0
9,28,19,0.0,0.0,0.0,2800.0,6600.0,4200.0
9,28,20,0.0,0.0,0.0,2800.0,6600.0,4200.0
9,28,21,0.0,0.0,0.0,2800.0,6600.0,4200.0
9,28,22,0.0,0.0,0.0,2800.0,6600.0,4200.0
9,28,23,0.0,0.0,0.0,2800.0,6600.0,4200.0
9,29,0,0.0,0.0,0.0,2800.0,4644.951049827907,4200.0
9,29,1,0.0,0.0,0.0,1901.3333359069868,2320.524937524275,2245.6692943783305
9,29,2,0.0,0.0,0.0,858.3289550807331,1047.566834941052,1013.7743563945666
9,29,3,0.0,0.0,0.0,192.09958802440056,234.45225310064637,226.88927719417387
9,29,4,0.0,0.0,0.0,10.73790949749664,13.105322615054956,12.682570272633829
9,29,5,0.0,0.0,0.0,30.94602468005788,37.7687702788108,36.55042285046206
9,29,6,-0.0,-0.0,-0.0,592.796019999516,723.4912055112203,700.1527795269874
9,29,7,98.397526,75.910433,64.365299,2502.4167786610287,3054.130714113854,2955.610368497278
9,29,8,241.10116,186.64903,157.712789,2800.0,3472.7785151730586,3360.753401780379
9,29,9,351.951462,273.894445,230.22388899999999,2800.0,3472.7785151730586,3360.753401780379
9,29,10,426.75723700000003,333.71148800000003,279.156989,2800.0,6600.0,4200.0
9,29,11,466.65844300000003,365.96774200000004,305.257778,2800.0,6600.0,4200.0
9,29,12,479.07466,375.571736,313.379665,2800.0,6600.0,4200.0
9,29,13,464.051367,362.61801199999996,303.552398,2800.0,6600.0,4200.0
9,29,14,406.789883,316.64306,266.09563799999995,2800.0,6600.0,4200.0
9,29,15,311.262205,241.349616,203.607608,2800.0,6600.0,4200.0
9,29,16,184.71746100000001,142.779351,120.830219,2800.0,6600.0,4200.0
9,29,17,52.690436,40.736855000000006,34.466676,2800.0,6600.0,4200.0
9,29,18,0.0,0.0,0.0,2800.0,6600.0,4200.0
9,29,19,0.0,0.0,0.0,2800.0,6600.0,4200.0
9,29,20,0.0,0.0,0.0,2800.0,3535.5380679260493,3421.48845283166
9,29,21,0.0,0.0,0.0,1029.5337295682716,1256.5175439612765,1215.984719962525
9,29,22,0.0,0.0,0.0,175.6432651850418,214.36776459591715,207.4526754154037
9,29,23,0.0,0.0,0.0,6.505306117964509,7.939546836885818,7.683432422792727
9,30,0,0.0,0.0,0.0,36.240444554051166,44.23046382581048,42.803674670139166
9,30,1,0.0,0.0,0.0,152.76411334322614,186.4443903007878,180.43005512979465
9,30,2,0.0,0.0,0.0,430.6948862392302,525.6512391108714,508.6947475266498
9,30,3,0.0,0.0,0.0,1536.7967041952045,1875.6180248051708,1815.114217553391
9,30,4,0.0,0.0,0.0,2800.0,6055.023664834879,4200.0
9,30,5,0.0,0.0,0.0,2800.0,6600.0,4200.0
9,30,6,-0.0,-0.0,-0.0,2800.0,6600.0,4200.0
9,30,7,95.39135499999999,73.586026,62.398856,2800.0,6600.0,4200.0
9,30,8,237.44687100000002,183.740078,155.322389,2800.0,6600.0,4200.0
9,30,9,350.540282,272.325524,229.300786,2800.0,6600.0,4200.0
9,30,10,434.59439100000003,338.706459,284.283549,402.3068740231014,491.0044525478796,475.1655992398835
9,30,11,478.985478,374.046195,313.321328,929.1658003530496,1134.0212523993912,1097.4399216768302
9,30,12,487.935877,381.357015,319.17609999999996,2800.0,6600.0,4200.0
9,30,13,460.341047,359.20586599999996,301.12534700000003,2800.0,6600.0,4200.0
9,30,14,399.55286099999995,310.82942599999996,261.361646,2800.0,6600.0,4200.0
9,30,15,304.867559,236.30671900000002,199.424644,2800.0,6600.0,4200.0
9,30,16,177.810924,137.390734,116.312409,2800.0,6600.0,4200.0
9,30,17,50.447308,38.996421000000005,32.999367,2800.0,6600.0,4200.0
9,30,18,0.0,0.0,0.0,2800.0,6600.0,4200.0
9,30,19,0.0,0.0,0.0,2800.0,6600.0,4200.0
9,30,20,0.0,0.0,0.0,2800.0,6600.0,4200.0
9,30,21,0.0,0.0,0.0,2800.0,6600.0,4200.0
9,30,22,0.0,0.0,0.0,2800.0,6600.0,4200.0
9,30,23,0.0,0.0,0.0,2800.0,6600.0,4200.0
10,1,0,0.0,0.0,0.0,2800.0,6600.0,4200.0
10,1,1,0.0,0.0,0.0,2800.0,6600.0,4200.0
10,1,2,0.0,0.0,0.0,2800.0,6600.0,4200.0
10,1,3,0.0,0.0,0.0,2800.0,6600.0,4200.0
10,1,4,0.0,0.0,0.0,2800.0,6600.0,4200.0
10,1,5,0.0,0.0,0.0,2800.0,6600.0,4200.0
10,1,6,-0.0,-0.0,-0.0,2800.0,5876.06920203001,4200.0
10,1,7,94.266972,72.727696,61.663357000000005,2800.0,3535.5380679260493,3421.48845283166
10,1,8,233.614442,181.01793,152.815462,2597.435303258585,3170.098204764415,3067.83697235266
10,1,9,340.300218,265.22229999999996,222.602398,2800.0,5360.429636038867,4200.0
10,1,10,414.46254,324.312076,271.114594,2800.0,6600.0,4200.0
10,1,11,462.34717,362.06412800000004,302.43762300000003,2800.0,6600.0,4200.0
10,1,12,477.66573100000005,373.451773,312.458035,2800.0,6600.0,4200.0
10,1,13,457.69185,356.948862,299.392413,2800.0,6600.0,4200.0
10,1,14,396.70808600000004,308.397642,259.50077799999997,2800.0,6600.0,4200.0
10,1,15,300.883826,233.15249,196.81874299999998,2800.0,6600.0,4200.0
10,1,16,174.28596,134.693282,114.006605,2800.0,6600.0,4200.0
10,1,17,48.412248,37.444204,31.668162,2800.0,6600.0,4200.0
10,1,18,0.0,0.0,0.0,2800.0,6600.0,4200.0
10,1,19,0.0,0.0,0.0,2800.0,6600.0,4200.0
10,1,20,0.0,0.0,0.0,2800.0,6600.0,4200.0
10,1,21,0.0,0.0,0.0,2800.0,6600.0,4200.0
10,1,22,0.0,0.0,0.0,2800.0,6600.0,4200.0
10,1,23,0.0,0.0,0.0,2800.0,6600.0,4200.0
10,2,0,0.0,0.0,0.0,2800.0,6600.0,4200.0
10,2,1,0.0,0.0,0.0,2800.0,6600.0,4200.0
10,2,2,0.0,0.0,0.0,2800.0,6600.0,4200.0
10,2,3,0.0,0.0,0.0,2800.0,6600.0,4200.0
10,2,4,0.0,0.0,0.0,2800.0,6600.0,4200.0
10,2,5,0.0,0.0,0.0,2800.0,6600.0,4200.0
10,2,6,-0.0,-0.0,-0.0,2800.0,6600.0,4200.0
10,2,7,93.09543,71.820187,60.897011,2800.0,6600.0,4200.0
10,2,8,236.242394,182.873932,154.53449799999999,2800.0,6600.0,4200.0
10,2,9,349.530556,271.79602,228.640288,2800.0,6423.759245222193,4200.0
10,2,10,433.550958,338.212621,283.601002,2800.0,6330.21083371745,4200.0
10,2,11,483.365644,377.335185,316.186549,2800.0,6600.0,4200.0
10,2,12,496.591604,387.34905200000003,324.838117,2800.0,6600.0,4200.0
10,2,13,469.730866,365.634631,307.267559,2800.0,6600.0,4200.0
10,2,14,406.202304,315.340645,265.71128100000004,2800.0,6600.0,4200.0
10,2,15,306.158692,236.98256099999998,200.26921900000002,2800.0,6600.0,4200.0
10,2,16,176.52075200000002,136.308636,115.468462,2800.0,6600.0,4200.0
10,2,17,47.755556,36.917519999999996,31.238597000000002,2800.0,6600.0,4200.0
10,2,18,0.0,0.0,0.0,2800.0,6600.0,4200.0
10,2,19,0.0,0.0,0.0,2800.0,6600.0,4200.0
10,2,20,0.0,0.0,0.0,2645.8334855800563,3229.1668524795964,3125.000179818964
10,2,21,0.0,0.0,0.0,978.4920029593812,1194.2225232968824,1155.6992160937573
10,2,22,0.0,0.0,0.0,388.5930680097703,474.2671302481448,458.9681905627208
10,2,23,0.0,0.0,0.0,402.3068740231014,491.0044525478796,475.1655992398835
10,3,0,0.0,0.0,0.0,629.4537376638762,768.2309396685104,743.4492964533971
10,3,1,0.0,0.0,0.0,445.37642374118406,543.569651022705,526.0351461510048
10,3,2,0.0,0.0,0.0,107.29111938509163,130.9458543676315,126.72179454932082
10,3,3,0.0,0.0,0.0,1.3422386871870802,1.6381653268818694,1.5853212840792283
10,3,4,0.0,0.0,0.0,36.240444554051166,44.23046382581048,42.803674670139166
10,3,5,0.0,0.0,0.0,523.8060511729734,639.2908498567786,618.6685643775277
10,3,6,-0.0,-0.0,-0.0,2455.7891050857875,2997.2229235298983,2900.5383130934497
10,3,7,91.683488,70.66814,59.97341,2800.0,6600.0,4200.0
10,3,8,238.447096,184.169315,155.97667199999998,2800.0,6600.0,4200.0
10,3,9,355.618144,275.729334,232.62239499999998,2800.0,6600.0,4200.0
10,3,10,439.397787,341.89486200000005,287.42562,2800.0,5114.326798854228,4200.0
10,3,11,484.28664399999997,377.596817,316.78900799999997,39.100262166578574,47.72079240802897,46.18141200776997
10,3,12,494.026146,385.205055,323.15996,2800.0,4065.047980485539,3933.917400469876
10,3,13,473.126884,368.44491700000003,309.489014,2800.0,6600.0,4200.0
10,3,14,408.327266,317.163848,267.101294,2800.0,6600.0,4200.0
10,3,15,308.05721,238.55554199999997,201.51110699999998,2800.0,6600.0,4200.0
10,3,16,176.92877,136.637045,115.735361,2800.0,6600.0,4200.0
10,3,17,47.82739,36.965356,31.285586,2800.0,6600.0,4200.0
10,3,18,0.0,0.0,0.0,2800.0,6600.0,4200.0
10,3,19,0.0,0.0,0.0,2800.0,6600.0,4200.0
10,3,20,0.0,0.0,0.0,2800.0,6600.0,4200.0
10,3,21,0.0,0.0,0.0,2800.0,6600.0,4200.0
10,3,22,0.0,0.0,0.0,2800.0,6600.0,4200.0
10,3,23,0.0,0.0,0.0,2800.0,6055.023664834879,4200.0
10,4,0,0.0,0.0,0.0,2800.0,3535.5380679260493,3421.48845283166
10,4,1,0.0,0.0,0.0,1503.1454301264964,1834.5475722016292,1775.3686182596414
10,4,2,0.0,0.0,0.0,707.2412654778989,863.1684736147585,835.3243293046049
10,4,3,0.0,0.0,0.0,475.7328897807615,580.6188812284884,561.8892398985372
10,4,4,0.0,0.0,0.0,1136.8810555802274,1387.531996967994,1342.7729002916071
10,4,5,0.0,0.0,0.0,2800.0,4205.209912886971,4069.5579802131983
10,4,6,-0.0,-0.0,-0.0,2800.0,6600.0,4200.0
10,4,7,97.32992999999999,74.994663,63.666946,2800.0,6600.0,4200.0
10,4,8,244.559959,189.019526,159.975312,2800.0,6600.0,4200.0
10,4,9,358.44332099999997,278.538149,234.470443,2800.0,3472.7785151730586,3360.753401780379
10,4,10,416.119618,325.33949099999995,272.198547,278.9149998077284,340.4080706314795,329.42716512723825
10,4,11,447.925972,352.113565,293.004208,592.796019999516,723.4912055112203,700.1527795269874
10,4,12,461.46568199999996,362.367492,301.86101,2800.0,6600.0,4200.0
10,4,13,447.663063,349.92553200000003,292.832229,2800.0,6600.0,4200.0
10,4,14,390.275814,303.711207,255.293201,2800.0,6600.0,4200.0
10,4,15,296.274783,229.654775,193.80380499999998,2800.0,6600.0,4200.0
10,4,16,168.669287,130.360365,110.33254099999999,2800.0,6600.0,4200.0
10,4,17,43.623675000000006,33.749608,28.535787,2800.0,6600.0,4200.0
10,4,18,0.0,0.0,0.0,2800.0,6600.0,4200.0
10,4,19,0.0,0.0,0.0,2800.0,6600.0,4200.0
10,4,20,0.0,0.0,0.0,2800.0,6600.0,4200.0
10,4,21,0.0,0.0,0.0,2800.0,6600.0,4200.0
10,4,22,0.0,0.0,0.0,2597.435303258585,3170.098204764415,3067.83697235266
10,4,23,0.0,0.0,0.0,1405.1461214803344,1714.9421167673372,1659.6214033232295
10,5,0,0.0,0.0,0.0,1570.9465066065366,1917.296917511915,1855.44862985024
10,5,1,0.0,0.0,0.0,2794.6277004301824,3410.766091076207,3300.741378460845
10,5,2,0.0,0.0,0.0,2800.0,5360.429636038867,4200.0
10,5,3,0.0,0.0,0.0,2800.0,6330.21083371745,4200.0
10,5,4,0.0,0.0,0.0,2800.0,5965.099051003621,4200.0
10,5,5,0.0,0.0,0.0,2800.0,4569.628998473504,4200.0
10,5,6,-0.0,-0.0,-0.0,2549.630956168769,3111.754316583931,3011.3751450812238
10,5,7,67.254664,51.861886,43.993652000000004,1862.5318241810248,2273.168761795739,2199.840737221683
10,5,8,176.98182999999997,136.587171,115.770069,2020.963642713616,2466.530430083547,2386.964932338916
10,5,9,292.945465,226.85417,191.625981,2800.0,4721.09628485135,4200.0
10,5,10,420.977877,327.62554,275.376506,2800.0,6600.0,4200.0
10,5,11,462.750247,360.964256,302.70129,2800.0,6600.0,4200.0
10,5,12,468.137015,365.308435,306.224964,2800.0,6600.0,4200.0
10,5,13,442.864635,345.04067,289.693408,2800.0,6600.0,4200.0
10,5,14,381.608702,296.463331,249.623737,2800.0,6600.0,4200.0
10,5,15,286.854877,222.156218,187.64191200000002,2800.0,6600.0,4200.0
10,5,16,157.692376,121.80508,103.152156,2800.0,6600.0,4200.0
10,5,17,38.758275999999995,29.986925,25.353158,2800.0,6600.0,4200.0
10,5,18,0.0,0.0,0.0,2800.0,6600.0,4200.0
10,5,19,0.0,0.0,0.0,2800.0,6600.0,4200.0
10,5,20,0.0,0.0,0.0,2800.0,6600.0,4200.0
10,5,21,0.0,0.0,0.0,2800.0,6600.0,4200.0
10,5,22,0.0,0.0,0.0,2800.0,6600.0,4200.0
10,5,23,0.0,0.0,0.0,2800.0,6600.0,4200.0
10,6,0,0.0,0.0,0.0,2800.0,6600.0,4200.0
10,6,1,0.0,0.0,0.0,2800.0,6600.0,4200.0
10,6,2,0.0,0.0,0.0,2800.0,6600.0,4200.0
10,6,3,0.0,0.0,0.0,2800.0,6600.0,4200.0
10,6,4,0.0,0.0,0.0,2800.0,6600.0,4200.0
10,6,5,0.0,0.0,0.0,2800.0,6600.0,4200.0
10,6,6,-0.0,-0.0,-0.0,2800.0,6600.0,4200.0
10,6,7,88.085137,67.875758,57.619601,2800.0,6600.0,4200.0
10,6,8,232.34888899999999,179.29767999999999,151.987619,2800.0,6600.0,4200.0
10,6,9,349.460983,270.4758,228.594778,2800.0,6600.0,4200.0
10,6,10,438.72659000000004,340.54778100000004,286.986566,2800.0,6600.0,4200.0
10,6,11,484.083111,376.413342,316.655869,2800.0,6600.0,4200.0
10,6,12,491.301633,382.16065399999997,321.37776,2800.0,6600.0,4200.0
10,6,13,464.58768699999996,361.016702,303.90322399999997,2800.0,6600.0,4200.0
10,6,14,399.055366,309.486795,261.036217,2800.0,6600.0,4200.0
10,6,15,299.659739,231.797852,196.018025,2800.0,6600.0,4200.0
10,6,16,169.252782,130.643899,110.714226,2800.0,6600.0,4200.0
10,6,17,42.14965,32.58482,27.571575,2800.0,6600.0,4200.0
10,6,18,0.0,0.0,0.0,2800.0,6600.0,4200.0
10,6,19,0.0,0.0,0.0,2800.0,6600.0,4200.0
10,6,20,0.0,0.0,0.0,2800.0,6600.0,4200.0
10,6,21,0.0,0.0,0.0,2800.0,6600.0,4200.0
10,6,22,0.0,0.0,0.0,2800.0,6600.0,4200.0
10,6,23,0.0,0.0,0.0,2800.0,6600.0,4200.0
10,7,0,0.0,0.0,0.0,2800.0,6518.224790706034,4200.0
10,7,1,0.0,0.0,0.0,2800.0,3599.0492231594667,3482.9508611220645
10,7,2,0.0,0.0,0.0,610.9415963527902,745.6373813754526,721.5845626214057
10,7,3,0.0,0.0,0.0,0.3128020973326286,0.3817663392642318,0.3694512960621598
10,7,4,0.0,0.0,0.0,1570.9465066065366,1917.296917511915,1855.44862985024
10,7,5,0.0,0.0,0.0,2800.0,6600.0,4200.0
10,7,6,-0.0,-0.0,-0.0,2800.0,6600.0,4200.0
10,7,7,106.58776700000001,82.120819,69.722825,2800.0,6600.0,4200.0
10,7,8,256.955743,198.40189600000002,168.083832,2800.0,6600.0,4200.0
10,7,9,376.000502,291.334759,245.955215,2800.0,6600.0,4200.0
10,7,10,457.862856,355.81941600000005,299.50427399999995,2800.0,6600.0,4200.0
10,7,11,502.502485,391.219883,328.70463299999994,2800.0,6600.0,4200.0
10,7,12,509.015346,396.322221,332.964926,2364.2786071344885,2885.536882723194,2792.4550477966395
10,7,13,483.456441,375.93258399999996,316.245943,1712.6043126696648,2090.186365856677,2022.7609992161392
10,7,14,418.813124,324.945576,273.960464,2800.0,4276.483153260508,4138.532083800491
10,7,15,317.14638299999996,245.417492,207.456657,2800.0,6600.0,4200.0
10,7,16,182.269662,140.719088,119.229027,2800.0,6600.0,4200.0
10,7,17,42.709267,33.018411,27.937641,2800.0,6600.0,4200.0
10,7,18,0.0,0.0,0.0,2800.0,6600.0,4200.0
10,7,19,0.0,0.0,0.0,2800.0,6600.0,4200.0
10,7,20,0.0,0.0,0.0,2800.0,6600.0,4200.0
10,7,21,0.0,0.0,0.0,2800.0,6600.0,4200.0
10,7,22,0.0,0.0,0.0,2800.0,6600.0,4200.0
10,7,23,0.0,0.0,0.0,2800.0,6600.0,4200.0
10,8,0,0.0,0.0,0.0,2800.0,6600.0,4200.0
10,8,1,0.0,0.0,0.0,2800.0,6600.0,4200.0
10,8,2,0.0,0.0,0.0,2800.0,6600.0,4200.0
10,8,3,0.0,0.0,0.0,2800.0,6600.0,4200.0
10,8,4,0.0,0.0,0.0,2800.0,6600.0,4200.0
10,8,5,0.0,0.0,0.0,2800.0,6600.0,4200.0
10,8,6,-0.0,-0.0,-0.0,2800.0,6600.0,4200.0
10,8,7,112.871519,86.99105,73.833249,2800.0,6600.0,4200.0
10,8,8,263.692299,203.94411300000002,172.490451,2800.0,6600.0,4200.0
10,8,9,375.881663,292.08079200000003,245.877479,2800.0,6600.0,4200.0
10,8,10,451.905698,352.24565,295.607486,2800.0,6600.0,4200.0
10,8,11,495.180937,386.54098100000004,323.91535,2800.0,6600.0,4200.0
10,8,12,505.241261,394.15757199999996,330.496163,1712.6043126696648,2090.186365856677,2022.7609992161392
10,8,13,478.30197499999997,372.390268,312.87422399999997,2800.0,4798.06917736812,4200.0
10,8,14,413.587769,321.13352100000003,270.542375,2800.0,6600.0,4200.0
10,8,15,312.80498700000004,242.16920499999998,204.616796,2800.0,6600.0,4200.0
10,8,16,181.25315700000002,139.981723,118.564095,2800.0,6600.0,4200.0
10,8,17,40.957187,31.673125,26.791543,2800.0,6600.0,4200.0
10,8,18,0.0,0.0,0.0,2800.0,6600.0,4200.0
10,8,19,0.0,0.0,0.0,2800.0,6600.0,4200.0
10,8,20,0.0,0.0,0.0,2800.0,6600.0,4200.0
10,8,21,0.0,0.0,0.0,2800.0,6600.0,4200.0
10,8,22,0.0,0.0,0.0,2800.0,6600.0,4200.0
10,8,23,0.0,0.0,0.0,2800.0,4495.12565696385,4200.0
10,9,0,0.0,0.0,0.0,1536.7967041952045,1875.6180248051708,1815.114217553391
10,9,1,0.0,0.0,0.0,707.2412654778989,863.1684736147585,835.3243293046049
10,9,2,0.0,0.0,0.0,491.4151496175413,599.758647171015,580.4115940364661
10,9,3,0.0,0.0,0.0,523.8060511729734,639.2908498567786,618.6685643775277
10,9,4,0.0,0.0,0.0,592.796019999516,723.4912055112203,700.1527795269874
10,9,5,0.0,0.0,0.0,687.226207839785,838.7406473635172,811.6844974485649
10,9,6,-0.0,-0.0,-0.0,881.5257965526516,1075.877940674496,1041.1722006527382
10,9,7,97.406843,75.085445,63.717258,2800.0,3663.3164546975977,3545.1449561589657
10,9,8,245.727953,190.005616,160.73933799999998,2800.0,6600.0,4200.0
10,9,9,358.90351699999997,278.886279,234.771473,2800.0,6600.0,4200.0
10,9,10,429.85211400000003,335.462702,281.18145799999996,2800.0,6600.0,4200.0
10,9,11,471.21748599999995,368.487075,308.24001,2800.0,6600.0,4200.0
10,9,12,482.202268,376.691913,315.425544,2800.0,6600.0,4200.0
10,9,13,451.942493,352.226429,295.631556,2800.0,6600.0,4200.0
10,9,14,386.17054599999994,300.145347,252.607801,2800.0,6600.0,4200.0
10,9,15,287.995811,223.179155,188.388237,2800.0,6600.0,4200.0
10,9,16,160.952394,124.414585,105.284649,2800.0,6600.0,4200.0
10,9,17,35.669677,27.615275,23.332796,2800.0,6600.0,4200.0
10,9,18,0.0,0.0,0.0,2800.0,6600.0,4200.0
10,9,19,0.0,0.0,0.0,2800.0,6600.0,4200.0
10,9,20,0.0,0.0,0.0,2800.0,6600.0,4200.0
10,9,21,0.0,0.0,0.0,2800.0,6600.0,4200.0
10,9,22,0.0,0.0,0.0,2800.0,4875.874201202505,4200.0
10,9,23,0.0,0.0,0.0,2549.630956168769,3111.754316583931,3011.3751450812238
10,10,0,0.0,0.0,0.0,2103.4419801044355,2567.192967843996,2484.3802914619314
10,10,1,0.0,0.0,0.0,2455.7891050857875,2997.2229235298983,2900.5383130934497
10,10,2,0.0,0.0,0.0,2800.0,3860.699345383164,3736.160656822416
10,10,3,0.0,0.0,0.0,2800.0,4421.436551474658,4200.0
10,10,4,0.0,0.0,0.0,2800.0,4495.12565696385,4200.0
10,10,5,0.0,0.0,0.0,2800.0,4205.209912886971,4069.5579802131983
10,10,6,-0.0,-0.0,-0.0,2800.0,4205.209912886971,4069.5579802131983
10,10,7,87.129742,67.215649,56.994644,2800.0,6600.0,4200.0
10,10,8,227.659826,176.351943,148.920337,2800.0,6600.0,4200.0
10,10,9,332.23366999999996,259.220357,217.32578400000003,2800.0,6600.0,4200.0
10,10,10,415.66800900000004,325.013421,271.903134,2800.0,6600.0,4200.0
10,10,11,465.420291,363.908655,304.447859,2800.0,6600.0,4200.0
10,10,12,478.446565,373.62442,312.968806,2800.0,6600.0,4200.0
10,10,13,455.106092,354.546605,297.700977,2800.0,6600.0,4200.0
10,10,14,391.395125,304.037781,256.02538200000004,2800.0,6600.0,4200.0
10,10,15,292.621255,226.64318799999998,191.413904,2800.0,6600.0,4200.0
10,10,16,162.13833,125.271722,106.06041099999999,2800.0,6600.0,4200.0
10,10,17,35.280972999999996,27.306721000000003,23.078530999999998,2800.0,6600.0,4200.0
10,10,18,0.0,0.0,0.0,2800.0,6600.0,4200.0
10,10,19,0.0,0.0,0.0,2800.0,6600.0,4200.0
10,10,20,0.0,0.0,0.0,2800.0,6600.0,4200.0
10,10,21,0.0,0.0,0.0,2800.0,3794.137041985159,3671.7455245017663
10,10,22,0.0,0.0,0.0,1676.4237403920558,2046.0289744942413,1980.0280398331363
10,10,23,0.0,0.0,0.0,791.1870845831577,965.6220323652713,934.4729345470366
10,11,0,0.0,0.0,0.0,362.10752792468406,441.94225849075616,427.6860566039575
10,11,1,0.0,0.0,0.0,247.56819744046305,302.1501622304864,292.4033828036965
10,11,2,0.0,0.0,0.0,247.56819744046305,302.1501622304864,292.4033828036965
10,11,3,0.0,0.0,0.0,247.56819744046305,302.1501622304864,292.4033828036965
10,11,4,0.0,0.0,0.0,175.6432651850418,214.36776459591715,207.4526754154037
10,11,5,0.0,0.0,0.0,52.04244894371608,63.51637469508655,61.467459382341815
10,11,6,-0.0,-0.0,-0.0,0.6109415963527902,0.7456373813754527,0.7215845626214058
10,11,7,80.485896,62.031608,52.648669,59.46661122259518,72.57736015356105,70.23615498731715
10,11,8,222.900577,172.210036,145.807145,48.57413350122129,59.283391281018105,57.3710238203401
10,11,9,335.83807,261.094095,219.68355,375.1945078601572,457.9145568371997,443.1431195198707
10,11,10,403.50896500000005,316.288493,263.949473,2800.0,6600.0,4200.0
10,11,11,440.29113,346.512552,288.009987,2800.0,6600.0,4200.0
10,11,12,461.139202,361.721783,301.647448,2800.0,6600.0,4200.0
10,11,13,439.069853,343.055962,287.211107,2800.0,6600.0,4200.0
10,11,14,381.115826,296.584697,249.30132999999998,2800.0,6600.0,4200.0
10,11,15,286.481534,222.069697,187.397695,2800.0,6600.0,4200.0
10,11,16,149.830465,115.773307,98.00940200000001,2800.0,6600.0,4200.0
10,11,17,28.082141,21.751991,18.369521,2800.0,6600.0,4200.0
10,11,18,0.0,0.0,0.0,2800.0,6600.0,4200.0
10,11,19,0.0,0.0,0.0,2800.0,6600.0,4200.0
10,11,20,0.0,0.0,0.0,2800.0,6600.0,4200.0
10,11,21,0.0,0.0,0.0,2800.0,6600.0,4200.0
10,11,22,0.0,0.0,0.0,2800.0,6600.0,4200.0
10,11,23,0.0,0.0,0.0,2800.0,6600.0,4200.0
10,12,0,0.0,0.0,0.0,2800.0,6600.0,4200.0
10,12,1,0.0,0.0,0.0,2800.0,5700.675903358588,4200.0
10,12,2,0.0,0.0,0.0,2800.0,3794.137041985159,3671.7455245017663
10,12,3,0.0,0.0,0.0,1901.3333359069868,2320.524937524275,2245.6692943783305
10,12,4,0.0,0.0,0.0,1055.7070784976213,1288.4613950167818,1246.8981242097886
10,12,5,0.0,0.0,0.0,430.6948862392302,525.6512391108714,508.6947475266498
10,12,6,-0.0,-0.0,-0.0,96.20130752809575,117.41104462090426,113.62359156861704
10,12,7,82.866627,63.826195,54.205989,3.563011389929472,4.34855720818164,4.208281169208038
10,12,8,226.35438,174.595669,148.06639900000002,167.779835898385,204.7706658602337,198.16516050990356
10,12,9,345.809876,267.799125,226.20646,2800.0,4721.09628485135,4200.0
10,12,10,427.07493,332.104157,279.364804,2800.0,6600.0,4200.0
10,12,11,465.524646,363.27702,304.516122,2800.0,6600.0,4200.0
10,12,12,465.428046,364.052566,304.45293300000003,2800.0,6600.0,4200.0
10,12,13,434.757044,340.120086,284.389946,2800.0,6600.0,4200.0
10,12,14,374.182386,291.6947,244.765922,2800.0,6600.0,4200.0
10,12,15,282.200763,218.919138,184.59749100000002,2800.0,6600.0,4200.0
10,12,16,155.72132000000002,120.379989,101.862818,2800.0,6600.0,4200.0
10,12,17,29.596979,22.931062999999998,19.36043,2800.0,6600.0,4200.0
10,12,18,0.0,0.0,0.0,2800.0,6600.0,4200.0
10,12,19,0.0,0.0,0.0,2800.0,6600.0,4200.0
10,12,20,0.0,0.0,0.0,2800.0,6600.0,4200.0
10,12,21,0.0,0.0,0.0,2800.0,6600.0,4200.0
10,12,22,0.0,0.0,0.0,2800.0,6600.0,4200.0
10,12,23,0.0,0.0,0.0,2800.0,6600.0,4200.0
10,13,0,0.0,0.0,0.0,2800.0,6600.0,4200.0
10,13,1,0.0,0.0,0.0,2800.0,6600.0,4200.0
10,13,2,0.0,0.0,0.0,2800.0,3663.3164546975977,3545.1449561589657
10,13,3,0.0,0.0,0.0,2145.5095856044995,2618.5353210133653,2534.066439690353
10,13,4,0.0,0.0,0.0,2800.0,3794.137041985159,3671.7455245017663
10,13,5,0.0,0.0,0.0,2800.0,3535.5380679260493,3421.48845283166
10,13,6,-0.0,-0.0,-0.0,2364.2786071344885,2885.536882723194,2792.4550477966395
10,13,7,93.93284200000001,72.424495,61.444792,2455.7891050857875,2997.2229235298983,2900.5383130934497
10,13,8,241.6589,186.98645199999999,158.077627,2800.0,5444.184846176627,4200.0
10,13,9,353.278641,274.983224,231.09204300000002,2800.0,6600.0,4200.0
10,13,10,433.231136,338.338569,283.391796,2800.0,6600.0,4200.0
10,13,11,481.069347,375.834392,314.68446,2800.0,6600.0,4200.0
10,13,12,495.44907,386.459842,324.09074499999997,2800.0,6600.0,4200.0
10,13,13,469.274883,365.312298,306.96928399999996,2800.0,6600.0,4200.0
10,13,14,403.31969300000003,313.108888,263.825664,2800.0,6600.0,4200.0
10,13,15,301.27871999999996,233.22245999999998,197.077057,2800.0,6600.0,4200.0
10,13,16,167.177276,129.109333,109.35656399999999,2800.0,6600.0,4200.0
10,13,17,30.515639999999998,23.627269000000002,19.961358,2800.0,6600.0,4200.0
10,13,18,0.0,0.0,0.0,2800.0,6600.0,4200.0
10,13,19,0.0,0.0,0.0,2800.0,6600.0,4200.0
10,13,20,0.0,0.0,0.0,2800.0,6600.0,4200.0
10,13,21,0.0,0.0,0.0,2800.0,6055.023664834879,4200.0
10,13,22,0.0,0.0,0.0,1373.4523042863404,1676.2606863337226,1622.1877609681185
10,13,23,0.0,0.0,0.0,113.14210705336222,138.08682356906414,133.63240990554593
10,14,0,0.0,0.0,0.0,81.04201369779398,98.90954427683516,95.7189138162921
10,14,1,0.0,0.0,0.0,416.3395915497286,508.1309975606924,491.7396750587345
10,14,2,0.0,0.0,0.0,707.2412654778989,863.1684736147585,835.3243293046049
10,14,3,0.0,0.0,0.0,1082.3203053763452,1320.942104986878,1278.3310693421402
10,14,4,0.0,0.0,0.0,1901.3333359069868,2320.524937524275,2245.6692943783305
10,14,5,0.0,0.0,0.0,2800.0,4644.951049827907,4200.0
10,14,6,-0.0,-0.0,-0.0,2800.0,6600.0,4200.0
10,14,7,103.195216,79.499489,67.50363800000001,2800.0,6600.0,4200.0
10,14,8,253.93815700000002,196.18633499999999,166.10992199999998,2800.0,6600.0,4200.0
10,14,9,370.937202,287.88433299999997,242.643132,2145.5095856044995,2618.5353210133653,2534.066439690353
10,14,10,448.620192,349.412636,293.458321,183.74862734385428,224.2601357346253,217.0259378077019
10,14,11,492.160052,383.92596100000003,321.939282,1055.7070784976213,1288.4613950167818,1246.8981242097886
10,14,12,500.64385,390.336459,327.488834,2800.0,6600.0,4200.0
10,14,13,464.845478,361.724169,304.071854,2800.0,6600.0,4200.0
10,14,14,396.562431,307.799612,259.4055,2800.0,6600.0,4200.0
10,14,15,294.28618,227.75365,192.50298999999998,2800.0,6600.0,4200.0
10,14,16,159.241996,122.94303,104.16581699999999,2800.0,6600.0,4200.0
10,14,17,26.781672,20.738854,17.518838,2800.0,6600.0,4200.0
10,14,18,0.0,0.0,0.0,2800.0,6600.0,4200.0
10,14,19,0.0,0.0,0.0,2800.0,6600.0,4200.0
10,14,20,0.0,0.0,0.0,2800.0,5195.505086201954,4200.0
10,14,21,0.0,0.0,0.0,1640.756359055384,2002.4979185321613,1937.9012114827367
10,14,22,0.0,0.0,0.0,648.3361095823518,791.2763542146813,765.7513105303368
10,14,23,0.0,0.0,0.0,445.37642374118406,543.569651022705,526.0351461510048
10,15,0,0.0,0.0,0.0,507.4383148650858,619.3144787723488,599.3365923603375
10,15,1,0.0,0.0,0.0,648.3361095823518,791.2763542146813,765.7513105303368
10,15,2,0.0,0.0,0.0,648.3361095823518,791.2763542146813,765.7513105303368
10,15,3,0.0,0.0,0.0,491.4151496175413,599.758647171015,580.4115940364661
10,15,4,0.0,0.0,0.0,312.8020973326286,381.76633926423176,369.45129606215977
10,15,5,0.0,0.0,0.0,218.66271769222345,266.87182080546955,258.26305239238985
10,15,6,-0.0,-0.0,-0.0,257.74098596133337,314.56577026776904,304.4184873559055
10,15,7,86.910421,66.97116700000001,56.851177,610.9415963527902,745.6373813754526,721.5845626214057
10,15,8,236.085504,182.31631,154.431871,769.610460224766,939.288356967234,908.9887325489362
10,15,9,352.395716,273.218343,230.51449100000002,1222.1129067458091,1491.5551224063024,1443.4404410383572
10,15,10,426.961756,332.1564,279.290773,2800.0,4875.874201202505,4200.0
10,15,11,469.291246,365.918966,306.979988,2800.0,6600.0,4200.0
10,15,12,475.333488,370.815629,310.93243199999995,2800.0,6600.0,4200.0
10,15,13,455.904229,355.240948,298.22306699999996,2800.0,6600.0,4200.0
10,15,14,391.204476,303.98438699999997,255.900672,2800.0,6600.0,4200.0
10,15,15,290.80903,225.331939,190.22846299999998,2800.0,6600.0,4200.0
10,15,16,157.71607999999998,121.927514,103.167661,2800.0,6600.0,4200.0
10,15,17,23.486551,18.220474,15.363383,2800.0,6600.0,4200.0
10,15,18,0.0,0.0,0.0,2800.0,6600.0,4200.0
10,15,19,0.0,0.0,0.0,2800.0,5876.06920203001,4200.0
10,15,20,0.0,0.0,0.0,1786.5196926460033,2180.398050079768,2110.0626291094527
10,15,21,0.0,0.0,0.0,475.7328897807615,580.6188812284884,561.8892398985372
10,15,22,0.0,0.0,0.0,81.04201369779398,98.90954427683516,95.7189138162921
10,15,23,0.0,0.0,0.0,131.96338481220266,161.05767437709773,155.86226552622358
10,16,0,0.0,0.0,0.0,416.3395915497286,508.1309975606924,491.7396750587345
10,16,1,0.0,0.0,0.0,557.58989956809,680.5231057720783,658.5707475213661
10,16,2,0.0,0.0,0.0,491.4151496175413,599.758647171015,580.4115940364661
10,16,3,0.0,0.0,0.0,629.4537376638762,768.2309396685104,743.4492964533971
10,16,4,0.0,0.0,0.0,1281.237390674447,1563.7149256262935,1513.2725086706066
10,16,5,0.0,0.0,0.0,2800.0,3996.150340809066,3867.242265299096
10,16,6,-0.0,-0.0,-0.0,2800.0,6600.0,4200.0
10,16,7,89.89515300000001,69.28164100000001,58.803597,2800.0,6600.0,4200.0
10,16,8,242.759028,187.491181,158.797259,2800.0,6600.0,4200.0
10,16,9,360.367177,279.527046,235.728905,2800.0,6600.0,4200.0
10,16,10,436.937957,340.478799,285.81655800000004,2800.0,6600.0,4200.0
10,16,11,472.287555,369.596137,308.939979,2800.0,6600.0,4200.0
10,16,12,468.07513400000005,367.437566,306.184486,2800.0,6330.21083371745,4200.0
10,16,13,433.44084200000003,339.578126,283.528972,2800.0,6600.0,4200.0
10,16,14,375.665765,292.781248,245.736252,2800.0,6600.0,4200.0
10,16,15,282.616807,219.16425700000002,184.869641,2800.0,6600.0,4200.0
10,16,16,154.10205,119.116199,100.803596,2800.0,6600.0,4200.0
10,16,17,18.882058,14.658119000000001,12.351421,2800.0,6600.0,4200.0
10,16,18,0.0,0.0,0.0,2800.0,6600.0,4200.0
10,16,19,0.0,0.0,0.0,2800.0,6600.0,4200.0
10,16,20,0.0,0.0,0.0,2800.0,6600.0,4200.0
10,16,21,0.0,0.0,0.0,2800.0,6600.0,4200.0
10,16,22,0.0,0.0,0.0,2800.0,6600.0,4200.0
10,16,23,0.0,0.0,0.0,2800.0,6600.0,4200.0
10,17,0,0.0,0.0,0.0,2800.0,6600.0,4200.0
10,17,1,0.0,0.0,0.0,2800.0,6600.0,4200.0
10,17,2,0.0,0.0,0.0,2800.0,6600.0,4200.0
10,17,3,0.0,0.0,0.0,2800.0,6600.0,4200.0
10,17,4,0.0,0.0,0.0,2800.0,6600.0,4200.0
10,17,5,0.0,0.0,0.0,2800.0,6600.0,4200.0
10,17,6,-0.0,-0.0,-0.0,2800.0,6600.0,4200.0
10,17,7,79.012392,60.823872,51.684798,2800.0,6600.0,4200.0
10,17,8,224.681414,173.190061,146.97205300000002,2800.0,6600.0,4200.0
10,17,9,344.294386,266.414513,225.215125,2800.0,6600.0,4200.0
10,17,10,421.600928,327.548174,275.784066,2800.0,6600.0,4200.0
10,17,11,457.30451,356.64241999999996,299.139041,2800.0,6600.0,4200.0
10,17,12,454.593965,355.544118,297.365977,2800.0,6600.0,4200.0
10,17,13,431.38703999999996,337.849925,282.185507,2800.0,6600.0,4200.0
10,17,14,371.42187199999995,289.755586,242.960172,2800.0,6600.0,4200.0
10,17,15,277.62793800000003,215.429011,181.606245,2800.0,6600.0,4200.0
10,17,16,141.86646299999998,109.669992,92.79986699999999,2800.0,6600.0,4200.0
10,17,17,13.98434,10.871495999999999,9.147651,2800.0,6600.0,4200.0
10,17,18,0.0,0.0,0.0,2800.0,6600.0,4200.0
10,17,19,0.0,0.0,0.0,2800.0,6600.0,4200.0
10,17,20,0.0,0.0,0.0,2800.0,5195.505086201954,4200.0
10,17,21,0.0,0.0,0.0,2061.927887690667,2516.5261621421523,2435.347898847244
10,17,22,0.0,0.0,0.0,858.3289550807331,1047.566834941052,1013.7743563945666
10,17,23,0.0,0.0,0.0,324.6794129073232,396.2622755955519,383.4796215440825
10,18,0,0.0,0.0,0.0,119.20203674758558,145.48280075492727,140.78980718218767
10,18,1,0.0,0.0,0.0,101.6454080931955,124.05541932634095,120.0536316061364
10,18,2,0.0,0.0,0.0,200.6998128762587,244.94859051826847,237.0470230821953
10,18,3,0.0,0.0,0.0,540.5220241907821,659.6922342485923,638.4118395954118
10,18,4,0.0,0.0,0.0,1570.9465066065366,1917.296917511915,1855.44862985024
10,18,5,0.0,0.0,0.0,2800.0,5033.998538121269,4200.0
10,18,6,-0.0,-0.0,-0.0,2800.0,6600.0,4200.0
10,18,7,78.25036,60.225336000000006,51.186325,2800.0,6600.0,4200.0
10,18,8,225.57304000000002,173.88243400000002,147.555297,2800.0,6600.0,4200.0
10,18,9,345.573525,267.63036700000004,226.05185500000002,2800.0,6600.0,4200.0
10,18,10,431.22191399999997,335.950466,282.077493,2800.0,6600.0,4200.0
10,18,11,463.467769,362.833393,303.17064600000003,2800.0,6600.0,4200.0
10,18,12,467.367547,366.291177,305.721628,2800.0,6600.0,4200.0
10,18,13,440.84038400000003,344.45971000000003,288.36927399999996,2800.0,6600.0,4200.0
10,18,14,381.095565,296.467923,249.288076,2800.0,6600.0,4200.0
10,18,15,283.643699,219.727044,185.541367,2800.0,6600.0,4200.0
10,18,16,146.65418400000001,113.26241,95.93168399999999,2800.0,6600.0,4200.0
10,18,17,14.941540999999999,11.603442,9.773790000000002,2800.0,6600.0,4200.0
10,18,18,0.0,0.0,0.0,2800.0,6600.0,4200.0
10,18,19,0.0,0.0,0.0,2800.0,6600.0,4200.0
10,18,20,0.0,0.0,0.0,2800.0,6600.0,4200.0
10,18,21,0.0,0.0,0.0,2800.0,6600.0,4200.0
10,18,22,0.0,0.0,0.0,2800.0,5876.06920203001,4200.0
10,18,23,0.0,0.0,0.0,2800.0,3472.7785151730586,3360.753401780379
10,19,0,0.0,0.0,0.0,1824.2618316438895,2226.4612905889994,2154.639958634516
10,19,1,0.0,0.0,0.0,1136.8810555802274,1387.531996967994,1342.7729002916071
10,19,2,0.0,0.0,0.0,592.796019999516,723.4912055112203,700.1527795269874
10,19,3,0.0,0.0,0.0,278.9149998077284,340.4080706314795,329.42716512723825
10,19,4,0.0,0.0,0.0,119.20203674758558,145.48280075492727,140.78980718218767
10,19,5,0.0,0.0,0.0,85.90327597997313,104.84258092043964,101.4605621810706
10,19,6,-0.0,-0.0,-0.0,278.9149998077284,340.4080706314795,329.42716512723825
10,19,7,82.804209,63.748238,54.165159,2502.4167786610287,3054.130714113854,2955.610368497278
10,19,8,233.47505999999998,180.096509,152.724287,2800.0,6600.0,4200.0
10,19,9,350.350897,271.60133,229.176902,2800.0,6600.0,4200.0
10,19,10,426.190707,332.22743699999995,278.786403,2800.0,6600.0,4200.0
10,19,11,460.436059,360.643844,301.18749699999995,2800.0,6600.0,4200.0
10,19,12,466.783252,365.955577,305.33941999999996,2800.0,6600.0,4200.0
10,19,13,442.088957,345.534972,289.186009,2800.0,6600.0,4200.0
10,19,14,380.531209,296.11722499999996,248.91891099999998,2800.0,6600.0,4200.0
10,19,15,283.305773,219.518025,185.320318,2800.0,6600.0,4200.0
10,19,16,144.803653,111.823976,94.721187,2800.0,6600.0,4200.0
10,19,17,14.447334999999999,11.214597,9.450512,2800.0,6600.0,4200.0
10,19,18,0.0,0.0,0.0,2800.0,6600.0,4200.0
10,19,19,0.0,0.0,0.0,2800.0,6600.0,4200.0
10,19,20,0.0,0.0,0.0,2800.0,6600.0,4200.0
10,19,21,0.0,0.0,0.0,2800.0,6600.0,4200.0
10,19,22,0.0,0.0,0.0,2455.7891050857875,2997.2229235298983,2900.5383130934497
10,19,23,0.0,0.0,0.0,375.1945078601572,457.9145568371997,443.1431195198707
10,20,0,0.0,0.0,0.0,36.240444554051166,44.23046382581048,42.803674670139166
10,20,1,0.0,0.0,0.0,48.57413350122129,59.283391281018105,57.3710238203401
10,20,2,0.0,0.0,0.0,138.67213448175264,169.24551846198156,163.78598560836926
10,20,3,0.0,0.0,0.0,491.4151496175413,599.758647171015,580.4115940364661
10,20,4,0.0,0.0,0.0,1136.8810555802274,1387.531996967994,1342.7729002916071
10,20,5,0.0,0.0,0.0,2020.963642713616,2466.530430083547,2386.964932338916
10,20,6,-0.0,-0.0,-0.0,2800.0,3535.5380679260493,3421.48845283166
10,20,7,84.767623,65.21115400000001,55.449497,2800.0,5444.184846176627,4200.0
10,20,8,237.15158300000002,182.846557,155.129231,1901.3333359069868,2320.524937524275,2245.6692943783305
10,20,9,352.559227,273.228344,230.62144899999998,107.29111938509163,130.9458543676315,126.72179454932082
10,20,10,428.613873,333.91315999999995,280.371481,81.04201369779398,98.90954427683516,95.7189138162921
10,20,11,463.932704,362.900827,303.474777,1940.6700324713545,2368.5342915988967,2292.129959611836
10,20,12,462.861237,362.99553399999996,302.773892,2800.0,6600.0,4200.0
10,20,13,432.574616,339.06719799999996,282.962343,2800.0,6600.0,4200.0
10,20,14,372.740412,290.79424800000004,243.82267499999998,2800.0,6600.0,4200.0
10,20,15,280.208289,217.41735,183.294144,2800.0,6600.0,4200.0
10,20,16,149.48398999999998,115.522515,97.78276,2800.0,6600.0,4200.0
10,20,17,15.328245,11.901641999999999,10.026746999999999,2800.0,6600.0,4200.0
10,20,18,0.0,0.0,0.0,2800.0,6600.0,4200.0
10,20,19,0.0,0.0,0.0,2800.0,6600.0,4200.0
10,20,20,0.0,0.0,0.0,2800.0,6600.0,4200.0
10,20,21,0.0,0.0,0.0,2800.0,6600.0,4200.0
10,20,22,0.0,0.0,0.0,2800.0,6600.0,4200.0
10,20,23,0.0,0.0,0.0,2800.0,4798.06917736812,4200.0
10,21,0,0.0,0.0,0.0,2800.0,3472.7785151730586,3360.753401780379
10,21,1,0.0,0.0,0.0,2800.0,4276.483153260508,4138.532083800491
10,21,2,0.0,0.0,0.0,2800.0,5614.303506012198,4200.0
10,21,3,0.0,0.0,0.0,2800.0,6600.0,4200.0
10,21,4,0.0,0.0,0.0,2800.0,6600.0,4200.0
10,21,5,0.0,0.0,0.0,2800.0,6600.0,4200.0
10,21,6,-0.0,-0.0,-0.0,2800.0,6600.0,4200.0
10,21,7,77.667985,59.738057999999995,50.805374,2800.0,6600.0,4200.0
10,21,8,254.601582,196.25429,166.543892,2800.0,6600.0,4200.0
10,21,9,333.8261,258.48220499999996,218.367449,2800.0,6600.0,4200.0
10,21,10,445.556294,347.302918,291.45411700000005,1940.6700324713545,2368.5342915988967,2292.129959611836
10,21,11,479.14459700000003,374.958404,313.425413,145.60448877556777,177.70626582844886,171.97380564043436
10,21,12,474.777482,372.578217,310.568729,119.20203674758558,145.48280075492727,140.78980718218767
10,21,13,442.68602799999996,346.949712,289.576575,2800.0,3928.035620383037,3801.324793919068
10,21,14,385.636772,300.50773100000004,252.25864,2800.0,6600.0,4200.0
10,21,15,289.257521,224.233662,189.213566,2800.0,6600.0,4200.0
10,21,16,156.712821,121.05614,102.511394,2800.0,6600.0,4200.0
10,21,17,15.749857,12.225072,10.302538,2800.0,6600.0,4200.0
10,21,18,0.0,0.0,0.0,2800.0,6600.0,4200.0
10,21,19,0.0,0.0,0.0,2800.0,6600.0,4200.0
10,21,20,0.0,0.0,0.0,2800.0,6600.0,4200.0
10,21,21,0.0,0.0,0.0,2800.0,6600.0,4200.0
10,21,22,0.0,0.0,0.0,2800.0,6600.0,4200.0
10,21,23,0.0,0.0,0.0,2800.0,6600.0,4200.0
10,22,0,0.0,0.0,0.0,2800.0,6600.0,4200.0
10,22,1,0.0,0.0,0.0,2800.0,6600.0,4200.0
10,22,2,0.0,0.0,0.0,2800.0,6600.0,4200.0
10,22,3,0.0,0.0,0.0,2800.0,6600.0,4200.0
10,22,4,0.0,0.0,0.0,2800.0,6600.0,4200.0
10,22,5,0.0,0.0,0.0,2800.0,6600.0,4200.0
10,22,6,-0.0,-0.0,-0.0,2800.0,6600.0,4200.0
10,22,7,-0.0,-0.0,-0.0,2800.0,6600.0,4200.0
10,22,8,174.272312,134.069031,113.997678,2800.0,6600.0,4200.0
10,22,9,328.605597,253.712368,214.952533,2800.0,6600.0,4200.0
10,22,10,435.255602,337.581751,284.71607,2800.0,6600.0,4200.0
10,22,11,469.695638,365.679416,307.24451500000004,2800.0,6600.0,4200.0
10,22,12,462.166624,360.970309,302.319521,2800.0,6600.0,4200.0
10,22,13,432.813756,338.286679,283.118773,2800.0,6600.0,4200.0
10,22,14,316.69565600000004,246.08718900000002,207.16182,2800.0,6600.0,4200.0
10,22,15,276.59388299999995,214.332608,180.929833,2800.0,6600.0,4200.0
10,22,16,144.72235,111.762471,94.668004,2800.0,6600.0,4200.0
10,22,17,13.775297,10.699572,9.010907999999999,2800.0,6600.0,4200.0
10,22,18,0.0,0.0,0.0,2800.0,6600.0,4200.0
10,22,19,0.0,0.0,0.0,2800.0,6600.0,4200.0
10,22,20,0.0,0.0,0.0,2800.0,6600.0,4200.0
10,22,21,0.0,0.0,0.0,2800.0,4495.12565696385,4200.0
10,22,22,0.0,0.0,0.0,1222.1129067458091,1491.5551224063024,1443.4404410383572
10,22,23,0.0,0.0,0.0,301.21803372418333,367.6283088759718,355.7693311702953
10,23,0,0.0,0.0,0.0,247.56819744046305,302.1501622304864,292.4033828036965
10,23,1,0.0,0.0,0.0,575.0133429544752,701.7879382515248,679.149617662766
10,23,2,0.0,0.0,0.0,727.6412163217148,888.0660514162661,859.4187594350961
10,23,3,0.0,0.0,0.0,748.4297260208111,913.4378545923286,883.9721173474147
10,23,4,0.0,0.0,0.0,748.4297260208111,913.4378545923286,883.9721173474147
10,23,5,0.0,0.0,0.0,1222.1129067458091,1491.5551224063024,1443.4404410383572
10,23,6,-0.0,-0.0,-0.0,2800.0,4798.06917736812,4200.0
10,23,7,94.892207,72.968781,62.072345999999996,2800.0,6600.0,4200.0
10,23,8,247.625158,190.86908499999998,161.980366,2800.0,6600.0,4200.0
10,23,9,361.50088900000003,280.18182,236.470506,2800.0,6600.0,4200.0
10,23,10,426.44223900000003,332.591498,278.950938,2800.0,6600.0,4200.0
10,23,11,454.591752,356.48007900000005,297.36453,2800.0,6600.0,4200.0
10,23,12,455.278498,357.48793900000004,297.813754,2800.0,6600.0,4200.0
10,23,13,430.43820400000004,336.725479,281.56484,2800.0,5360.429636038867,4200.0
10,23,14,370.84889799999996,288.710466,242.58536900000001,2800.0,6600.0,4200.0
10,23,15,274.43352799999997,212.692274,179.516669,2800.0,6600.0,4200.0
10,23,16,145.04598800000002,112.033958,94.879707,2800.0,6600.0,4200.0
10,23,17,13.303525,10.334605999999999,8.702306,2800.0,6600.0,4200.0
10,23,18,0.0,0.0,0.0,2800.0,6600.0,4200.0
10,23,19,0.0,0.0,0.0,2800.0,6600.0,4200.0
10,23,20,0.0,0.0,0.0,2800.0,6600.0,4200.0
10,23,21,0.0,0.0,0.0,2800.0,6600.0,4200.0
10,23,22,0.0,0.0,0.0,2800.0,6600.0,4200.0
10,23,23,0.0,0.0,0.0,2800.0,6600.0,4200.0
10,24,0,0.0,0.0,0.0,2800.0,6600.0,4200.0
10,24,1,0.0,0.0,0.0,2800.0,6600.0,4200.0
10,24,2,0.0,0.0,0.0,2800.0,6600.0,4200.0
10,24,3,0.0,0.0,0.0,2800.0,6237.575082367505,4200.0
10,24,4,0.0,0.0,0.0,2800.0,5033.998538121269,4200.0
10,24,5,0.0,0.0,0.0,2800.0,4569.628998473504,4200.0
10,24,6,-0.0,-0.0,-0.0,2800.0,4721.09628485135,4200.0
10,24,7,84.44569800000001,64.985411,55.238915,2800.0,5965.099051003621,4200.0
10,24,8,239.135027,184.305981,156.426672,2800.0,6518.224790706034,4200.0
10,24,9,357.362928,276.50396,233.76372,2549.630956168769,3111.754316583931,3011.3751450812238
10,24,10,436.695448,339.322875,285.657925,540.5220241907821,659.6922342485923,638.4118395954118
10,24,11,472.22259,368.244003,308.897484,192.09958802440056,234.45225310064637,226.88927719417387
10,24,12,469.37615,367.024666,307.035526,2800.0,5114.326798854228,4200.0
10,24,13,437.01939699999997,341.930796,285.86983100000003,2800.0,6600.0,4200.0
10,24,14,372.73715999999996,290.807637,243.820549,2800.0,6600.0,4200.0
10,24,15,276.408851,214.578954,180.808797,2800.0,6600.0,4200.0
10,24,16,142.485044,110.14439200000001,93.20450199999999,2800.0,6600.0,4200.0
10,24,17,12.519498,9.733359,8.189446,2800.0,6600.0,4200.0
10,24,18,0.0,0.0,0.0,2800.0,6600.0,4200.0
10,24,19,0.0,0.0,0.0,2800.0,6600.0,4200.0
10,24,20,0.0,0.0,0.0,2800.0,6600.0,4200.0
10,24,21,0.0,0.0,0.0,2800.0,4276.483153260508,4138.532083800491
10,24,22,0.0,0.0,0.0,2694.829168782761,3288.9647335537634,3182.869096987513
10,24,23,0.0,0.0,0.0,2597.435303258585,3170.098204764415,3067.83697235266
10,25,0,0.0,0.0,0.0,2455.7891050857875,2997.2229235298983,2900.5383130934497
10,25,1,0.0,0.0,0.0,2409.744269793466,2941.0264710077745,2846.1546493623623
10,25,2,0.0,0.0,0.0,2409.744269793466,2941.0264710077745,2846.1546493623623
10,25,3,0.0,0.0,0.0,1824.2618316438895,2226.4612905889994,2154.639958634516
10,25,4,0.0,0.0,0.0,1164.8359102045422,1421.650126627591,1375.790445123475
10,25,5,0.0,0.0,0.0,905.1368564268978,1104.694588552513,1069.0592792443674
10,25,6,-0.0,-0.0,-0.0,1029.5337295682716,1256.5175439612765,1215.984719962525
10,25,7,90.293024,69.454524,59.063858,2549.630956168769,3111.754316583931,3011.3751450812238
10,25,8,243.84305799999998,187.911827,159.506361,2800.0,6600.0,4200.0
10,25,9,360.086678,278.851961,235.545421,2800.0,6600.0,4200.0
10,25,10,435.525662,339.294756,284.89272700000004,2800.0,6600.0,4200.0
10,25,11,465.88943800000004,364.658537,304.754745,2800.0,6600.0,4200.0
10,25,12,467.785035,366.57325199999997,305.994722,2800.0,6600.0,4200.0
10,25,13,439.160165,342.932809,287.27018300000003,2800.0,6600.0,4200.0
10,25,14,378.61411599999997,294.45114,247.664873,2800.0,6600.0,4200.0
10,25,15,277.79452299999997,215.187164,181.715215,2800.0,6600.0,4200.0
10,25,16,145.444534,112.33487600000001,95.14041,2800.0,6600.0,4200.0
10,25,17,10.833568,8.426582,7.08662,2800.0,6600.0,4200.0
10,25,18,0.0,0.0,0.0,2800.0,6600.0,4200.0
10,25,19,0.0,0.0,0.0,2800.0,4276.483153260508,4138.532083800491
10,25,20,0.0,0.0,0.0,1164.8359102045422,1421.650126627591,1375.790445123475
10,25,21,0.0,0.0,0.0,610.9415963527902,745.6373813754526,721.5845626214057
10,25,22,0.0,0.0,0.0,523.8060511729734,639.2908498567786,618.6685643775277
10,25,23,0.0,0.0,0.0,1536.7967041952045,1875.6180248051708,1815.114217553391
10,26,0,0.0,0.0,0.0,2800.0,6600.0,4200.0
10,26,1,0.0,0.0,0.0,2800.0,6600.0,4200.0
10,26,2,0.0,0.0,0.0,2800.0,6600.0,4200.0
10,26,3,0.0,0.0,0.0,2800.0,6600.0,4200.0
10,26,4,0.0,0.0,0.0,2800.0,6600.0,4200.0
10,26,5,0.0,0.0,0.0,2800.0,6600.0,4200.0
10,26,6,-0.0,-0.0,-0.0,2800.0,6600.0,4200.0
10,26,7,88.883925,68.41573,58.142117,2800.0,6600.0,4200.0
10,26,8,204.176491,157.36265799999998,133.559058,2800.0,6600.0,4200.0
10,26,9,357.349129,276.769598,233.754694,2800.0,6600.0,4200.0
10,26,10,437.87055599999997,340.350123,286.426604,2800.0,6600.0,4200.0
10,26,11,467.412995,363.70857900000004,305.751358,2800.0,6600.0,4200.0
10,26,12,485.41808399999996,377.903818,317.529123,2800.0,6600.0,4200.0
10,26,13,452.604233,351.84694,296.06442300000003,2800.0,6600.0,4200.0
10,26,14,383.80649800000003,297.64926299999996,251.061394,2800.0,6600.0,4200.0
10,26,15,173.480853,133.942709,113.479957,2800.0,6600.0,4200.0
10,26,16,146.04359599999998,112.68458100000001,95.53227700000001,2800.0,5700.675903358588,4200.0
10,26,17,10.073043,7.834810999999999,6.5891329999999995,1109.377075854021,1353.9641476958525,1310.287884866954
10,26,18,0.0,0.0,0.0,523.8060511729734,639.2908498567786,618.6685643775277
10,26,19,0.0,0.0,0.0,460.3878697051685,561.8907071204812,543.7652004391754
10,26,20,0.0,0.0,0.0,1503.1454301264964,1834.5475722016292,1775.3686182596414
10,26,21,0.0,0.0,0.0,2800.0,6600.0,4200.0
10,26,22,0.0,0.0,0.0,2800.0,6600.0,4200.0
10,26,23,0.0,0.0,0.0,2800.0,6600.0,4200.0
10,27,0,0.0,0.0,0.0,2800.0,6600.0,4200.0
10,27,1,0.0,0.0,0.0,2800.0,6600.0,4200.0
10,27,2,0.0,0.0,0.0,2800.0,6600.0,4200.0
10,27,3,0.0,0.0,0.0,2800.0,5614.303506012198,4200.0
10,27,4,0.0,0.0,0.0,2800.0,4798.06917736812,4200.0
10,27,5,0.0,0.0,0.0,2800.0,6145.847517348083,4200.0
10,27,6,-0.0,-0.0,-0.0,2800.0,6600.0,4200.0
10,27,7,94.221881,72.513636,61.633862,2800.0,6600.0,4200.0
10,27,8,250.846098,193.475456,164.08729699999998,2800.0,6600.0,4200.0
10,27,9,365.678794,283.165359,239.203421,2800.0,6600.0,4200.0
10,27,10,441.373152,342.841983,288.717776,2800.0,6600.0,4200.0
10,27,11,483.953325,376.56379,316.570972,2800.0,6600.0,4200.0
10,27,12,489.99294799999996,381.26023499999997,320.521703,2800.0,6600.0,4200.0
10,27,13,458.85006599999997,356.513663,300.150043,2800.0,6600.0,4200.0
10,27,14,389.319099,301.82397,254.66738,2800.0,6600.0,4200.0
10,27,15,285.24397600000003,220.53370199999998,186.588165,2800.0,6600.0,4200.0
10,27,16,146.109296,112.71606,95.575253,2800.0,6600.0,4200.0
10,27,17,10.391072,8.079515,6.797168,2800.0,6600.0,4200.0
10,27,18,0.0,0.0,0.0,2800.0,6600.0,4200.0
10,27,19,0.0,0.0,0.0,2800.0,6518.224790706034,4200.0
10,27,20,0.0,0.0,0.0,2800.0,4798.06917736812,4200.0
10,27,21,0.0,0.0,0.0,2597.435303258585,3170.098204764415,3067.83697235266
10,27,22,0.0,0.0,0.0,2103.4419801044355,2567.192967843996,2484.3802914619314
10,27,23,0.0,0.0,0.0,2275.070137118247,2776.660403569514,2687.090713131788
10,28,0,0.0,0.0,0.0,2800.0,3472.7785151730586,3360.753401780379
10,28,1,0.0,0.0,0.0,2800.0,4569.628998473504,4200.0
10,28,2,0.0,0.0,0.0,2800.0,5614.303506012198,4200.0
10,28,3,0.0,0.0,0.0,2800.0,5195.505086201954,4200.0
10,28,4,0.0,0.0,0.0,2409.744269793466,2941.0264710077745,2846.1546493623623
10,28,5,0.0,0.0,0.0,540.5220241907821,659.6922342485923,638.4118395954118
10,28,6,-0.0,-0.0,-0.0,18.20056109694597,22.213283228556108,21.496725705054292
10,28,7,90.69545600000001,69.803833,59.327103,218.66271769222345,266.87182080546955,258.26305239238985
10,28,8,242.132279,186.635567,158.38728,858.3289550807331,1047.566834941052,1013.7743563945666
10,28,9,361.87637900000004,279.705691,236.716128,375.1945078601572,457.9145568371997,443.1431195198707
10,28,10,441.013754,341.66853000000003,288.48268099999996,175.6432651850418,214.36776459591715,207.4526754154037
10,28,11,484.284294,375.767667,316.78747100000004,4.190448409383788,5.114326798854229,4.949348515020222
10,28,12,488.40004999999996,379.03283500000003,319.479732,200.6998128762587,244.94859051826847,237.0470230821953
10,28,13,448.20762,347.43838400000004,293.188443,2597.435303258585,3170.098204764415,3067.83697235266
10,28,14,378.919221,293.221956,247.864453,2800.0,6600.0,4200.0
10,28,15,277.48945199999997,214.255324,181.51565599999998,2800.0,6600.0,4200.0
10,28,16,142.760805,110.04411900000001,93.384887,2800.0,6600.0,4200.0
10,28,17,10.26601,7.978825,6.7153599999999996,2800.0,6600.0,4200.0
10,28,18,0.0,0.0,0.0,2800.0,6600.0,4200.0
10,28,19,0.0,0.0,0.0,2800.0,6600.0,4200.0
10,28,20,0.0,0.0,0.0,2800.0,6600.0,4200.0
10,28,21,0.0,0.0,0.0,2800.0,5360.429636038867,4200.0
10,28,22,0.0,0.0,0.0,2800.0,3728.344236364732,3608.075067449741
10,28,23,0.0,0.0,0.0,2455.7891050857875,2997.2229235298983,2900.5383130934497
10,29,0,0.0,0.0,0.0,2145.5095856044995,2618.5353210133653,2534.066439690353
10,29,1,0.0,0.0,0.0,1373.4523042863404,1676.2606863337226,1622.1877609681185
10,29,2,0.0,0.0,0.0,1003.7965929387176,1225.1060779960724,1185.5865270929733
10,29,3,0.0,0.0,0.0,1570.9465066065366,1917.296917511915,1855.44862985024
10,29,4,0.0,0.0,0.0,2800.0,3794.137041985159,3671.7455245017663
10,29,5,0.0,0.0,0.0,2800.0,5614.303506012198,4200.0
10,29,6,-0.0,-0.0,-0.0,2800.0,6600.0,4200.0
10,29,7,80.73898200000001,62.166779000000005,52.814220999999996,2800.0,6600.0,4200.0
10,29,8,236.011244,182.00625200000002,154.383295,2800.0,6600.0,4200.0
10,29,9,355.114909,274.66396399999996,232.293211,2800.0,6600.0,4200.0
10,29,10,448.062069,347.53924800000004,293.093233,2800.0,4205.209912886971,4069.5579802131983
10,29,11,491.535771,381.797906,321.530918,1862.5318241810248,2273.168761795739,2199.840737221683
10,29,12,495.782701,385.170272,324.308985,2645.8334855800563,3229.1668524795964,3125.000179818964
10,29,13,464.417661,360.444266,303.792004,2800.0,6600.0,4200.0
10,29,14,392.610212,304.119322,256.820214,2800.0,6600.0,4200.0
10,29,15,285.14531800000003,220.335516,186.523629,2800.0,6600.0,4200.0
10,29,16,141.179794,108.878661,92.350692,2800.0,6600.0,4200.0
10,29,17,9.105540000000001,7.083012,5.9562550000000005,2800.0,6600.0,4200.0
10,29,18,0.0,0.0,0.0,2800.0,6600.0,4200.0
10,29,19,0.0,0.0,0.0,2800.0,6600.0,4200.0
10,29,20,0.0,0.0,0.0,2800.0,6600.0,4200.0
10,29,21,0.0,0.0,0.0,2800.0,6600.0,4200.0
10,29,22,0.0,0.0,0.0,2800.0,6600.0,4200.0
10,29,23,0.0,0.0,0.0,2800.0,6600.0,4200.0
10,30,0,0.0,0.0,0.0,2800.0,6600.0,4200.0
10,30,1,0.0,0.0,0.0,2800.0,6600.0,4200.0
10,30,2,0.0,0.0,0.0,2800.0,6600.0,4200.0
10,30,3,0.0,0.0,0.0,2800.0,6600.0,4200.0
10,30,4,0.0,0.0,0.0,2800.0,6600.0,4200.0
10,30,5,0.0,0.0,0.0,2800.0,6600.0,4200.0
10,30,6,-0.0,-0.0,-0.0,2800.0,6600.0,4200.0
10,30,7,88.439535,68.020624,57.851425000000006,2800.0,6600.0,4200.0
10,30,8,245.683078,189.407067,160.709983,2800.0,6600.0,4200.0
10,30,9,364.783393,282.717641,238.61770800000002,2800.0,6600.0,4200.0
10,30,10,430.117026,335.262183,281.354746,2800.0,6600.0,4200.0
10,30,11,461.24888,361.43967200000003,301.71919199999996,2800.0,6600.0,4200.0
10,30,12,461.345898,362.18225,301.78265500000003,2800.0,6600.0,4200.0
10,30,13,438.48803200000003,342.842633,286.830517,2800.0,6600.0,4200.0
10,30,14,377.92854700000004,294.200817,247.216418,2800.0,6600.0,4200.0
10,30,15,277.465508,215.100663,181.49999400000002,2800.0,6600.0,4200.0
10,30,16,140.386817,108.443969,91.831978,2800.0,6600.0,4200.0
10,30,17,8.362727000000001,6.512069,5.470355,2800.0,6600.0,4200.0
10,30,18,0.0,0.0,0.0,2800.0,6600.0,4200.0
10,30,19,0.0,0.0,0.0,2800.0,6600.0,4200.0
10,30,20,0.0,0.0,0.0,2800.0,6600.0,4200.0
10,30,21,0.0,0.0,0.0,2800.0,6600.0,4200.0
10,30,22,0.0,0.0,0.0,2800.0,6600.0,4200.0
10,30,23,0.0,0.0,0.0,2800.0,6600.0,4200.0
10,31,0,0.0,0.0,0.0,2800.0,6600.0,4200.0
10,31,1,0.0,0.0,0.0,2800.0,6600.0,4200.0
10,31,2,0.0,0.0,0.0,2800.0,6600.0,4200.0
10,31,3,0.0,0.0,0.0,2800.0,6600.0,4200.0
10,31,4,0.0,0.0,0.0,2800.0,6600.0,4200.0
10,31,5,0.0,0.0,0.0,2800.0,6600.0,4200.0
10,31,6,-0.0,-0.0,-0.0,2800.0,6600.0,4200.0
10,31,7,73.000097,56.12807,47.751943,2800.0,6600.0,4200.0
10,31,8,228.655993,175.97662400000002,149.571965,2800.0,6600.0,4200.0
10,31,9,347.32651699999997,268.300816,227.19854899999999,2800.0,6600.0,4200.0
10,31,10,444.223678,344.592611,290.582406,2800.0,6600.0,4200.0
10,31,11,483.733274,376.143539,316.427029,2800.0,6600.0,4200.0
10,31,12,484.315997,376.848277,316.808208,2800.0,6600.0,4200.0
10,31,13,451.558597,351.138529,295.380436,953.6162939806846,1163.862406039418,1126.3184574575014
10,31,14,376.421545,292.091609,246.23063399999998,416.3395915497286,508.1309975606924,491.7396750587345
10,31,15,272.085651,210.52594399999998,177.980839,2800.0,3599.0492231594667,3482.9508611220645
10,31,16,128.309989,99.042702,83.932098,2800.0,6600.0,4200.0
10,31,17,5.331223,4.167789,3.487341,2800.0,6600.0,4200.0
10,31,18,0.0,0.0,0.0,2800.0,6600.0,4200.0
10,31,19,0.0,0.0,0.0,2800.0,6600.0,4200.0
10,31,20,0.0,0.0,0.0,2800.0,6600.0,4200.0
10,31,21,0.0,0.0,0.0,2800.0,6600.0,4200.0
10,31,22,0.0,0.0,0.0,2800.0,6600.0,4200.0
10,31,23,0.0,0.0,0.0,2800.0,6600.0,4200.0
11,1,0,0.0,0.0,0.0,2800.0,6600.0,4200.0
11,1,1,0.0,0.0,0.0,2800.0,6600.0,4200.0
11,1,2,0.0,0.0,0.0,2800.0,6600.0,4200.0
11,1,3,0.0,0.0,0.0,2800.0,6600.0,4200.0
11,1,4,0.0,0.0,0.0,2800.0,6600.0,4200.0
11,1,5,0.0,0.0,0.0,2800.0,6600.0,4200.0
11,1,6,-0.0,-0.0,-0.0,2800.0,6600.0,4200.0
11,1,7,90.207937,69.322029,59.008199999999995,2800.0,6600.0,4200.0
11,1,8,246.64673499999998,189.823923,161.34034599999998,2800.0,6600.0,4200.0
11,1,9,363.639632,280.847905,237.86953400000002,2800.0,6600.0,4200.0
11,1,10,441.37613799999997,342.172983,288.719729,2800.0,6600.0,4200.0
11,1,11,475.773479,370.088908,311.220246,2800.0,6600.0,4200.0
11,1,12,471.686297,367.908927,308.546675,2800.0,6600.0,4200.0
11,1,13,432.879152,338.021424,283.161551,835.542666361563,1019.7567975278918,986.8614169624758
11,1,14,370.774886,288.53267800000003,242.53695499999998,9.545962443012346,11.650584083991449,11.274758790959464
11,1,15,273.75387,211.987666,179.07208,2145.5095856044995,2618.5353210133653,2534.066439690353
11,1,16,140.014823,108.044969,91.588644,2800.0,6600.0,4200.0
11,1,17,8.364825999999999,6.510446,5.471728,2800.0,6600.0,4200.0
11,1,18,0.0,0.0,0.0,2800.0,6600.0,4200.0
11,1,19,0.0,0.0,0.0,2800.0,6600.0,4200.0
11,1,20,0.0,0.0,0.0,2800.0,6600.0,4200.0
11,1,21,0.0,0.0,0.0,2800.0,6600.0,4200.0
11,1,22,0.0,0.0,0.0,2800.0,6600.0,4200.0
11,1,23,0.0,0.0,0.0,2800.0,6600.0,4200.0
11,2,0,0.0,0.0,0.0,2800.0,6600.0,4200.0
11,2,1,0.0,0.0,0.0,2800.0,6600.0,4200.0
11,2,2,0.0,0.0,0.0,2800.0,6600.0,4200.0
11,2,3,0.0,0.0,0.0,2800.0,6600.0,4200.0
11,2,4,0.0,0.0,0.0,2800.0,6600.0,4200.0
11,2,5,0.0,0.0,0.0,2800.0,6600.0,4200.0
11,2,6,-0.0,-0.0,-0.0,2800.0,6600.0,4200.0
11,2,7,78.52212399999999,60.342054,51.364095999999996,2800.0,6600.0,4200.0
11,2,8,233.93221599999998,179.977339,153.02333,2800.0,6600.0,4200.0
11,2,9,353.769548,273.112012,231.413163,2800.0,6600.0,4200.0
11,2,10,435.24780699999997,337.27784399999996,284.710972,2800.0,6600.0,4200.0
11,2,11,472.679141,367.520482,309.19613,2800.0,6600.0,4200.0
11,2,12,468.07252,364.959016,306.182776,2800.0,6600.0,4200.0
11,2,13,428.890973,334.887333,280.552742,2800.0,6600.0,4200.0
11,2,14,365.66851,284.55472,239.19669399999998,2800.0,6600.0,4200.0
11,2,15,269.962329,208.95736300000002,176.591899,2800.0,6600.0,4200.0
11,2,16,136.04540599999999,104.952168,88.99210799999999,2800.0,6600.0,4200.0
11,2,17,7.516032,5.854469,4.916502,2800.0,6600.0,4200.0
11,2,18,0.0,0.0,0.0,2800.0,6600.0,4200.0
11,2,19,0.0,0.0,0.0,2800.0,6600.0,4200.0
11,2,20,0.0,0.0,0.0,2800.0,6600.0,4200.0
11,2,21,0.0,0.0,0.0,2800.0,6600.0,4200.0
11,2,22,0.0,0.0,0.0,2800.0,6600.0,4200.0
11,2,23,0.0,0.0,0.0,2800.0,6600.0,4200.0
11,3,0,0.0,0.0,0.0,2800.0,6600.0,4200.0
11,3,1,0.0,0.0,0.0,2800.0,6600.0,4200.0
11,3,2,0.0,0.0,0.0,2800.0,6600.0,4200.0
11,3,3,0.0,0.0,0.0,2800.0,5114.326798854228,4200.0
11,3,4,0.0,0.0,0.0,2800.0,5277.537873988738,4200.0
11,3,5,0.0,0.0,0.0,2800.0,6600.0,4200.0
11,3,6,-0.0,-0.0,-0.0,2800.0,6600.0,4200.0
11,3,7,75.544376,58.094620000000006,49.416246,2800.0,6600.0,4200.0
11,3,8,228.609045,176.083423,149.541255,2800.0,6600.0,4200.0
11,3,9,344.079347,266.277576,225.07446,2800.0,6600.0,4200.0
11,3,10,416.518468,323.96968499999997,272.459449,2800.0,6600.0,4200.0
11,3,11,457.804807,356.84983,299.46630200000004,2800.0,6600.0,4200.0
11,3,12,467.512522,364.153365,305.816462,2800.0,6600.0,4200.0
11,3,13,431.18393199999997,335.03009000000003,282.052647,2800.0,6600.0,4200.0
11,3,14,364.552211,282.447626,238.466484,2800.0,6600.0,4200.0
11,3,15,263.557739,203.606921,172.402431,2800.0,6600.0,4200.0
11,3,16,129.366245,99.73130499999999,84.62303299999999,2800.0,6600.0,4200.0
11,3,17,6.17657,4.817198,4.040313,2800.0,6600.0,4200.0
11,3,18,0.0,0.0,0.0,2800.0,6600.0,4200.0
11,3,19,0.0,0.0,0.0,2800.0,6600.0,4200.0
11,3,20,0.0,0.0,0.0,2800.0,6600.0,4200.0
11,3,21,0.0,0.0,0.0,2800.0,6600.0,4200.0
11,3,22,0.0,0.0,0.0,2800.0,6600.0,4200.0
11,3,23,0.0,0.0,0.0,2800.0,6600.0,4200.0
11,4,0,0.0,0.0,0.0,2800.0,6600.0,4200.0
11,4,1,0.0,0.0,0.0,2800.0,6600.0,4200.0
11,4,2,0.0,0.0,0.0,2800.0,6600.0,4200.0
11,4,3,0.0,0.0,0.0,2800.0,6600.0,4200.0
11,4,4,0.0,0.0,0.0,2800.0,6600.0,4200.0
11,4,5,0.0,0.0,0.0,2800.0,6600.0,4200.0
11,4,6,-0.0,-0.0,-0.0,2800.0,6600.0,4200.0
11,4,7,72.78371700000001,56.022399,47.610400999999996,2800.0,6600.0,4200.0
11,4,8,223.023584,171.946639,145.887608,2800.0,6600.0,4200.0
11,4,9,337.368387,261.091675,220.684584,2800.0,6600.0,4200.0
11,4,10,423.95882900000004,328.985885,277.326452,2800.0,6600.0,4200.0
11,4,11,469.372896,364.52840999999995,307.033398,2800.0,6600.0,4200.0
11,4,12,478.270571,371.232036,312.853682,2800.0,6600.0,4200.0
11,4,13,444.57231,344.566062,290.810458,2800.0,6600.0,4200.0
11,4,14,374.78128499999997,289.898919,245.157683,2800.0,6600.0,4200.0
11,4,15,270.622327,208.86854,177.023627,2800.0,6600.0,4200.0
11,4,16,133.279975,102.699602,87.183141,2800.0,6600.0,4200.0
11,4,17,6.979921999999999,5.437315,4.5658140000000005,2800.0,6600.0,4200.0
11,4,18,0.0,0.0,0.0,2800.0,6600.0,4200.0
11,4,19,0.0,0.0,0.0,2800.0,6600.0,4200.0
11,4,20,0.0,0.0,0.0,2800.0,6600.0,4200.0
11,4,21,0.0,0.0,0.0,2800.0,6600.0,4200.0
11,4,22,0.0,0.0,0.0,2800.0,6600.0,4200.0
11,4,23,0.0,0.0,0.0,2800.0,6600.0,4200.0
11,5,0,0.0,0.0,0.0,2800.0,6600.0,4200.0
11,5,1,0.0,0.0,0.0,2800.0,6600.0,4200.0
11,5,2,0.0,0.0,0.0,2800.0,6600.0,4200.0
11,5,3,0.0,0.0,0.0,2800.0,6600.0,4200.0
11,5,4,0.0,0.0,0.0,2800.0,6600.0,4200.0
11,5,5,0.0,0.0,0.0,2800.0,6600.0,4200.0
11,5,6,-0.0,-0.0,-0.0,2800.0,6600.0,4200.0
11,5,7,72.026126,55.488422,47.114834,2800.0,6600.0,4200.0
11,5,8,221.84524199999998,171.279946,145.116813,2800.0,6600.0,4200.0
11,5,9,337.991701,262.02543299999996,221.09231599999998,2800.0,6600.0,4200.0
11,5,10,414.254229,322.41249200000004,270.978331,2800.0,6600.0,4200.0
11,5,11,453.787166,354.177071,296.83822100000003,2800.0,6600.0,4200.0
11,5,12,459.21713900000003,358.499897,300.390158,2800.0,6600.0,4200.0
11,5,13,431.853094,336.529489,282.490369,2800.0,6600.0,4200.0
11,5,14,368.153228,285.98704599999996,240.82203700000002,2800.0,6600.0,4200.0
11,5,15,268.553081,207.871051,175.67006099999998,2800.0,6600.0,4200.0
11,5,16,134.652073,103.927606,88.080679,2800.0,6600.0,4200.0
11,5,17,6.78554,5.2915,4.438661,2800.0,6600.0,4200.0
11,5,18,0.0,0.0,0.0,2800.0,6600.0,4200.0
11,5,19,0.0,0.0,0.0,2800.0,6600.0,4200.0
11,5,20,0.0,0.0,0.0,2800.0,6600.0,4200.0
11,5,21,0.0,0.0,0.0,2800.0,6600.0,4200.0
11,5,22,0.0,0.0,0.0,2800.0,6600.0,4200.0
11,5,23,0.0,0.0,0.0,2800.0,6600.0,4200.0
11,6,0,0.0,0.0,0.0,2800.0,6600.0,4200.0
11,6,1,0.0,0.0,0.0,2800.0,6600.0,4200.0
11,6,2,0.0,0.0,0.0,2800.0,6600.0,4200.0
11,6,3,0.0,0.0,0.0,2800.0,6600.0,4200.0
11,6,4,0.0,0.0,0.0,2800.0,6600.0,4200.0
11,6,5,0.0,0.0,0.0,2800.0,6600.0,4200.0
11,6,6,-0.0,-0.0,-0.0,2800.0,6600.0,4200.0
11,6,7,79.738868,61.306095,52.160011,2800.0,6600.0,4200.0
11,6,8,237.38234599999998,182.761582,155.280181,2800.0,6600.0,4200.0
11,6,9,357.62721500000004,276.41230099999996,233.936599,2800.0,6600.0,4200.0
11,6,10,434.60173599999996,337.567756,284.28835399999997,2800.0,6600.0,4200.0
11,6,11,461.236038,360.14599200000004,301.710792,2800.0,6600.0,4200.0
11,6,12,451.57694,354.115099,295.392434,2800.0,6600.0,4200.0
11,6,13,422.175072,330.123105,276.159633,2800.0,6600.0,4200.0
11,6,14,365.544067,284.356314,239.11529199999998,2800.0,6600.0,4200.0
11,6,15,268.434226,207.803574,175.59231400000002,2800.0,6600.0,4200.0
11,6,16,133.270986,102.834517,87.177261,2800.0,6600.0,4200.0
11,6,17,6.168941,4.813664,4.035322,2800.0,6600.0,4200.0
11,6,18,0.0,0.0,0.0,2800.0,6600.0,4200.0
11,6,19,0.0,0.0,0.0,2800.0,6600.0,4200.0
11,6,20,0.0,0.0,0.0,2800.0,6600.0,4200.0
11,6,21,0.0,0.0,0.0,2800.0,6600.0,4200.0
11,6,22,0.0,0.0,0.0,2800.0,6600.0,4200.0
11,6,23,0.0,0.0,0.0,2800.0,6600.0,4200.0
11,7,0,0.0,0.0,0.0,2800.0,6600.0,4200.0
11,7,1,0.0,0.0,0.0,2800.0,6600.0,4200.0
11,7,2,0.0,0.0,0.0,2800.0,6600.0,4200.0
11,7,3,0.0,0.0,0.0,2800.0,6600.0,4200.0
11,7,4,0.0,0.0,0.0,2800.0,6600.0,4200.0
11,7,5,0.0,0.0,0.0,2800.0,6600.0,4200.0
11,7,6,-0.0,-0.0,-0.0,2800.0,6600.0,4200.0
11,7,7,80.172159,61.691084000000004,52.443442000000005,2800.0,6600.0,4200.0
11,7,8,233.42430199999998,180.136538,152.691085,2800.0,6600.0,4200.0
11,7,9,342.433343,265.903456,223.99775,2800.0,6600.0,4200.0
11,7,10,413.258101,321.661316,270.326728,2800.0,6600.0,4200.0
11,7,11,457.40193,356.42971500000004,299.202766,2800.0,6600.0,4200.0
11,7,12,464.833375,362.12690399999997,304.06393699999995,2800.0,6600.0,4200.0
11,7,13,432.382289,336.268359,282.83653499999997,2800.0,6600.0,4200.0
11,7,14,365.85972999999996,283.852592,239.321778,2800.0,6600.0,4200.0
11,7,15,263.935422,204.15377299999997,172.649486,2800.0,6600.0,4200.0
11,7,16,129.561185,99.97908,84.75055,2800.0,6600.0,4200.0
11,7,17,5.293064,4.135697,3.46238,2800.0,6600.0,4200.0
11,7,18,0.0,0.0,0.0,2800.0,6600.0,4200.0
11,7,19,0.0,0.0,0.0,2800.0,6600.0,4200.0
11,7,20,0.0,0.0,0.0,2800.0,6600.0,4200.0
11,7,21,0.0,0.0,0.0,2800.0,6600.0,4200.0
11,7,22,0.0,0.0,0.0,2800.0,6600.0,4200.0
11,7,23,0.0,0.0,0.0,2800.0,4569.628998473504,4200.0
11,8,0,0.0,0.0,0.0,1749.3017415377876,2134.9745664437564,2066.104419139119
11,8,1,0.0,0.0,0.0,881.5257965526516,1075.877940674496,1041.1722006527382
11,8,2,0.0,0.0,0.0,592.796019999516,723.4912055112203,700.1527795269874
11,8,3,0.0,0.0,0.0,312.8020973326286,381.76633926423176,369.45129606215977
11,8,4,0.0,0.0,0.0,131.96338481220266,161.05767437709773,155.86226552622358
11,8,5,0.0,0.0,0.0,28.504091119435778,34.78845766545312,33.666249353664305
11,8,6,0.0,0.0,0.0,3.0015560628812588,3.663316454697599,3.5451449561589667
11,8,7,61.352540999999995,47.22653,40.132864999999995,76.36769954409877,93.20467267193158,90.19807032767572
11,8,8,211.110838,162.635636,138.09505900000002,218.66271769222345,266.87182080546955,258.26305239238985
11,8,9,328.181753,253.755774,214.675282,336.8536460978451,411.1205916942204,397.8586371234391
11,8,10,408.918277,317.099725,267.48789500000004,475.7328897807615,580.6188812284884,561.8892398985372
11,8,11,452.937211,351.73357799999997,296.282235,769.610460224766,939.288356967234,908.9887325489362
11,8,12,456.704214,354.763875,298.74636499999997,2275.070137118247,2776.660403569514,2687.090713131788
11,8,13,427.980461,332.18041800000003,279.95714399999997,2800.0,6600.0,4200.0
11,8,14,355.88269,275.669315,232.79544399999997,2800.0,6600.0,4200.0
11,8,15,253.82786199999998,196.132337,166.037774,2800.0,6600.0,4200.0
11,8,16,120.894432,93.238667,79.08132,2800.0,6600.0,4200.0
11,8,17,3.523479,2.767157,2.3048319999999998,2800.0,6600.0,4200.0
11,8,18,0.0,0.0,0.0,2800.0,6600.0,4200.0
11,8,19,0.0,0.0,0.0,2800.0,6600.0,4200.0
11,8,20,0.0,0.0,0.0,2800.0,6600.0,4200.0
11,8,21,0.0,0.0,0.0,2800.0,6600.0,4200.0
11,8,22,0.0,0.0,0.0,2800.0,6600.0,4200.0
11,8,23,0.0,0.0,0.0,2800.0,6600.0,4200.0
11,9,0,0.0,0.0,0.0,2800.0,6600.0,4200.0
11,9,1,0.0,0.0,0.0,2800.0,6600.0,4200.0
11,9,2,0.0,0.0,0.0,2800.0,6600.0,4200.0
11,9,3,0.0,0.0,0.0,2800.0,6600.0,4200.0
11,9,4,0.0,0.0,0.0,2800.0,6600.0,4200.0
11,9,5,0.0,0.0,0.0,2800.0,6600.0,4200.0
11,9,6,0.0,0.0,0.0,2800.0,6600.0,4200.0
11,9,7,59.091904,45.466972999999996,38.654102,2800.0,6600.0,4200.0
11,9,8,209.10836600000002,160.931419,136.785172,2800.0,6600.0,4200.0
11,9,9,327.03033600000003,252.391327,213.92209899999997,2800.0,6600.0,4200.0
11,9,10,407.963256,315.58875,266.863183,2800.0,6600.0,4200.0
11,9,11,453.50550699999997,351.27937099999997,296.653978,2800.0,6600.0,4200.0
11,9,12,458.30181,355.045668,299.791409,2800.0,6600.0,4200.0
11,9,13,430.08413900000005,332.99277,281.333234,2800.0,6600.0,4200.0
11,9,14,358.084595,276.803555,234.235788,2800.0,6600.0,4200.0
11,9,15,254.175467,196.10170300000001,166.265155,2800.0,6600.0,4200.0
11,9,16,120.555204,92.897358,78.85941899999999,2800.0,6600.0,4200.0
11,9,17,3.552899,2.7870100000000004,2.3240770000000004,2800.0,6600.0,4200.0
11,9,18,0.0,0.0,0.0,2800.0,6600.0,4200.0
11,9,19,0.0,0.0,0.0,2800.0,6600.0,4200.0
11,9,20,0.0,0.0,0.0,2800.0,6600.0,4200.0
11,9,21,0.0,0.0,0.0,2800.0,6600.0,4200.0
11,9,22,0.0,0.0,0.0,2800.0,6600.0,4200.0
11,9,23,0.0,0.0,0.0,2800.0,6600.0,4200.0
11,10,0,0.0,0.0,0.0,2800.0,6600.0,4200.0
11,10,1,0.0,0.0,0.0,2800.0,6600.0,4200.0
11,10,2,0.0,0.0,0.0,2800.0,6600.0,4200.0
11,10,3,0.0,0.0,0.0,2800.0,6600.0,4200.0
11,10,4,0.0,0.0,0.0,2800.0,6600.0,4200.0
11,10,5,0.0,0.0,0.0,2800.0,6600.0,4200.0
11,10,6,0.0,0.0,0.0,2800.0,6600.0,4200.0
11,10,7,67.71140799999999,52.073833,44.292425,2800.0,6600.0,4200.0
11,10,8,228.111547,175.50382399999998,149.215824,2800.0,6600.0,4200.0
11,10,9,352.359103,271.87519199999997,230.490541,2800.0,6600.0,4200.0
11,10,10,438.042442,338.82003499999996,286.53904100000005,2800.0,6600.0,4200.0
11,10,11,478.15888,370.407285,312.78062,2800.0,6600.0,4200.0
11,10,12,477.643684,370.147111,312.443613,2800.0,5033.998538121269,4200.0
11,10,13,437.374658,338.76435499999997,286.10222,445.37642374118406,543.569651022705,526.0351461510048
11,10,14,359.104784,277.754576,234.90312899999998,1222.1129067458091,1491.5551224063024,1443.4404410383572
11,10,15,248.17636,191.624265,162.34092800000002,2800.0,6600.0,4200.0
11,10,16,118.687927,91.553535,77.637967,2800.0,6600.0,4200.0
11,10,17,2.38535,1.8888520000000002,1.5603420000000001,2800.0,6600.0,4200.0
11,10,18,0.0,0.0,0.0,2800.0,6600.0,4200.0
11,10,19,0.0,0.0,0.0,2800.0,6600.0,4200.0
11,10,20,0.0,0.0,0.0,2800.0,6600.0,4200.0
11,10,21,0.0,0.0,0.0,2800.0,6600.0,4200.0
11,10,22,0.0,0.0,0.0,2800.0,6600.0,4200.0
11,10,23,0.0,0.0,0.0,2800.0,4276.483153260508,4138.532083800491
11,11,0,0.0,0.0,0.0,1712.6043126696648,2090.186365856677,2022.7609992161392
11,11,1,0.0,0.0,0.0,1003.7965929387176,1225.1060779960724,1185.5865270929733
11,11,2,0.0,0.0,0.0,953.6162939806846,1163.862406039418,1126.3184574575014
11,11,3,0.0,0.0,0.0,2145.5095856044995,2618.5353210133653,2534.066439690353
11,11,4,0.0,0.0,0.0,2800.0,4348.55720818164,4200.0
11,11,5,0.0,0.0,0.0,2800.0,6600.0,4200.0
11,11,6,0.0,0.0,0.0,2800.0,6600.0,4200.0
11,11,7,42.8737,33.007275,28.045202,2800.0,6600.0,4200.0
11,11,8,185.39836,142.516527,121.275619,2800.0,6600.0,4200.0
11,11,9,308.907441,237.98313399999998,202.067273,2800.0,6600.0,4200.0
11,11,10,409.39049900000003,316.18391499999996,267.79679200000004,2800.0,6145.847517348083,4200.0
11,11,11,448.942842,347.28783500000003,293.66937800000005,2549.630956168769,3111.754316583931,3011.3751450812238
11,11,12,448.155571,346.874845,293.154396,2364.2786071344885,2885.536882723194,2792.4550477966395
11,11,13,388.76387300000005,300.704854,254.30418799999998,2800.0,6600.0,4200.0
11,11,14,319.894682,247.186701,209.254416,2800.0,6600.0,4200.0
11,11,15,217.559402,167.897395,142.31329300000002,2800.0,6600.0,4200.0
11,11,16,95.890557,73.974788,62.725402,2800.0,6600.0,4200.0
11,11,17,-0.0,-0.0,-0.0,2800.0,6600.0,4200.0
11,11,18,0.0,0.0,0.0,2800.0,6600.0,4200.0
11,11,19,0.0,0.0,0.0,2800.0,6600.0,4200.0
11,11,20,0.0,0.0,0.0,2800.0,6600.0,4200.0
11,11,21,0.0,0.0,0.0,2800.0,6600.0,4200.0
11,11,22,0.0,0.0,0.0,2800.0,6600.0,4200.0
11,11,23,0.0,0.0,0.0,2800.0,6600.0,4200.0
11,12,0,0.0,0.0,0.0,2800.0,6600.0,4200.0
11,12,1,0.0,0.0,0.0,2800.0,6600.0,4200.0
11,12,2,0.0,0.0,0.0,2800.0,6600.0,4200.0
11,12,3,0.0,0.0,0.0,2800.0,6600.0,4200.0
11,12,4,0.0,0.0,0.0,2800.0,6600.0,4200.0
11,12,5,0.0,0.0,0.0,2800.0,6600.0,4200.0
11,12,6,0.0,0.0,0.0,2800.0,6600.0,4200.0
11,12,7,-0.0,-0.0,-0.0,2800.0,6600.0,4200.0
11,12,8,3.3936439999999997,2.655462,2.219903,2800.0,6600.0,4200.0
11,12,9,40.527389,31.220312999999997,26.510397,2800.0,6600.0,4200.0
11,12,10,37.066449999999996,28.564196,24.246475,2800.0,6600.0,4200.0
11,12,11,60.093430999999995,46.245293,39.309237,2800.0,6600.0,4200.0
11,12,12,51.039001,39.291718,33.386413999999995,2800.0,6600.0,4200.0
11,12,13,159.56224600000002,122.65414100000001,104.375303,2800.0,6600.0,4200.0
11,12,14,120.384698,92.547883,78.747885,2800.0,6600.0,4200.0
11,12,15,89.91084699999999,69.14752499999999,58.813862,2800.0,6600.0,4200.0
11,12,16,121.7838,93.659257,79.663088,2800.0,6600.0,4200.0
11,12,17,3.793645,2.961978,2.4815569999999996,2800.0,6600.0,4200.0
11,12,18,0.0,0.0,0.0,2800.0,6600.0,4200.0
11,12,19,0.0,0.0,0.0,2800.0,6600.0,4200.0
11,12,20,0.0,0.0,0.0,2800.0,6600.0,4200.0
11,12,21,0.0,0.0,0.0,2800.0,6600.0,4200.0
11,12,22,0.0,0.0,0.0,2800.0,6600.0,4200.0
11,12,23,0.0,0.0,0.0,2800.0,6600.0,4200.0
11,13,0,0.0,0.0,0.0,2800.0,6600.0,4200.0
11,13,1,0.0,0.0,0.0,2800.0,6600.0,4200.0
11,13,2,0.0,0.0,0.0,2800.0,6600.0,4200.0
11,13,3,0.0,0.0,0.0,2800.0,6600.0,4200.0
11,13,4,0.0,0.0,0.0,2800.0,6600.0,4200.0
11,13,5,0.0,0.0,0.0,2800.0,6600.0,4200.0
11,13,6,0.0,0.0,0.0,2800.0,6600.0,4200.0
11,13,7,82.483596,63.365491999999996,53.955434999999994,2800.0,6600.0,4200.0
11,13,8,251.96103200000002,193.777815,164.81661499999998,2800.0,6600.0,4200.0
11,13,9,379.515658,292.670768,248.254603,2800.0,6600.0,4200.0
11,13,10,457.851852,353.861723,299.497076,2800.0,6600.0,4200.0
11,13,11,502.408473,388.76411700000006,328.64313699999997,2800.0,6600.0,4200.0
11,13,12,506.139638,391.695793,331.083823,2800.0,4875.874201202505,4200.0
11,13,13,474.890359,367.270046,310.642566,813.163264745564,992.4433546107276,960.4290528490912
11,13,14,404.099148,311.974088,264.335533,2319.3884514592746,2830.7496848518704,2739.435178888906
11,13,15,294.330413,226.734081,192.531924,2800.0,6600.0,4200.0
11,13,16,144.932317,111.449212,94.80535,2800.0,6600.0,4200.0
11,13,17,6.571122999999999,5.103854999999999,4.298404000000001,2800.0,6600.0,4200.0
11,13,18,0.0,0.0,0.0,2800.0,6600.0,4200.0
11,13,19,0.0,0.0,0.0,2800.0,6600.0,4200.0
11,13,20,0.0,0.0,0.0,2800.0,6600.0,4200.0
11,13,21,0.0,0.0,0.0,2800.0,6600.0,4200.0
11,13,22,0.0,0.0,0.0,2800.0,6600.0,4200.0
11,13,23,0.0,0.0,0.0,2800.0,6600.0,4200.0
11,14,0,0.0,0.0,0.0,2800.0,6600.0,4200.0
11,14,1,0.0,0.0,0.0,2800.0,6600.0,4200.0
11,14,2,0.0,0.0,0.0,2800.0,5033.998538121269,4200.0
11,14,3,0.0,0.0,0.0,2800.0,4875.874201202505,4200.0
11,14,4,0.0,0.0,0.0,2800.0,4276.483153260508,4138.532083800491
11,14,5,0.0,0.0,0.0,2800.0,4421.436551474658,4200.0
11,14,6,0.0,0.0,0.0,2800.0,5965.099051003621,4200.0
11,14,7,79.214277,60.839974999999995,51.816858,2800.0,6600.0,4200.0
11,14,8,244.237154,187.738148,159.76415400000002,2800.0,6600.0,4200.0
11,14,9,369.021951,284.240397,241.390298,2800.0,6600.0,4200.0
11,14,10,460.28076,355.19395299999996,301.085911,2145.5095856044995,2618.5353210133653,2534.066439690353
11,14,11,503.935562,389.216558,329.64206,2800.0,4134.733013236745,4001.3545289387857
11,14,12,507.357312,391.831829,331.88034700000003,2800.0,6600.0,4200.0
11,14,13,475.677389,367.092086,311.15739,2800.0,6600.0,4200.0
11,14,14,403.62412,311.015106,264.02479999999997,2800.0,6600.0,4200.0
11,14,15,291.523826,224.208619,190.69603700000002,2800.0,6600.0,4200.0
11,14,16,141.635966,108.796011,92.649091,2800.0,6600.0,4200.0
11,14,17,5.580223,4.338325,3.650221,2800.0,6600.0,4200.0
11,14,18,0.0,0.0,0.0,2800.0,6600.0,4200.0
11,14,19,0.0,0.0,0.0,2800.0,6600.0,4200.0
11,14,20,0.0,0.0,0.0,2800.0,6600.0,4200.0
11,14,21,0.0,0.0,0.0,2800.0,6600.0,4200.0
11,14,22,0.0,0.0,0.0,2800.0,6600.0,4200.0
11,14,23,0.0,0.0,0.0,2800.0,6600.0,4200.0
11,15,0,0.0,0.0,0.0,2800.0,6600.0,4200.0
11,15,1,0.0,0.0,0.0,2800.0,6600.0,4200.0
11,15,2,0.0,0.0,0.0,2800.0,6600.0,4200.0
11,15,3,0.0,0.0,0.0,2800.0,6600.0,4200.0
11,15,4,0.0,0.0,0.0,2800.0,6600.0,4200.0
11,15,5,0.0,0.0,0.0,2800.0,6600.0,4200.0
11,15,6,0.0,0.0,0.0,2800.0,6600.0,4200.0
11,15,7,79.38879700000001,61.02926,51.931017999999995,2800.0,6600.0,4200.0
11,15,8,244.260598,188.27949600000002,159.779489,2800.0,6600.0,4200.0
11,15,9,363.34594500000003,281.107805,237.67742199999998,2800.0,6600.0,4200.0
11,15,10,441.55677299999996,342.51286300000004,288.837889,2800.0,6600.0,4200.0
11,15,11,482.869476,375.239297,315.861988,2800.0,6600.0,4200.0
11,15,12,486.805637,378.513539,318.43677,2800.0,6600.0,4200.0
11,15,13,455.692744,354.163502,298.084727,2800.0,6600.0,4200.0
11,15,14,389.34359,301.795371,254.683401,2800.0,6600.0,4200.0
11,15,15,288.90691999999996,223.183538,188.984226,2800.0,6600.0,4200.0
11,15,16,143.194445,110.291273,93.668547,2800.0,3996.150340809066,3867.242265299096
11,15,17,3.611611,2.826118,2.362483,929.1658003530496,1134.0212523993912,1097.4399216768302
11,15,18,0.0,0.0,0.0,160.15467383430587,195.4643657032867,189.15906358382583
11,15,19,0.0,0.0,0.0,953.6162939806846,1163.862406039418,1126.3184574575014
11,15,20,0.0,0.0,0.0,2800.0,6600.0,4200.0
11,15,21,0.0,0.0,0.0,2800.0,6600.0,4200.0
11,15,22,0.0,0.0,0.0,2800.0,6600.0,4200.0
11,15,23,0.0,0.0,0.0,2800.0,6600.0,4200.0
11,16,0,0.0,0.0,0.0,2800.0,6600.0,4200.0
11,16,1,0.0,0.0,0.0,2800.0,6600.0,4200.0
11,16,2,0.0,0.0,0.0,2800.0,6600.0,4200.0
11,16,3,0.0,0.0,0.0,2800.0,6600.0,4200.0
11,16,4,0.0,0.0,0.0,2800.0,6600.0,4200.0
11,16,5,0.0,0.0,0.0,2800.0,6600.0,4200.0
11,16,6,0.0,0.0,0.0,2800.0,6600.0,4200.0
11,16,7,78.299007,60.144927,51.218146999999995,2800.0,6600.0,4200.0
11,16,8,245.21124600000002,188.814624,160.40134099999997,2800.0,6600.0,4200.0
11,16,9,363.247021,281.026043,237.61271299999999,2800.0,6600.0,4200.0
11,16,10,446.637151,347.323021,292.161144,2800.0,6600.0,4200.0
11,16,11,471.465526,368.23695299999997,308.402261,2800.0,6600.0,4200.0
11,16,12,475.120443,371.341493,310.793071,2800.0,6600.0,4200.0
11,16,13,447.71168800000004,348.717203,292.864037,2800.0,6600.0,4200.0
11,16,14,384.778825,298.44682,251.697427,2800.0,6600.0,4200.0
11,16,15,284.773757,220.006976,186.28057800000002,2800.0,6600.0,4200.0
11,16,16,138.314233,106.541431,90.476228,2800.0,6600.0,4200.0
11,16,17,3.290663,2.578995,2.1525390000000004,2800.0,6600.0,4200.0
11,16,18,0.0,0.0,0.0,2800.0,6600.0,4200.0
11,16,19,0.0,0.0,0.0,2800.0,6600.0,4200.0
11,16,20,0.0,0.0,0.0,2800.0,6600.0,4200.0
11,16,21,0.0,0.0,0.0,2800.0,6600.0,4200.0
11,16,22,0.0,0.0,0.0,2800.0,6600.0,4200.0
11,16,23,0.0,0.0,0.0,2800.0,6600.0,4200.0
11,17,0,0.0,0.0,0.0,2800.0,6600.0,4200.0
11,17,1,0.0,0.0,0.0,2800.0,6600.0,4200.0
11,17,2,0.0,0.0,0.0,2800.0,6600.0,4200.0
11,17,3,0.0,0.0,0.0,2800.0,6600.0,4200.0
11,17,4,0.0,0.0,0.0,2800.0,6600.0,4200.0
11,17,5,0.0,0.0,0.0,2800.0,6600.0,4200.0
11,17,6,0.0,0.0,0.0,2800.0,6600.0,4200.0
11,17,7,73.61321799999999,56.517235,48.153006999999995,2800.0,6600.0,4200.0
11,17,8,240.37659200000002,184.89302600000002,157.238823,2800.0,6600.0,4200.0
11,17,9,359.616151,277.863904,235.23763200000002,2800.0,6600.0,4200.0
11,17,10,432.71419199999997,336.141083,283.053645,2800.0,6600.0,4200.0
11,17,11,458.658004,358.27964000000003,300.024408,2800.0,6600.0,4200.0
11,17,12,454.962852,356.33937199999997,297.607279,2800.0,6600.0,4200.0
11,17,13,429.769003,335.366283,281.127092,2800.0,6600.0,4200.0
11,17,14,370.247418,287.559389,242.19192,2800.0,6600.0,4200.0
11,17,15,268.45295799999997,207.516321,175.604567,2800.0,6600.0,4200.0
11,17,16,129.024689,99.42437600000001,84.399609,2800.0,6600.0,4200.0
11,17,17,2.670511,2.0994140000000003,1.7468759999999999,2800.0,6600.0,4200.0
11,17,18,0.0,0.0,0.0,2800.0,6600.0,4200.0
11,17,19,0.0,0.0,0.0,2800.0,6600.0,4200.0
11,17,20,0.0,0.0,0.0,2800.0,6600.0,4200.0
11,17,21,0.0,0.0,0.0,2800.0,6600.0,4200.0
11,17,22,0.0,0.0,0.0,2800.0,6600.0,4200.0
11,17,23,0.0,0.0,0.0,2800.0,6600.0,4200.0
11,18,0,0.0,0.0,0.0,2800.0,4954.515830178791,4200.0
11,18,1,0.0,0.0,0.0,1862.5318241810248,2273.168761795739,2199.840737221683
11,18,2,0.0,0.0,0.0,707.2412654778989,863.1684736147585,835.3243293046049
11,18,3,0.0,0.0,0.0,289.9235564324093,353.8437106064838,342.42939736111333
11,18,4,0.0,0.0,0.0,183.74862734385428,224.2601357346253,217.0259378077019
11,18,5,0.0,0.0,0.0,160.15467383430587,195.4643657032867,189.15906358382583
11,18,6,0.0,0.0,0.0,175.6432651850418,214.36776459591715,207.4526754154037
11,18,7,61.832247,47.533725,40.446658000000006,349.3284625537728,426.3457613845259,412.59267230760565
11,18,8,216.624859,166.940233,141.701975,460.3878697051685,561.8907071204812,543.7652004391754
11,18,9,332.470423,257.746889,217.480653,2275.070137118247,2776.660403569514,2687.090713131788
11,18,10,413.23471500000005,321.515055,270.31143,2800.0,6330.21083371745,4200.0
11,18,11,455.967036,355.37412900000004,298.264151,2800.0,6600.0,4200.0
11,18,12,462.95183299999997,360.782988,302.833154,2800.0,6600.0,4200.0
11,18,13,436.95993300000004,339.90603600000003,285.830934,2800.0,6600.0,4200.0
11,18,14,371.720964,288.324894,243.15581899999998,2800.0,6600.0,4200.0
11,18,15,270.891467,209.363616,177.199682,2800.0,6600.0,4200.0
11,18,16,130.96397,100.909612,85.668161,2800.0,6600.0,4200.0
11,18,17,2.670292,2.09926,1.746732,2800.0,6600.0,4200.0
11,18,18,0.0,0.0,0.0,2800.0,6600.0,4200.0
11,18,19,0.0,0.0,0.0,2800.0,6600.0,4200.0
11,18,20,0.0,0.0,0.0,2800.0,6600.0,4200.0
11,18,21,0.0,0.0,0.0,2800.0,6600.0,4200.0
11,18,22,0.0,0.0,0.0,2800.0,6600.0,4200.0
11,18,23,0.0,0.0,0.0,2800.0,6600.0,4200.0
11,19,0,0.0,0.0,0.0,2800.0,6600.0,4200.0
11,19,1,0.0,0.0,0.0,2800.0,6600.0,4200.0
11,19,2,0.0,0.0,0.0,2800.0,4798.06917736812,4200.0
11,19,3,0.0,0.0,0.0,1824.2618316438895,2226.4612905889994,2154.639958634516
11,19,4,0.0,0.0,0.0,523.8060511729734,639.2908498567786,618.6685643775277
11,19,5,0.0,0.0,0.0,21.955408148130225,26.795970574489644,25.93158442692546
11,19,6,0.0,0.0,0.0,362.10752792468406,441.94225849075616,427.6860566039575
11,19,7,60.955093,46.852466,39.872881,2020.963642713616,2466.530430083547,2386.964932338916
11,19,8,217.486987,167.46382,142.265924,2800.0,6600.0,4200.0
11,19,9,331.555486,256.709494,216.88216,2800.0,3728.344236364732,3608.075067449741
11,19,10,401.581508,312.52778600000005,262.68865600000004,1786.5196926460033,2180.398050079768,2110.0626291094527
11,19,11,444.772768,346.627865,290.94158500000003,71.8766678693094,87.7234922814406,84.89370220784575
11,19,12,457.41385499999996,355.91610499999996,299.21056699999997,610.9415963527902,745.6373813754526,721.5845626214057
11,19,13,423.55348399999997,328.731382,277.06130099999996,2800.0,6600.0,4200.0
11,19,14,355.982717,275.557232,232.860875,2800.0,6600.0,4200.0
11,19,15,255.01445999999999,196.817834,166.81397,2800.0,6600.0,4200.0
11,19,16,119.051181,91.697946,77.875584,2800.0,6600.0,4200.0
11,19,17,0.0,0.0,0.0,2800.0,6600.0,4200.0
11,19,18,0.0,0.0,0.0,2800.0,6600.0,4200.0
11,19,19,0.0,0.0,0.0,2800.0,6600.0,4200.0
11,19,20,0.0,0.0,0.0,2800.0,6600.0,4200.0
11,19,21,0.0,0.0,0.0,2800.0,6600.0,4200.0
11,19,22,0.0,0.0,0.0,2800.0,4798.06917736812,4200.0
11,19,23,0.0,0.0,0.0,2800.0,6055.023664834879,4200.0
11,20,0,0.0,0.0,0.0,2800.0,6600.0,4200.0
11,20,1,0.0,0.0,0.0,2800.0,6600.0,4200.0
11,20,2,0.0,0.0,0.0,2800.0,6600.0,4200.0
11,20,3,0.0,0.0,0.0,2800.0,6600.0,4200.0
11,20,4,0.0,0.0,0.0,2800.0,6600.0,4200.0
11,20,5,0.0,0.0,0.0,2800.0,6600.0,4200.0
11,20,6,0.0,0.0,0.0,2800.0,6600.0,4200.0
11,20,7,49.632056,38.190732000000004,32.466082,2800.0,6600.0,4200.0
11,20,8,200.957756,154.971233,131.45357,2800.0,6600.0,4200.0
11,20,9,317.562492,246.120225,207.728848,2800.0,6600.0,4200.0
11,20,10,391.163006,304.05712,255.873545,2800.0,6600.0,4200.0
11,20,11,437.519647,340.399395,286.19706199999996,2800.0,6600.0,4200.0
11,20,12,448.478252,348.567305,293.365473,2800.0,6600.0,4200.0
11,20,13,418.038621,324.152514,273.453835,2800.0,6600.0,4200.0
11,20,14,351.978996,272.15367599999996,230.2419,2800.0,6600.0,4200.0
11,20,15,251.587369,193.97499100000002,164.572189,2800.0,6600.0,4200.0
11,20,16,117.336903,90.29993499999999,76.754215,2800.0,6600.0,4200.0
11,20,17,0.0,0.0,0.0,2800.0,6145.847517348083,4200.0
11,20,18,0.0,0.0,0.0,2800.0,6600.0,4200.0
11,20,19,0.0,0.0,0.0,2800.0,4798.06917736812,4200.0
11,20,20,0.0,0.0,0.0,2800.0,6600.0,4200.0
11,20,21,0.0,0.0,0.0,2800.0,6600.0,4200.0
11,20,22,0.0,0.0,0.0,2800.0,6600.0,4200.0
11,20,23,0.0,0.0,0.0,2800.0,6600.0,4200.0
11,21,0,0.0,0.0,0.0,2800.0,6600.0,4200.0
11,21,1,0.0,0.0,0.0,2800.0,6600.0,4200.0
11,21,2,0.0,0.0,0.0,2800.0,6600.0,4200.0
11,21,3,0.0,0.0,0.0,2800.0,6600.0,4200.0
11,21,4,0.0,0.0,0.0,2800.0,6600.0,4200.0
11,21,5,0.0,0.0,0.0,2800.0,6600.0,4200.0
11,21,6,0.0,0.0,0.0,2800.0,6600.0,4200.0
11,21,7,39.491288999999995,30.404494,25.832648000000002,2800.0,6600.0,4200.0
11,21,8,186.292341,143.307145,121.86040399999999,2800.0,6600.0,4200.0
11,21,9,252.517152,194.490519,165.18039199999998,2800.0,6600.0,4200.0
11,21,10,331.004754,255.33554800000002,216.521907,2800.0,6600.0,4200.0
11,21,11,310.194805,239.14836,202.909384,2800.0,6600.0,4200.0
11,21,12,463.031407,357.993597,302.885206,2800.0,6600.0,4200.0
11,21,13,437.82750400000003,338.17821399999997,286.398442,2800.0,6600.0,4200.0
11,21,14,369.499937,284.92468699999995,241.70296599999998,2800.0,6600.0,4200.0
11,21,15,264.292069,203.383836,172.88278200000002,2800.0,6600.0,4200.0
11,21,16,125.232457,96.246822,81.918975,2800.0,6600.0,4200.0
11,21,17,0.0,0.0,0.0,2800.0,6600.0,4200.0
11,21,18,0.0,0.0,0.0,2800.0,6600.0,4200.0
11,21,19,0.0,0.0,0.0,2800.0,6600.0,4200.0
11,21,20,0.0,0.0,0.0,2800.0,6600.0,4200.0
11,21,21,0.0,0.0,0.0,2800.0,6600.0,4200.0
11,21,22,0.0,0.0,0.0,2800.0,6600.0,4200.0
11,21,23,0.0,0.0,0.0,2800.0,6600.0,4200.0
11,22,0,0.0,0.0,0.0,2800.0,6600.0,4200.0
11,22,1,0.0,0.0,0.0,2800.0,6600.0,4200.0
11,22,2,0.0,0.0,0.0,2800.0,6600.0,4200.0
11,22,3,0.0,0.0,0.0,2800.0,6600.0,4200.0
11,22,4,0.0,0.0,0.0,2800.0,6600.0,4200.0
11,22,5,0.0,0.0,0.0,2800.0,6237.575082367505,4200.0
11,22,6,0.0,0.0,0.0,2800.0,3599.0492231594667,3482.9508611220645
11,22,7,64.345398,49.419173,42.090599000000005,1136.8810555802274,1387.531996967994,1342.7729002916071
11,22,8,154.39419800000002,118.587715,100.994701,402.3068740231014,491.0044525478796,475.1655992398835
11,22,9,270.114254,207.886432,176.691279,1029.5337295682716,1256.5175439612765,1215.984719962525
11,22,10,320.191141,246.81595199999998,209.44834,2800.0,6600.0,4200.0
11,22,11,483.82194599999997,374.754135,316.485032,2800.0,6600.0,4200.0
11,22,12,490.61942700000003,380.151248,320.931505,2800.0,6600.0,4200.0
11,22,13,462.224619,357.84560100000004,302.357458,2800.0,6600.0,4200.0
11,22,14,395.185085,305.36650799999995,258.504529,2800.0,6600.0,4200.0
11,22,15,291.54008500000003,224.730345,190.706672,2800.0,6600.0,4200.0
11,22,16,145.258501,111.71339599999999,95.018719,2800.0,6600.0,4200.0
11,22,17,0.0,0.0,0.0,2800.0,6600.0,4200.0
11,22,18,0.0,0.0,0.0,2800.0,6600.0,4200.0
11,22,19,0.0,0.0,0.0,2800.0,6600.0,4200.0
11,22,20,0.0,0.0,0.0,2800.0,6600.0,4200.0
11,22,21,0.0,0.0,0.0,2800.0,6600.0,4200.0
11,22,22,0.0,0.0,0.0,2800.0,6600.0,4200.0
11,22,23,0.0,0.0,0.0,2800.0,6600.0,4200.0
11,23,0,0.0,0.0,0.0,2800.0,6600.0,4200.0
11,23,1,0.0,0.0,0.0,2800.0,6600.0,4200.0
11,23,2,0.0,0.0,0.0,2800.0,6600.0,4200.0
11,23,3,0.0,0.0,0.0,2800.0,6600.0,4200.0
11,23,4,0.0,0.0,0.0,2800.0,6600.0,4200.0
11,23,5,0.0,0.0,0.0,2800.0,6600.0,4200.0
11,23,6,0.0,0.0,0.0,2800.0,6600.0,4200.0
11,23,7,62.002364,47.604235,40.557938,2800.0,6600.0,4200.0
11,23,8,172.370974,132.36614600000001,112.753945,2800.0,6600.0,4200.0
11,23,9,346.078447,266.621001,226.382142,2800.0,6600.0,4200.0
11,23,10,439.78277,339.78358000000003,287.677451,2645.8334855800563,3229.1668524795964,3125.000179818964
11,23,11,482.246219,373.316104,315.454294,2549.630956168769,3111.754316583931,3011.3751450812238
11,23,12,485.831927,376.320316,317.799832,2800.0,5114.326798854228,4200.0
11,23,13,453.560076,351.00860600000004,296.689674,2800.0,6600.0,4200.0
11,23,14,343.275444,264.927206,224.548599,2800.0,6600.0,4200.0
11,23,15,197.909756,152.34759599999998,129.459765,2800.0,6600.0,4200.0
11,23,16,28.476576,21.974253,18.627534,2800.0,6600.0,4200.0
11,23,17,0.0,0.0,0.0,2800.0,6600.0,4200.0
11,23,18,0.0,0.0,0.0,2800.0,6600.0,4200.0
11,23,19,0.0,0.0,0.0,2800.0,6600.0,4200.0
11,23,20,0.0,0.0,0.0,2800.0,6600.0,4200.0
11,23,21,0.0,0.0,0.0,1570.9465066065366,1917.296917511915,1855.44862985024
11,23,22,0.0,0.0,0.0,1029.5337295682716,1256.5175439612765,1215.984719962525
11,23,23,0.0,0.0,0.0,1862.5318241810248,2273.168761795739,2199.840737221683
11,24,0,0.0,0.0,0.0,2800.0,4495.12565696385,4200.0
11,24,1,0.0,0.0,0.0,2800.0,5787.929644089762,4200.0
11,24,2,0.0,0.0,0.0,2800.0,5965.099051003621,4200.0
11,24,3,0.0,0.0,0.0,2800.0,6600.0,4200.0
11,24,4,0.0,0.0,0.0,2800.0,6600.0,4200.0
11,24,5,0.0,0.0,0.0,2800.0,6600.0,4200.0
11,24,6,0.0,0.0,0.0,2800.0,6600.0,4200.0
11,24,7,21.680352,16.705462999999998,14.181884,2800.0,4569.628998473504,4200.0
11,24,8,149.002692,114.393585,97.467926,1862.5318241810248,2273.168761795739,2199.840737221683
11,24,9,233.88298600000002,179.783617,152.99112599999998,881.5257965526516,1075.877940674496,1041.1722006527382
11,24,10,276.190973,212.580176,180.666276,1570.9465066065366,1917.296917511915,1855.44862985024
11,24,11,340.769656,262.81093,222.909474,2800.0,3928.035620383037,3801.324793919068
11,24,12,209.66753599999998,161.455818,137.150945,2800.0,6600.0,4200.0
11,24,13,228.14685200000002,175.74936499999998,149.238918,2800.0,6600.0,4200.0
11,24,14,157.34401300000002,121.085715,102.924279,2800.0,6600.0,4200.0
11,24,15,5.792350000000001,4.51302,3.788981,2800.0,6600.0,4200.0
11,24,16,0.926282,0.7494890000000001,0.605914,2800.0,6600.0,4200.0
11,24,17,0.0,0.0,0.0,2800.0,6600.0,4200.0
11,24,18,0.0,0.0,0.0,2800.0,6600.0,4200.0
11,24,19,0.0,0.0,0.0,1222.1129067458091,1491.5551224063024,1443.4404410383572
11,24,20,0.0,0.0,0.0,312.8020973326286,381.76633926423176,369.45129606215977
11,24,21,0.0,0.0,0.0,687.226207839785,838.7406473635172,811.6844974485649
11,24,22,0.0,0.0,0.0,1469.9890187508342,1794.0810858770024,1736.2075024616151
11,24,23,0.0,0.0,0.0,2502.4167786610287,3054.130714113854,2955.610368497278
11,25,0,0.0,0.0,0.0,2800.0,5614.303506012198,4200.0
11,25,1,0.0,0.0,0.0,2800.0,6600.0,4200.0
11,25,2,0.0,0.0,0.0,2800.0,6600.0,4200.0
11,25,3,0.0,0.0,0.0,2800.0,6600.0,4200.0
11,25,4,0.0,0.0,0.0,2800.0,6600.0,4200.0
11,25,5,0.0,0.0,0.0,2800.0,6600.0,4200.0
11,25,6,0.0,0.0,0.0,2800.0,6600.0,4200.0
11,25,7,14.236253000000001,10.992977999999999,9.312436,2800.0,6600.0,4200.0
11,25,8,38.591152,29.697326,25.243837,2800.0,6600.0,4200.0
11,25,9,47.458363,36.513764,31.044192,2800.0,6600.0,4200.0
11,25,10,24.406267,18.824893,15.965001,2800.0,6600.0,4200.0
11,25,11,42.301591,32.573001,27.670966,2800.0,6600.0,4200.0
11,25,12,180.070437,138.434756,117.790436,2800.0,6600.0,4200.0
11,25,13,303.90824,234.057564,198.79712,2800.0,6600.0,4200.0
11,25,14,172.250809,132.44958499999998,112.675341,2800.0,6600.0,4200.0
11,25,15,35.758483999999996,27.561837999999998,23.390888,2800.0,6600.0,4200.0
11,25,16,0.940681,0.759145,0.615333,2800.0,6600.0,4200.0
11,25,17,0.0,0.0,0.0,2800.0,6600.0,4200.0
11,25,18,0.0,0.0,0.0,2800.0,6600.0,4200.0
11,25,19,0.0,0.0,0.0,2800.0,6600.0,4200.0
11,25,20,0.0,0.0,0.0,2800.0,6600.0,4200.0
11,25,21,0.0,0.0,0.0,2800.0,6600.0,4200.0
11,25,22,0.0,0.0,0.0,2800.0,6600.0,4200.0
11,25,23,0.0,0.0,0.0,2800.0,6600.0,4200.0
11,26,0,0.0,0.0,0.0,2800.0,6600.0,4200.0
11,26,1,0.0,0.0,0.0,2800.0,4421.436551474658,4200.0
11,26,2,0.0,0.0,0.0,2275.070137118247,2776.660403569514,2687.090713131788
11,26,3,0.0,0.0,0.0,2364.2786071344885,2885.536882723194,2792.4550477966395
11,26,4,0.0,0.0,0.0,2800.0,4205.209912886971,4069.5579802131983
11,26,5,0.0,0.0,0.0,2800.0,6600.0,4200.0
11,26,6,0.0,0.0,0.0,2800.0,6600.0,4200.0
11,26,7,34.603979,26.606861000000002,22.635686,2800.0,6600.0,4200.0
11,26,8,187.646595,144.09109899999999,122.746269,2800.0,6600.0,4200.0
11,26,9,312.326949,240.490825,204.304095,2800.0,6600.0,4200.0
11,26,10,412.02160399999997,318.464515,269.517892,2800.0,6600.0,4200.0
11,26,11,450.44895199999996,349.35846000000004,294.65457799999996,2800.0,5360.429636038867,4200.0
11,26,12,452.014436,351.246201,295.678616,648.3361095823518,791.2763542146813,765.7513105303368
11,26,13,426.080373,330.562122,278.714229,71.8766678693094,87.7234922814406,84.89370220784575
11,26,14,362.679037,280.425022,237.241175,2800.0,6600.0,4200.0
11,26,15,258.539643,199.25235899999998,169.119917,2800.0,6600.0,4200.0
11,26,16,118.68106399999999,91.293485,77.633478,2800.0,6600.0,4200.0
11,26,17,0.0,0.0,0.0,2800.0,6600.0,4200.0
11,26,18,0.0,0.0,0.0,2800.0,6600.0,4200.0
11,26,19,0.0,0.0,0.0,2800.0,6600.0,4200.0
11,26,20,0.0,0.0,0.0,2800.0,6600.0,4200.0
11,26,21,0.0,0.0,0.0,2800.0,6600.0,4200.0
11,26,22,0.0,0.0,0.0,2800.0,5195.505086201954,4200.0
11,26,23,0.0,0.0,0.0,929.1658003530496,1134.0212523993912,1097.4399216768302
11,27,0,0.0,0.0,0.0,152.76411334322614,186.4443903007878,180.43005512979465
11,27,1,0.0,0.0,0.0,71.8766678693094,87.7234922814406,84.89370220784575
11,27,2,0.0,0.0,0.0,81.04201369779398,98.90954427683516,95.7189138162921
11,27,3,0.0,0.0,0.0,160.15467383430587,195.4643657032867,189.15906358382583
11,27,4,0.0,0.0,0.0,388.5930680097703,474.2671302481448,458.9681905627208
11,27,5,0.0,0.0,0.0,905.1368564268978,1104.694588552513,1069.0592792443674
11,27,6,0.0,0.0,0.0,1980.545579523704,2417.201297843891,2339.227062429572
11,27,7,48.59205,37.359462,31.785777,2800.0,4798.06917736812,4200.0
11,27,8,205.706926,158.306975,134.56017,2800.0,6600.0,4200.0
11,27,9,332.380947,256.422467,217.422123,2455.7891050857875,2997.2229235298983,2900.5383130934497
11,27,10,426.901384,329.970191,279.251281,1570.9465066065366,1917.296917511915,1855.44862985024
11,27,11,473.650811,366.261884,309.831733,2744.426018516277,3349.496321811205,3241.448053365682
11,27,12,484.146801,374.196442,316.697532,2800.0,6600.0,4200.0
11,27,13,451.72096899999997,348.731317,295.486649,2800.0,6600.0,4200.0
11,27,14,381.53606099999996,294.065588,249.57622,2800.0,6600.0,4200.0
11,27,15,274.21997,210.934151,179.376973,2800.0,6600.0,4200.0
11,27,16,6.784801000000001,5.268466999999999,4.438178,2800.0,6600.0,4200.0
11,27,17,0.0,0.0,0.0,2800.0,6600.0,4200.0
11,27,18,0.0,0.0,0.0,2800.0,6600.0,4200.0
11,27,19,0.0,0.0,0.0,2800.0,6600.0,4200.0
11,27,20,0.0,0.0,0.0,2800.0,6600.0,4200.0
11,27,21,0.0,0.0,0.0,2800.0,6600.0,4200.0
11,27,22,0.0,0.0,0.0,2800.0,6600.0,4200.0
11,27,23,0.0,0.0,0.0,2800.0,4348.55720818164,4200.0
11,28,0,0.0,0.0,0.0,2188.134369840437,2670.5576954745493,2584.4106730398867
11,28,1,0.0,0.0,0.0,1901.3333359069868,2320.524937524275,2245.6692943783305
11,28,2,0.0,0.0,0.0,2319.3884514592746,2830.7496848518704,2739.435178888906
11,28,3,0.0,0.0,0.0,2800.0,4421.436551474658,4200.0
11,28,4,0.0,0.0,0.0,2800.0,6145.847517348083,4200.0
11,28,5,0.0,0.0,0.0,2800.0,6600.0,4200.0
11,28,6,0.0,0.0,0.0,2800.0,6600.0,4200.0
11,28,7,33.976949,26.149351,22.225523000000003,2800.0,6055.023664834879,4200.0
11,28,8,192.269774,147.76257199999998,125.770454,2800.0,6600.0,4200.0
11,28,9,320.54605200000003,246.89262599999998,209.6805,2319.3884514592746,2830.7496848518704,2739.435178888906
11,28,10,419.80028999999996,324.108815,274.606205,1342.23868718708,1638.1653268818693,1585.3212840792282
11,28,11,469.321093,362.768217,306.999512,2800.0,3663.3164546975977,3545.1449561589657
11,28,12,479.496193,370.71972999999997,313.65540500000003,2800.0,6600.0,4200.0
11,28,13,448.28611700000005,346.243291,293.239791,2800.0,6600.0,4200.0
11,28,14,379.600365,292.67154100000005,248.310013,2800.0,6600.0,4200.0
11,28,15,273.68258899999995,210.573126,179.025453,2800.0,6600.0,4200.0
11,28,16,131.0696,100.711186,85.737257,2800.0,6600.0,4200.0
11,28,17,0.0,0.0,0.0,2800.0,6600.0,4200.0
11,28,18,0.0,0.0,0.0,2800.0,6600.0,4200.0
11,28,19,0.0,0.0,0.0,2800.0,6600.0,4200.0
11,28,20,0.0,0.0,0.0,2800.0,6600.0,4200.0
11,28,21,0.0,0.0,0.0,2800.0,6600.0,4200.0
11,28,22,0.0,0.0,0.0,2800.0,6600.0,4200.0
11,28,23,0.0,0.0,0.0,2800.0,6600.0,4200.0
11,29,0,0.0,0.0,0.0,2800.0,5360.429636038867,4200.0
11,29,1,0.0,0.0,0.0,2800.0,4276.483153260508,4138.532083800491
11,29,2,0.0,0.0,0.0,2800.0,3928.035620383037,3801.324793919068
11,29,3,0.0,0.0,0.0,2800.0,3794.137041985159,3671.7455245017663
11,29,4,0.0,0.0,0.0,2800.0,3535.5380679260493,3421.48845283166
11,29,5,0.0,0.0,0.0,2744.426018516277,3349.496321811205,3241.448053365682
11,29,6,0.0,0.0,0.0,2800.0,3728.344236364732,3608.075067449741
11,29,7,37.129205999999996,28.552122999999998,24.287525000000002,2800.0,5114.326798854228,4200.0
11,29,8,192.093595,147.68805300000002,125.655208,2800.0,6600.0,4200.0
11,29,9,317.461501,245.149566,207.66278599999998,2800.0,6600.0,4200.0
11,29,10,393.228956,304.76038,257.224956,2800.0,6600.0,4200.0
11,29,11,439.299984,341.13663199999996,287.36164399999996,2800.0,6600.0,4200.0
11,29,12,447.978359,348.013973,293.03847499999995,2800.0,6600.0,4200.0
11,29,13,344.06059999999997,266.146109,225.062197,2800.0,6600.0,4200.0
11,29,14,298.759327,230.67703899999998,195.429033,2800.0,6600.0,4200.0
11,29,15,262.71419000000003,202.576007,171.850636,2800.0,6600.0,4200.0
11,29,16,125.969045,96.914682,82.40080400000001,2800.0,6600.0,4200.0
11,29,17,0.0,0.0,0.0,2800.0,6600.0,4200.0
11,29,18,0.0,0.0,0.0,2800.0,6600.0,4200.0
11,29,19,0.0,0.0,0.0,2800.0,6600.0,4200.0
11,29,20,0.0,0.0,0.0,2800.0,6600.0,4200.0
11,29,21,0.0,0.0,0.0,2800.0,6600.0,4200.0
11,29,22,0.0,0.0,0.0,2800.0,6600.0,4200.0
11,29,23,0.0,0.0,0.0,2800.0,6600.0,4200.0
11,30,0,0.0,0.0,0.0,2800.0,6600.0,4200.0
11,30,1,0.0,0.0,0.0,2800.0,6600.0,4200.0
11,30,2,0.0,0.0,0.0,2800.0,6600.0,4200.0
11,30,3,0.0,0.0,0.0,2800.0,6600.0,4200.0
11,30,4,0.0,0.0,0.0,2800.0,6600.0,4200.0
11,30,5,0.0,0.0,0.0,2800.0,6600.0,4200.0
11,30,6,0.0,0.0,0.0,2800.0,6600.0,4200.0
11,30,7,39.209264000000005,30.14212,25.648165000000002,2800.0,6600.0,4200.0
11,30,8,197.32276800000002,151.794698,129.075795,2800.0,6600.0,4200.0
11,30,9,319.475241,246.966308,208.98004500000002,2800.0,6600.0,4200.0
11,30,10,394.47243599999996,306.16670899999997,258.038361,2800.0,6600.0,4200.0
11,30,11,435.196464,338.935236,284.677386,2800.0,6600.0,4200.0
11,30,12,444.401652,346.258603,290.698825,2800.0,6600.0,4200.0
11,30,13,378.17963299999997,293.481064,247.380662,2800.0,6600.0,4200.0
11,30,14,273.78692099999995,211.401352,179.0937,2800.0,6600.0,4200.0
11,30,15,258.360132,199.211897,169.002492,2800.0,6600.0,4200.0
11,30,16,122.524727,94.25486599999999,80.147754,2800.0,6600.0,4200.0
11,30,17,0.0,0.0,0.0,2800.0,6600.0,4200.0
11,30,18,0.0,0.0,0.0,2800.0,6600.0,4200.0
11,30,19,0.0,0.0,0.0,2800.0,6600.0,4200.0
11,30,20,0.0,0.0,0.0,2800.0,6600.0,4200.0
11,30,21,0.0,0.0,0.0,2800.0,6600.0,4200.0
11,30,22,0.0,0.0,0.0,2800.0,6600.0,4200.0
11,30,23,0.0,0.0,0.0,2800.0,6600.0,4200.0
12,1,0,0.0,0.0,0.0,2800.0,6600.0,4200.0
12,1,1,0.0,0.0,0.0,2800.0,3663.3164546975977,3545.1449561589657
12,1,2,0.0,0.0,0.0,1786.5196926460033,2180.398050079768,2110.0626291094527
12,1,3,0.0,0.0,0.0,1311.5016045329749,1600.651564587489,1549.017643149183
12,1,4,0.0,0.0,0.0,1503.1454301264964,1834.5475722016292,1775.3686182596414
12,1,5,0.0,0.0,0.0,2364.2786071344885,2885.536882723194,2792.4550477966395
12,1,6,0.0,0.0,0.0,2800.0,3860.699345383164,3736.160656822416
12,1,7,38.832169,29.847857,25.401494,2800.0,3472.7785151730586,3360.753401780379
12,1,8,197.523307,151.80677,129.206975,2800.0,6600.0,4200.0
12,1,9,322.499862,248.851245,210.958557,2800.0,6600.0,4200.0
12,1,10,401.579987,311.376104,262.68766100000005,2800.0,6600.0,4200.0
12,1,11,439.907872,342.376867,287.759285,2800.0,3860.699345383164,3736.160656822416
12,1,12,446.736174,347.811353,292.225918,1373.4523042863404,1676.2606863337226,1622.1877609681185
12,1,13,421.816009,327.537479,275.924758,2800.0,3860.699345383164,3736.160656822416
12,1,14,360.046331,278.732481,235.51902900000002,2800.0,6600.0,4200.0
12,1,15,208.023341,160.303492,136.07541899999998,2800.0,6600.0,4200.0
12,1,16,123.499713,95.03536,80.785527,2800.0,6600.0,4200.0
12,1,17,0.0,0.0,0.0,2800.0,6600.0,4200.0
12,1,18,0.0,0.0,0.0,2800.0,6600.0,4200.0
12,1,19,0.0,0.0,0.0,2800.0,6600.0,4200.0
12,1,20,0.0,0.0,0.0,2800.0,6600.0,4200.0
12,1,21,0.0,0.0,0.0,2800.0,6600.0,4200.0
12,1,22,0.0,0.0,0.0,2800.0,6600.0,4200.0
12,1,23,0.0,0.0,0.0,2800.0,5444.184846176627,4200.0
12,2,0,0.0,0.0,0.0,2800.0,3728.344236364732,3608.075067449741
12,2,1,0.0,0.0,0.0,2020.963642713616,2466.530430083547,2386.964932338916
12,2,2,0.0,0.0,0.0,1251.4423799619176,1527.350936173994,1478.0815511361232
12,2,3,0.0,0.0,0.0,769.610460224766,939.288356967234,908.9887325489362
12,2,4,0.0,0.0,0.0,349.3284625537728,426.3457613845259,412.59267230760565
12,2,5,0.0,0.0,0.0,167.779835898385,204.7706658602337,198.16516050990356
12,2,6,0.0,0.0,0.0,362.10752792468406,441.94225849075616,427.6860566039575
12,2,7,44.602441,34.275604,29.176033,1082.3203053763452,1320.942104986878,1278.3310693421402
12,2,8,208.406019,160.259301,136.325742,2800.0,4134.733013236745,4001.3545289387857
12,2,9,332.37152000000003,256.761447,217.415957,2800.0,4569.628998473504,4200.0
12,2,10,413.247866,320.881849,270.320033,2800.0,4421.436551474658,4200.0
12,2,11,448.150142,349.565359,293.150844,1605.5985030100696,1959.588724146148,1896.3761846575624
12,2,12,455.663292,355.547413,298.065462,1055.7070784976213,1288.4613950167818,1246.8981242097886
12,2,13,435.623653,338.77825900000005,284.956826,2800.0,6518.224790706034,4200.0
12,2,14,379.17701500000004,293.70006800000004,248.033085,2800.0,6600.0,4200.0
12,2,15,279.351561,215.57364,182.733728,2800.0,6600.0,4200.0
12,2,16,136.00331500000001,104.66086800000001,88.964575,2800.0,6600.0,4200.0
12,2,17,0.0,0.0,0.0,2800.0,6600.0,4200.0
12,2,18,0.0,0.0,0.0,2800.0,6600.0,4200.0
12,2,19,0.0,0.0,0.0,2800.0,6600.0,4200.0
12,2,20,0.0,0.0,0.0,2800.0,6600.0,4200.0
12,2,21,0.0,0.0,0.0,2800.0,6600.0,4200.0
12,2,22,0.0,0.0,0.0,2800.0,4348.55720818164,4200.0
12,2,23,0.0,0.0,0.0,1536.7967041952045,1875.6180248051708,1815.114217553391
12,3,0,0.0,0.0,0.0,629.4537376638762,768.2309396685104,743.4492964533971
12,3,1,0.0,0.0,0.0,362.10752792468406,441.94225849075616,427.6860566039575
12,3,2,0.0,0.0,0.0,257.74098596133337,314.56577026776904,304.4184873559055
12,3,3,0.0,0.0,0.0,200.6998128762587,244.94859051826847,237.0470230821953
12,3,4,0.0,0.0,0.0,167.779835898385,204.7706658602337,198.16516050990356
12,3,5,0.0,0.0,0.0,160.15467383430587,195.4643657032867,189.15906358382583
12,3,6,0.0,0.0,0.0,167.779835898385,204.7706658602337,198.16516050990356
12,3,7,44.173027999999995,33.958209000000004,28.895139,167.779835898385,204.7706658602337,198.16516050990356
12,3,8,206.304325,158.85683799999998,134.95094899999998,209.55296754900695,255.75362181178016,247.5035049791421
12,3,9,328.88325799999996,254.32135,215.134161,36.240444554051166,44.23046382581048,42.803674670139166
12,3,10,406.16722999999996,314.91857799999997,265.688338,76.36769954409877,93.20467267193158,90.19807032767572
12,3,11,355.243589,274.82820799999996,232.377386,138.67213448175264,169.24551846198156,163.78598560836926
12,3,12,466.086923,361.638011,304.883927,1029.5337295682716,1256.5175439612765,1215.984719962525
12,3,13,437.88441,339.232523,286.435667,2800.0,6600.0,4200.0
12,3,14,372.420236,287.874314,243.613237,2800.0,6600.0,4200.0
12,3,15,268.567468,206.979324,175.679472,2800.0,6600.0,4200.0
12,3,16,128.660712,98.936292,84.161518,2800.0,6600.0,4200.0
12,3,17,0.0,0.0,0.0,2800.0,6600.0,4200.0
12,3,18,0.0,0.0,0.0,2800.0,6600.0,4200.0
12,3,19,0.0,0.0,0.0,2800.0,6600.0,4200.0
12,3,20,0.0,0.0,0.0,2800.0,6600.0,4200.0
12,3,21,0.0,0.0,0.0,2800.0,6600.0,4200.0
12,3,22,0.0,0.0,0.0,2800.0,6600.0,4200.0
12,3,23,0.0,0.0,0.0,2800.0,6600.0,4200.0
12,4,0,0.0,0.0,0.0,2800.0,6600.0,4200.0
12,4,1,0.0,0.0,0.0,2800.0,6600.0,4200.0
12,4,2,0.0,0.0,0.0,2800.0,6600.0,4200.0
12,4,3,0.0,0.0,0.0,2800.0,6600.0,4200.0
12,4,4,0.0,0.0,0.0,2800.0,6600.0,4200.0
12,4,5,0.0,0.0,0.0,2800.0,6600.0,4200.0
12,4,6,0.0,0.0,0.0,2800.0,6600.0,4200.0
12,4,7,32.954079,25.343583,21.556428,2800.0,6600.0,4200.0
12,4,8,190.168497,146.246791,124.395934,2800.0,6600.0,4200.0
12,4,9,319.657036,246.681334,209.098964,2800.0,6600.0,4200.0
12,4,10,412.030554,318.920455,269.52374599999996,2800.0,6600.0,4200.0
12,4,11,461.773476,357.86989500000004,302.062349,2800.0,6600.0,4200.0
12,4,12,471.898427,365.77946999999995,308.685437,2800.0,6600.0,4200.0
12,4,13,434.456745,336.24238099999997,284.19351,2800.0,6600.0,4200.0
12,4,14,368.48636300000004,284.540665,241.039952,2800.0,6600.0,4200.0
12,4,15,263.908608,203.24877600000002,172.631946,2800.0,6600.0,4200.0
12,4,16,124.197917,95.47018399999999,81.242247,2800.0,6600.0,4200.0
12,4,17,0.0,0.0,0.0,2800.0,6600.0,4200.0
12,4,18,0.0,0.0,0.0,2800.0,6600.0,4200.0
12,4,19,0.0,0.0,0.0,2800.0,6600.0,4200.0
12,4,20,0.0,0.0,0.0,2800.0,6600.0,4200.0
12,4,21,0.0,0.0,0.0,2800.0,6600.0,4200.0
12,4,22,0.0,0.0,0.0,2800.0,6600.0,4200.0
12,4,23,0.0,0.0,0.0,2800.0,6600.0,4200.0
12,5,0,0.0,0.0,0.0,2800.0,6600.0,4200.0
12,5,1,0.0,0.0,0.0,2800.0,6600.0,4200.0
12,5,2,0.0,0.0,0.0,2800.0,6600.0,4200.0
12,5,3,0.0,0.0,0.0,2800.0,6600.0,4200.0
12,5,4,0.0,0.0,0.0,2800.0,6600.0,4200.0
12,5,5,0.0,0.0,0.0,2800.0,6600.0,4200.0
12,5,6,0.0,0.0,0.0,2800.0,6600.0,4200.0
12,5,7,8.103539,6.270161,5.300812,2800.0,6600.0,4200.0
12,5,8,122.73291099999999,94.281472,80.28393399999999,2800.0,6600.0,4200.0
12,5,9,221.25141399999998,170.28189300000003,144.728368,2800.0,6600.0,4200.0
12,5,10,397.69625099999996,307.58556400000003,260.147172,2800.0,6600.0,4200.0
12,5,11,447.533075,346.686511,292.747199,2800.0,6518.224790706034,4200.0
12,5,12,460.811179,356.974816,301.43287599999996,2800.0,6600.0,4200.0
12,5,13,437.07649,338.241543,285.907178,2800.0,6600.0,4200.0
12,5,14,373.50347800000003,288.502902,244.321824,2800.0,6600.0,4200.0
12,5,15,167.141489,128.65234,109.333154,2800.0,6600.0,4200.0
12,5,16,132.051804,101.594954,86.379751,2800.0,6600.0,4200.0
12,5,17,0.0,0.0,0.0,2800.0,6600.0,4200.0
12,5,18,0.0,0.0,0.0,2800.0,6600.0,4200.0
12,5,19,0.0,0.0,0.0,2800.0,6600.0,4200.0
12,5,20,0.0,0.0,0.0,2800.0,6600.0,4200.0
12,5,21,0.0,0.0,0.0,2800.0,6600.0,4200.0
12,5,22,0.0,0.0,0.0,2800.0,6600.0,4200.0
12,5,23,0.0,0.0,0.0,2800.0,6600.0,4200.0
12,6,0,0.0,0.0,0.0,2800.0,6600.0,4200.0
12,6,1,0.0,0.0,0.0,2800.0,6600.0,4200.0
12,6,2,0.0,0.0,0.0,2800.0,6600.0,4200.0
12,6,3,0.0,0.0,0.0,2800.0,6600.0,4200.0
12,6,4,0.0,0.0,0.0,2800.0,6600.0,4200.0
12,6,5,0.0,0.0,0.0,2800.0,5277.537873988738,4200.0
12,6,6,0.0,0.0,0.0,2319.3884514592746,2830.7496848518704,2739.435178888906
12,6,7,6.087403,4.722931,3.981986,1109.377075854021,1353.9641476958525,1310.287884866954
12,6,8,65.916407,50.716625,43.118250999999994,748.4297260208111,913.4378545923286,883.9721173474147
12,6,9,226.683155,175.198702,148.281462,881.5257965526516,1075.877940674496,1041.1722006527382
12,6,10,388.46875300000005,303.14043699999996,254.111139,1164.8359102045422,1421.650126627591,1375.790445123475
12,6,11,393.503435,307.001207,257.404503,858.3289550807331,1047.566834941052,1013.7743563945666
12,6,12,341.853677,265.145439,223.618571,835.542666361563,1019.7567975278918,986.8614169624758
12,6,13,320.049911,247.509924,209.355957,2800.0,4798.06917736812,4200.0
12,6,14,250.25533,192.92328700000002,163.70085500000002,2800.0,6600.0,4200.0
12,6,15,157.737395,121.356126,103.18160400000001,2800.0,6600.0,4200.0
12,6,16,11.710205,9.068731,7.660059,2800.0,6600.0,4200.0
12,6,17,0.0,0.0,0.0,2800.0,6600.0,4200.0
12,6,18,0.0,0.0,0.0,2800.0,6600.0,4200.0
12,6,19,0.0,0.0,0.0,2800.0,6600.0,4200.0
12,6,20,0.0,0.0,0.0,2800.0,6600.0,4200.0
12,6,21,0.0,0.0,0.0,2800.0,6600.0,4200.0
12,6,22,0.0,0.0,0.0,2800.0,6600.0,4200.0
12,6,23,0.0,0.0,0.0,2800.0,6600.0,4200.0
12,7,0,0.0,0.0,0.0,2800.0,6600.0,4200.0
12,7,1,0.0,0.0,0.0,2800.0,6600.0,4200.0
12,7,2,0.0,0.0,0.0,2800.0,6600.0,4200.0
12,7,3,0.0,0.0,0.0,2800.0,6600.0,4200.0
12,7,4,0.0,0.0,0.0,2800.0,4348.55720818164,4200.0
12,7,5,0.0,0.0,0.0,2800.0,3599.0492231594667,3482.9508611220645
12,7,6,0.0,0.0,0.0,2061.927887690667,2516.5261621421523,2435.347898847244
12,7,7,8.652214,6.685791,5.659719,1136.8810555802274,1387.531996967994,1342.7729002916071
12,7,8,112.34343,86.116596,73.487808,1503.1454301264964,1834.5475722016292,1775.3686182596414
12,7,9,269.440605,206.716161,176.25062100000002,2744.426018516277,3349.496321811205,3241.448053365682
12,7,10,322.255281,247.454935,210.798568,2800.0,6600.0,4200.0
12,7,11,249.530868,191.463273,163.226959,2800.0,6600.0,4200.0
12,7,12,162.69543,124.764473,106.42483,2800.0,6600.0,4200.0
12,7,13,130.859637,100.342197,85.599913,2800.0,6600.0,4200.0
12,7,14,82.08509,62.963669,53.694758,2800.0,6600.0,4200.0
12,7,15,61.890088000000006,47.4856,40.484494,2800.0,6600.0,4200.0
12,7,16,13.642434999999999,10.515439,8.923999,2800.0,6600.0,4200.0
12,7,17,0.0,0.0,0.0,2800.0,6600.0,4200.0
12,7,18,0.0,0.0,0.0,2800.0,6600.0,4200.0
12,7,19,0.0,0.0,0.0,2800.0,6600.0,4200.0
12,7,20,0.0,0.0,0.0,2800.0,6600.0,4200.0
12,7,21,0.0,0.0,0.0,2800.0,6600.0,4200.0
12,7,22,0.0,0.0,0.0,2800.0,6600.0,4200.0
12,7,23,0.0,0.0,0.0,2800.0,6600.0,4200.0
12,8,0,0.0,0.0,0.0,2800.0,6600.0,4200.0
12,8,1,0.0,0.0,0.0,2800.0,6600.0,4200.0
12,8,2,0.0,0.0,0.0,2800.0,6600.0,4200.0
12,8,3,0.0,0.0,0.0,2800.0,6600.0,4200.0
12,8,4,0.0,0.0,0.0,2800.0,6600.0,4200.0
12,8,5,0.0,0.0,0.0,2800.0,6600.0,4200.0
12,8,6,0.0,0.0,0.0,2800.0,5700.675903358588,4200.0
12,8,7,10.201369000000001,7.862106,6.673076,2364.2786071344885,2885.536882723194,2792.4550477966395
12,8,8,47.233629,36.225434,30.897186,2597.435303258585,3170.098204764415,3067.83697235266
12,8,9,145.768473,111.627083,95.35231,2549.630956168769,3111.754316583931,3011.3751450812238
12,8,10,389.47803700000003,298.939038,254.77134700000002,2800.0,3860.699345383164,3736.160656822416
12,8,11,335.814196,257.59847,219.66793299999998,2800.0,5876.06920203001,4200.0
12,8,12,293.556066,225.08259,192.025397,2800.0,6600.0,4200.0
12,8,13,264.624122,202.84347599999998,173.09999,2800.0,6600.0,4200.0
12,8,14,185.328911,141.975233,121.23019000000001,2800.0,6600.0,4200.0
12,8,15,120.06703900000001,91.97655400000001,78.540093,2800.0,6600.0,4200.0
12,8,16,80.52015,61.70174,52.671076,2800.0,6600.0,4200.0
12,8,17,0.0,0.0,0.0,2800.0,6600.0,4200.0
12,8,18,0.0,0.0,0.0,2800.0,6600.0,4200.0
12,8,19,0.0,0.0,0.0,2800.0,6600.0,4200.0
12,8,20,0.0,0.0,0.0,2800.0,6600.0,4200.0
12,8,21,0.0,0.0,0.0,2800.0,6600.0,4200.0
12,8,22,0.0,0.0,0.0,2800.0,6600.0,4200.0
12,8,23,0.0,0.0,0.0,2800.0,6145.847517348083,4200.0
12,9,0,0.0,0.0,0.0,2800.0,4875.874201202505,4200.0
12,9,1,0.0,0.0,0.0,2800.0,3728.344236364732,3608.075067449741
12,9,2,0.0,0.0,0.0,2549.630956168769,3111.754316583931,3011.3751450812238
12,9,3,0.0,0.0,0.0,2502.4167786610287,3054.130714113854,2955.610368497278
12,9,4,0.0,0.0,0.0,2800.0,3928.035620383037,3801.324793919068
12,9,5,0.0,0.0,0.0,2800.0,6600.0,4200.0
12,9,6,0.0,0.0,0.0,2800.0,6600.0,4200.0
12,9,7,39.721368000000005,30.485743,25.983150000000002,2800.0,6600.0,4200.0
12,9,8,208.99003,160.539312,136.707764,2800.0,6600.0,4200.0
12,9,9,336.16158,259.442495,219.89516899999998,2800.0,6600.0,4200.0
12,9,10,416.93829999999997,323.021684,272.734076,2800.0,6600.0,4200.0
12,9,11,457.83334,355.46238400000004,299.484967,2188.134369840437,2670.5576954745493,2584.4106730398867
12,9,12,466.952238,362.91922999999997,305.44996000000003,71.8766678693094,87.7234922814406,84.89370220784575
12,9,13,443.382624,344.371289,290.032243,1749.3017415377876,2134.9745664437564,2066.104419139119
12,9,14,385.774229,298.644479,252.348556,2800.0,6600.0,4200.0
12,9,15,294.69149300000004,227.22501699999998,192.76811999999998,2800.0,6600.0,4200.0
12,9,16,150.46072700000002,115.617964,98.421679,2800.0,6600.0,4200.0
12,9,17,0.0,0.0,0.0,2800.0,6600.0,4200.0
12,9,18,0.0,0.0,0.0,2800.0,6600.0,4200.0
12,9,19,0.0,0.0,0.0,2800.0,6600.0,4200.0
12,9,20,0.0,0.0,0.0,2800.0,6600.0,4200.0
12,9,21,0.0,0.0,0.0,2800.0,6600.0,4200.0
12,9,22,0.0,0.0,0.0,2800.0,6600.0,4200.0
12,9,23,0.0,0.0,0.0,2800.0,6055.023664834879,4200.0
12,10,0,0.0,0.0,0.0,2800.0,4954.515830178791,4200.0
12,10,1,0.0,0.0,0.0,2800.0,5528.8079782263085,4200.0
12,10,2,0.0,0.0,0.0,2800.0,6600.0,4200.0
12,10,3,0.0,0.0,0.0,2800.0,6600.0,4200.0
12,10,4,0.0,0.0,0.0,2800.0,6600.0,4200.0
12,10,5,0.0,0.0,0.0,2800.0,4421.436551474658,4200.0
12,10,6,0.0,0.0,0.0,1222.1129067458091,1491.5551224063024,1443.4404410383572
12,10,7,44.902644,34.432453,29.372405999999998,336.8536460978451,411.1205916942204,397.8586371234391
12,10,8,217.85764600000002,167.261209,142.508385,71.8766678693094,87.7234922814406,84.89370220784575
12,10,9,349.309539,269.078447,228.495713,2275.070137118247,2776.660403569514,2687.090713131788
12,10,10,437.758912,337.981922,286.35357400000004,2800.0,6600.0,4200.0
12,10,11,487.811917,377.175252,319.095013,2800.0,6600.0,4200.0
12,10,12,496.468668,384.052894,324.7577,2800.0,6600.0,4200.0
12,10,13,478.41335499999997,369.783041,312.947082,2800.0,6600.0,4200.0
12,10,14,410.87152199999997,316.893575,268.765582,2800.0,6600.0,4200.0
12,10,15,306.016949,235.411579,200.176501,2800.0,6600.0,4200.0
12,10,16,153.891062,118.141861,100.665582,2800.0,6600.0,4200.0
12,10,17,0.0,0.0,0.0,2800.0,6600.0,4200.0
12,10,18,0.0,0.0,0.0,2800.0,6600.0,4200.0
12,10,19,0.0,0.0,0.0,2800.0,6600.0,4200.0
12,10,20,0.0,0.0,0.0,2800.0,6600.0,4200.0
12,10,21,0.0,0.0,0.0,2800.0,6600.0,4200.0
12,10,22,0.0,0.0,0.0,2800.0,6600.0,4200.0
12,10,23,0.0,0.0,0.0,2800.0,6600.0,4200.0
12,11,0,0.0,0.0,0.0,2800.0,6600.0,4200.0
12,11,1,0.0,0.0,0.0,2800.0,6600.0,4200.0
12,11,2,0.0,0.0,0.0,2800.0,6600.0,4200.0
12,11,3,0.0,0.0,0.0,2597.435303258585,3170.098204764415,3067.83697235266
12,11,4,0.0,0.0,0.0,813.163264745564,992.4433546107276,960.4290528490912
12,11,5,0.0,0.0,0.0,445.37642374118406,543.569651022705,526.0351461510048
12,11,6,0.0,0.0,0.0,667.5923777577954,814.7780988382542,788.4949343596008
12,11,7,9.640627,7.421296999999999,6.306274999999999,1503.1454301264964,1834.5475722016292,1775.3686182596414
12,11,8,159.301345,121.989768,104.204639,2800.0,4644.951049827907,4200.0
12,11,9,304.21320299999996,233.51586799999998,198.99660599999999,2800.0,3472.7785151730586,3360.753401780379
12,11,10,419.03090399999996,322.70383000000004,274.10292200000004,727.6412163217148,888.0660514162661,859.4187594350961
12,11,11,467.510559,360.93084000000005,305.815178,388.5930680097703,474.2671302481448,458.9681905627208
12,11,12,475.012203,367.181518,310.722268,8.44565662798097,10.307691160134254,9.97518499367831
12,11,13,454.569505,351.301654,297.349977,247.56819744046305,302.1501622304864,292.4033828036965
12,11,14,386.098701,297.789137,252.560804,2744.426018516277,3349.496321811205,3241.448053365682
12,11,15,278.543638,214.289087,182.20523699999998,2800.0,6600.0,4200.0
12,11,16,134.496379,103.245058,87.978834,2800.0,6600.0,4200.0
12,11,17,2.5245,1.970416,1.651365,2800.0,6600.0,4200.0
12,11,18,0.0,0.0,0.0,2800.0,6600.0,4200.0
12,11,19,0.0,0.0,0.0,2800.0,6600.0,4200.0
12,11,20,0.0,0.0,0.0,2800.0,6600.0,4200.0
12,11,21,0.0,0.0,0.0,2800.0,6600.0,4200.0
12,11,22,0.0,0.0,0.0,2800.0,6423.759245222193,4200.0
12,11,23,0.0,0.0,0.0,2800.0,6600.0,4200.0
12,12,0,0.0,0.0,0.0,2800.0,6600.0,4200.0
12,12,1,0.0,0.0,0.0,2800.0,3728.344236364732,3608.075067449741
12,12,2,0.0,0.0,0.0,1640.756359055384,2002.4979185321613,1937.9012114827367
12,12,3,0.0,0.0,0.0,1469.9890187508342,1794.0810858770024,1736.2075024616151
12,12,4,0.0,0.0,0.0,1311.5016045329749,1600.651564587489,1549.017643149183
12,12,5,0.0,0.0,0.0,648.3361095823518,791.2763542146813,765.7513105303368
12,12,6,0.0,0.0,0.0,209.55296754900695,255.75362181178016,247.5035049791421
12,12,7,22.762284,17.48078,14.889614,610.9415963527902,745.6373813754526,721.5845626214057
12,12,8,188.435303,144.54578700000002,123.262191,2800.0,5195.505086201954,4200.0
12,12,9,327.002226,251.626168,213.903712,2800.0,6600.0,4200.0
12,12,10,423.188369,326.453859,276.822467,2800.0,4798.06917736812,4200.0
12,12,11,476.38592,368.161882,311.620865,2800.0,4798.06917736812,4200.0
12,12,12,489.20865100000003,378.190239,320.008667,2800.0,6600.0,4200.0
12,12,13,464.54375400000004,358.756312,303.874485,2800.0,6600.0,4200.0
12,12,14,397.485266,306.371589,260.009159,2800.0,6600.0,4200.0
12,12,15,292.070494,224.561849,191.053631,2800.0,6600.0,4200.0
12,12,16,143.451234,110.051523,93.83652099999999,2800.0,6600.0,4200.0
12,12,17,3.508498,2.72588,2.295032,2800.0,6600.0,4200.0
12,12,18,0.0,0.0,0.0,2800.0,6600.0,4200.0
12,12,19,0.0,0.0,0.0,2800.0,6600.0,4200.0
12,12,20,0.0,0.0,0.0,2800.0,6600.0,4200.0
12,12,21,0.0,0.0,0.0,2800.0,5360.429636038867,4200.0
12,12,22,0.0,0.0,0.0,1136.8810555802274,1387.531996967994,1342.7729002916071
12,12,23,0.0,0.0,0.0,1164.8359102045422,1421.650126627591,1375.790445123475
12,13,0,0.0,0.0,0.0,2744.426018516277,3349.496321811205,3241.448053365682
12,13,1,0.0,0.0,0.0,2800.0,6055.023664834879,4200.0
12,13,2,0.0,0.0,0.0,2800.0,6600.0,4200.0
12,13,3,0.0,0.0,0.0,2800.0,6518.224790706034,4200.0
12,13,4,0.0,0.0,0.0,2800.0,5195.505086201954,4200.0
12,13,5,0.0,0.0,0.0,2800.0,4495.12565696385,4200.0
12,13,6,0.0,0.0,0.0,2800.0,5195.505086201954,4200.0
12,13,7,31.002498,23.786886,20.279829000000003,2800.0,6518.224790706034,4200.0
12,13,8,206.748454,158.59721299999998,135.24147,2800.0,6600.0,4200.0
12,13,9,343.47449900000004,264.465834,224.678807,2800.0,6145.847517348083,4200.0
12,13,10,430.391577,332.481605,281.53434000000004,2800.0,6600.0,4200.0
12,13,11,478.977424,370.833091,313.316059,2800.0,6600.0,4200.0
12,13,12,491.283449,380.588489,321.365865,2800.0,6600.0,4200.0
12,13,13,470.95110100000005,364.588807,308.06575799999996,2800.0,6600.0,4200.0
12,13,14,406.596643,314.054875,265.96923200000003,2800.0,6600.0,4200.0
12,13,15,305.82627399999996,235.523774,200.051773,2800.0,6600.0,4200.0
12,13,16,157.881735,121.265114,103.276022,2800.0,6600.0,4200.0
12,13,17,3.459622,2.692944,2.263061,2800.0,6600.0,4200.0
12,13,18,0.0,0.0,0.0,2800.0,6600.0,4200.0
12,13,19,0.0,0.0,0.0,2800.0,6600.0,4200.0
12,13,20,0.0,0.0,0.0,2800.0,6600.0,4200.0
12,13,21,0.0,0.0,0.0,2800.0,6600.0,4200.0
12,13,22,0.0,0.0,0.0,2103.4419801044355,2567.192967843996,2484.3802914619314
12,13,23,0.0,0.0,0.0,312.8020973326286,381.76633926423176,369.45129606215977
12,14,0,0.0,0.0,0.0,175.6432651850418,214.36776459591715,207.4526754154037
12,14,1,0.0,0.0,0.0,1193.2453053765432,1456.323010498931,1409.344848869933
12,14,2,0.0,0.0,0.0,2800.0,3996.150340809066,3867.242265299096
12,14,3,0.0,0.0,0.0,2800.0,6518.224790706034,4200.0
12,14,4,0.0,0.0,0.0,2800.0,6600.0,4200.0
12,14,5,0.0,0.0,0.0,2800.0,6600.0,4200.0
12,14,6,0.0,0.0,0.0,2800.0,6600.0,4200.0
12,14,7,8.512604,6.561972,5.568395000000001,2800.0,6600.0,4200.0
12,14,8,117.767325,90.231448,77.035769,2800.0,6600.0,4200.0
12,14,9,260.33282199999996,199.904703,170.292899,2800.0,6600.0,4200.0
12,14,10,373.881832,288.205875,244.56931899999998,2800.0,6600.0,4200.0
12,14,11,432.103673,334.301733,282.654283,2800.0,6600.0,4200.0
12,14,12,468.43154200000004,363.645756,306.417625,2800.0,6600.0,4200.0
12,14,13,408.421746,316.860724,267.163097,2800.0,6600.0,4200.0
12,14,14,337.58787800000005,261.334383,220.828161,2800.0,6600.0,4200.0
12,14,15,226.744176,174.924748,148.321378,2800.0,6600.0,4200.0
12,14,16,108.349347,83.37595,70.875136,2800.0,6600.0,4200.0
12,14,17,2.761686,2.16085,1.806516,2800.0,6600.0,4200.0
12,14,18,0.0,0.0,0.0,2800.0,6600.0,4200.0
12,14,19,0.0,0.0,0.0,2800.0,6600.0,4200.0
12,14,20,0.0,0.0,0.0,2800.0,6600.0,4200.0
12,14,21,0.0,0.0,0.0,2800.0,6600.0,4200.0
12,14,22,0.0,0.0,0.0,2800.0,6600.0,4200.0
12,14,23,0.0,0.0,0.0,2800.0,6600.0,4200.0
12,15,0,0.0,0.0,0.0,2800.0,6600.0,4200.0
12,15,1,0.0,0.0,0.0,2800.0,6600.0,4200.0
12,15,2,0.0,0.0,0.0,2800.0,6600.0,4200.0
12,15,3,0.0,0.0,0.0,2800.0,6600.0,4200.0
12,15,4,0.0,0.0,0.0,2800.0,6600.0,4200.0
12,15,5,0.0,0.0,0.0,2800.0,6600.0,4200.0
12,15,6,0.0,0.0,0.0,2800.0,6600.0,4200.0
12,15,7,11.955187,9.202573000000001,7.82031,2800.0,6600.0,4200.0
12,15,8,162.994619,124.860311,106.62053999999999,2800.0,6600.0,4200.0
12,15,9,205.305467,157.442671,134.29756099999997,2800.0,6600.0,4200.0
12,15,10,389.750842,299.905076,254.949799,2800.0,6600.0,4200.0
12,15,11,441.050663,339.85757,288.506825,2800.0,6600.0,4200.0
12,15,12,452.990085,349.202571,296.316822,2800.0,6600.0,4200.0
12,15,13,430.269595,331.592609,281.45454700000005,2800.0,6600.0,4200.0
12,15,14,361.096545,277.925299,236.206011,2800.0,6600.0,4200.0
12,15,15,256.922058,197.38959400000002,168.06179699999998,2800.0,6600.0,4200.0
12,15,16,122.139695,93.71877400000001,79.895891,2800.0,6600.0,4200.0
12,15,17,2.404271,1.8801400000000001,1.572719,2800.0,6600.0,4200.0
12,15,18,0.0,0.0,0.0,2800.0,6600.0,4200.0
12,15,19,0.0,0.0,0.0,2800.0,6600.0,4200.0
12,15,20,0.0,0.0,0.0,2800.0,6600.0,4200.0
12,15,21,0.0,0.0,0.0,2800.0,6600.0,4200.0
12,15,22,0.0,0.0,0.0,2800.0,6600.0,4200.0
12,15,23,0.0,0.0,0.0,2800.0,6600.0,4200.0
12,16,0,0.0,0.0,0.0,2800.0,6600.0,4200.0
12,16,1,0.0,0.0,0.0,2800.0,6600.0,4200.0
12,16,2,0.0,0.0,0.0,2800.0,6600.0,4200.0
12,16,3,0.0,0.0,0.0,2800.0,6600.0,4200.0
12,16,4,0.0,0.0,0.0,2800.0,6600.0,4200.0
12,16,5,0.0,0.0,0.0,2800.0,6600.0,4200.0
12,16,6,0.0,0.0,0.0,2800.0,4569.628998473504,4200.0
12,16,7,22.580024,17.350786,14.770392,1749.3017415377876,2134.9745664437564,2066.104419139119
12,16,8,134.246523,102.85865799999999,87.81539500000001,1570.9465066065366,1917.296917511915,1855.44862985024
12,16,9,208.76074799999998,160.062837,136.557782,2800.0,6600.0,4200.0
12,16,10,432.217913,332.63261,282.729011,2800.0,6600.0,4200.0
12,16,11,488.28101899999996,376.324418,319.40187,2800.0,6600.0,4200.0
12,16,12,502.169865,387.209356,328.487054,2800.0,5787.929644089762,4200.0
12,16,13,475.43782699999997,366.399745,311.00068400000004,2800.0,6600.0,4200.0
12,16,14,409.08789399999995,314.82308,267.598848,2800.0,6600.0,4200.0
12,16,15,303.143779,232.837495,198.29705900000002,2800.0,6600.0,4200.0
12,16,16,155.41882999999999,119.160681,101.664949,2800.0,6600.0,4200.0
12,16,17,7.497665,5.792745,4.904488000000001,2800.0,6600.0,4200.0
12,16,18,0.0,0.0,0.0,2800.0,6600.0,4200.0
12,16,19,0.0,0.0,0.0,2800.0,6600.0,4200.0
12,16,20,0.0,0.0,0.0,2800.0,6600.0,4200.0
12,16,21,0.0,0.0,0.0,2800.0,6600.0,4200.0
12,16,22,0.0,0.0,0.0,2800.0,6600.0,4200.0
12,16,23,0.0,0.0,0.0,2800.0,6600.0,4200.0
12,17,0,0.0,0.0,0.0,2800.0,6600.0,4200.0
12,17,1,0.0,0.0,0.0,2800.0,6600.0,4200.0
12,17,2,0.0,0.0,0.0,2800.0,6600.0,4200.0
12,17,3,0.0,0.0,0.0,2800.0,6600.0,4200.0
12,17,4,0.0,0.0,0.0,2800.0,6600.0,4200.0
12,17,5,0.0,0.0,0.0,2800.0,6600.0,4200.0
12,17,6,0.0,0.0,0.0,2800.0,6600.0,4200.0
12,17,7,31.791892,24.415948,20.796200000000002,2800.0,6600.0,4200.0
12,17,8,205.76145499999998,158.141966,134.595839,2800.0,6600.0,4200.0
12,17,9,336.368852,259.662291,220.030753,2800.0,6600.0,4200.0
12,17,10,422.653535,327.523702,276.472613,2800.0,6600.0,4200.0
12,17,11,466.174475,362.464224,304.941198,2800.0,6600.0,4200.0
12,17,12,472.584814,368.08547899999996,309.134427,2800.0,6600.0,4200.0
12,17,13,457.016691,355.06672100000003,298.950768,2800.0,6600.0,4200.0
12,17,14,402.39518300000003,311.406783,263.220909,2800.0,6600.0,4200.0
12,17,15,308.075163,237.471428,201.522851,2800.0,6600.0,4200.0
12,17,16,164.12042499999998,126.070316,107.35697,2800.0,6600.0,4200.0
12,17,17,9.719556,7.505024000000001,6.357905,2800.0,6600.0,4200.0
12,17,18,0.0,0.0,0.0,2800.0,6600.0,4200.0
12,17,19,0.0,0.0,0.0,2800.0,6600.0,4200.0
12,17,20,0.0,0.0,0.0,2800.0,6600.0,4200.0
12,17,21,0.0,0.0,0.0,2800.0,6600.0,4200.0
12,17,22,0.0,0.0,0.0,2800.0,6600.0,4200.0
12,17,23,0.0,0.0,0.0,2800.0,6600.0,4200.0
12,18,0,0.0,0.0,0.0,2800.0,6600.0,4200.0
12,18,1,0.0,0.0,0.0,2800.0,6600.0,4200.0
12,18,2,0.0,0.0,0.0,2800.0,6600.0,4200.0
12,18,3,0.0,0.0,0.0,2800.0,6600.0,4200.0
12,18,4,0.0,0.0,0.0,2800.0,6600.0,4200.0
12,18,5,0.0,0.0,0.0,2800.0,6600.0,4200.0
12,18,6,0.0,0.0,0.0,2800.0,6600.0,4200.0
12,18,7,29.753315999999998,22.828577000000003,19.462695,2800.0,6600.0,4200.0
12,18,8,204.328869,156.84181099999998,133.658734,2800.0,6600.0,4200.0
12,18,9,332.792859,256.92909,217.691569,2800.0,6600.0,4200.0
12,18,10,408.159735,317.300338,266.991706,2800.0,6600.0,4200.0
12,18,11,461.34753600000005,358.89992099999995,301.783727,2800.0,6600.0,4200.0
12,18,12,483.93381300000004,375.593999,316.558209,1980.545579523704,2417.201297843891,2339.227062429572
12,18,13,461.891934,357.726222,302.139837,1901.3333359069868,2320.524937524275,2245.6692943783305
12,18,14,401.63372499999997,310.266167,262.72281300000003,2800.0,6600.0,4200.0
12,18,15,300.19070400000004,231.201304,196.365348,2800.0,6600.0,4200.0
12,18,16,152.634412,117.220769,99.84356299999999,2800.0,6600.0,4200.0
12,18,17,7.086745,5.4808,4.635691,2800.0,6600.0,4200.0
12,18,18,0.0,0.0,0.0,2800.0,6600.0,4200.0
12,18,19,0.0,0.0,0.0,2800.0,6600.0,4200.0
12,18,20,0.0,0.0,0.0,2800.0,6600.0,4200.0
12,18,21,0.0,0.0,0.0,2800.0,6600.0,4200.0
12,18,22,0.0,0.0,0.0,2800.0,6600.0,4200.0
12,18,23,0.0,0.0,0.0,2800.0,6600.0,4200.0
12,19,0,0.0,0.0,0.0,2800.0,6600.0,4200.0
12,19,1,0.0,0.0,0.0,2800.0,6600.0,4200.0
12,19,2,0.0,0.0,0.0,2800.0,6600.0,4200.0
12,19,3,0.0,0.0,0.0,2800.0,6600.0,4200.0
12,19,4,0.0,0.0,0.0,2800.0,6600.0,4200.0
12,19,5,0.0,0.0,0.0,2800.0,6600.0,4200.0
12,19,6,0.0,0.0,0.0,2800.0,6600.0,4200.0
12,19,7,12.377104,9.531525,8.096301,2800.0,6600.0,4200.0
12,19,8,165.28325,127.007096,108.117615,2800.0,6600.0,4200.0
12,19,9,294.11445799999996,226.758759,192.39066,2800.0,6600.0,4200.0
12,19,10,391.58117300000004,302.51989899999995,256.147083,1640.756359055384,2002.4979185321613,1937.9012114827367
12,19,11,446.792321,345.558305,292.262646,592.796019999516,723.4912055112203,700.1527795269874
12,19,12,462.51124300000004,357.679363,302.54494900000003,1503.1454301264964,1834.5475722016292,1775.3686182596414
12,19,13,439.607921,339.715898,287.563076,2800.0,5700.675903358588,4200.0
12,19,14,374.651679,288.96347499999996,245.072903,2800.0,6600.0,4200.0
12,19,15,271.851536,209.155291,177.827696,2800.0,6600.0,4200.0
12,19,16,133.98557699999998,102.883556,87.644701,2800.0,6600.0,4200.0
12,19,17,4.709283,3.6546909999999997,3.080509,2800.0,6600.0,4200.0
12,19,18,0.0,0.0,0.0,2800.0,6600.0,4200.0
12,19,19,0.0,0.0,0.0,2800.0,6600.0,4200.0
12,19,20,0.0,0.0,0.0,2800.0,6600.0,4200.0
12,19,21,0.0,0.0,0.0,2800.0,6600.0,4200.0
12,19,22,0.0,0.0,0.0,2800.0,6600.0,4200.0
12,19,23,0.0,0.0,0.0,2800.0,4421.436551474658,4200.0
12,20,0,0.0,0.0,0.0,2020.963642713616,2466.530430083547,2386.964932338916
12,20,1,0.0,0.0,0.0,1640.756359055384,2002.4979185321613,1937.9012114827367
12,20,2,0.0,0.0,0.0,1824.2618316438895,2226.4612905889994,2154.639958634516
12,20,3,0.0,0.0,0.0,2145.5095856044995,2618.5353210133653,2534.066439690353
12,20,4,0.0,0.0,0.0,1786.5196926460033,2180.398050079768,2110.0626291094527
12,20,5,0.0,0.0,0.0,1222.1129067458091,1491.5551224063024,1443.4404410383572
12,20,6,0.0,0.0,0.0,835.542666361563,1019.7567975278918,986.8614169624758
12,20,7,16.601803,12.778369000000001,10.859826,953.6162939806846,1163.862406039418,1126.3184574575014
12,20,8,172.967804,132.93934099999998,113.14435300000001,1640.756359055384,2002.4979185321613,1937.9012114827367
12,20,9,301.677052,233.083634,197.33762,953.6162939806846,1163.862406039418,1126.3184574575014
12,20,10,369.664196,286.501058,241.81041399999998,575.0133429544752,701.7879382515248,679.149617662766
12,20,11,422.03964,327.965733,276.07104200000003,336.8536460978451,411.1205916942204,397.8586371234391
12,20,12,437.35965600000003,339.970393,286.09240600000004,791.1870845831577,965.6220323652713,934.4729345470366
12,20,13,408.66306099999997,316.75584299999997,267.32095000000004,2800.0,3535.5380679260493,3421.48845283166
12,20,14,352.827536,272.789574,230.79695999999998,2800.0,6600.0,4200.0
12,20,15,208.019382,160.13000399999999,136.07282899999998,2800.0,6600.0,4200.0
12,20,16,52.040496,40.025220000000004,34.041528,2800.0,6600.0,4200.0
12,20,17,3.904842,3.038914,2.554295,2800.0,6600.0,4200.0
12,20,18,0.0,0.0,0.0,2800.0,6600.0,4200.0
12,20,19,0.0,0.0,0.0,2800.0,6600.0,4200.0
12,20,20,0.0,0.0,0.0,2800.0,6600.0,4200.0
12,20,21,0.0,0.0,0.0,2800.0,6600.0,4200.0
12,20,22,0.0,0.0,0.0,2800.0,6600.0,4200.0
12,20,23,0.0,0.0,0.0,2800.0,3996.150340809066,3867.242265299096
12,21,0,0.0,0.0,0.0,1136.8810555802274,1387.531996967994,1342.7729002916071
12,21,1,0.0,0.0,0.0,200.6998128762587,244.94859051826847,237.0470230821953
12,21,2,0.0,0.0,0.0,28.504091119435778,34.78845766545312,33.666249353664305
12,21,3,0.0,0.0,0.0,90.95515204021434,111.00825642703326,107.42734492938702
12,21,4,0.0,0.0,0.0,375.1945078601572,457.9145568371997,443.1431195198707
12,21,5,0.0,0.0,0.0,1136.8810555802274,1387.531996967994,1342.7729002916071
12,21,6,0.0,0.0,0.0,1786.5196926460033,2180.398050079768,2110.0626291094527
12,21,7,1.923496,1.505787,1.258227,1676.4237403920558,2046.0289744942413,1980.0280398331363
12,21,8,117.396467,90.107872,76.793178,2800.0,3472.7785151730586,3360.753401780379
12,21,9,249.642237,192.196541,163.299809,2800.0,5114.326798854228,4200.0
12,21,10,360.67256,278.438583,235.928667,2800.0,6600.0,4200.0
12,21,11,422.308094,326.164194,276.246648,2800.0,6600.0,4200.0
12,21,12,442.597528,341.682638,289.518684,2800.0,6600.0,4200.0
12,21,13,414.949811,319.95851400000004,271.433335,2800.0,6600.0,4200.0
12,21,14,353.360908,272.049876,231.14585699999998,2800.0,6600.0,4200.0
12,21,15,253.21334099999999,194.587711,165.635794,2800.0,6600.0,4200.0
12,21,16,126.459242,97.060321,82.721459,2800.0,6600.0,4200.0
12,21,17,3.658007,2.846849,2.392831,2800.0,6600.0,4200.0
12,21,18,0.0,0.0,0.0,2800.0,6600.0,4200.0
12,21,19,0.0,0.0,0.0,2800.0,6600.0,4200.0
12,21,20,0.0,0.0,0.0,2800.0,6600.0,4200.0
12,21,21,0.0,0.0,0.0,2800.0,6600.0,4200.0
12,21,22,0.0,0.0,0.0,2800.0,6600.0,4200.0
12,21,23,0.0,0.0,0.0,2800.0,6600.0,4200.0
12,22,0,0.0,0.0,0.0,2800.0,6600.0,4200.0
12,22,1,0.0,0.0,0.0,2800.0,6600.0,4200.0
12,22,2,0.0,0.0,0.0,2800.0,6600.0,4200.0
12,22,3,0.0,0.0,0.0,2800.0,6600.0,4200.0
12,22,4,0.0,0.0,0.0,2800.0,6600.0,4200.0
12,22,5,0.0,0.0,0.0,2800.0,6600.0,4200.0
12,22,6,0.0,0.0,0.0,2800.0,6600.0,4200.0
12,22,7,2.412384,1.8826500000000002,1.578025,2800.0,6600.0,4200.0
12,22,8,71.617871,54.94928,46.84778,2800.0,6600.0,4200.0
12,22,9,292.28555800000004,224.50539600000002,191.194313,2800.0,6600.0,4200.0
12,22,10,394.73422,303.799269,258.209602,2800.0,6600.0,4200.0
12,22,11,453.400416,349.426451,296.585235,2800.0,6600.0,4200.0
12,22,12,468.89470400000005,361.50472499999995,306.720596,2800.0,6600.0,4200.0
12,22,13,453.303483,349.394431,296.521827,2800.0,6600.0,4200.0
12,22,14,388.77216999999996,299.301787,254.30961499999998,2800.0,6600.0,4200.0
12,22,15,285.284138,219.22644200000002,186.61443599999998,2800.0,6600.0,4200.0
12,22,16,147.741011,113.351627,96.64261599999999,2800.0,6600.0,4200.0
12,22,17,7.863286,6.079042,5.1436530000000005,2800.0,6600.0,4200.0
12,22,18,0.0,0.0,0.0,2800.0,6600.0,4200.0
12,22,19,0.0,0.0,0.0,2800.0,6600.0,4200.0
12,22,20,0.0,0.0,0.0,2800.0,6600.0,4200.0
12,22,21,0.0,0.0,0.0,2800.0,6600.0,4200.0
12,22,22,0.0,0.0,0.0,2800.0,6600.0,4200.0
12,22,23,0.0,0.0,0.0,2800.0,6600.0,4200.0
12,23,0,0.0,0.0,0.0,2800.0,6600.0,4200.0
12,23,1,0.0,0.0,0.0,2800.0,6600.0,4200.0
12,23,2,0.0,0.0,0.0,2800.0,6600.0,4200.0
12,23,3,0.0,0.0,0.0,2800.0,6145.847517348083,4200.0
12,23,4,0.0,0.0,0.0,2800.0,4798.06917736812,4200.0
12,23,5,0.0,0.0,0.0,2800.0,4134.733013236745,4001.3545289387857
12,23,6,0.0,0.0,0.0,2800.0,4721.09628485135,4200.0
12,23,7,12.448922,9.58363,8.143279999999999,2800.0,6600.0,4200.0
12,23,8,168.565413,129.205385,110.26459299999999,2800.0,6600.0,4200.0
12,23,9,303.83920400000005,233.484665,198.75196100000002,2800.0,6600.0,4200.0
12,23,10,403.21608299999997,310.694839,263.75788900000003,2800.0,6600.0,4200.0
12,23,11,451.751319,348.803385,295.50650199999995,2800.0,6600.0,4200.0
12,23,12,461.62512599999997,356.774728,301.965308,2800.0,6600.0,4200.0
12,23,13,431.209972,333.098527,282.069681,2800.0,6600.0,4200.0
12,23,14,366.684446,282.761142,239.86125399999997,2800.0,6600.0,4200.0
12,23,15,267.48294799999996,205.787566,174.970049,2800.0,6600.0,4200.0
12,23,16,133.33224600000003,102.393881,87.21733400000001,2800.0,6600.0,4200.0
12,23,17,4.794607,3.724868,3.1363220000000003,2800.0,6600.0,4200.0
12,23,18,0.0,0.0,0.0,2800.0,6600.0,4200.0
12,23,19,0.0,0.0,0.0,2800.0,6600.0,4200.0
12,23,20,0.0,0.0,0.0,1980.545579523704,2417.201297843891,2339.227062429572
12,23,21,0.0,0.0,0.0,247.56819744046305,302.1501622304864,292.4033828036965
12,23,22,0.0,0.0,0.0,0.0391002621665785,0.0477207924080289,0.0461814120077699
12,23,23,0.0,0.0,0.0,237.66666698837332,290.0656171905344,280.7086617972913
12,24,0,0.0,0.0,0.0,1605.5985030100696,1959.588724146148,1896.3761846575624
12,24,1,0.0,0.0,0.0,2800.0,6145.847517348083,4200.0
12,24,2,0.0,0.0,0.0,2800.0,6600.0,4200.0
12,24,3,0.0,0.0,0.0,2800.0,6600.0,4200.0
12,24,4,0.0,0.0,0.0,2800.0,6600.0,4200.0
12,24,5,0.0,0.0,0.0,2800.0,6600.0,4200.0
12,24,6,0.0,0.0,0.0,2800.0,6600.0,4200.0
12,24,7,2.87946,2.2404290000000002,1.883557,2800.0,6600.0,4200.0
12,24,8,8.645343,6.6787209999999995,5.6552240000000005,2800.0,6600.0,4200.0
12,24,9,144.842635,111.112193,94.746686,2800.0,6600.0,4200.0
12,24,10,233.200646,179.19348000000002,152.544783,1136.8810555802274,1387.531996967994,1342.7729002916071
12,24,11,406.051199,313.50202399999995,265.612438,131.96338481220266,161.05767437709773,155.86226552622358
12,24,12,380.643655,294.16168300000004,248.99246599999998,301.21803372418333,367.6283088759718,355.7693311702953
12,24,13,260.922454,201.257919,170.678598,2061.927887690667,2516.5261621421523,2435.347898847244
12,24,14,286.742217,221.697926,187.568217,2800.0,6600.0,4200.0
12,24,15,191.643579,147.827429,125.360837,2800.0,6600.0,4200.0
12,24,16,85.662708,65.915228,56.035004,2800.0,6600.0,4200.0
12,24,17,3.431585,2.6788980000000002,2.244721,2800.0,6600.0,4200.0
12,24,18,0.0,0.0,0.0,2800.0,6600.0,4200.0
12,24,19,0.0,0.0,0.0,2800.0,6600.0,4200.0
12,24,20,0.0,0.0,0.0,2800.0,6600.0,4200.0
12,24,21,0.0,0.0,0.0,2800.0,6600.0,4200.0
12,24,22,0.0,0.0,0.0,2800.0,6600.0,4200.0
12,24,23,0.0,0.0,0.0,2800.0,6600.0,4200.0
12,25,0,0.0,0.0,0.0,2800.0,6600.0,4200.0
12,25,1,0.0,0.0,0.0,2800.0,6600.0,4200.0
12,25,2,0.0,0.0,0.0,2800.0,6600.0,4200.0
12,25,3,0.0,0.0,0.0,2800.0,6600.0,4200.0
12,25,4,0.0,0.0,0.0,2800.0,6600.0,4200.0
12,25,5,0.0,0.0,0.0,2800.0,6600.0,4200.0
12,25,6,0.0,0.0,0.0,2800.0,6600.0,4200.0
12,25,7,0.6625030000000001,0.533269,0.433367,2800.0,6600.0,4200.0
12,25,8,13.282051,10.241749,8.688259,2800.0,6600.0,4200.0
12,25,9,252.805328,194.06671,165.368899,2800.0,6600.0,4200.0
12,25,10,280.519156,215.61617900000002,183.497493,2800.0,6600.0,4200.0
12,25,11,419.125928,323.361695,274.165081,2800.0,5700.675903358588,4200.0
12,25,12,404.02166700000004,311.96946399999996,264.28484999999995,2800.0,4134.733013236745,4001.3545289387857
12,25,13,375.40675799999997,289.945691,245.566827,2800.0,6600.0,4200.0
12,25,14,233.144656,179.61622599999998,152.508158,2800.0,6600.0,4200.0
12,25,15,74.303398,57.178204,48.604479,2800.0,6600.0,4200.0
12,25,16,71.39941999999999,54.92754,46.704884,2800.0,6600.0,4200.0
12,25,17,2.980735,2.330298,1.949804,2800.0,6600.0,4200.0
12,25,18,0.0,0.0,0.0,2800.0,6600.0,4200.0
12,25,19,0.0,0.0,0.0,2800.0,6600.0,4200.0
12,25,20,0.0,0.0,0.0,2800.0,6600.0,4200.0
12,25,21,0.0,0.0,0.0,2800.0,6600.0,4200.0
12,25,22,0.0,0.0,0.0,2800.0,6600.0,4200.0
12,25,23,0.0,0.0,0.0,2800.0,6600.0,4200.0
12,26,0,0.0,0.0,0.0,2800.0,6600.0,4200.0
12,26,1,0.0,0.0,0.0,2800.0,6600.0,4200.0
12,26,2,0.0,0.0,0.0,2800.0,6600.0,4200.0
12,26,3,0.0,0.0,0.0,2800.0,6600.0,4200.0
12,26,4,0.0,0.0,0.0,2800.0,6600.0,4200.0
12,26,5,0.0,0.0,0.0,2800.0,6600.0,4200.0
12,26,6,0.0,0.0,0.0,2800.0,6600.0,4200.0
12,26,7,1.043152,0.8268669999999999,0.6823619999999999,2800.0,3728.344236364732,3608.075067449741
12,26,8,14.336118,11.049433,9.377761,1342.23868718708,1638.1653268818693,1585.3212840792282
12,26,9,17.816200000000002,13.727999,11.654206,2800.0,4721.09628485135,4200.0
12,26,10,60.030679,46.118756000000005,39.268189,2800.0,6600.0,4200.0
12,26,11,81.893073,62.924803,53.569153,2800.0,6600.0,4200.0
12,26,12,59.822483,45.986874,39.132,2800.0,6600.0,4200.0
12,26,13,98.896942,75.932484,64.69198399999999,2800.0,6600.0,4200.0
12,26,14,19.739926999999998,15.208067999999999,12.912584,2800.0,6600.0,4200.0
12,26,15,75.93036199999999,58.234727,49.668733,2800.0,6600.0,4200.0
12,26,16,-0.0,-0.0,-0.0,2800.0,6600.0,4200.0
12,26,17,0.963607,0.765254,0.6303289999999999,2800.0,6600.0,4200.0
12,26,18,0.0,0.0,0.0,2800.0,6600.0,4200.0
12,26,19,0.0,0.0,0.0,2800.0,6600.0,4200.0
12,26,20,0.0,0.0,0.0,2800.0,6600.0,4200.0
12,26,21,0.0,0.0,0.0,2800.0,6600.0,4200.0
12,26,22,0.0,0.0,0.0,2800.0,6600.0,4200.0
12,26,23,0.0,0.0,0.0,2800.0,6600.0,4200.0
12,27,0,0.0,0.0,0.0,2800.0,6600.0,4200.0
12,27,1,0.0,0.0,0.0,2800.0,6600.0,4200.0
12,27,2,0.0,0.0,0.0,2800.0,6600.0,4200.0
12,27,3,0.0,0.0,0.0,2800.0,6600.0,4200.0
12,27,4,0.0,0.0,0.0,2800.0,6600.0,4200.0
12,27,5,0.0,0.0,0.0,2800.0,6600.0,4200.0
12,27,6,0.0,0.0,0.0,2800.0,6600.0,4200.0
12,27,7,1.334115,1.050362,0.872692,2800.0,6600.0,4200.0
12,27,8,152.808939,117.158854,99.957727,2800.0,6600.0,4200.0
12,27,9,296.858174,228.144859,194.185422,2800.0,6600.0,4200.0
12,27,10,286.84465,220.50862899999998,187.635222,2800.0,6600.0,4200.0
12,27,11,465.81847999999997,359.791098,304.70832900000005,2800.0,6600.0,4200.0
12,27,12,482.798631,373.10553999999996,315.815646,2800.0,6600.0,4200.0
12,27,13,432.539085,333.76325799999995,282.93910100000005,2800.0,6600.0,4200.0
12,27,14,400.44724699999995,308.655755,261.946696,2800.0,6600.0,4200.0
12,27,15,301.15290899999997,231.53334700000002,196.99476,2800.0,6600.0,4200.0
12,27,16,160.113792,122.81672,104.736089,2800.0,6600.0,4200.0
12,27,17,10.317245000000002,7.960287999999999,6.748875,2800.0,6600.0,4200.0
12,27,18,0.0,0.0,0.0,2800.0,6600.0,4200.0
12,27,19,0.0,0.0,0.0,2800.0,6600.0,4200.0
12,27,20,0.0,0.0,0.0,2800.0,6600.0,4200.0
12,27,21,0.0,0.0,0.0,2800.0,6600.0,4200.0
12,27,22,0.0,0.0,0.0,2800.0,6600.0,4200.0
12,27,23,0.0,0.0,0.0,2800.0,6600.0,4200.0
12,28,0,0.0,0.0,0.0,2800.0,4348.55720818164,4200.0
12,28,1,0.0,0.0,0.0,2455.7891050857875,2997.2229235298983,2900.5383130934497
12,28,2,0.0,0.0,0.0,2409.744269793466,2941.0264710077745,2846.1546493623623
12,28,3,0.0,0.0,0.0,2694.829168782761,3288.9647335537634,3182.869096987513
12,28,4,0.0,0.0,0.0,2800.0,3996.150340809066,3867.242265299096
12,28,5,0.0,0.0,0.0,2800.0,4421.436551474658,4200.0
12,28,6,0.0,0.0,0.0,2800.0,4954.515830178791,4200.0
12,28,7,16.436288,12.644171,10.751557,2800.0,5033.998538121269,4200.0
12,28,8,188.18574299999997,144.387017,123.098944,2800.0,6423.759245222193,4200.0
12,28,9,327.548601,252.1024,214.261115,2800.0,3928.035620383037,3801.324793919068
12,28,10,418.902722,323.354082,274.01907400000005,2409.744269793466,2941.0264710077745,2846.1546493623623
12,28,11,475.61462800000004,367.654623,311.11633500000005,2800.0,4205.209912886971,4069.5579802131983
12,28,12,493.930724,381.84419199999996,323.09754100000004,2800.0,6600.0,4200.0
12,28,13,474.93856,366.74364199999997,310.674096,2800.0,6600.0,4200.0
12,28,14,415.02971,319.852331,271.485599,2800.0,6600.0,4200.0
12,28,15,319.415652,245.584286,208.94106599999998,2800.0,6600.0,4200.0
12,28,16,174.666314,133.983901,114.255408,2800.0,6600.0,4200.0
12,28,17,14.20362,10.940933000000001,9.29109,2800.0,6600.0,4200.0
12,28,18,0.0,0.0,0.0,2800.0,6600.0,4200.0
12,28,19,0.0,0.0,0.0,2800.0,6600.0,4200.0
12,28,20,0.0,0.0,0.0,2800.0,6600.0,4200.0
12,28,21,0.0,0.0,0.0,2800.0,6600.0,4200.0
12,28,22,0.0,0.0,0.0,2800.0,5614.303506012198,4200.0
12,28,23,0.0,0.0,0.0,1605.5985030100696,1959.588724146148,1896.3761846575624
12,29,0,0.0,0.0,0.0,228.03272895548625,278.3076613236249,269.32999482931444
12,29,1,0.0,0.0,0.0,67.56525302384776,82.46152928107404,79.80147994942648
12,29,2,0.0,0.0,0.0,55.67205296764801,67.94620637783812,65.7543932688756
12,29,3,0.0,0.0,0.0,85.90327597997313,104.84258092043964,101.4605621810706
12,29,4,0.0,0.0,0.0,375.1945078601572,457.9145568371997,443.1431195198707
12,29,5,0.0,0.0,0.0,1605.5985030100696,1959.588724146148,1896.3761846575624
12,29,6,0.0,0.0,0.0,2800.0,3996.150340809066,3867.242265299096
12,29,7,18.303334,14.072018,11.972858,2800.0,6237.575082367505,4200.0
12,29,8,194.51650099999998,149.209115,127.240117,2800.0,6600.0,4200.0
12,29,9,332.208972,255.552824,217.309628,2800.0,6600.0,4200.0
12,29,10,429.571414,331.398054,280.997842,1676.4237403920558,2046.0289744942413,1980.0280398331363
12,29,11,483.846509,373.909495,316.50109999999995,67.56525302384776,82.46152928107404,79.80147994942648
12,29,12,498.81160800000004,385.542227,326.2903,268.18869820056244,327.31691512667066,316.7583049612942
12,29,13,476.488419,367.952461,311.687913,2800.0,6518.224790706034,4200.0
12,29,14,414.771687,319.72238500000003,271.316818,2800.0,6600.0,4200.0
12,29,15,315.50174200000004,242.639877,206.380839,2800.0,6600.0,4200.0
12,29,16,172.167623,132.115847,112.620927,2800.0,6600.0,4200.0
12,29,17,13.513356,10.413170000000001,8.839564000000001,2800.0,6600.0,4200.0
12,29,18,0.0,0.0,0.0,2800.0,6600.0,4200.0
12,29,19,0.0,0.0,0.0,2800.0,6600.0,4200.0
12,29,20,0.0,0.0,0.0,2800.0,5787.929644089762,4200.0
12,29,21,0.0,0.0,0.0,2794.6277004301824,3410.766091076207,3300.741378460845
12,29,22,0.0,0.0,0.0,1605.5985030100696,1959.588724146148,1896.3761846575624
12,29,23,0.0,0.0,0.0,430.6948862392302,525.6512391108714,508.6947475266498
12,30,0,0.0,0.0,0.0,192.09958802440056,234.45225310064637,226.88927719417387
12,30,1,0.0,0.0,0.0,268.18869820056244,327.31691512667066,316.7583049612942
12,30,2,0.0,0.0,0.0,278.9149998077284,340.4080706314795,329.42716512723825
12,30,3,0.0,0.0,0.0,312.8020973326286,381.76633926423176,369.45129606215977
12,30,4,0.0,0.0,0.0,312.8020973326286,381.76633926423176,369.45129606215977
12,30,5,0.0,0.0,0.0,835.542666361563,1019.7567975278918,986.8614169624758
12,30,6,0.0,0.0,0.0,2409.744269793466,2941.0264710077745,2846.1546493623623
12,30,7,10.537381,8.115096,6.892873,2800.0,4875.874201202505,4200.0
12,30,8,179.845897,137.883965,117.643557,2800.0,6600.0,4200.0
12,30,9,319.759599,246.037549,209.166054,2800.0,6423.759245222193,4200.0
12,30,10,410.823914,317.505575,268.73444,1136.8810555802274,1387.531996967994,1342.7729002916071
12,30,11,459.762967,356.729896,300.747204,33.523587275070305,40.91461439083383,39.59478812016177
12,30,12,472.76941,367.347717,309.255178,402.3068740231014,491.0044525478796,475.1655992398835
12,30,13,455.501047,353.71853600000003,297.959331,2800.0,5114.326798854228,4200.0
12,30,14,400.548489,310.264254,262.012921,2800.0,6600.0,4200.0
12,30,15,310.145308,239.294414,202.877006,2800.0,6600.0,4200.0
12,30,16,58.20639499999999,44.742303,38.07486,2800.0,6600.0,4200.0
12,30,17,14.250504000000001,10.990043,9.321757999999999,2800.0,6600.0,4200.0
12,30,18,0.0,0.0,0.0,2800.0,6600.0,4200.0
12,30,19,0.0,0.0,0.0,2800.0,6600.0,4200.0
12,30,20,0.0,0.0,0.0,2800.0,6600.0,4200.0
12,30,21,0.0,0.0,0.0,2800.0,6600.0,4200.0
12,30,22,0.0,0.0,0.0,2800.0,6600.0,4200.0
12,30,23,0.0,0.0,0.0,2800.0,5876.06920203001,4200.0
12,31,0,0.0,0.0,0.0,2800.0,3928.035620383037,3801.324793919068
12,31,1,0.0,0.0,0.0,1901.3333359069868,2320.524937524275,2245.6692943783305
12,31,2,0.0,0.0,0.0,1136.8810555802274,1387.531996967994,1342.7729002916071
12,31,3,0.0,0.0,0.0,648.3361095823518,791.2763542146813,765.7513105303368
12,31,4,0.0,0.0,0.0,667.5923777577954,814.7780988382542,788.4949343596008
12,31,5,0.0,0.0,0.0,2103.4419801044355,2567.192967843996,2484.3802914619314
12,31,6,0.0,0.0,0.0,2800.0,6600.0,4200.0
12,31,7,5.84905,4.5220780000000005,3.82607,2800.0,6600.0,4200.0
12,31,8,160.01989600000002,122.80614800000001,104.674669,2800.0,6600.0,4200.0
12,31,9,294.028096,226.719767,192.334168,2275.070137118247,2776.660403569514,2687.090713131788
12,31,10,372.329971,288.477647,243.554192,59.46661122259518,72.57736015356105,70.23615498731715
12,31,11,438.58999,341.128824,286.897211,1536.7967041952045,1875.6180248051708,1815.114217553391
12,31,12,436.237862,339.16216399999996,285.358602,2800.0,6600.0,4200.0
12,31,13,439.749735,341.74404200000004,287.655842,2800.0,6600.0,4200.0
12,31,14,386.119476,299.293181,252.574394,2800.0,6600.0,4200.0
12,31,15,295.280935,228.10969,193.153694,2800.0,6600.0,4200.0
12,31,16,161.87095499999998,124.606208,105.885512,2800.0,6600.0,4200.0
12,31,17,12.415471,9.596907999999999,8.121398000000001,2800.0,6600.0,4200.0
12,31,18,0.0,0.0,0.0,2800.0,6600.0,4200.0
12,31,19,0.0,0.0,0.0,2800.0,6600.0,4200.0
12,31,20,0.0,0.0,0.0,2800.0,6600.0,4200.0
12,31,21,0.0,0.0,0.0,2800.0,5033.998538121269,4200.0
12,31,22,0.0,0.0,0.0,2061.927887690667,2516.5261621421523,2435.347898847244
12,31,23,0.0,0.0,0.0,2061.927887690667,2516.5261621421523,2435.347898847244
