Month,Day,Hour,PV-1 Solar Power,Turbine-1 Power
1,1,0,0.0,2800.0
1,1,1,0.0,2800.0
1,1,2,0.0,2800.0
1,1,3,0.0,2800.0
1,1,4,0.0,2800.0
1,1,5,0.0,2800.0
1,1,6,0.0,2800.0
1,1,7,8.114365,2800.0
1,1,8,120.543861,2800.0
1,1,9,213.380767,2800.0
1,1,10,275.076319,2800.0
1,1,11,313.222728,2800.0
1,1,12,325.83683,2800.0
1,1,13,309.736082,2800.0
1,1,14,270.379571,2800.0
1,1,15,205.28926,2800.0
1,1,16,113.215276,2800.0
1,1,17,9.432692,2800.0
1,1,18,0.0,2800.0
1,1,19,0.0,2800.0
1,1,20,0.0,2800.0
1,1,21,0.0,2800.0
1,1,22,0.0,2800.0
1,1,23,0.0,2800.0
1,2,0,0.0,2800.0
1,2,1,0.0,2800.0
1,2,2,0.0,2800.0
1,2,3,0.0,2800.0
1,2,4,0.0,2597.435303258585
1,2,5,0.0,1082.3203053763452
1,2,6,0.0,905.1368564268978
1,2,7,4.413064,2800.0
1,2,8,108.638856,2800.0
1,2,9,203.357659,2800.0
1,2,10,256.290791,2800.0
1,2,11,295.98992200000004,2800.0
1,2,12,309.279048,2800.0
1,2,13,296.76188199999996,2800.0
1,2,14,257.672726,2800.0
1,2,15,193.52187899999998,2800.0
1,2,16,105.671249,2800.0
1,2,17,7.988995,2800.0
1,2,18,0.0,2800.0
1,2,19,0.0,2800.0
1,2,20,0.0,2800.0
1,2,21,0.0,2800.0
1,2,22,0.0,2800.0
1,2,23,0.0,2800.0
1,3,0,0.0,2800.0
1,3,1,0.0,2800.0
1,3,2,0.0,2800.0
1,3,3,0.0,2800.0
1,3,4,0.0,2800.0
1,3,5,0.0,2800.0
1,3,6,0.0,2800.0
1,3,7,2.2031590000000003,2800.0
1,3,8,107.324356,2800.0
1,3,9,205.793315,2800.0
1,3,10,268.189755,2800.0
1,3,11,307.904941,2800.0
1,3,12,323.199365,2800.0
1,3,13,314.458794,2800.0
1,3,14,277.05155099999996,2800.0
1,3,15,213.58661999999998,2800.0
1,3,16,120.857872,2800.0
1,3,17,8.063768,2800.0
1,3,18,0.0,2800.0
1,3,19,0.0,2800.0
1,3,20,0.0,2800.0
1,3,21,0.0,2800.0
1,3,22,0.0,2800.0
1,3,23,0.0,2800.0
1,4,0,0.0,2800.0
1,4,1,0.0,2800.0
1,4,2,0.0,2800.0
1,4,3,0.0,2800.0
1,4,4,0.0,2800.0
1,4,5,0.0,2800.0
1,4,6,0.0,2800.0
1,4,7,-0.0,2800.0
1,4,8,88.215859,2800.0
1,4,9,184.635514,2800.0
1,4,10,277.228672,2800.0
1,4,11,315.280139,2800.0
1,4,12,325.852978,2800.0
1,4,13,311.754649,2800.0
1,4,14,270.000109,2800.0
1,4,15,203.090153,2800.0
1,4,16,107.017651,2231.3199984618277
1,4,17,8.407664,2597.435303258585
1,4,18,0.0,2800.0
1,4,19,0.0,2800.0
1,4,20,0.0,2800.0
1,4,21,0.0,2800.0
1,4,22,0.0,2800.0
1,4,23,0.0,2800.0
1,5,0,0.0,2800.0
1,5,1,0.0,2800.0
1,5,2,0.0,2800.0
1,5,3,0.0,2800.0
1,5,4,0.0,2800.0
1,5,5,0.0,2800.0
1,5,6,0.0,2800.0
1,5,7,1.815474,2800.0
1,5,8,103.27912699999999,2800.0
1,5,9,64.628398,2800.0
1,5,10,95.070285,2800.0
1,5,11,180.83924100000002,2800.0
1,5,12,318.4742,2800.0
1,5,13,306.294285,2800.0
1,5,14,269.222457,2800.0
1,5,15,207.030047,2800.0
1,5,16,114.314346,2800.0
1,5,17,10.408088,2800.0
1,5,18,0.0,2694.829168782761
1,5,19,0.0,557.58989956809
1,5,20,0.0,7.433326402824398
1,5,21,0.0,687.226207839785
1,5,22,0.0,2800.0
1,5,23,0.0,2800.0
1,6,0,0.0,2800.0
1,6,1,0.0,2800.0
1,6,2,0.0,2800.0
1,6,3,0.0,2800.0
1,6,4,0.0,2800.0
1,6,5,0.0,2800.0
1,6,6,0.0,2800.0
1,6,7,3.829643,2800.0
1,6,8,114.39341,2800.0
1,6,9,208.814584,2800.0
1,6,10,275.818933,2800.0
1,6,11,312.67465500000003,2800.0
1,6,12,324.49554,2800.0
1,6,13,312.881698,2800.0
1,6,14,272.544167,2800.0
1,6,15,204.052807,2800.0
1,6,16,114.27870200000001,2800.0
1,6,17,9.749601,2800.0
1,6,18,0.0,2800.0
1,6,19,0.0,2800.0
1,6,20,0.0,2800.0
1,6,21,0.0,2800.0
1,6,22,0.0,2800.0
1,6,23,0.0,2800.0
1,7,0,0.0,2800.0
1,7,1,0.0,2800.0
1,7,2,0.0,2800.0
1,7,3,0.0,2800.0
1,7,4,0.0,2800.0
1,7,5,0.0,2800.0
1,7,6,0.0,2800.0
1,7,7,-0.0,2800.0
1,7,8,67.398578,2800.0
1,7,9,158.858924,2800.0
1,7,10,243.029517,2800.0
1,7,11,284.95588,2800.0
1,7,12,217.073184,2800.0
1,7,13,281.581947,769.610460224766
1,7,14,159.805025,629.4537376638762
1,7,15,184.100893,2800.0
1,7,16,101.36078,2800.0
1,7,17,8.090917000000001,2800.0
1,7,18,0.0,2800.0
1,7,19,0.0,2800.0
1,7,20,0.0,2800.0
1,7,21,0.0,2800.0
1,7,22,0.0,2800.0
1,7,23,0.0,2800.0
1,8,0,0.0,2800.0
1,8,1,0.0,2800.0
1,8,2,0.0,2800.0
1,8,3,0.0,2800.0
1,8,4,0.0,2800.0
1,8,5,0.0,2800.0
1,8,6,0.0,2800.0
1,8,7,-0.0,2800.0
1,8,8,70.992154,2800.0
1,8,9,161.837068,2800.0
1,8,10,223.689399,2800.0
1,8,11,267.038152,2800.0
1,8,12,280.537482,2800.0
1,8,13,272.440106,2800.0
1,8,14,233.69302,2800.0
1,8,15,173.227851,2800.0
1,8,16,94.139925,2800.0
1,8,17,8.178271,2800.0
1,8,18,0.0,2800.0
1,8,19,0.0,2800.0
1,8,20,0.0,2800.0
1,8,21,0.0,2800.0
1,8,22,0.0,2800.0
1,8,23,0.0,2800.0
1,9,0,0.0,2800.0
1,9,1,0.0,2800.0
1,9,2,0.0,2800.0
1,9,3,0.0,2800.0
1,9,4,0.0,2800.0
1,9,5,0.0,2800.0
1,9,6,0.0,2800.0
1,9,7,-0.0,2800.0
1,9,8,67.581371,2800.0
1,9,9,157.572947,2800.0
1,9,10,233.72467600000002,2800.0
1,9,11,273.760789,2800.0
1,9,12,290.314827,2800.0
1,9,13,272.05348,2800.0
1,9,14,234.884235,2800.0
1,9,15,176.468391,2800.0
1,9,16,96.329673,2800.0
1,9,17,9.376788000000001,2800.0
1,9,18,0.0,2800.0
1,9,19,0.0,2800.0
1,9,20,0.0,2800.0
1,9,21,0.0,2800.0
1,9,22,0.0,2800.0
1,9,23,0.0,2800.0
1,10,0,0.0,2800.0
1,10,1,0.0,2800.0
1,10,2,0.0,2800.0
1,10,3,0.0,2800.0
1,10,4,0.0,2800.0
1,10,5,0.0,2800.0
1,10,6,0.0,2800.0
1,10,7,0.496581,2800.0
1,10,8,94.928315,2800.0
1,10,9,189.138968,2800.0
1,10,10,254.04270499999998,2800.0
1,10,11,288.825714,2800.0
1,10,12,294.621224,2800.0
1,10,13,285.861963,2800.0
1,10,14,252.7275,2800.0
1,10,15,195.515399,2800.0
1,10,16,110.226098,2800.0
1,10,17,13.925019,2800.0
1,10,18,0.0,2800.0
1,10,19,0.0,2800.0
1,10,20,0.0,2800.0
1,10,21,0.0,2800.0
1,10,22,0.0,2800.0
1,10,23,0.0,2800.0
1,11,0,0.0,2800.0
1,11,1,0.0,2800.0
1,11,2,0.0,2800.0
1,11,3,0.0,2800.0
1,11,4,0.0,2800.0
1,11,5,0.0,2800.0
1,11,6,0.0,2800.0
1,11,7,-0.0,2800.0
1,11,8,56.142128,2800.0
1,11,9,143.970797,2800.0
1,11,10,212.481423,2800.0
1,11,11,262.53842599999996,2800.0
1,11,12,282.713071,2800.0
1,11,13,284.499707,2800.0
1,11,14,248.731783,2800.0
1,11,15,187.48459400000002,2800.0
1,11,16,106.63544,2800.0
1,11,17,13.785084999999999,2800.0
1,11,18,0.0,2800.0
1,11,19,0.0,2800.0
1,11,20,0.0,2800.0
1,11,21,0.0,2800.0
1,11,22,0.0,2800.0
1,11,23,0.0,2800.0
1,12,0,0.0,2800.0
1,12,1,0.0,2800.0
1,12,2,0.0,2800.0
1,12,3,0.0,2800.0
1,12,4,0.0,2800.0
1,12,5,0.0,2800.0
1,12,6,0.0,2800.0
1,12,7,1.58476,2800.0
1,12,8,108.895329,2800.0
1,12,9,211.777922,2800.0
1,12,10,279.705812,2800.0
1,12,11,322.24359100000004,2800.0
1,12,12,337.84975,2800.0
1,12,13,328.67535,2800.0
1,12,14,287.550051,2800.0
1,12,15,220.97609500000002,2800.0
1,12,16,124.558757,2800.0
1,12,17,16.816212,2800.0
1,12,18,0.0,2800.0
1,12,19,0.0,2800.0
1,12,20,0.0,2800.0
1,12,21,0.0,2800.0
1,12,22,0.0,2800.0
1,12,23,0.0,2800.0
1,13,0,0.0,2800.0
1,13,1,0.0,2800.0
1,13,2,0.0,2800.0
1,13,3,0.0,2800.0
1,13,4,0.0,2800.0
1,13,5,0.0,2800.0
1,13,6,0.0,2800.0
1,13,7,0.497884,2800.0
1,13,8,101.21804300000001,2800.0
1,13,9,201.067687,2800.0
1,13,10,263.324204,2800.0
1,13,11,306.02473599999996,2800.0
1,13,12,322.473523,2800.0
1,13,13,310.574609,2800.0
1,13,14,274.145127,2800.0
1,13,15,211.734647,2800.0
1,13,16,119.030757,2800.0
1,13,17,16.542283,2800.0
1,13,18,0.0,2800.0
1,13,19,0.0,2800.0
1,13,20,0.0,2800.0
1,13,21,0.0,2800.0
1,13,22,0.0,2800.0
1,13,23,0.0,2800.0
1,14,0,0.0,2800.0
1,14,1,0.0,2800.0
1,14,2,0.0,2800.0
1,14,3,0.0,2800.0
1,14,4,0.0,2800.0
1,14,5,0.0,2800.0
1,14,6,0.0,2800.0
1,14,7,1.3141969999999998,2800.0
1,14,8,105.365798,2800.0
1,14,9,204.783718,2800.0
1,14,10,279.96142599999996,2800.0
1,14,11,320.12935200000004,2800.0
1,14,12,335.21227600000003,2800.0
1,14,13,329.296559,2800.0
1,14,14,292.47889899999996,2800.0
1,14,15,230.509098,2800.0
1,14,16,136.343796,2800.0
1,14,17,19.812875,2800.0
1,14,18,0.0,2800.0
1,14,19,0.0,2800.0
1,14,20,0.0,2800.0
1,14,21,0.0,2800.0
1,14,22,0.0,2800.0
1,14,23,0.0,2800.0
1,15,0,0.0,2800.0
1,15,1,0.0,2800.0
1,15,2,0.0,2800.0
1,15,3,0.0,2800.0
1,15,4,0.0,2800.0
1,15,5,0.0,2800.0
1,15,6,0.0,2800.0
1,15,7,1.66391,2800.0
1,15,8,106.255762,2800.0
1,15,9,202.658744,2800.0
1,15,10,269.021773,2800.0
1,15,11,223.352081,2800.0
1,15,12,223.396839,1136.8810555802274
1,15,13,318.54938,2800.0
1,15,14,282.982347,2800.0
1,15,15,220.873746,2800.0
1,15,16,126.899057,2800.0
1,15,17,18.974793000000002,2800.0
1,15,18,0.0,2800.0
1,15,19,0.0,2800.0
1,15,20,0.0,2800.0
1,15,21,0.0,2800.0
1,15,22,0.0,2800.0
1,15,23,0.0,2800.0
1,16,0,0.0,2800.0
1,16,1,0.0,2800.0
1,16,2,0.0,2800.0
1,16,3,0.0,2800.0
1,16,4,0.0,2800.0
1,16,5,0.0,2800.0
1,16,6,0.0,2800.0
1,16,7,2.378236,2800.0
1,16,8,106.734545,2800.0
1,16,9,202.83930900000001,2800.0
1,16,10,265.016483,2800.0
1,16,11,309.699135,2800.0
1,16,12,329.86629700000003,2800.0
1,16,13,320.12255200000004,2800.0
1,16,14,284.65893,2800.0
1,16,15,222.045062,2800.0
1,16,16,131.161888,2800.0
1,16,17,20.380653,2800.0
1,16,18,0.0,2800.0
1,16,19,0.0,2800.0
1,16,20,0.0,2800.0
1,16,21,0.0,2800.0
1,16,22,0.0,2800.0
1,16,23,0.0,2800.0
1,17,0,0.0,2800.0
1,17,1,0.0,2800.0
1,17,2,0.0,2800.0
1,17,3,0.0,2800.0
1,17,4,0.0,2800.0
1,17,5,0.0,2800.0
1,17,6,0.0,2800.0
1,17,7,1.901631,2800.0
1,17,8,106.82435000000001,2800.0
1,17,9,206.07905300000002,2800.0
1,17,10,266.901752,2800.0
1,17,11,309.193253,2800.0
1,17,12,323.439527,2800.0
1,17,13,311.414513,791.1870845831577
1,17,14,276.204814,1405.1461214803344
1,17,15,156.774633,2800.0
1,17,16,128.204389,2800.0
1,17,17,19.217999,2800.0
1,17,18,0.0,2800.0
1,17,19,0.0,2800.0
1,17,20,0.0,2800.0
1,17,21,0.0,2800.0
1,17,22,0.0,791.1870845831577
1,17,23,0.0,2800.0
1,18,0,0.0,2800.0
1,18,1,0.0,2800.0
1,18,2,0.0,2800.0
1,18,3,0.0,2800.0
1,18,4,0.0,2800.0
1,18,5,0.0,2800.0
1,18,6,0.0,2800.0
1,18,7,-0.0,2800.0
1,18,8,27.476308,2800.0
1,18,9,178.866663,2800.0
1,18,10,246.442538,2800.0
1,18,11,280.078004,2800.0
1,18,12,152.629797,2800.0
1,18,13,196.20794899999999,2800.0
1,18,14,111.615489,2800.0
1,18,15,145.53467999999998,2800.0
1,18,16,9.25793,2800.0
1,18,17,8.706669,2800.0
1,18,18,0.0,2800.0
1,18,19,0.0,2800.0
1,18,20,0.0,2800.0
1,18,21,0.0,2800.0
1,18,22,0.0,2800.0
1,18,23,0.0,2800.0
1,19,0,0.0,2800.0
1,19,1,0.0,2800.0
1,19,2,0.0,2800.0
1,19,3,0.0,2800.0
1,19,4,0.0,2800.0
1,19,5,0.0,2800.0
1,19,6,0.0,2800.0
1,19,7,-0.0,2800.0
1,19,8,-0.0,2800.0
1,19,9,120.142461,2800.0
1,19,10,239.276357,2800.0
1,19,11,23.568094000000002,2800.0
1,19,12,255.432815,2800.0
1,19,13,167.481772,2800.0
1,19,14,8.044599,2800.0
1,19,15,9.475388,2800.0
1,19,16,0.358499,2800.0
1,19,17,10.147093,2800.0
1,19,18,0.0,2800.0
1,19,19,0.0,2800.0
1,19,20,0.0,2800.0
1,19,21,0.0,2800.0
1,19,22,0.0,2800.0
1,19,23,0.0,2800.0
1,20,0,0.0,2800.0
1,20,1,0.0,2800.0
1,20,2,0.0,2800.0
1,20,3,0.0,2800.0
1,20,4,0.0,2800.0
1,20,5,0.0,2800.0
1,20,6,0.0,1469.9890187508342
1,20,7,-0.0,1251.4423799619176
1,20,8,-0.0,2364.2786071344885
1,20,9,1.0366780000000002,2800.0
1,20,10,128.462562,2800.0
1,20,11,170.203229,1536.7967041952045
1,20,12,203.91603800000001,289.9235564324093
1,20,13,123.239191,791.1870845831577
1,20,14,120.79808,2800.0
1,20,15,1.992462,2800.0
1,20,16,0.404609,2800.0
1,20,17,2.333287,2800.0
1,20,18,0.0,2800.0
1,20,19,0.0,2800.0
1,20,20,0.0,2800.0
1,20,21,0.0,2800.0
1,20,22,0.0,2800.0
1,20,23,0.0,2800.0
1,21,0,0.0,2800.0
1,21,1,0.0,2800.0
1,21,2,0.0,2800.0
1,21,3,0.0,2800.0
1,21,4,0.0,2800.0
1,21,5,0.0,2800.0
1,21,6,0.0,2800.0
1,21,7,0.965063,2800.0
1,21,8,99.11770200000001,2800.0
1,21,9,200.996031,2800.0
1,21,10,284.772282,2800.0
1,21,11,328.270333,2800.0
1,21,12,345.36200099999996,2800.0
1,21,13,337.546785,2800.0
1,21,14,300.34826699999996,2800.0
1,21,15,152.87153099999998,2800.0
1,21,16,150.074692,2800.0
1,21,17,33.10369,2800.0
1,21,18,0.0,2800.0
1,21,19,0.0,2800.0
1,21,20,0.0,2800.0
1,21,21,0.0,2800.0
1,21,22,0.0,2800.0
1,21,23,0.0,2800.0
1,22,0,0.0,2800.0
1,22,1,0.0,2800.0
1,22,2,0.0,2800.0
1,22,3,0.0,2800.0
1,22,4,0.0,2800.0
1,22,5,0.0,2800.0
1,22,6,0.0,2800.0
1,22,7,1.051829,2800.0
1,22,8,97.797878,2800.0
1,22,9,194.32634299999998,2800.0
1,22,10,263.01356300000003,2800.0
1,22,11,303.418455,2800.0
1,22,12,316.451707,2800.0
1,22,13,308.19837199999995,2800.0
1,22,14,269.181811,2800.0
1,22,15,207.062512,2800.0
1,22,16,120.78325500000001,2800.0
1,22,17,9.2637,2800.0
1,22,18,0.0,2800.0
1,22,19,0.0,2800.0
1,22,20,0.0,2800.0
1,22,21,0.0,2800.0
1,22,22,0.0,2800.0
1,22,23,0.0,2800.0
1,23,0,0.0,2800.0
1,23,1,0.0,2800.0
1,23,2,0.0,2800.0
1,23,3,0.0,2800.0
1,23,4,0.0,2800.0
1,23,5,0.0,2800.0
1,23,6,0.0,2800.0
1,23,7,-0.0,2800.0
1,23,8,-0.0,2800.0
1,23,9,0.7005359999999999,2800.0
1,23,10,17.72888,2800.0
1,23,11,31.4483,2800.0
1,23,12,14.162751,2800.0
1,23,13,5.486244,2020.963642713616
1,23,14,16.018725,247.56819744046305
1,23,15,1.995618,2800.0
1,23,16,10.504878000000001,2800.0
1,23,17,-0.0,2800.0
1,23,18,0.0,2800.0
1,23,19,0.0,1469.9890187508342
1,23,20,0.0,375.1945078601572
1,23,21,0.0,138.67213448175264
1,23,22,0.0,445.37642374118406
1,23,23,0.0,1503.1454301264964
1,24,0,0.0,2800.0
1,24,1,0.0,2800.0
1,24,2,0.0,2800.0
1,24,3,0.0,2800.0
1,24,4,0.0,2800.0
1,24,5,0.0,2800.0
1,24,6,0.0,2800.0
1,24,7,0.679674,2800.0
1,24,8,90.882655,2800.0
1,24,9,80.703246,2800.0
1,24,10,265.89748,2800.0
1,24,11,220.128144,2800.0
1,24,12,327.796475,2800.0
1,24,13,321.189707,2800.0
1,24,14,281.07810700000005,2800.0
1,24,15,222.42901500000002,2800.0
1,24,16,138.654334,2800.0
1,24,17,36.739404,2800.0
1,24,18,0.0,2800.0
1,24,19,0.0,2800.0
1,24,20,0.0,2800.0
1,24,21,0.0,2800.0
1,24,22,0.0,2800.0
1,24,23,0.0,2800.0
1,25,0,0.0,2800.0
1,25,1,0.0,2800.0
1,25,2,0.0,2800.0
1,25,3,0.0,2800.0
1,25,4,0.0,2800.0
1,25,5,0.0,2800.0
1,25,6,0.0,2800.0
1,25,7,4.100747999999999,2800.0
1,25,8,115.226637,2800.0
1,25,9,217.684911,2800.0
1,25,10,186.70659700000002,2800.0
1,25,11,132.86093499999998,2800.0
1,25,12,351.646342,388.5930680097703
1,25,13,343.284973,90.95515204021434
1,25,14,307.23077500000005,119.20203674758558
1,25,15,241.660323,278.9149998077284
1,25,16,150.155585,2409.744269793466
1,25,17,39.995003,2800.0
1,25,18,0.0,2800.0
1,25,19,0.0,2800.0
1,25,20,0.0,2800.0
1,25,21,0.0,2800.0
1,25,22,0.0,2800.0
1,25,23,0.0,2800.0
1,26,0,0.0,2800.0
1,26,1,0.0,2800.0
1,26,2,0.0,2800.0
1,26,3,0.0,2800.0
1,26,4,0.0,2800.0
1,26,5,0.0,2800.0
1,26,6,0.0,2800.0
1,26,7,1.789791,2800.0
1,26,8,67.218474,2800.0
1,26,9,209.150172,2800.0
1,26,10,215.534639,2800.0
1,26,11,285.941844,2800.0
1,26,12,306.30159299999997,2800.0
1,26,13,325.93170299999997,2800.0
1,26,14,153.780591,2800.0
1,26,15,229.482691,2800.0
1,26,16,7.740412999999999,2800.0
1,26,17,37.546712,2800.0
1,26,18,0.0,2800.0
1,26,19,0.0,2800.0
1,26,20,0.0,2800.0
1,26,21,0.0,2800.0
1,26,22,0.0,2800.0
1,26,23,0.0,2800.0
1,27,0,0.0,2800.0
1,27,1,0.0,2800.0
1,27,2,0.0,2800.0
1,27,3,0.0,2800.0
1,27,4,0.0,2800.0
1,27,5,0.0,2800.0
1,27,6,0.0,2800.0
1,27,7,2.235711,2800.0
1,27,8,103.035176,2800.0
1,27,9,201.46127299999998,2800.0
1,27,10,272.975385,2800.0
1,27,11,308.018248,2800.0
1,27,12,323.553144,2800.0
1,27,13,320.119652,2800.0
1,27,14,290.112143,2800.0
1,27,15,231.492217,2800.0
1,27,16,146.212352,2800.0
1,27,17,40.549374,2800.0
1,27,18,0.0,2800.0
1,27,19,0.0,2800.0
1,27,20,0.0,2800.0
1,27,21,0.0,2800.0
1,27,22,0.0,2800.0
1,27,23,0.0,2800.0
1,28,0,0.0,2409.744269793466
1,28,1,0.0,1029.5337295682716
1,28,2,0.0,2020.963642713616
1,28,3,0.0,2800.0
1,28,4,0.0,2800.0
1,28,5,0.0,2800.0
1,28,6,0.0,2800.0
1,28,7,0.9334969999999999,2800.0
1,28,8,103.616894,2800.0
1,28,9,200.455572,2800.0
1,28,10,275.15799400000003,2800.0
1,28,11,201.45234200000002,2800.0
1,28,12,158.50232699999998,2800.0
1,28,13,329.261505,2800.0
1,28,14,292.63827100000003,2800.0
1,28,15,229.499582,2800.0
1,28,16,143.400175,2800.0
1,28,17,41.303298999999996,2800.0
1,28,18,0.0,2800.0
1,28,19,0.0,2800.0
1,28,20,0.0,2800.0
1,28,21,0.0,2800.0
1,28,22,0.0,2800.0
1,28,23,0.0,2800.0
1,29,0,0.0,2800.0
1,29,1,0.0,2800.0
1,29,2,0.0,2800.0
1,29,3,0.0,2800.0
1,29,4,0.0,2800.0
1,29,5,0.0,2800.0
1,29,6,0.0,2800.0
1,29,7,3.871886,2319.3884514592746
1,29,8,106.188428,557.58989956809
1,29,9,203.331055,575.0133429544752
1,29,10,259.84898300000003,1003.7965929387176
1,29,11,303.660557,2800.0
1,29,12,323.884653,2800.0
1,29,13,319.060769,2800.0
1,29,14,286.49003899999997,2800.0
1,29,15,229.343584,2800.0
1,29,16,139.249774,2800.0
1,29,17,41.344847,2800.0
1,29,18,0.0,2800.0
1,29,19,0.0,2800.0
1,29,20,0.0,2800.0
1,29,21,0.0,2800.0
1,29,22,0.0,2800.0
1,29,23,0.0,2800.0
1,30,0,0.0,2800.0
1,30,1,0.0,2800.0
1,30,2,0.0,2800.0
1,30,3,0.0,2800.0
1,30,4,0.0,2800.0
1,30,5,0.0,2145.5095856044995
1,30,6,0.0,2800.0
1,30,7,1.086953,2800.0
1,30,8,86.641685,2800.0
1,30,9,179.11188099999998,2800.0
1,30,10,248.100928,2800.0
1,30,11,288.447372,2800.0
1,30,12,308.748103,2800.0
1,30,13,306.86240399999997,2800.0
1,30,14,277.20597499999997,2800.0
1,30,15,220.159307,2800.0
1,30,16,134.83253299999998,2800.0
1,30,17,39.433258,2800.0
1,30,18,0.0,2800.0
1,30,19,0.0,2800.0
1,30,20,0.0,1786.5196926460033
1,30,21,0.0,1193.2453053765432
1,30,22,0.0,791.1870845831577
1,30,23,0.0,707.2412654778989
1,31,0,0.0,2694.829168782761
1,31,1,0.0,2800.0
1,31,2,0.0,2800.0
1,31,3,0.0,2800.0
1,31,4,0.0,2800.0
1,31,5,0.0,2800.0
1,31,6,0.0,2800.0
1,31,7,2.474433,2800.0
1,31,8,101.342309,2800.0
1,31,9,197.15238300000001,2800.0
1,31,10,267.696304,2800.0
1,31,11,310.84672600000005,2800.0
1,31,12,327.837738,2800.0
1,31,13,324.928017,2800.0
1,31,14,291.32896999999997,2800.0
1,31,15,231.445943,2800.0
1,31,16,140.457041,2800.0
1,31,17,41.829588,1786.5196926460033
1,31,18,0.0,491.4151496175413
1,31,19,0.0,119.20203674758558
1,31,20,0.0,1469.9890187508342
1,31,21,0.0,2800.0
1,31,22,0.0,2800.0
1,31,23,0.0,2800.0
2,1,0,0.0,2800.0
2,1,1,0.0,2800.0
2,1,2,0.0,2800.0
2,1,3,0.0,2800.0
2,1,4,0.0,2800.0
2,1,5,0.0,2800.0
2,1,6,0.0,2800.0
2,1,7,-0.0,2800.0
2,1,8,71.68951200000001,2800.0
2,1,9,159.02781099999999,2800.0
2,1,10,216.43214799999998,2800.0
2,1,11,248.214058,2800.0
2,1,12,242.164327,2800.0
2,1,13,231.49541399999998,2800.0
2,1,14,189.943579,2800.0
2,1,15,104.073574,2800.0
2,1,16,70.255659,2800.0
2,1,17,-0.0,2800.0
2,1,18,0.0,2800.0
2,1,19,0.0,2800.0
2,1,20,0.0,2800.0
2,1,21,0.0,2800.0
2,1,22,0.0,2800.0
2,1,23,0.0,2800.0
2,2,0,0.0,2800.0
2,2,1,0.0,2800.0
2,2,2,0.0,2800.0
2,2,3,0.0,2800.0
2,2,4,0.0,2800.0
2,2,5,0.0,2800.0
2,2,6,0.0,2800.0
2,2,7,-0.0,2800.0
2,2,8,47.191977,2800.0
2,2,9,128.766294,2800.0
2,2,10,190.891622,2800.0
2,2,11,123.815665,2800.0
2,2,12,120.18958,2800.0
2,2,13,151.08746,2800.0
2,2,14,241.435478,2800.0
2,2,15,165.020501,2800.0
2,2,16,41.510861,2800.0
2,2,17,-0.0,362.10752792468406
2,2,18,0.0,416.3395915497286
2,2,19,0.0,2800.0
2,2,20,0.0,2800.0
2,2,21,0.0,2800.0
2,2,22,0.0,2800.0
2,2,23,0.0,2800.0
2,3,0,0.0,2800.0
2,3,1,0.0,2800.0
2,3,2,0.0,2800.0
2,3,3,0.0,2800.0
2,3,4,0.0,2800.0
2,3,5,0.0,2800.0
2,3,6,0.0,2800.0
2,3,7,3.063576,2800.0
2,3,8,98.161399,2800.0
2,3,9,192.419351,2800.0
2,3,10,257.912357,2800.0
2,3,11,303.31681199999997,2800.0
2,3,12,322.18326299999995,2800.0
2,3,13,325.020749,2800.0
2,3,14,158.710779,2800.0
2,3,15,118.128807,2800.0
2,3,16,44.478068,2800.0
2,3,17,42.160176,2800.0
2,3,18,0.0,2800.0
2,3,19,0.0,2800.0
2,3,20,0.0,2800.0
2,3,21,0.0,2800.0
2,3,22,0.0,2800.0
2,3,23,0.0,2800.0
2,4,0,0.0,2800.0
2,4,1,0.0,2800.0
2,4,2,0.0,2800.0
2,4,3,0.0,2800.0
2,4,4,0.0,2800.0
2,4,5,0.0,2800.0
2,4,6,0.0,2800.0
2,4,7,9.875017,2800.0
2,4,8,125.849174,2800.0
2,4,9,228.56551199999998,2800.0
2,4,10,300.726236,2800.0
2,4,11,342.98851299999995,2800.0
2,4,12,358.767181,2800.0
2,4,13,347.832601,2800.0
2,4,14,310.664599,2800.0
2,4,15,247.640624,2800.0
2,4,16,157.20290599999998,2800.0
2,4,17,49.205743999999996,2800.0
2,4,18,0.0,2800.0
2,4,19,0.0,2800.0
2,4,20,0.0,2800.0
2,4,21,0.0,2800.0
2,4,22,0.0,2800.0
2,4,23,0.0,2800.0
2,5,0,0.0,2800.0
2,5,1,0.0,2800.0
2,5,2,0.0,2800.0
2,5,3,0.0,2800.0
2,5,4,0.0,2800.0
2,5,5,0.0,2800.0
2,5,6,0.0,2800.0
2,5,7,5.453429,2800.0
2,5,8,109.501381,2800.0
2,5,9,209.38904300000002,2800.0
2,5,10,280.21986300000003,2800.0
2,5,11,325.071958,2800.0
2,5,12,342.268657,2800.0
2,5,13,316.57931099999996,2800.0
2,5,14,282.051168,2800.0
2,5,15,222.37692800000002,2800.0
2,5,16,136.25425099999998,2800.0
2,5,17,43.233907,2800.0
2,5,18,0.0,2800.0
2,5,19,0.0,2800.0
2,5,20,0.0,2800.0
2,5,21,0.0,2800.0
2,5,22,0.0,2800.0
2,5,23,0.0,2800.0
2,6,0,0.0,2800.0
2,6,1,0.0,2800.0
2,6,2,0.0,2800.0
2,6,3,0.0,2549.630956168769
2,6,4,0.0,1405.1461214803344
2,6,5,0.0,388.5930680097703
2,6,6,0.0,52.04244894371608
2,6,7,0.24301499999999998,71.8766678693094
2,6,8,76.38375199999999,475.7328897807615
2,6,9,169.819162,416.3395915497286
2,6,10,260.723223,475.7328897807615
2,6,11,307.60682099999997,138.67213448175264
2,6,12,326.75708899999995,119.20203674758558
2,6,13,317.461973,445.37642374118406
2,6,14,280.10334600000004,1605.5985030100696
2,6,15,217.830351,2800.0
2,6,16,133.58344,2800.0
2,6,17,42.470519,2800.0
2,6,18,0.0,2800.0
2,6,19,0.0,2800.0
2,6,20,0.0,2800.0
2,6,21,0.0,2800.0
2,6,22,0.0,2800.0
2,6,23,0.0,2800.0
2,7,0,0.0,2800.0
2,7,1,0.0,2800.0
2,7,2,0.0,2800.0
2,7,3,0.0,2800.0
2,7,4,0.0,2800.0
2,7,5,0.0,2800.0
2,7,6,0.0,2800.0
2,7,7,14.770602,2800.0
2,7,8,131.645399,2800.0
2,7,9,172.543549,2800.0
2,7,10,306.85229100000004,2800.0
2,7,11,349.8961,2800.0
2,7,12,362.5,2800.0
2,7,13,353.660424,2800.0
2,7,14,315.756858,2800.0
2,7,15,252.767704,2800.0
2,7,16,162.735142,2800.0
2,7,17,43.763217,2800.0
2,7,18,0.0,402.3068740231014
2,7,19,0.0,257.74098596133337
2,7,20,0.0,2800.0
2,7,21,0.0,2800.0
2,7,22,0.0,2800.0
2,7,23,0.0,2800.0
2,8,0,0.0,2800.0
2,8,1,0.0,2800.0
2,8,2,0.0,2800.0
2,8,3,0.0,2800.0
2,8,4,0.0,2800.0
2,8,5,0.0,2800.0
2,8,6,0.0,2800.0
2,8,7,9.977049999999998,2800.0
2,8,8,116.86292200000001,2800.0
2,8,9,215.15197,2800.0
2,8,10,286.40739399999995,2800.0
2,8,11,328.22443699999997,2800.0
2,8,12,343.661724,2800.0
2,8,13,333.990441,2800.0
2,8,14,299.104854,2800.0
2,8,15,236.86265799999998,2800.0
2,8,16,150.623079,2800.0
2,8,17,48.828352,2800.0
2,8,18,0.0,2800.0
2,8,19,0.0,2800.0
2,8,20,0.0,2800.0
2,8,21,0.0,2800.0
2,8,22,0.0,2800.0
2,8,23,0.0,2800.0
2,9,0,0.0,2800.0
2,9,1,0.0,2800.0
2,9,2,0.0,2800.0
2,9,3,0.0,2800.0
2,9,4,0.0,2800.0
2,9,5,0.0,2800.0
2,9,6,0.0,2800.0
2,9,7,1.545133,2800.0
2,9,8,76.953675,2800.0
2,9,9,30.600254,2800.0
2,9,10,111.21069100000001,2800.0
2,9,11,112.526878,2800.0
2,9,12,198.644314,2800.0
2,9,13,194.051876,2800.0
2,9,14,64.804915,2800.0
2,9,15,62.003422,2800.0
2,9,16,34.346928,2800.0
2,9,17,-0.0,2800.0
2,9,18,0.0,2800.0
2,9,19,0.0,2800.0
2,9,20,0.0,2800.0
2,9,21,0.0,2800.0
2,9,22,0.0,2800.0
2,9,23,0.0,2800.0
2,10,0,0.0,2800.0
2,10,1,0.0,2800.0
2,10,2,0.0,2800.0
2,10,3,0.0,2800.0
2,10,4,0.0,2800.0
2,10,5,0.0,2800.0
2,10,6,0.0,2800.0
2,10,7,5.645303,2800.0
2,10,8,103.517162,2800.0
2,10,9,205.7128,2800.0
2,10,10,269.52401899999995,2800.0
2,10,11,322.492986,2800.0
2,10,12,347.643448,2800.0
2,10,13,340.53156,2800.0
2,10,14,304.48040100000003,2800.0
2,10,15,242.83532300000002,2800.0
2,10,16,156.861873,2800.0
2,10,17,52.955234,2800.0
2,10,18,0.0,2800.0
2,10,19,0.0,2800.0
2,10,20,0.0,2800.0
2,10,21,0.0,2800.0
2,10,22,0.0,2800.0
2,10,23,0.0,2800.0
2,11,0,0.0,2800.0
2,11,1,0.0,2800.0
2,11,2,0.0,2800.0
2,11,3,0.0,2800.0
2,11,4,0.0,2800.0
2,11,5,0.0,2800.0
2,11,6,0.0,2800.0
2,11,7,3.729758,2800.0
2,11,8,79.74325,2800.0
2,11,9,150.69157800000002,2800.0
2,11,10,197.095476,2800.0
2,11,11,231.921899,2800.0
2,11,12,302.124257,2800.0
2,11,13,290.019751,2800.0
2,11,14,256.949902,2800.0
2,11,15,181.881874,2800.0
2,11,16,122.41097500000001,2800.0
2,11,17,-0.0,2800.0
2,11,18,0.0,2800.0
2,11,19,0.0,2800.0
2,11,20,0.0,2800.0
2,11,21,0.0,2800.0
2,11,22,0.0,2800.0
2,11,23,0.0,2020.963642713616
2,12,0,0.0,1193.2453053765432
2,12,1,0.0,1786.5196926460033
2,12,2,0.0,2800.0
2,12,3,0.0,2800.0
2,12,4,0.0,2800.0
2,12,5,0.0,2800.0
2,12,6,0.0,2800.0
2,12,7,1.580099,2800.0
2,12,8,86.502696,2800.0
2,12,9,156.346935,2800.0
2,12,10,273.774292,2800.0
2,12,11,332.99023,769.610460224766
2,12,12,362.5,2800.0
2,12,13,356.67305,2800.0
2,12,14,322.65313799999996,2800.0
2,12,15,258.235189,2800.0
2,12,16,167.087456,2800.0
2,12,17,57.699951,2800.0
2,12,18,0.0,2800.0
2,12,19,0.0,2800.0
2,12,20,0.0,2800.0
2,12,21,0.0,2800.0
2,12,22,0.0,2800.0
2,12,23,0.0,2800.0
2,13,0,0.0,2800.0
2,13,1,0.0,2800.0
2,13,2,0.0,2800.0
2,13,3,0.0,2800.0
2,13,4,0.0,2800.0
2,13,5,0.0,2800.0
2,13,6,0.0,2800.0
2,13,7,18.241066999999997,2800.0
2,13,8,132.81751300000002,2800.0
2,13,9,233.023839,2800.0
2,13,10,307.090308,2800.0
2,13,11,351.19476099999997,2800.0
2,13,12,362.5,2800.0
2,13,13,360.29488699999996,2800.0
2,13,14,323.97282299999995,2800.0
2,13,15,258.734665,2800.0
2,13,16,168.810351,2800.0
2,13,17,59.018997999999996,2800.0
2,13,18,0.0,2800.0
2,13,19,0.0,2800.0
2,13,20,0.0,2800.0
2,13,21,0.0,2800.0
2,13,22,0.0,2800.0
2,13,23,0.0,2800.0
2,14,0,0.0,2800.0
2,14,1,0.0,2800.0
2,14,2,0.0,2800.0
2,14,3,0.0,2800.0
2,14,4,0.0,2800.0
2,14,5,0.0,2800.0
2,14,6,0.0,2800.0
2,14,7,11.351888,2800.0
2,14,8,121.20078500000001,2800.0
2,14,9,224.89567399999999,2800.0
2,14,10,299.626247,2800.0
2,14,11,346.610538,2800.0
2,14,12,362.5,2800.0
2,14,13,356.65664000000004,2800.0
2,14,14,320.165253,2800.0
2,14,15,256.163957,2275.070137118247
2,14,16,166.82926500000002,2364.2786071344885
2,14,17,57.658755,2800.0
2,14,18,0.0,2800.0
2,14,19,0.0,2800.0
2,14,20,0.0,2800.0
2,14,21,0.0,2800.0
2,14,22,0.0,2800.0
2,14,23,0.0,2800.0
2,15,0,0.0,2800.0
2,15,1,0.0,2800.0
2,15,2,0.0,2800.0
2,15,3,0.0,2800.0
2,15,4,0.0,2800.0
2,15,5,0.0,2800.0
2,15,6,0.0,2800.0
2,15,7,14.786611,2800.0
2,15,8,123.987221,2800.0
2,15,9,225.554967,2800.0
2,15,10,305.28713,2800.0
2,15,11,349.569951,2800.0
2,15,12,362.5,2800.0
2,15,13,359.87890600000003,2800.0
2,15,14,318.482864,2800.0
2,15,15,251.663037,2800.0
2,15,16,161.57180799999998,2800.0
2,15,17,56.614255,2800.0
2,15,18,0.0,2549.630956168769
2,15,19,0.0,268.18869820056244
2,15,20,0.0,33.523587275070305
2,15,21,0.0,1786.5196926460033
2,15,22,0.0,2800.0
2,15,23,0.0,2800.0
2,16,0,0.0,2800.0
2,16,1,0.0,2800.0
2,16,2,0.0,2800.0
2,16,3,0.0,2800.0
2,16,4,0.0,2800.0
2,16,5,0.0,2800.0
2,16,6,0.0,2800.0
2,16,7,16.867714,2800.0
2,16,8,126.048655,2800.0
2,16,9,224.086014,2800.0
2,16,10,289.345697,2800.0
2,16,11,332.319635,2800.0
2,16,12,348.764405,2800.0
2,16,13,333.559548,2800.0
2,16,14,296.57634,2800.0
2,16,15,234.850904,2800.0
2,16,16,147.286765,2800.0
2,16,17,52.118066,2800.0
2,16,18,0.0,2800.0
2,16,19,0.0,2800.0
2,16,20,0.0,2800.0
2,16,21,0.0,2800.0
2,16,22,0.0,2800.0
2,16,23,0.0,2800.0
2,17,0,0.0,2800.0
2,17,1,0.0,2800.0
2,17,2,0.0,2800.0
2,17,3,0.0,2800.0
2,17,4,0.0,2800.0
2,17,5,0.0,2800.0
2,17,6,0.0,2800.0
2,17,7,3.969192,2800.0
2,17,8,85.899395,2800.0
2,17,9,176.291473,2800.0
2,17,10,266.200995,2800.0
2,17,11,309.19763900000004,2800.0
2,17,12,291.205579,2800.0
2,17,13,314.855157,2800.0
2,17,14,279.59263699999997,2800.0
2,17,15,177.12487299999998,2800.0
2,17,16,134.309123,2800.0
2,17,17,0.30489,2800.0
2,17,18,0.0,2800.0
2,17,19,0.0,2800.0
2,17,20,0.0,2800.0
2,17,21,0.0,2800.0
2,17,22,0.0,2800.0
2,17,23,0.0,2800.0
2,18,0,0.0,2800.0
2,18,1,0.0,2800.0
2,18,2,0.0,2800.0
2,18,3,0.0,2800.0
2,18,4,0.0,2800.0
2,18,5,0.0,2800.0
2,18,6,0.0,2800.0
2,18,7,10.452043999999999,2800.0
2,18,8,111.47657000000001,2800.0
2,18,9,211.511946,2800.0
2,18,10,285.898332,2800.0
2,18,11,332.37561200000005,2800.0
2,18,12,351.910289,2800.0
2,18,13,338.15062900000004,2800.0
2,18,14,302.280117,2800.0
2,18,15,241.205671,2800.0
2,18,16,156.19334,2800.0
2,18,17,56.081012,2800.0
2,18,18,0.0,2800.0
2,18,19,0.0,2800.0
2,18,20,0.0,2800.0
2,18,21,0.0,2800.0
2,18,22,0.0,2800.0
2,18,23,0.0,2800.0
2,19,0,0.0,2800.0
2,19,1,0.0,2800.0
2,19,2,0.0,2800.0
2,19,3,0.0,2800.0
2,19,4,0.0,2800.0
2,19,5,0.0,2800.0
2,19,6,0.0,2800.0
2,19,7,20.104778,2800.0
2,19,8,96.767591,2800.0
2,19,9,231.831854,2800.0
2,19,10,300.76933299999996,2800.0
2,19,11,345.654238,2800.0
2,19,12,361.694008,2800.0
2,19,13,351.295773,2800.0
2,19,14,315.915139,2800.0
2,19,15,254.080768,2800.0
2,19,16,166.711468,2800.0
2,19,17,60.421634,2800.0
2,19,18,0.0,2800.0
2,19,19,0.0,2800.0
2,19,20,0.0,2800.0
2,19,21,0.0,2800.0
2,19,22,0.0,2800.0
2,19,23,0.0,2800.0
2,20,0,0.0,2800.0
2,20,1,0.0,2800.0
2,20,2,0.0,2800.0
2,20,3,0.0,2800.0
2,20,4,0.0,2800.0
2,20,5,0.0,2800.0
2,20,6,0.0,2800.0
2,20,7,24.450483,2800.0
2,20,8,138.72229199999998,2800.0
2,20,9,233.857741,2800.0
2,20,10,295.033565,2800.0
2,20,11,330.298327,2800.0
2,20,12,337.675317,2800.0
2,20,13,326.131652,2800.0
2,20,14,296.02175900000003,2800.0
2,20,15,238.608766,2800.0
2,20,16,155.38273900000002,2800.0
2,20,17,56.213627,2800.0
2,20,18,0.0,2800.0
2,20,19,0.0,2800.0
2,20,20,0.0,2800.0
2,20,21,0.0,2800.0
2,20,22,0.0,2800.0
2,20,23,0.0,2800.0
2,21,0,0.0,2800.0
2,21,1,0.0,2800.0
2,21,2,0.0,2800.0
2,21,3,0.0,2800.0
2,21,4,0.0,2800.0
2,21,5,0.0,2800.0
2,21,6,0.0,2800.0
2,21,7,13.948856,2800.0
2,21,8,112.10336,2800.0
2,21,9,204.911676,2800.0
2,21,10,269.801102,2800.0
2,21,11,306.536276,2800.0
2,21,12,317.376977,2800.0
2,21,13,310.942159,2800.0
2,21,14,256.926408,2800.0
2,21,15,127.03276,2800.0
2,21,16,121.863168,2800.0
2,21,17,2.174869,2800.0
2,21,18,0.0,2800.0
2,21,19,0.0,2800.0
2,21,20,0.0,2800.0
2,21,21,0.0,2800.0
2,21,22,0.0,2800.0
2,21,23,0.0,2800.0
2,22,0,0.0,2800.0
2,22,1,0.0,2800.0
2,22,2,0.0,2800.0
2,22,3,0.0,2800.0
2,22,4,0.0,2800.0
2,22,5,0.0,2800.0
2,22,6,0.0,2800.0
2,22,7,4.266491,2800.0
2,22,8,85.63645600000001,2800.0
2,22,9,173.495821,2800.0
2,22,10,260.206503,2800.0
2,22,11,305.04303600000003,2800.0
2,22,12,323.41780900000003,2800.0
2,22,13,311.41283000000004,2800.0
2,22,14,276.15005099999996,2800.0
2,22,15,220.41804199999999,2800.0
2,22,16,143.436306,2800.0
2,22,17,53.624341,2800.0
2,22,18,0.0,2800.0
2,22,19,0.0,2800.0
2,22,20,0.0,2800.0
2,22,21,0.0,2800.0
2,22,22,0.0,2800.0
2,22,23,0.0,2800.0
2,23,0,0.0,2800.0
2,23,1,0.0,2800.0
2,23,2,0.0,2800.0
2,23,3,0.0,2800.0
2,23,4,0.0,2800.0
2,23,5,0.0,2800.0
2,23,6,0.0,2800.0
2,23,7,18.096138,2800.0
2,23,8,124.074519,2800.0
2,23,9,216.033122,2800.0
2,23,10,280.38946500000003,2800.0
2,23,11,319.86936099999997,2800.0
2,23,12,338.411996,2800.0
2,23,13,333.567273,2800.0
2,23,14,301.64820899999995,2800.0
2,23,15,242.512568,2800.0
2,23,16,157.879911,2800.0
2,23,17,58.116707000000005,2800.0
2,23,18,0.0,2800.0
2,23,19,0.0,2800.0
2,23,20,0.0,2800.0
2,23,21,0.0,2020.963642713616
2,23,22,0.0,324.6794129073232
2,23,23,0.0,81.04201369779398
2,24,0,0.0,2502.4167786610287
2,24,1,0.0,2800.0
2,24,2,0.0,2800.0
2,24,3,0.0,2800.0
2,24,4,0.0,2800.0
2,24,5,0.0,2800.0
2,24,6,0.0,2800.0
2,24,7,9.966643,2800.0
2,24,8,111.065573,2800.0
2,24,9,202.053552,2800.0
2,24,10,259.224038,2800.0
2,24,11,298.638758,2800.0
2,24,12,321.122952,2800.0
2,24,13,315.263734,2800.0
2,24,14,281.592925,2800.0
2,24,15,220.69864900000002,2800.0
2,24,16,141.95229999999998,2800.0
2,24,17,52.472103000000004,1373.4523042863404
2,24,18,0.0,218.66271769222345
2,24,19,0.0,707.2412654778989
2,24,20,0.0,2800.0
2,24,21,0.0,2800.0
2,24,22,0.0,2800.0
2,24,23,0.0,2800.0
2,25,0,0.0,2800.0
2,25,1,0.0,2800.0
2,25,2,0.0,2800.0
2,25,3,0.0,2800.0
2,25,4,0.0,2800.0
2,25,5,0.0,2800.0
2,25,6,0.0,2800.0
2,25,7,13.312777,2800.0
2,25,8,109.109882,2800.0
2,25,9,199.52860800000002,2800.0
2,25,10,261.75034899999997,2800.0
2,25,11,305.46256300000005,2800.0
2,25,12,324.39660200000003,2800.0
2,25,13,306.942342,2800.0
2,25,14,275.84056300000003,2800.0
2,25,15,217.02008600000002,2800.0
2,25,16,137.430473,2800.0
2,25,17,49.521846,2800.0
2,25,18,0.0,2800.0
2,25,19,0.0,2800.0
2,25,20,0.0,2800.0
2,25,21,0.0,2800.0
2,25,22,0.0,2800.0
2,25,23,0.0,2800.0
2,26,0,0.0,2800.0
2,26,1,0.0,2800.0
2,26,2,0.0,2800.0
2,26,3,0.0,2800.0
2,26,4,0.0,2800.0
2,26,5,0.0,2800.0
2,26,6,0.0,2800.0
2,26,7,9.05182,2800.0
2,26,8,97.85633299999999,2800.0
2,26,9,184.580492,2800.0
2,26,10,254.04736300000002,2800.0
2,26,11,301.796115,2800.0
2,26,12,323.00761,2800.0
2,26,13,314.412219,2800.0
2,26,14,183.401878,2800.0
2,26,15,21.998754,1003.7965929387176
2,26,16,140.069709,2800.0
2,26,17,7.000978,2800.0
2,26,18,0.0,2800.0
2,26,19,0.0,2800.0
2,26,20,0.0,2800.0
2,26,21,0.0,2800.0
2,26,22,0.0,2800.0
2,26,23,0.0,2800.0
2,27,0,0.0,2800.0
2,27,1,0.0,2800.0
2,27,2,0.0,2800.0
2,27,3,0.0,2800.0
2,27,4,0.0,2800.0
2,27,5,0.0,2800.0
2,27,6,0.0,2800.0
2,27,7,11.280376,2800.0
2,27,8,84.709349,2800.0
2,27,9,151.84085399999998,2800.0
2,27,10,229.888716,2800.0
2,27,11,296.66858,2800.0
2,27,12,311.219829,2800.0
2,27,13,291.479404,2800.0
2,27,14,121.316111,2800.0
2,27,15,198.36794500000002,2800.0
2,27,16,4.391107,2800.0
2,27,17,5.947944000000001,2800.0
2,27,18,0.0,2800.0
2,27,19,0.0,2800.0
2,27,20,0.0,2800.0
2,27,21,0.0,2800.0
2,27,22,0.0,2800.0
2,27,23,0.0,2800.0
2,28,0,0.0,2800.0
2,28,1,0.0,2800.0
2,28,2,0.0,2800.0
2,28,3,0.0,2800.0
2,28,4,0.0,2800.0
2,28,5,0.0,2800.0
2,28,6,0.0,2800.0
2,28,7,5.542038,2800.0
2,28,8,79.69282799999999,2800.0
2,28,9,164.183195,2800.0
2,28,10,230.295405,2800.0
2,28,11,275.341971,2800.0
2,28,12,291.871596,2800.0
2,28,13,298.724918,2800.0
2,28,14,260.376023,2800.0
2,28,15,80.320425,2800.0
2,28,16,57.294452,2800.0
2,28,17,43.232426,2800.0
2,28,18,0.0,2800.0
2,28,19,0.0,2800.0
2,28,20,0.0,2800.0
2,28,21,0.0,2800.0
2,28,22,0.0,1503.1454301264964
2,28,23,0.0,402.3068740231014
3,1,0,0.0,237.66666698837332
3,1,1,0.0,1469.9890187508342
3,1,2,0.0,2794.6277004301824
3,1,3,0.0,2800.0
3,1,4,0.0,2800.0
3,1,5,0.0,2800.0
3,1,6,0.0,2800.0
3,1,7,34.940958,2188.134369840437
3,1,8,148.720865,2364.2786071344885
3,1,9,240.257046,2800.0
3,1,10,299.345732,2800.0
3,1,11,337.385538,2800.0
3,1,12,352.07512099999997,2800.0
3,1,13,342.43100300000003,2800.0
3,1,14,309.903318,2800.0
3,1,15,251.457153,2800.0
3,1,16,166.086122,2800.0
3,1,17,63.931708,2800.0
3,1,18,0.0,2800.0
3,1,19,0.0,2800.0
3,1,20,0.0,2800.0
3,1,21,0.0,145.60448877556777
3,1,22,0.0,2800.0
3,1,23,0.0,2800.0
3,2,0,0.0,2800.0
3,2,1,0.0,2364.2786071344885
3,2,2,0.0,592.796019999516
3,2,3,0.0,2800.0
3,2,4,0.0,2800.0
3,2,5,0.0,2800.0
3,2,6,0.0,2800.0
3,2,7,34.989351,2800.0
3,2,8,147.633867,1980.545579523704
3,2,9,236.885562,2800.0
3,2,10,300.455222,2800.0
3,2,11,341.17696,1164.8359102045422
3,2,12,358.316869,2800.0
3,2,13,347.287652,2800.0
3,2,14,316.333306,2800.0
3,2,15,256.52601,2800.0
3,2,16,168.415119,2800.0
3,2,17,65.016705,2800.0
3,2,18,0.0,2800.0
3,2,19,0.0,2800.0
3,2,20,0.0,1109.377075854021
3,2,21,0.0,209.55296754900695
3,2,22,0.0,324.6794129073232
3,2,23,0.0,475.7328897807615
3,3,0,0.0,610.9415963527902
3,3,1,0.0,1749.3017415377876
3,3,2,0.0,2800.0
3,3,3,0.0,2800.0
3,3,4,0.0,2800.0
3,3,5,0.0,2800.0
3,3,6,0.0,2188.134369840437
3,3,7,31.713109,648.3361095823518
3,3,8,141.246578,575.0133429544752
3,3,9,235.10400700000002,402.3068740231014
3,3,10,303.38730400000003,791.1870845831577
3,3,11,344.410349,2800.0
3,3,12,360.379743,2800.0
3,3,13,345.403355,2800.0
3,3,14,309.412023,2800.0
3,3,15,247.417376,2800.0
3,3,16,154.993659,2800.0
3,3,17,60.988364000000004,2800.0
3,3,18,0.0,2800.0
3,3,19,0.0,2800.0
3,3,20,0.0,2800.0
3,3,21,0.0,2800.0
3,3,22,0.0,2800.0
3,3,23,0.0,2800.0
3,4,0,0.0,2800.0
3,4,1,0.0,2800.0
3,4,2,0.0,2800.0
3,4,3,0.0,2800.0
3,4,4,0.0,2800.0
3,4,5,0.0,2800.0
3,4,6,0.0,2800.0
3,4,7,40.433088000000005,2800.0
3,4,8,157.262111,1570.9465066065366
3,4,9,249.151245,1055.7070784976213
3,4,10,313.83913900000005,2645.8334855800563
3,4,11,353.968358,2800.0
3,4,12,362.5,2800.0
3,4,13,360.00026299999996,2800.0
3,4,14,323.464786,2800.0
3,4,15,261.201043,2800.0
3,4,16,170.05923499999997,2800.0
3,4,17,65.615975,2800.0
3,4,18,0.0,2800.0
3,4,19,0.0,2800.0
3,4,20,0.0,2800.0
3,4,21,0.0,2800.0
3,4,22,0.0,2800.0
3,4,23,0.0,1342.23868718708
3,5,0,0.0,192.09958802440056
3,5,1,0.0,131.96338481220266
3,5,2,0.0,460.3878697051685
3,5,3,0.0,1193.2453053765432
3,5,4,0.0,2502.4167786610287
3,5,5,0.0,2800.0
3,5,6,0.0,2800.0
3,5,7,31.027705,2800.0
3,5,8,135.027887,2800.0
3,5,9,222.205094,1786.5196926460033
3,5,10,281.862585,1109.377075854021
3,5,11,323.460633,2800.0
3,5,12,341.261908,2800.0
3,5,13,336.12957900000004,2800.0
3,5,14,300.405755,2800.0
3,5,15,240.41053599999998,2800.0
3,5,16,156.878082,2800.0
3,5,17,62.107889,2800.0
3,5,18,0.0,2800.0
3,5,19,0.0,2800.0
3,5,20,0.0,2800.0
3,5,21,0.0,2800.0
3,5,22,0.0,2800.0
3,5,23,0.0,2800.0
3,6,0,0.0,2800.0
3,6,1,0.0,2800.0
3,6,2,0.0,2800.0
3,6,3,0.0,2800.0
3,6,4,0.0,2800.0
3,6,5,0.0,2800.0
3,6,6,0.0,2800.0
3,6,7,28.835926,2800.0
3,6,8,134.96912400000002,2800.0
3,6,9,186.39687899999998,2800.0
3,6,10,295.066105,2800.0
3,6,11,337.732227,2800.0
3,6,12,354.422411,2800.0
3,6,13,343.39340100000004,2800.0
3,6,14,309.674289,2800.0
3,6,15,249.02186300000002,2800.0
3,6,16,165.322113,2800.0
3,6,17,65.246633,2800.0
3,6,18,0.0,2800.0
3,6,19,0.0,2800.0
3,6,20,0.0,2800.0
3,6,21,0.0,1570.9465066065366
3,6,22,0.0,648.3361095823518
3,6,23,0.0,1342.23868718708
3,7,0,0.0,2800.0
3,7,1,0.0,2800.0
3,7,2,0.0,2800.0
3,7,3,0.0,2800.0
3,7,4,0.0,2800.0
3,7,5,0.0,2800.0
3,7,6,0.0,2800.0
3,7,7,30.060247,2800.0
3,7,8,126.966729,2800.0
3,7,9,214.49256599999998,2800.0
3,7,10,109.328327,2800.0
3,7,11,262.75914,2800.0
3,7,12,296.96561599999995,2800.0
3,7,13,260.91381,2800.0
3,7,14,208.420454,2800.0
3,7,15,9.710794,2800.0
3,7,16,5.204751,2800.0
3,7,17,63.247061,2800.0
3,7,18,0.0,2800.0
3,7,19,0.0,2800.0
3,7,20,0.0,2800.0
3,7,21,0.0,2800.0
3,7,22,0.0,2800.0
3,7,23,0.0,2800.0
3,8,0,0.0,2800.0
3,8,1,0.0,2800.0
3,8,2,0.0,2800.0
3,8,3,0.0,2800.0
3,8,4,0.0,2800.0
3,8,5,0.0,2800.0
3,8,6,0.0,2800.0
3,8,7,33.128620000000005,2800.0
3,8,8,137.56075,2800.0
3,8,9,229.417349,2800.0
3,8,10,295.202041,2800.0
3,8,11,337.01345299999997,1640.756359055384
3,8,12,354.509749,1373.4523042863404
3,8,13,346.902271,2800.0
3,8,14,258.281763,2800.0
3,8,15,251.445405,2800.0
3,8,16,166.711962,2800.0
3,8,17,64.905658,2800.0
3,8,18,0.0,2800.0
3,8,19,0.0,2800.0
3,8,20,0.0,2800.0
3,8,21,0.0,2800.0
3,8,22,0.0,2800.0
3,8,23,0.0,2800.0
3,9,0,0.0,2800.0
3,9,1,0.0,2800.0
3,9,2,0.0,2800.0
3,9,3,0.0,2800.0
3,9,4,0.0,2800.0
3,9,5,0.0,2800.0
3,9,6,0.0,2800.0
3,9,7,36.930008,2800.0
3,9,8,143.545842,2800.0
3,9,9,231.046673,2800.0
3,9,10,291.15804599999996,2800.0
3,9,11,329.049049,2800.0
3,9,12,344.70502,2800.0
3,9,13,336.718888,2800.0
3,9,14,306.703771,2800.0
3,9,15,248.99717,2800.0
3,9,16,168.42291500000002,1980.545579523704
3,9,17,66.21930499999999,67.56525302384776
3,9,18,0.0,237.66666698837332
3,9,19,0.0,2744.426018516277
3,9,20,0.0,2800.0
3,9,21,0.0,2800.0
3,9,22,0.0,2800.0
3,9,23,0.0,2800.0
3,10,0,0.0,2800.0
3,10,1,0.0,2800.0
3,10,2,0.0,2800.0
3,10,3,0.0,2800.0
3,10,4,0.0,2800.0
3,10,5,0.0,2800.0
3,10,6,0.0,2800.0
3,10,7,42.76717,2800.0
3,10,8,151.772764,2800.0
3,10,9,240.857691,2800.0
3,10,10,302.914898,2800.0
3,10,11,334.895462,2800.0
3,10,12,342.919755,2800.0
3,10,13,328.152234,2800.0
3,10,14,295.17670400000003,2800.0
3,10,15,239.78417100000001,2800.0
3,10,16,159.749967,349.3284625537728
3,10,17,24.70402,445.37642374118406
3,10,18,0.0,2800.0
3,10,19,0.0,2800.0
3,10,20,0.0,2800.0
3,10,21,0.0,2800.0
3,10,22,0.0,2800.0
3,10,23,0.0,2800.0
3,11,0,0.0,2800.0
3,11,1,0.0,2800.0
3,11,2,0.0,2800.0
3,11,3,0.0,2800.0
3,11,4,0.0,2800.0
3,11,5,0.0,2800.0
3,11,6,0.0,2800.0
3,11,7,-0.0,2800.0
3,11,8,96.641018,2800.0
3,11,9,165.21520900000002,2800.0
3,11,10,228.124996,2800.0
3,11,11,154.46593900000002,2800.0
3,11,12,60.773495000000004,2800.0
3,11,13,237.419378,2800.0
3,11,14,51.457925,2800.0
3,11,15,24.83261,2800.0
3,11,16,39.070955000000005,2800.0
3,11,17,-0.0,2800.0
3,11,18,0.0,2800.0
3,11,19,0.0,2800.0
3,11,20,0.0,2800.0
3,11,21,0.0,2800.0
3,11,22,0.0,2800.0
3,11,23,0.0,2800.0
3,12,0,0.0,2597.435303258585
3,12,1,0.0,1712.6043126696648
3,12,2,0.0,2800.0
3,12,3,0.0,2800.0
3,12,4,0.0,2800.0
3,12,5,0.0,2800.0
3,12,6,0.0,2800.0
3,12,7,24.818402,2800.0
3,12,8,115.630673,2800.0
3,12,9,205.79254699999998,2800.0
3,12,10,271.326886,2800.0
3,12,11,319.61768199999995,2800.0
3,12,12,340.54060499999997,2800.0
3,12,13,332.658205,2800.0
3,12,14,300.661113,2800.0
3,12,15,244.122575,2800.0
3,12,16,160.025704,2800.0
3,12,17,66.196371,2800.0
3,12,18,0.0,2800.0
3,12,19,0.0,2800.0
3,12,20,0.0,2800.0
3,12,21,0.0,2800.0
3,12,22,0.0,2800.0
3,12,23,0.0,2800.0
3,13,0,0.0,2800.0
3,13,1,0.0,2800.0
3,13,2,0.0,2800.0
3,13,3,0.0,2800.0
3,13,4,0.0,2800.0
3,13,5,0.0,2800.0
3,13,6,0.0,2800.0
3,13,7,39.716487,2800.0
3,13,8,143.395827,2800.0
3,13,9,229.461781,2800.0
3,13,10,289.58684000000005,2800.0
3,13,11,327.43972499999995,2800.0
3,13,12,346.285858,2800.0
3,13,13,342.702129,2800.0
3,13,14,310.478653,2800.0
3,13,15,250.93363200000002,2800.0
3,13,16,166.67625099999998,2800.0
3,13,17,66.927087,2800.0
3,13,18,0.0,2800.0
3,13,19,0.0,2800.0
3,13,20,0.0,2800.0
3,13,21,0.0,2800.0
3,13,22,0.0,2800.0
3,13,23,0.0,2800.0
3,14,0,0.0,2800.0
3,14,1,0.0,2800.0
3,14,2,0.0,2800.0
3,14,3,0.0,2800.0
3,14,4,0.0,2800.0
3,14,5,0.0,2800.0
3,14,6,-0.0,2800.0
3,14,7,42.179607000000004,2800.0
3,14,8,147.593999,2800.0
3,14,9,233.053478,2800.0
3,14,10,290.115792,2319.3884514592746
3,14,11,316.81001000000003,2188.134369840437
3,14,12,347.917348,2800.0
3,14,13,343.277604,2800.0
3,14,14,286.247486,2800.0
3,14,15,211.85764799999998,2800.0
3,14,16,169.895713,2800.0
3,14,17,17.772468,2800.0
3,14,18,0.0,2800.0
3,14,19,0.0,2800.0
3,14,20,0.0,2800.0
3,14,21,0.0,2800.0
3,14,22,0.0,2800.0
3,14,23,0.0,2800.0
3,15,0,0.0,2800.0
3,15,1,0.0,2597.435303258585
3,15,2,0.0,2364.2786071344885
3,15,3,0.0,1437.3238044186396
3,15,4,0.0,1082.3203053763452
3,15,5,0.0,1281.237390674447
3,15,6,-0.0,1373.4523042863404
3,15,7,42.397414,2103.4419801044355
3,15,8,148.39695600000002,748.4297260208111
3,15,9,232.04327600000002,14.900254593448198
3,15,10,282.891726,1980.545579523704
3,15,11,317.61295,2800.0
3,15,12,338.182372,2800.0
3,15,13,327.09572399999996,2800.0
3,15,14,293.903594,2800.0
3,15,15,235.691665,2800.0
3,15,16,154.644857,2800.0
3,15,17,62.977479,2800.0
3,15,18,0.0,2800.0
3,15,19,0.0,2800.0
3,15,20,0.0,2800.0
3,15,21,0.0,2319.3884514592746
3,15,22,0.0,1251.4423799619176
3,15,23,0.0,1222.1129067458091
3,16,0,0.0,1405.1461214803344
3,16,1,0.0,1281.237390674447
3,16,2,0.0,1082.3203053763452
3,16,3,0.0,748.4297260208111
3,16,4,0.0,336.8536460978451
3,16,5,0.0,107.29111938509163
3,16,6,-0.0,6.505306117964509
3,16,7,34.165597,48.57413350122129
3,16,8,146.701273,475.7328897807615
3,16,9,228.235124,2800.0
3,16,10,280.619279,2800.0
3,16,11,310.41213,2800.0
3,16,12,324.222587,2800.0
3,16,13,320.017251,2800.0
3,16,14,268.398734,2800.0
3,16,15,149.608186,2800.0
3,16,16,149.616661,2800.0
3,16,17,61.434204,2800.0
3,16,18,0.0,2800.0
3,16,19,0.0,2800.0
3,16,20,0.0,2800.0
3,16,21,0.0,2800.0
3,16,22,0.0,2800.0
3,16,23,0.0,2800.0
3,17,0,0.0,2800.0
3,17,1,0.0,2800.0
3,17,2,0.0,2800.0
3,17,3,0.0,2800.0
3,17,4,0.0,2800.0
3,17,5,0.0,2800.0
3,17,6,-0.0,2800.0
3,17,7,0.997458,2800.0
3,17,8,16.266628,2800.0
3,17,9,124.05385799999999,2800.0
3,17,10,206.688611,2800.0
3,17,11,227.516527,2800.0
3,17,12,302.53598100000005,2800.0
3,17,13,257.874482,2800.0
3,17,14,244.603891,2800.0
3,17,15,38.307152,2800.0
3,17,16,6.095361,2800.0
3,17,17,1.268427,2800.0
3,17,18,0.0,2800.0
3,17,19,0.0,2800.0
3,17,20,0.0,2800.0
3,17,21,0.0,2800.0
3,17,22,0.0,2800.0
3,17,23,0.0,2800.0
3,18,0,0.0,2800.0
3,18,1,0.0,2800.0
3,18,2,0.0,2800.0
3,18,3,0.0,2800.0
3,18,4,0.0,2800.0
3,18,5,0.0,2800.0
3,18,6,-0.0,2800.0
3,18,7,27.474416,2800.0
3,18,8,115.72575900000001,2800.0
3,18,9,198.83651600000002,2800.0
3,18,10,260.719811,2800.0
3,18,11,297.470884,2800.0
3,18,12,308.631881,2800.0
3,18,13,281.659242,2800.0
3,18,14,236.281818,2800.0
3,18,15,63.867933,2800.0
3,18,16,36.614332000000005,2800.0
3,18,17,40.309339,2800.0
3,18,18,0.0,2800.0
3,18,19,0.0,2800.0
3,18,20,0.0,2800.0
3,18,21,0.0,2800.0
3,18,22,0.0,2800.0
3,18,23,0.0,2800.0
3,19,0,0.0,2800.0
3,19,1,0.0,2800.0
3,19,2,0.0,2800.0
3,19,3,0.0,2800.0
3,19,4,0.0,2800.0
3,19,5,0.0,2800.0
3,19,6,-0.0,2800.0
3,19,7,30.121768,2800.0
3,19,8,119.575568,2800.0
3,19,9,186.801649,2800.0
3,19,10,239.907466,2800.0
3,19,11,258.10068,2800.0
3,19,12,311.42687,2800.0
3,19,13,293.316457,2800.0
3,19,14,214.256824,2800.0
3,19,15,189.32438399999998,2800.0
3,19,16,79.552261,2800.0
3,19,17,56.533193,2800.0
3,19,18,0.0,2800.0
3,19,19,0.0,2800.0
3,19,20,0.0,2800.0
3,19,21,0.0,2800.0
3,19,22,0.0,2800.0
3,19,23,0.0,2800.0
3,20,0,0.0,2800.0
3,20,1,0.0,2800.0
3,20,2,0.0,2800.0
3,20,3,0.0,2800.0
3,20,4,0.0,2800.0
3,20,5,0.0,2800.0
3,20,6,-0.0,2800.0
3,20,7,37.449512000000006,2800.0
3,20,8,128.885797,2800.0
3,20,9,208.212083,2800.0
3,20,10,273.43310499999995,2800.0
3,20,11,315.59418300000004,2800.0
3,20,12,333.246667,2800.0
3,20,13,328.598477,2800.0
3,20,14,296.324969,2800.0
3,20,15,240.313915,2800.0
3,20,16,164.64543799999998,2800.0
3,20,17,67.64541,2800.0
3,20,18,0.0,2800.0
3,20,19,0.0,1373.4523042863404
3,20,20,0.0,113.14210705336222
3,20,21,0.0,3.563011389929472
3,20,22,0.0,748.4297260208111
3,20,23,0.0,2800.0
3,21,0,0.0,2800.0
3,21,1,0.0,2800.0
3,21,2,0.0,2800.0
3,21,3,0.0,2800.0
3,21,4,0.0,2800.0
3,21,5,0.0,2800.0
3,21,6,-0.0,2800.0
3,21,7,56.988312,2800.0
3,21,8,137.684183,2800.0
3,21,9,252.582348,2800.0
3,21,10,296.466898,2800.0
3,21,11,306.327623,2800.0
3,21,12,287.60671,2800.0
3,21,13,247.783161,2800.0
3,21,14,194.946335,2800.0
3,21,15,92.01791300000001,2800.0
3,21,16,106.225449,2800.0
3,21,17,46.030854,2800.0
3,21,18,-0.0,2800.0
3,21,19,0.0,2800.0
3,21,20,0.0,2800.0
3,21,21,0.0,2800.0
3,21,22,0.0,2800.0
3,21,23,0.0,2800.0
3,22,0,0.0,2800.0
3,22,1,0.0,2800.0
3,22,2,0.0,2800.0
3,22,3,0.0,2800.0
3,22,4,0.0,2800.0
3,22,5,0.0,2800.0
3,22,6,-0.0,2800.0
3,22,7,-0.0,2800.0
3,22,8,2.928815,2800.0
3,22,9,103.689248,2800.0
3,22,10,191.778016,2800.0
3,22,11,108.49321499999999,2800.0
3,22,12,218.529774,2800.0
3,22,13,130.60980800000002,2800.0
3,22,14,58.253705000000004,2800.0
3,22,15,115.45802400000001,2800.0
3,22,16,36.031969,2800.0
3,22,17,-0.0,2800.0
3,22,18,-0.0,2800.0
3,22,19,0.0,2800.0
3,22,20,0.0,2800.0
3,22,21,0.0,2800.0
3,22,22,0.0,2800.0
3,22,23,0.0,2800.0
3,23,0,0.0,2800.0
3,23,1,0.0,2800.0
3,23,2,0.0,2800.0
3,23,3,0.0,2800.0
3,23,4,0.0,2800.0
3,23,5,0.0,2800.0
3,23,6,-0.0,2800.0
3,23,7,52.345862000000004,2800.0
3,23,8,156.82259299999998,2800.0
3,23,9,245.410387,2800.0
3,23,10,310.798043,2800.0
3,23,11,349.379714,2800.0
3,23,12,362.5,2800.0
3,23,13,353.665879,2800.0
3,23,14,311.124978,2800.0
3,23,15,244.513663,2800.0
3,23,16,162.45616,2800.0
3,23,17,66.53163,2800.0
3,23,18,0.6110549999999999,2800.0
3,23,19,0.0,2800.0
3,23,20,0.0,2800.0
3,23,21,0.0,2800.0
3,23,22,0.0,2800.0
3,23,23,0.0,2800.0
3,24,0,0.0,2800.0
3,24,1,0.0,2800.0
3,24,2,0.0,2800.0
3,24,3,0.0,2800.0
3,24,4,0.0,2800.0
3,24,5,0.0,2800.0
3,24,6,-0.0,2800.0
3,24,7,48.490482,2800.0
3,24,8,149.875513,2800.0
3,24,9,238.552854,2800.0
3,24,10,316.91825900000003,2800.0
3,24,11,360.407339,2800.0
3,24,12,362.5,2800.0
3,24,13,362.5,2800.0
3,24,14,326.691733,2800.0
3,24,15,262.098899,2800.0
3,24,16,173.692084,2800.0
3,24,17,70.55077800000001,2800.0
3,24,18,2.4886190000000004,2800.0
3,24,19,0.0,2800.0
3,24,20,0.0,2800.0
3,24,21,0.0,2800.0
3,24,22,0.0,2800.0
3,24,23,0.0,2800.0
3,25,0,0.0,2800.0
3,25,1,0.0,2800.0
3,25,2,0.0,2800.0
3,25,3,0.0,2275.070137118247
3,25,4,0.0,1003.7965929387176
3,25,5,0.0,475.7328897807615
3,25,6,-0.0,375.1945078601572
3,25,7,55.800496,748.4297260208111
3,25,8,160.341606,610.9415963527902
3,25,9,244.091527,312.8020973326286
3,25,10,304.783047,402.3068740231014
3,25,11,343.629163,2800.0
3,25,12,360.321582,2800.0
3,25,13,347.751047,2800.0
3,25,14,284.771078,2800.0
3,25,15,252.30197700000002,2800.0
3,25,16,135.19816,2800.0
3,25,17,36.236112,2800.0
3,25,18,2.880692,2800.0
3,25,19,0.0,2800.0
3,25,20,0.0,2800.0
3,25,21,0.0,2800.0
3,25,22,0.0,1940.6700324713545
3,25,23,0.0,575.0133429544752
3,26,0,0.0,138.67213448175264
3,26,1,0.0,42.10670576223064
3,26,2,0.0,18.20056109694597
3,26,3,0.0,76.36769954409877
3,26,4,0.0,460.3878697051685
3,26,5,0.0,1749.3017415377876
3,26,6,-0.0,2800.0
3,26,7,60.971657,2800.0
3,26,8,166.675734,2800.0
3,26,9,246.373394,2800.0
3,26,10,304.510195,2800.0
3,26,11,342.387747,2597.435303258585
3,26,12,359.199915,2364.2786071344885
3,26,13,350.97315299999997,2800.0
3,26,14,316.56672399999997,2800.0
3,26,15,258.151923,2800.0
3,26,16,176.42159,2800.0
3,26,17,71.01889999999999,2800.0
3,26,18,3.091657,2800.0
3,26,19,0.0,2800.0
3,26,20,0.0,2800.0
3,26,21,0.0,2800.0
3,26,22,0.0,2800.0
3,26,23,0.0,2800.0
3,27,0,0.0,2800.0
3,27,1,0.0,2800.0
3,27,2,0.0,2800.0
3,27,3,0.0,2800.0
3,27,4,0.0,2800.0
3,27,5,0.0,2800.0
3,27,6,-0.0,2800.0
3,27,7,68.778106,2800.0
3,27,8,177.29333,2800.0
3,27,9,256.072764,2800.0
3,27,10,308.935428,2800.0
3,27,11,337.36268800000005,2800.0
3,27,12,353.516567,2800.0
3,27,13,336.12757500000004,2800.0
3,27,14,318.580329,2800.0
3,27,15,258.475681,2800.0
3,27,16,174.947594,2800.0
3,27,17,71.036288,2800.0
3,27,18,3.473143,2800.0
3,27,19,0.0,2455.7891050857875
3,27,20,0.0,460.3878697051685
3,27,21,0.0,48.57413350122129
3,27,22,0.0,4.190448409383788
3,27,23,0.0,30.94602468005788
3,28,0,0.0,268.18869820056244
3,28,1,0.0,1640.756359055384
3,28,2,0.0,2800.0
3,28,3,0.0,2800.0
3,28,4,0.0,2800.0
3,28,5,0.0,2800.0
3,28,6,-0.0,2800.0
3,28,7,71.22489200000001,2800.0
3,28,8,179.35386,2800.0
3,28,9,258.750368,2800.0
3,28,10,306.45831,2800.0
3,28,11,339.29050900000004,2800.0
3,28,12,350.879025,2800.0
3,28,13,336.62590600000004,2800.0
3,28,14,299.744599,2800.0
3,28,15,239.97325899999998,2800.0
3,28,16,159.652492,2800.0
3,28,17,65.179301,2800.0
3,28,18,2.5863400000000003,2800.0
3,28,19,0.0,2800.0
3,28,20,0.0,2800.0
3,28,21,0.0,2800.0
3,28,22,0.0,2800.0
3,28,23,0.0,2800.0
3,29,0,0.0,2800.0
3,29,1,0.0,2800.0
3,29,2,0.0,2800.0
3,29,3,0.0,2800.0
3,29,4,0.0,2800.0
3,29,5,0.0,2800.0
3,29,6,-0.0,2800.0
3,29,7,50.895955,2800.0
3,29,8,0.63715,2800.0
3,29,9,74.240447,2800.0
3,29,10,278.133098,2800.0
3,29,11,311.883911,2800.0
3,29,12,326.059819,2800.0
3,29,13,314.26132299999995,2800.0
3,29,14,260.119627,2800.0
3,29,15,201.2177,2800.0
3,29,16,149.96782000000002,2800.0
3,29,17,27.506818,2800.0
3,29,18,0.361053,2800.0
3,29,19,0.0,2800.0
3,29,20,0.0,2800.0
3,29,21,0.0,2800.0
3,29,22,0.0,2800.0
3,29,23,0.0,2800.0
3,30,0,0.0,2800.0
3,30,1,0.0,2800.0
3,30,2,0.0,2800.0
3,30,3,0.0,2800.0
3,30,4,0.0,2800.0
3,30,5,0.0,2800.0
3,30,6,-0.0,2800.0
3,30,7,-0.0,2800.0
3,30,8,81.259238,2800.0
3,30,9,173.115758,2800.0
3,30,10,291.79537,2800.0
3,30,11,328.872661,2800.0
3,30,12,299.758221,2800.0
3,30,13,120.47792299999999,2800.0
3,30,14,169.24559599999998,2800.0
3,30,15,161.927928,2800.0
3,30,16,83.558496,2800.0
3,30,17,1.293549,2800.0
3,30,18,-0.0,2800.0
3,30,19,0.0,2800.0
3,30,20,0.0,2800.0
3,30,21,0.0,2800.0
3,30,22,0.0,2800.0
3,30,23,0.0,2800.0
3,31,0,0.0,2800.0
3,31,1,0.0,2800.0
3,31,2,0.0,2800.0
3,31,3,0.0,2800.0
3,31,4,0.0,2800.0
3,31,5,0.0,2800.0
3,31,6,-0.0,2800.0
3,31,7,58.104684,2800.0
3,31,8,158.145841,2800.0
3,31,9,244.421799,2800.0
3,31,10,304.274881,2800.0
3,31,11,344.59964299999996,2800.0
3,31,12,358.896713,2800.0
3,31,13,344.288594,2800.0
3,31,14,308.223108,2800.0
3,31,15,249.239599,2800.0
3,31,16,165.212215,2800.0
3,31,17,68.417351,2800.0
3,31,18,3.715073,2800.0
3,31,19,0.0,2800.0
3,31,20,0.0,2800.0
3,31,21,0.0,2800.0
3,31,22,0.0,2800.0
3,31,23,0.0,2103.4419801044355
4,1,0,0.0,687.226207839785
4,1,1,0.0,1222.1129067458091
4,1,2,0.0,1222.1129067458091
4,1,3,0.0,2800.0
4,1,4,0.0,2800.0
4,1,5,0.0,2800.0
4,1,6,-0.0,2800.0
4,1,7,59.408415999999995,2800.0
4,1,8,155.031279,2800.0
4,1,9,229.81662100000003,2800.0
4,1,10,283.823239,2800.0
4,1,11,320.05994699999997,2800.0
4,1,12,335.26657,2800.0
4,1,13,330.866403,2800.0
4,1,14,295.77375,2800.0
4,1,15,236.79501000000002,2800.0
4,1,16,157.412679,2800.0
4,1,17,65.54738400000001,2800.0
4,1,18,3.393805,2800.0
4,1,19,0.0,2800.0
4,1,20,0.0,2800.0
4,1,21,0.0,2800.0
4,1,22,0.0,2800.0
4,1,23,0.0,2800.0
4,2,0,0.0,2800.0
4,2,1,0.0,2800.0
4,2,2,0.0,2800.0
4,2,3,0.0,2800.0
4,2,4,0.0,2800.0
4,2,5,0.0,2800.0
4,2,6,-0.0,2800.0
4,2,7,65.707177,2800.0
4,2,8,163.880935,2800.0
4,2,9,238.75363000000002,2800.0
4,2,10,291.699021,2800.0
4,2,11,325.52496399999995,2800.0
4,2,12,336.797467,2800.0
4,2,13,326.609945,2800.0
4,2,14,292.482154,2800.0
4,2,15,236.22834400000002,2800.0
4,2,16,155.76857800000002,2800.0
4,2,17,64.442682,2800.0
4,2,18,3.357855,2800.0
4,2,19,0.0,2800.0
4,2,20,0.0,2800.0
4,2,21,0.0,2800.0
4,2,22,0.0,2800.0
4,2,23,0.0,2800.0
4,3,0,0.0,2800.0
4,3,1,0.0,2800.0
4,3,2,0.0,2800.0
4,3,3,0.0,2800.0
4,3,4,0.0,2800.0
4,3,5,0.0,2800.0
4,3,6,-0.0,2800.0
4,3,7,67.517841,2800.0
4,3,8,166.134597,2800.0
4,3,9,244.08087,2800.0
4,3,10,296.23861999999997,2800.0
4,3,11,324.235643,2800.0
4,3,12,328.611075,2800.0
4,3,13,315.746984,2800.0
4,3,14,281.395232,2800.0
4,3,15,228.427703,2800.0
4,3,16,153.024634,2800.0
4,3,17,64.537271,2800.0
4,3,18,3.132136,2800.0
4,3,19,0.0,2800.0
4,3,20,0.0,2800.0
4,3,21,0.0,2800.0
4,3,22,0.0,2800.0
4,3,23,0.0,2800.0
4,4,0,0.0,2800.0
4,4,1,0.0,2800.0
4,4,2,0.0,2800.0
4,4,3,0.0,2800.0
4,4,4,0.0,2800.0
4,4,5,0.0,2800.0
4,4,6,-0.0,2800.0
4,4,7,64.292526,2800.0
4,4,8,161.900978,2800.0
4,4,9,243.330292,2800.0
4,4,10,304.923042,2800.0
4,4,11,337.99836700000003,2800.0
4,4,12,347.123403,2800.0
4,4,13,335.38891600000005,2800.0
4,4,14,298.099353,2800.0
4,4,15,237.918247,2800.0
4,4,16,159.72118400000002,2800.0
4,4,17,66.416911,2800.0
4,4,18,3.6160360000000003,2800.0
4,4,19,0.0,2800.0
4,4,20,0.0,2800.0
4,4,21,0.0,2800.0
4,4,22,0.0,2800.0
4,4,23,0.0,2800.0
4,5,0,0.0,2800.0
4,5,1,0.0,2800.0
4,5,2,0.0,2800.0
4,5,3,0.0,2800.0
4,5,4,0.0,2800.0
4,5,5,0.0,2800.0
4,5,6,-0.0,2800.0
4,5,7,64.48353,2800.0
4,5,8,162.813039,2800.0
4,5,9,243.509506,2800.0
4,5,10,305.233669,2800.0
4,5,11,342.311184,2800.0
4,5,12,354.04179200000004,2800.0
4,5,13,340.146064,2800.0
4,5,14,302.01766399999997,2800.0
4,5,15,240.354383,2800.0
4,5,16,161.903758,2800.0
4,5,17,68.527132,2800.0
4,5,18,2.6353069999999996,2800.0
4,5,19,0.0,2800.0
4,5,20,0.0,2800.0
4,5,21,0.0,2800.0
4,5,22,0.0,2800.0
4,5,23,0.0,2800.0
4,6,0,0.0,2800.0
4,6,1,0.0,2800.0
4,6,2,0.0,2800.0
4,6,3,0.0,2800.0
4,6,4,0.0,2800.0
4,6,5,0.0,2800.0
4,6,6,-0.0,2800.0
4,6,7,67.447872,2800.0
4,6,8,164.20916200000002,2800.0
4,6,9,244.00422500000002,1373.4523042863404
4,6,10,315.4837,2364.2786071344885
4,6,11,352.258239,2800.0
4,6,12,362.5,2800.0
4,6,13,354.110538,2800.0
4,6,14,315.117959,2800.0
4,6,15,253.369781,2800.0
4,6,16,166.55043799999999,2800.0
4,6,17,69.557957,2800.0
4,6,18,3.921073,2800.0
4,6,19,0.0,2800.0
4,6,20,0.0,2800.0
4,6,21,0.0,2800.0
4,6,22,0.0,2800.0
4,6,23,0.0,2800.0
4,7,0,0.0,2794.6277004301824
4,7,1,0.0,2800.0
4,7,2,0.0,2800.0
4,7,3,0.0,2800.0
4,7,4,0.0,2800.0
4,7,5,0.0,2800.0
4,7,6,0.949316,2800.0
4,7,7,75.504252,2800.0
4,7,8,177.90728,2800.0
4,7,9,257.946668,2800.0
4,7,10,315.671076,2800.0
4,7,11,350.24213799999995,2800.0
4,7,12,359.121914,2800.0
4,7,13,349.341189,2800.0
4,7,14,312.823561,2800.0
4,7,15,250.457419,2800.0
4,7,16,164.820163,2800.0
4,7,17,68.263989,2800.0
4,7,18,3.9079430000000004,2800.0
4,7,19,0.0,2800.0
4,7,20,0.0,2800.0
4,7,21,0.0,2800.0
4,7,22,0.0,2800.0
4,7,23,0.0,2800.0
4,8,0,0.0,2800.0
4,8,1,0.0,2800.0
4,8,2,0.0,2800.0
4,8,3,0.0,2800.0
4,8,4,0.0,2800.0
4,8,5,0.0,2800.0
4,8,6,-0.0,2800.0
4,8,7,67.161922,2800.0
4,8,8,165.070355,2800.0
4,8,9,247.161186,2800.0
4,8,10,319.03817499999997,2800.0
4,8,11,355.624521,2800.0
4,8,12,362.5,2800.0
4,8,13,347.42942999999997,2800.0
4,8,14,310.749499,2800.0
4,8,15,250.694694,2800.0
4,8,16,167.85686900000002,2800.0
4,8,17,69.015924,2800.0
4,8,18,5.167372,2800.0
4,8,19,0.0,2800.0
4,8,20,0.0,2800.0
4,8,21,0.0,2800.0
4,8,22,0.0,2800.0
4,8,23,0.0,2800.0
4,9,0,0.0,2549.630956168769
4,9,1,0.0,1055.7070784976213
4,9,2,0.0,707.2412654778989
4,9,3,0.0,228.03272895548625
4,9,4,0.0,1.3422386871870802
4,9,5,0.0,6.505306117964509
4,9,6,2.6445079999999996,81.04201369779398
4,9,7,77.497281,349.3284625537728
4,9,8,179.485207,101.6454080931955
4,9,9,257.66543,610.9415963527902
4,9,10,315.25405,2800.0
4,9,11,347.950061,2800.0
4,9,12,357.422717,2800.0
4,9,13,342.472824,2800.0
4,9,14,303.956499,2800.0
4,9,15,242.57042,2800.0
4,9,16,163.127269,2800.0
4,9,17,68.456213,2800.0
4,9,18,4.883966,2800.0
4,9,19,0.0,2800.0
4,9,20,0.0,2800.0
4,9,21,0.0,2800.0
4,9,22,0.0,2800.0
4,9,23,0.0,2800.0
4,10,0,0.0,2800.0
4,10,1,0.0,1749.3017415377876
4,10,2,0.0,540.5220241907821
4,10,3,0.0,575.0133429544752
4,10,4,0.0,2061.927887690667
4,10,5,0.0,2800.0
4,10,6,1.07606,2800.0
4,10,7,69.105265,2800.0
4,10,8,161.01324100000002,2800.0
4,10,9,238.345272,2800.0
4,10,10,290.746821,1373.4523042863404
4,10,11,318.64089,2800.0
4,10,12,322.496383,2800.0
4,10,13,302.228151,2800.0
4,10,14,268.645417,2800.0
4,10,15,219.39330900000002,2800.0
4,10,16,147.346726,2800.0
4,10,17,64.82054099999999,2800.0
4,10,18,2.7611410000000003,2800.0
4,10,19,0.0,2800.0
4,10,20,0.0,2800.0
4,10,21,0.0,2800.0
4,10,22,0.0,2800.0
4,10,23,0.0,2800.0
4,11,0,0.0,2800.0
4,11,1,0.0,2800.0
4,11,2,0.0,2800.0
4,11,3,0.0,2800.0
4,11,4,0.0,2800.0
4,11,5,0.0,2800.0
4,11,6,-0.0,2800.0
4,11,7,61.188834,2800.0
4,11,8,148.806941,2800.0
4,11,9,221.71581099999997,2800.0
4,11,10,269.94223,1251.4423799619176
4,11,11,301.156485,362.10752792468406
4,11,12,308.872793,2800.0
4,11,13,299.45329399999997,2800.0
4,11,14,263.452315,2800.0
4,11,15,210.427993,2800.0
4,11,16,140.810952,2800.0
4,11,17,62.150259,2800.0
4,11,18,1.526022,2800.0
4,11,19,0.0,2800.0
4,11,20,0.0,2800.0
4,11,21,0.0,2800.0
4,11,22,0.0,2800.0
4,11,23,0.0,1676.4237403920558
4,12,0,0.0,629.4537376638762
4,12,1,0.0,2231.3199984618277
4,12,2,0.0,2800.0
4,12,3,0.0,2800.0
4,12,4,0.0,2800.0
4,12,5,0.0,2800.0
4,12,6,-0.0,2800.0
4,12,7,56.818627,2800.0
4,12,8,141.59054,2800.0
4,12,9,215.18464600000001,2800.0
4,12,10,270.63694799999996,2800.0
4,12,11,302.79745,2800.0
4,12,12,312.943548,2800.0
4,12,13,301.030516,2800.0
4,12,14,265.67762400000004,2800.0
4,12,15,212.047749,2800.0
4,12,16,142.6258,2800.0
4,12,17,62.88117,2800.0
4,12,18,2.538459,2800.0
4,12,19,0.0,2800.0
4,12,20,0.0,2800.0
4,12,21,0.0,2800.0
4,12,22,0.0,2800.0
4,12,23,0.0,2800.0
4,13,0,0.0,2800.0
4,13,1,0.0,2800.0
4,13,2,0.0,2800.0
4,13,3,0.0,2800.0
4,13,4,0.0,2800.0
4,13,5,0.0,2800.0
4,13,6,0.799683,2800.0
4,13,7,65.204302,2800.0
4,13,8,153.123405,2800.0
4,13,9,227.116657,2800.0
4,13,10,281.549942,2800.0
4,13,11,317.447093,2800.0
4,13,12,329.72614699999997,2800.0
4,13,13,320.35617099999996,2800.0
4,13,14,285.015354,2800.0
4,13,15,227.02978,2800.0
4,13,16,150.913704,2800.0
4,13,17,65.525059,2800.0
4,13,18,3.8100650000000003,2800.0
4,13,19,0.0,2800.0
4,13,20,0.0,2800.0
4,13,21,0.0,2800.0
4,13,22,0.0,2800.0
4,13,23,0.0,2800.0
4,14,0,0.0,835.542666361563
4,14,1,0.0,402.3068740231014
4,14,2,0.0,1055.7070784976213
4,14,3,0.0,2800.0
4,14,4,0.0,2800.0
4,14,5,0.0,2800.0
4,14,6,2.9564690000000002,2800.0
4,14,7,71.66808999999999,2800.0
4,14,8,160.872051,2800.0
4,14,9,230.544776,2800.0
4,14,10,285.36687800000004,2800.0
4,14,11,322.777175,2800.0
4,14,12,336.957288,2800.0
4,14,13,325.400121,2800.0
4,14,14,289.473473,2800.0
4,14,15,228.482617,2800.0
4,14,16,155.899722,2800.0
4,14,17,67.299453,2800.0
4,14,18,5.046492,2800.0
4,14,19,0.0,2800.0
4,14,20,0.0,2800.0
4,14,21,0.0,2800.0
4,14,22,0.0,2800.0
4,14,23,0.0,2800.0
4,15,0,0.0,2800.0
4,15,1,0.0,2800.0
4,15,2,0.0,2800.0
4,15,3,0.0,2800.0
4,15,4,0.0,2800.0
4,15,5,0.0,2800.0
4,15,6,4.995674,2800.0
4,15,7,79.022447,2800.0
4,15,8,171.327956,2800.0
4,15,9,240.447316,2800.0
4,15,10,288.080311,2800.0
4,15,11,315.899874,2800.0
4,15,12,328.569656,2800.0
4,15,13,322.06634499999996,2800.0
4,15,14,290.86583399999995,2800.0
4,15,15,235.21529199999998,2800.0
4,15,16,157.344579,2800.0
4,15,17,66.03512300000001,2800.0
4,15,18,5.613898,2800.0
4,15,19,0.0,2800.0
4,15,20,0.0,2800.0
4,15,21,0.0,2800.0
4,15,22,0.0,2800.0
4,15,23,0.0,2800.0
4,16,0,0.0,2800.0
4,16,1,0.0,2800.0
4,16,2,0.0,2800.0
4,16,3,0.0,2800.0
4,16,4,0.0,2800.0
4,16,5,0.0,2800.0
4,16,6,5.651191,2800.0
4,16,7,76.79732399999999,2800.0
4,16,8,170.49127900000002,2800.0
4,16,9,244.247376,2800.0
4,16,10,299.63537099999996,2800.0
4,16,11,332.612711,2800.0
4,16,12,341.517445,2800.0
4,16,13,326.257865,2800.0
4,16,14,288.424203,2800.0
4,16,15,229.560438,2800.0
4,16,16,152.782184,2800.0
4,16,17,65.56186699999999,2800.0
4,16,18,5.1827250000000005,2800.0
4,16,19,0.0,2800.0
4,16,20,0.0,2800.0
4,16,21,0.0,2800.0
4,16,22,0.0,2800.0
4,16,23,0.0,2800.0
4,17,0,0.0,2800.0
4,17,1,0.0,2800.0
4,17,2,0.0,2800.0
4,17,3,0.0,2800.0
4,17,4,0.0,2800.0
4,17,5,0.0,2800.0
4,17,6,5.364381000000001,2800.0
4,17,7,25.820961999999998,2800.0
4,17,8,131.09435399999998,2800.0
4,17,9,227.898018,2800.0
4,17,10,283.58611099999996,2800.0
4,17,11,309.633185,2800.0
4,17,12,315.782371,2800.0
4,17,13,307.07931199999996,2800.0
4,17,14,262.228289,2800.0
4,17,15,214.916636,2800.0
4,17,16,129.639487,2800.0
4,17,17,37.364387,2800.0
4,17,18,2.510631,2800.0
4,17,19,0.0,2800.0
4,17,20,0.0,2800.0
4,17,21,0.0,2800.0
4,17,22,0.0,2800.0
4,17,23,0.0,2800.0
4,18,0,0.0,2800.0
4,18,1,0.0,2800.0
4,18,2,0.0,2800.0
4,18,3,0.0,2800.0
4,18,4,0.0,2800.0
4,18,5,0.0,2800.0
4,18,6,3.018263,2800.0
4,18,7,1.602925,2800.0
4,18,8,54.869541,2800.0
4,18,9,97.635171,2800.0
4,18,10,114.360556,2800.0
4,18,11,120.296629,2800.0
4,18,12,127.261673,2800.0
4,18,13,114.518041,2800.0
4,18,14,77.37310599999999,2800.0
4,18,15,85.850438,2800.0
4,18,16,52.122167999999995,2800.0
4,18,17,12.578899,2800.0
4,18,18,3.974329,2800.0
4,18,19,0.0,2800.0
4,18,20,0.0,2800.0
4,18,21,0.0,2800.0
4,18,22,0.0,2800.0
4,18,23,0.0,2800.0
4,19,0,0.0,2800.0
4,19,1,0.0,2800.0
4,19,2,0.0,1251.4423799619176
4,19,3,0.0,575.0133429544752
4,19,4,0.0,278.9149998077284
4,19,5,0.0,200.6998128762587
4,19,6,5.364274999999999,445.37642374118406
4,19,7,66.296474,1373.4523042863404
4,19,8,98.72600299999999,2794.6277004301824
4,19,9,9.023370000000002,2800.0
4,19,10,11.779326999999999,2800.0
4,19,11,239.165006,2800.0
4,19,12,241.937904,2800.0
4,19,13,241.57267000000002,2800.0
4,19,14,232.81755600000002,2800.0
4,19,15,4.831823,2800.0
4,19,16,46.458353,2800.0
4,19,17,0.595693,2800.0
4,19,18,1.12309,2800.0
4,19,19,0.0,2800.0
4,19,20,0.0,2800.0
4,19,21,0.0,2800.0
4,19,22,0.0,2800.0
4,19,23,0.0,2800.0
4,20,0,0.0,2800.0
4,20,1,0.0,2800.0
4,20,2,0.0,2800.0
4,20,3,0.0,2800.0
4,20,4,0.0,2800.0
4,20,5,0.0,2800.0
4,20,6,7.130884,2800.0
4,20,7,74.63717600000001,2800.0
4,20,8,155.616456,2800.0
4,20,9,206.762799,2800.0
4,20,10,279.062912,2800.0
4,20,11,296.537369,2800.0
4,20,12,328.975442,2800.0
4,20,13,260.066973,2800.0
4,20,14,248.843499,2800.0
4,20,15,190.015185,2800.0
4,20,16,136.75956200000002,2800.0
4,20,17,16.392744,2800.0
4,20,18,5.681745,2800.0
4,20,19,0.0,2800.0
4,20,20,0.0,2800.0
4,20,21,0.0,2800.0
4,20,22,0.0,2800.0
4,20,23,0.0,2800.0
4,21,0,0.0,2800.0
4,21,1,0.0,2800.0
4,21,2,0.0,2800.0
4,21,3,0.0,2800.0
4,21,4,0.0,2800.0
4,21,5,0.0,2800.0
4,21,6,8.190873999999999,2800.0
4,21,7,81.09300400000001,2800.0
4,21,8,172.88754500000002,2800.0
4,21,9,247.417777,2800.0
4,21,10,302.803903,2800.0
4,21,11,335.53927799999997,2800.0
4,21,12,344.970713,2800.0
4,21,13,332.458784,2800.0
4,21,14,295.75566100000003,2800.0
4,21,15,236.197247,2800.0
4,21,16,158.387788,2800.0
4,21,17,66.36141599999999,2800.0
4,21,18,4.884027,2800.0
4,21,19,0.0,2800.0
4,21,20,0.0,2800.0
4,21,21,0.0,1342.23868718708
4,21,22,0.0,125.47457411733969
4,21,23,0.0,3.563011389929472
4,22,0,0.0,67.56525302384776
4,22,1,0.0,200.6998128762587
4,22,2,0.0,336.8536460978451
4,22,3,0.0,523.8060511729734
4,22,4,0.0,791.1870845831577
4,22,5,0.0,1193.2453053765432
4,22,6,8.431501,1640.756359055384
4,22,7,81.404006,2364.2786071344885
4,22,8,172.966446,1570.9465066065366
4,22,9,246.96891399999998,2694.829168782761
4,22,10,299.025657,2800.0
4,22,11,331.671491,2800.0
4,22,12,341.558218,2800.0
4,22,13,327.39597499999996,2800.0
4,22,14,289.066391,2800.0
4,22,15,212.45388200000002,2800.0
4,22,16,136.182342,2800.0
4,22,17,66.10612300000001,2800.0
4,22,18,4.680135,2800.0
4,22,19,0.0,2800.0
4,22,20,0.0,2800.0
4,22,21,0.0,2800.0
4,22,22,0.0,2800.0
4,22,23,0.0,1251.4423799619176
4,23,0,0.0,278.9149998077284
4,23,1,0.0,5.6579301238231885
4,23,2,0.0,9.545962443012346
4,23,3,0.0,200.6998128762587
4,23,4,0.0,289.9235564324093
4,23,5,0.0,1003.7965929387176
4,23,6,9.127377000000001,2455.7891050857875
4,23,7,78.833708,2800.0
4,23,8,169.570889,2800.0
4,23,9,242.228765,2800.0
4,23,10,290.52145,2800.0
4,23,11,322.43798200000003,2800.0
4,23,12,328.413548,2800.0
4,23,13,280.98373499999997,2800.0
4,23,14,216.219563,2800.0
4,23,15,193.385417,2800.0
4,23,16,97.677801,2800.0
4,23,17,51.808313999999996,2800.0
4,23,18,4.42751,2800.0
4,23,19,0.0,2800.0
4,23,20,0.0,2800.0
4,23,21,0.0,2800.0
4,23,22,0.0,2800.0
4,23,23,0.0,2800.0
4,24,0,0.0,2800.0
4,24,1,0.0,2800.0
4,24,2,0.0,2800.0
4,24,3,0.0,2800.0
4,24,4,0.0,2800.0
4,24,5,0.0,2800.0
4,24,6,9.415545,2800.0
4,24,7,80.071466,2800.0
4,24,8,168.58337899999998,2800.0
4,24,9,241.63322200000002,2800.0
4,24,10,303.716612,2800.0
4,24,11,335.483293,2800.0
4,24,12,345.37951,2800.0
4,24,13,330.630153,2800.0
4,24,14,293.118739,2800.0
4,24,15,234.100277,2800.0
4,24,16,155.74928400000002,2800.0
4,24,17,67.73858100000001,2800.0
4,24,18,4.932188,2800.0
4,24,19,0.0,2800.0
4,24,20,0.0,881.5257965526516
4,24,21,0.0,4.887532770822322
4,24,22,0.0,1570.9465066065366
4,24,23,0.0,2800.0
4,25,0,0.0,2800.0
4,25,1,0.0,2800.0
4,25,2,0.0,2800.0
4,25,3,0.0,2800.0
4,25,4,0.0,2800.0
4,25,5,0.0,2800.0
4,25,6,10.220255,2800.0
4,25,7,80.946268,2744.426018516277
4,25,8,168.475764,1222.1129067458091
4,25,9,241.523712,6.505306117964509
4,25,10,295.760042,707.2412654778989
4,25,11,329.30816,2800.0
4,25,12,338.76389,2800.0
4,25,13,326.215582,2800.0
4,25,14,289.150346,2800.0
4,25,15,230.631257,2800.0
4,25,16,153.66665700000001,2800.0
4,25,17,66.717556,2800.0
4,25,18,4.926229999999999,2800.0
4,25,19,0.0,2800.0
4,25,20,0.0,2800.0
4,25,21,0.0,2800.0
4,25,22,0.0,2800.0
4,25,23,0.0,2800.0
4,26,0,0.0,2800.0
4,26,1,0.0,2800.0
4,26,2,0.0,2800.0
4,26,3,0.0,2800.0
4,26,4,0.0,2800.0
4,26,5,0.0,2800.0
4,26,6,10.248424000000002,2800.0
4,26,7,79.191631,2800.0
4,26,8,165.32076500000002,748.4297260208111
4,26,9,232.298786,71.8766678693094
4,26,10,284.74483100000003,1003.7965929387176
4,26,11,318.57870299999996,2800.0
4,26,12,329.794215,2800.0
4,26,13,315.83502799999997,2800.0
4,26,14,279.649611,2800.0
4,26,15,222.74005300000002,2800.0
4,26,16,146.844441,2800.0
4,26,17,63.717855,2800.0
4,26,18,4.731737,2800.0
4,26,19,0.0,2800.0
4,26,20,0.0,2800.0
4,26,21,0.0,2800.0
4,26,22,0.0,2800.0
4,26,23,0.0,2800.0
4,27,0,0.0,2800.0
4,27,1,0.0,2800.0
4,27,2,0.0,2800.0
4,27,3,0.0,2800.0
4,27,4,0.0,2800.0
4,27,5,0.0,2800.0
4,27,6,8.63358,2800.0
4,27,7,75.742707,2800.0
4,27,8,159.799021,2800.0
4,27,9,186.463797,2800.0
4,27,10,69.834651,2800.0
4,27,11,221.052916,2800.0
4,27,12,321.639795,2800.0
4,27,13,210.985339,2800.0
4,27,14,34.147203000000005,2800.0
4,27,15,4.493532,2800.0
4,27,16,70.752607,2800.0
4,27,17,1.832801,2800.0
4,27,18,1.045183,2800.0
4,27,19,0.0,2800.0
4,27,20,0.0,2800.0
4,27,21,0.0,2800.0
4,27,22,0.0,2800.0
4,27,23,0.0,2800.0
4,28,0,0.0,2800.0
4,28,1,0.0,2800.0
4,28,2,0.0,2800.0
4,28,3,0.0,2800.0
4,28,4,0.0,2800.0
4,28,5,0.0,2800.0
4,28,6,12.38373,2800.0
4,28,7,92.44007,2800.0
4,28,8,187.756372,2800.0
4,28,9,261.430485,2800.0
4,28,10,316.56367,2800.0
4,28,11,348.423536,2800.0
4,28,12,356.553524,2800.0
4,28,13,341.228538,2800.0
4,28,14,302.78774599999997,2800.0
4,28,15,242.649516,2800.0
4,28,16,159.20728599999998,2800.0
4,28,17,36.775324,2800.0
4,28,18,6.849339,2800.0
4,28,19,0.0,2800.0
4,28,20,0.0,2800.0
4,28,21,0.0,2800.0
4,28,22,0.0,2800.0
4,28,23,0.0,2800.0
4,29,0,0.0,2800.0
4,29,1,0.0,2800.0
4,29,2,0.0,2800.0
4,29,3,0.0,2800.0
4,29,4,0.0,2800.0
4,29,5,0.0,2800.0
4,29,6,10.488566,2800.0
4,29,7,26.664133999999997,2800.0
4,29,8,134.15866200000002,2800.0
4,29,9,90.99499300000001,2800.0
4,29,10,281.53550900000005,2800.0
4,29,11,314.122003,2800.0
4,29,12,316.65568199999996,2800.0
4,29,13,297.744005,2800.0
4,29,14,38.101236,2800.0
4,29,15,188.992116,2800.0
4,29,16,102.199375,2800.0
4,29,17,28.955276,2800.0
4,29,18,5.603782,2800.0
4,29,19,0.0,2800.0
4,29,20,0.0,2800.0
4,29,21,0.0,2275.070137118247
4,29,22,0.0,523.8060511729734
4,29,23,0.0,268.18869820056244
4,30,0,0.0,1082.3203053763452
4,30,1,0.0,2800.0
4,30,2,0.0,2800.0
4,30,3,0.0,2800.0
4,30,4,0.0,2800.0
4,30,5,0.0,2800.0
4,30,6,12.371929,2800.0
4,30,7,81.909469,2800.0
4,30,8,173.096011,2800.0
4,30,9,242.489446,2800.0
4,30,10,294.57595000000003,2800.0
4,30,11,324.359701,2800.0
4,30,12,313.751887,2800.0
4,30,13,321.550095,2800.0
4,30,14,284.10170899999997,2800.0
4,30,15,225.043147,2800.0
4,30,16,150.74416,2800.0
4,30,17,65.571033,2800.0
4,30,18,5.576153000000001,2800.0
4,30,19,0.0,2800.0
4,30,20,0.0,2800.0
4,30,21,0.0,2800.0
4,30,22,0.0,2800.0
4,30,23,0.0,2800.0
5,1,0,0.0,2800.0
5,1,1,0.0,2800.0
5,1,2,0.0,2800.0
5,1,3,0.0,2800.0
5,1,4,0.0,2800.0
5,1,5,0.0,2800.0
5,1,6,0.581708,2800.0
5,1,7,58.472971,2800.0
5,1,8,137.13189799999998,2800.0
5,1,9,204.74721599999998,2800.0
5,1,10,253.65874499999998,2800.0
5,1,11,285.028575,2800.0
5,1,12,294.839478,2800.0
5,1,13,293.733235,2800.0
5,1,14,260.11139000000003,2800.0
5,1,15,208.42717100000002,2800.0
5,1,16,140.02022200000002,2800.0
5,1,17,65.39202399999999,2800.0
5,1,18,3.5389749999999998,2800.0
5,1,19,0.0,2800.0
5,1,20,0.0,2800.0
5,1,21,0.0,2800.0
5,1,22,0.0,2800.0
5,1,23,0.0,2800.0
5,2,0,0.0,2800.0
5,2,1,0.0,2800.0
5,2,2,0.0,2800.0
5,2,3,0.0,2800.0
5,2,4,0.0,2800.0
5,2,5,0.0,2800.0
5,2,6,3.0967919999999998,2800.0
5,2,7,66.98511599999999,2800.0
5,2,8,144.993188,2800.0
5,2,9,212.162938,2800.0
5,2,10,272.55262400000004,2800.0
5,2,11,304.11729499999996,2800.0
5,2,12,314.483897,2800.0
5,2,13,300.183659,2800.0
5,2,14,266.210126,2800.0
5,2,15,212.570097,2800.0
5,2,16,143.831453,2800.0
5,2,17,67.254087,2800.0
5,2,18,4.00418,2800.0
5,2,19,0.0,2800.0
5,2,20,0.0,2800.0
5,2,21,0.0,2800.0
5,2,22,0.0,2800.0
5,2,23,0.0,2800.0
5,3,0,0.0,2800.0
5,3,1,0.0,2800.0
5,3,2,0.0,2800.0
5,3,3,0.0,2800.0
5,3,4,0.0,2800.0
5,3,5,0.0,2800.0
5,3,6,6.007817,2800.0
5,3,7,72.37192999999999,2800.0
5,3,8,151.89340299999998,2800.0
5,3,9,219.59639199999998,2800.0
5,3,10,270.091969,2800.0
5,3,11,300.17695199999997,2800.0
5,3,12,310.08631099999997,2800.0
5,3,13,298.21714299999996,2800.0
5,3,14,264.730505,2800.0
5,3,15,212.776461,2800.0
5,3,16,141.29987100000002,2800.0
5,3,17,66.192489,2800.0
5,3,18,4.307142,2800.0
5,3,19,0.0,2800.0
5,3,20,0.0,2800.0
5,3,21,0.0,2800.0
5,3,22,0.0,2800.0
5,3,23,0.0,2800.0
5,4,0,0.0,2800.0
5,4,1,0.0,2800.0
5,4,2,0.0,2800.0
5,4,3,0.0,2800.0
5,4,4,0.0,2800.0
5,4,5,0.0,2800.0
5,4,6,6.6482280000000005,2800.0
5,4,7,71.970658,2800.0
5,4,8,148.91221,2800.0
5,4,9,215.607415,2800.0
5,4,10,270.357217,2800.0
5,4,11,302.40807,2800.0
5,4,12,312.269773,2800.0
5,4,13,295.976984,2800.0
5,4,14,262.532641,2800.0
5,4,15,209.365119,2800.0
5,4,16,140.582474,2800.0
5,4,17,65.759526,2800.0
5,4,18,3.856614,2800.0
5,4,19,0.0,2800.0
5,4,20,0.0,2800.0
5,4,21,0.0,2800.0
5,4,22,0.0,2800.0
5,4,23,0.0,2800.0
5,5,0,0.0,2800.0
5,5,1,0.0,2800.0
5,5,2,0.0,2800.0
5,5,3,0.0,2800.0
5,5,4,0.0,2800.0
5,5,5,0.0,2800.0
5,5,6,9.884293,2800.0
5,5,7,75.438804,2800.0
5,5,8,153.40272099999999,2800.0
5,5,9,210.480806,2800.0
5,5,10,276.32364,2800.0
5,5,11,308.258547,2800.0
5,5,12,317.458795,2800.0
5,5,13,300.410007,2800.0
5,5,14,265.570221,2800.0
5,5,15,211.935589,2800.0
5,5,16,142.739709,2800.0
5,5,17,65.425543,2800.0
5,5,18,5.516515,2800.0
5,5,19,0.0,2800.0
5,5,20,0.0,2800.0
5,5,21,0.0,2800.0
5,5,22,0.0,2800.0
5,5,23,0.0,2800.0
5,6,0,0.0,2800.0
5,6,1,0.0,2800.0
5,6,2,0.0,2800.0
5,6,3,0.0,2800.0
5,6,4,0.0,2645.8334855800563
5,6,5,0.0,748.4297260208111
5,6,6,6.195665,28.504091119435778
5,6,7,47.510278,4.190448409383788
5,6,8,4.169079,81.04201369779398
5,6,9,160.276466,183.74862734385428
5,6,10,275.659858,101.6454080931955
5,6,11,292.20894699999997,1003.7965929387176
5,6,12,288.06818599999997,2800.0
5,6,13,197.41298,2800.0
5,6,14,264.08651199999997,2800.0
5,6,15,215.709128,2800.0
5,6,16,146.817587,2800.0
5,6,17,67.08170600000001,2800.0
5,6,18,6.21863,2800.0
5,6,19,0.0,2800.0
5,6,20,0.0,2800.0
5,6,21,0.0,2800.0
5,6,22,0.0,2800.0
5,6,23,0.0,2800.0
5,7,0,0.0,2800.0
5,7,1,0.0,2800.0
5,7,2,0.0,2800.0
5,7,3,0.0,2800.0
5,7,4,0.0,2455.7891050857875
5,7,5,0.0,1373.4523042863404
5,7,6,12.585738,402.3068740231014
5,7,7,79.247854,125.47457411733969
5,7,8,161.045258,125.47457411733969
5,7,9,233.042095,30.94602468005788
5,7,10,281.800471,36.240444554051166
5,7,11,316.20652,2794.6277004301824
5,7,12,328.40858299999996,2800.0
5,7,13,320.72166,2800.0
5,7,14,286.09279399999997,2800.0
5,7,15,229.768823,2800.0
5,7,16,154.25917199999998,2800.0
5,7,17,71.136484,2800.0
5,7,18,6.394474,2800.0
5,7,19,0.0,2800.0
5,7,20,0.0,2800.0
5,7,21,0.0,2800.0
5,7,22,0.0,2231.3199984618277
5,7,23,0.0,1055.7070784976213
5,8,0,0.0,540.5220241907821
5,8,1,0.0,416.3395915497286
5,8,2,0.0,375.1945078601572
5,8,3,0.0,349.3284625537728
5,8,4,0.0,592.796019999516
5,8,5,0.0,1640.756359055384
5,8,6,14.672015,2800.0
5,8,7,86.250944,2800.0
5,8,8,173.115555,2800.0
5,8,9,246.026826,2800.0
5,8,10,296.197941,1605.5985030100696
5,8,11,326.132561,1193.2453053765432
5,8,12,333.932572,2800.0
5,8,13,319.14865299999997,2800.0
5,8,14,281.86127600000003,2800.0
5,8,15,224.571298,2800.0
5,8,16,150.125531,2800.0
5,8,17,69.416715,2800.0
5,8,18,7.280443,2800.0
5,8,19,0.0,2800.0
5,8,20,0.0,2800.0
5,8,21,0.0,2800.0
5,8,22,0.0,2800.0
5,8,23,0.0,2800.0
5,9,0,0.0,2800.0
5,9,1,0.0,2800.0
5,9,2,0.0,2800.0
5,9,3,0.0,2800.0
5,9,4,0.0,2800.0
5,9,5,0.0,2800.0
5,9,6,12.497172,2800.0
5,9,7,80.857781,2800.0
5,9,8,159.513575,2800.0
5,9,9,222.40269,2800.0
5,9,10,260.456957,2800.0
5,9,11,288.913622,2800.0
5,9,12,300.07122200000003,2800.0
5,9,13,295.862983,2800.0
5,9,14,263.599693,2800.0
5,9,15,211.37428500000001,2800.0
5,9,16,142.822003,2800.0
5,9,17,67.70895399999999,2800.0
5,9,18,6.7605640000000005,2800.0
5,9,19,0.0,2800.0
5,9,20,0.0,2800.0
5,9,21,0.0,2800.0
5,9,22,0.0,2800.0
5,9,23,0.0,2800.0
5,10,0,0.0,2800.0
5,10,1,0.0,2800.0
5,10,2,0.0,2800.0
5,10,3,0.0,2800.0
5,10,4,0.0,2800.0
5,10,5,0.0,2800.0
5,10,6,12.154313,2800.0
5,10,7,77.299313,2800.0
5,10,8,154.37852600000002,2800.0
5,10,9,219.515456,2800.0
5,10,10,269.463365,2800.0
5,10,11,160.981189,2800.0
5,10,12,305.504752,2800.0
5,10,13,294.39041100000003,2800.0
5,10,14,259.534074,2800.0
5,10,15,208.087394,2800.0
5,10,16,140.652874,2800.0
5,10,17,65.807085,2800.0
5,10,18,7.924781,2800.0
5,10,19,0.0,2800.0
5,10,20,0.0,2800.0
5,10,21,0.0,2800.0
5,10,22,0.0,1469.9890187508342
5,10,23,0.0,55.67205296764801
5,11,0,0.0,289.9235564324093
5,11,1,0.0,2020.963642713616
5,11,2,0.0,2800.0
5,11,3,0.0,2800.0
5,11,4,0.0,2800.0
5,11,5,0.0,2800.0
5,11,6,17.192196,2800.0
5,11,7,87.40461,2800.0
5,11,8,170.356302,2800.0
5,11,9,236.843219,2800.0
5,11,10,291.13929599999994,2800.0
5,11,11,321.191509,2800.0
5,11,12,328.24807799999996,2800.0
5,11,13,310.13721899999996,2800.0
5,11,14,274.220353,2800.0
5,11,15,219.46295,2800.0
5,11,16,148.36127299999998,2800.0
5,11,17,69.07894999999999,2800.0
5,11,18,9.212643,2800.0
5,11,19,0.0,2800.0
5,11,20,0.0,2800.0
5,11,21,0.0,2800.0
5,11,22,0.0,2800.0
5,11,23,0.0,2800.0
5,12,0,0.0,2800.0
5,12,1,0.0,2800.0
5,12,2,0.0,2800.0
5,12,3,0.0,2800.0
5,12,4,0.0,2800.0
5,12,5,0.0,2800.0
5,12,6,17.16596,2800.0
5,12,7,86.40033,2800.0
5,12,8,168.114899,2800.0
5,12,9,235.92905,2800.0
5,12,10,279.26226,2800.0
5,12,11,311.74851,2800.0
5,12,12,315.504555,2800.0
5,12,13,299.895602,2800.0
5,12,14,266.796848,2800.0
5,12,15,214.1454,2800.0
5,12,16,144.136083,2800.0
5,12,17,67.302762,2800.0
5,12,18,9.308968,2800.0
5,12,19,0.0,2800.0
5,12,20,0.0,2800.0
5,12,21,0.0,2800.0
5,12,22,0.0,2800.0
5,12,23,0.0,2800.0
5,13,0,0.0,2800.0
5,13,1,0.0,2800.0
5,13,2,0.0,2800.0
5,13,3,0.0,2800.0
5,13,4,0.0,2800.0
5,13,5,0.0,2800.0
5,13,6,16.558239,2800.0
5,13,7,85.207579,2800.0
5,13,8,166.516879,2800.0
5,13,9,233.87236199999998,2800.0
5,13,10,286.11695899999995,2800.0
5,13,11,316.37829,2800.0
5,13,12,323.704243,2800.0
5,13,13,306.720522,2800.0
5,13,14,270.22490999999997,2800.0
5,13,15,215.155338,2800.0
5,13,16,144.417452,2800.0
5,13,17,67.490913,2800.0
5,13,18,9.555815,2800.0
5,13,19,0.0,2800.0
5,13,20,0.0,2800.0
5,13,21,0.0,2800.0
5,13,22,0.0,2800.0
5,13,23,0.0,2800.0
5,14,0,0.0,2800.0
5,14,1,0.0,2800.0
5,14,2,0.0,2800.0
5,14,3,0.0,2800.0
5,14,4,0.0,2800.0
5,14,5,0.0,2800.0
5,14,6,17.366031,2800.0
5,14,7,86.14402899999999,2800.0
5,14,8,169.696701,2800.0
5,14,9,239.079861,2800.0
5,14,10,291.61525300000005,2800.0
5,14,11,323.167092,2800.0
5,14,12,330.51322700000003,2800.0
5,14,13,314.70771,2800.0
5,14,14,278.378843,2800.0
5,14,15,222.790902,2800.0
5,14,16,150.18844399999998,2800.0
5,14,17,69.648542,2800.0
5,14,18,10.640302,2800.0
5,14,19,0.0,2800.0
5,14,20,0.0,2800.0
5,14,21,0.0,2800.0
5,14,22,0.0,2800.0
5,14,23,0.0,2800.0
5,15,0,0.0,2800.0
5,15,1,0.0,2800.0
5,15,2,0.0,2800.0
5,15,3,0.0,2800.0
5,15,4,0.0,2800.0
5,15,5,0.0,2800.0
5,15,6,18.321586,2800.0
5,15,7,89.19118399999999,2800.0
5,15,8,175.22246299999998,2800.0
5,15,9,245.276245,2800.0
5,15,10,292.78788099999997,2800.0
5,15,11,320.47384600000004,2800.0
5,15,12,326.212588,2800.0
5,15,13,313.184897,2800.0
5,15,14,275.481502,2800.0
5,15,15,219.15260999999998,2800.0
5,15,16,146.452874,2800.0
5,15,17,68.729665,2800.0
5,15,18,10.506831,2800.0
5,15,19,0.0,2800.0
5,15,20,0.0,2800.0
5,15,21,0.0,2800.0
5,15,22,0.0,2800.0
5,15,23,0.0,2800.0
5,16,0,0.0,2800.0
5,16,1,0.0,2800.0
5,16,2,0.0,2800.0
5,16,3,0.0,2800.0
5,16,4,0.0,2800.0
5,16,5,0.0,2800.0
5,16,6,18.246255,2800.0
5,16,7,85.00169199999999,2800.0
5,16,8,164.675434,2800.0
5,16,9,230.439893,2800.0
5,16,10,274.045663,2800.0
5,16,11,304.720626,2800.0
5,16,12,313.305003,2800.0
5,16,13,300.271464,2800.0
5,16,14,265.31129,2800.0
5,16,15,211.916013,2800.0
5,16,16,143.24304500000002,2800.0
5,16,17,68.382918,2800.0
5,16,18,10.506824,2800.0
5,16,19,0.0,2800.0
5,16,20,0.0,2800.0
5,16,21,0.0,2800.0
5,16,22,0.0,2800.0
5,16,23,0.0,2800.0
5,17,0,0.0,2800.0
5,17,1,0.0,2800.0
5,17,2,0.0,2800.0
5,17,3,0.0,2800.0
5,17,4,0.0,2800.0
5,17,5,0.0,2800.0
5,17,6,18.776462,2800.0
5,17,7,89.043072,2800.0
5,17,8,173.076845,2800.0
5,17,9,239.20228,2800.0
5,17,10,283.86070400000006,2800.0
5,17,11,310.580438,2800.0
5,17,12,319.36667,2800.0
5,17,13,308.25379499999997,2800.0
5,17,14,277.834573,2800.0
5,17,15,228.59760200000002,2800.0
5,17,16,153.83589999999998,2800.0
5,17,17,68.885035,2800.0
5,17,18,11.897558,2800.0
5,17,19,0.0,2800.0
5,17,20,0.0,2800.0
5,17,21,0.0,2800.0
5,17,22,0.0,2800.0
5,17,23,0.0,2800.0
5,18,0,0.0,2800.0
5,18,1,0.0,2800.0
5,18,2,0.0,2800.0
5,18,3,0.0,2800.0
5,18,4,0.0,2800.0
5,18,5,0.0,491.4151496175413
5,18,6,18.746345,9.545962443012346
5,18,7,86.768528,727.6412163217148
5,18,8,168.819054,1862.5318241810248
5,18,9,232.412805,1676.4237403920558
5,18,10,277.178179,2800.0
5,18,11,304.93046899999996,2800.0
5,18,12,312.737393,2800.0
5,18,13,302.414639,2800.0
5,18,14,270.928786,2800.0
5,18,15,219.74922700000002,2800.0
5,18,16,148.710739,2800.0
5,18,17,70.044108,2800.0
5,18,18,12.201208000000001,2800.0
5,18,19,0.0,2800.0
5,18,20,0.0,2800.0
5,18,21,0.0,2188.134369840437
5,18,22,0.0,2800.0
5,18,23,0.0,2800.0
5,19,0,0.0,2800.0
5,19,1,0.0,2800.0
5,19,2,0.0,2800.0
5,19,3,0.0,2794.6277004301824
5,19,4,0.0,2800.0
5,19,5,0.0,2800.0
5,19,6,18.774924,2800.0
5,19,7,87.23778200000001,2800.0
5,19,8,168.602732,2800.0
5,19,9,236.667609,2800.0
5,19,10,286.435909,2800.0
5,19,11,316.387404,2800.0
5,19,12,324.348401,2800.0
5,19,13,311.900983,2800.0
5,19,14,276.587577,2800.0
5,19,15,221.395966,2800.0
5,19,16,149.100556,2800.0
5,19,17,70.917402,2800.0
5,19,18,12.668534,2800.0
5,19,19,0.0,2800.0
5,19,20,0.0,2800.0
5,19,21,0.0,2800.0
5,19,22,0.0,2800.0
5,19,23,0.0,2800.0
5,20,0,0.0,2800.0
5,20,1,0.0,2800.0
5,20,2,0.0,2800.0
5,20,3,0.0,2800.0
5,20,4,0.0,2800.0
5,20,5,0.0,2800.0
5,20,6,17.771478,2800.0
5,20,7,87.49991499999999,2800.0
5,20,8,169.344252,2800.0
5,20,9,236.931815,2800.0
5,20,10,289.63770500000004,2800.0
5,20,11,320.90968,2800.0
5,20,12,329.55620799999997,2800.0
5,20,13,315.024822,2800.0
5,20,14,279.74592700000005,2800.0
5,20,15,224.680734,2800.0
5,20,16,152.088832,2800.0
5,20,17,69.95417,2800.0
5,20,18,13.153283,2800.0
5,20,19,0.0,2800.0
5,20,20,0.0,2800.0
5,20,21,0.0,2364.2786071344885
5,20,22,0.0,402.3068740231014
5,20,23,0.0,152.76411334322614
5,21,0,0.0,2145.5095856044995
5,21,1,0.0,2800.0
5,21,2,0.0,2800.0
5,21,3,0.0,2800.0
5,21,4,0.0,2800.0
5,21,5,0.0,2800.0
5,21,6,19.789676,2800.0
5,21,7,90.817383,2800.0
5,21,8,177.351124,2800.0
5,21,9,249.878683,2800.0
5,21,10,305.60940999999997,278.9149998077284
5,21,11,336.575724,152.76411334322614
5,21,12,344.00910100000004,953.6162939806846
5,21,13,326.466212,2800.0
5,21,14,290.45855,2800.0
5,21,15,234.82578700000002,2800.0
5,21,16,160.383293,2800.0
5,21,17,69.549353,2800.0
5,21,18,12.759138,2800.0
5,21,19,0.0,2800.0
5,21,20,0.0,2800.0
5,21,21,0.0,2800.0
5,21,22,0.0,2800.0
5,21,23,0.0,2800.0
5,22,0,0.0,523.8060511729734
5,22,1,0.0,18.20056109694597
5,22,2,0.0,2800.0
5,22,3,0.0,2800.0
5,22,4,0.0,2800.0
5,22,5,0.0,1824.2618316438895
5,22,6,21.034165,209.55296754900695
5,22,7,93.54163899999999,491.4151496175413
5,22,8,179.714522,2645.8334855800563
5,22,9,249.583992,2800.0
5,22,10,300.011321,2800.0
5,22,11,328.430165,2800.0
5,22,12,336.29719,2800.0
5,22,13,314.40556,2800.0
5,22,14,279.33268599999997,2800.0
5,22,15,224.17652900000002,2800.0
5,22,16,152.409809,2800.0
5,22,17,72.311358,2800.0
5,22,18,13.855787,2800.0
5,22,19,0.0,2800.0
5,22,20,0.0,2800.0
5,22,21,0.0,2061.927887690667
5,22,22,0.0,2061.927887690667
5,22,23,0.0,2800.0
5,23,0,0.0,2800.0
5,23,1,0.0,2800.0
5,23,2,0.0,2800.0
5,23,3,0.0,2800.0
5,23,4,0.0,2800.0
5,23,5,0.0,2800.0
5,23,6,20.868318,2800.0
5,23,7,94.953551,2800.0
5,23,8,182.63995699999998,2800.0
5,23,9,248.423394,2800.0
5,23,10,293.490508,2800.0
5,23,11,317.17339899999996,2800.0
5,23,12,323.727175,2800.0
5,23,13,310.09884999999997,2800.0
5,23,14,277.198195,2800.0
5,23,15,223.963177,2800.0
5,23,16,152.21406,2800.0
5,23,17,67.678326,2800.0
5,23,18,13.249248999999999,2800.0
5,23,19,0.0,2800.0
5,23,20,0.0,2800.0
5,23,21,0.0,2800.0
5,23,22,0.0,2409.744269793466
5,23,23,0.0,1469.9890187508342
5,24,0,0.0,748.4297260208111
5,24,1,0.0,278.9149998077284
5,24,2,0.0,362.10752792468406
5,24,3,0.0,2364.2786071344885
5,24,4,0.0,2800.0
5,24,5,0.0,2800.0
5,24,6,18.650289,2800.0
5,24,7,92.02965300000001,2800.0
5,24,8,175.712617,2800.0
5,24,9,239.71263000000002,2800.0
5,24,10,285.38519199999996,2800.0
5,24,11,312.174006,2800.0
5,24,12,320.032368,2800.0
5,24,13,307.276356,2800.0
5,24,14,274.279538,2800.0
5,24,15,221.670636,2800.0
5,24,16,149.96954699999998,2800.0
5,24,17,67.80991499999999,2800.0
5,24,18,13.533033999999999,2800.0
5,24,19,0.0,2800.0
5,24,20,0.0,1940.6700324713545
5,24,21,0.0,881.5257965526516
5,24,22,0.0,687.226207839785
5,24,23,0.0,1405.1461214803344
5,25,0,0.0,2800.0
5,25,1,0.0,2800.0
5,25,2,0.0,2800.0
5,25,3,0.0,2800.0
5,25,4,0.0,2800.0
5,25,5,0.0,2800.0
5,25,6,20.408673999999998,2800.0
5,25,7,87.896687,2800.0
5,25,8,165.645768,2800.0
5,25,9,228.812508,2800.0
5,25,10,286.295566,2800.0
5,25,11,313.635978,2800.0
5,25,12,319.427284,2800.0
5,25,13,306.344085,2800.0
5,25,14,270.29221,2800.0
5,25,15,216.11493299999998,2800.0
5,25,16,146.986253,2800.0
5,25,17,70.320258,2800.0
5,25,18,14.115261,2800.0
5,25,19,0.0,2800.0
5,25,20,0.0,2800.0
5,25,21,0.0,2800.0
5,25,22,0.0,2800.0
5,25,23,0.0,2800.0
5,26,0,0.0,2800.0
5,26,1,0.0,2800.0
5,26,2,0.0,2800.0
5,26,3,0.0,2800.0
5,26,4,0.0,2800.0
5,26,5,0.0,2800.0
5,26,6,19.358746,2800.0
5,26,7,85.038249,2800.0
5,26,8,160.943981,2800.0
5,26,9,225.772445,2800.0
5,26,10,270.96965500000005,2800.0
5,26,11,295.932576,2800.0
5,26,12,301.326022,2800.0
5,26,13,296.106588,2800.0
5,26,14,263.7335,2800.0
5,26,15,212.557074,2800.0
5,26,16,145.026802,2800.0
5,26,17,69.989147,2800.0
5,26,18,14.344012000000001,2800.0
5,26,19,0.0,2800.0
5,26,20,0.0,2800.0
5,26,21,0.0,2800.0
5,26,22,0.0,2800.0
5,26,23,0.0,2800.0
5,27,0,0.0,2800.0
5,27,1,0.0,2800.0
5,27,2,0.0,2800.0
5,27,3,0.0,2800.0
5,27,4,0.0,2800.0
5,27,5,-0.0,2800.0
5,27,6,20.050729,2800.0
5,27,7,85.516128,2800.0
5,27,8,165.591418,2800.0
5,27,9,229.38809799999999,2800.0
5,27,10,280.761983,2800.0
5,27,11,305.642766,2800.0
5,27,12,311.417749,2800.0
5,27,13,297.140519,2800.0
5,27,14,265.38458399999996,2800.0
5,27,15,214.046805,2800.0
5,27,16,146.45984099999998,2800.0
5,27,17,69.713982,2800.0
5,27,18,14.616705,2800.0
5,27,19,0.0,2800.0
5,27,20,0.0,2800.0
5,27,21,0.0,2800.0
5,27,22,0.0,2800.0
5,27,23,0.0,2800.0
5,28,0,0.0,2800.0
5,28,1,0.0,2800.0
5,28,2,0.0,2800.0
5,28,3,0.0,2800.0
5,28,4,0.0,2800.0
5,28,5,-0.0,2800.0
5,28,6,19.703944,2800.0
5,28,7,86.32022599999999,2800.0
5,28,8,165.67768900000002,2800.0
5,28,9,229.055802,2800.0
5,28,10,274.868902,2800.0
5,28,11,298.85509499999995,2800.0
5,28,12,306.196074,2800.0
5,28,13,297.757621,2800.0
5,28,14,266.995696,2800.0
5,28,15,216.05727900000002,2800.0
5,28,16,147.143117,2800.0
5,28,17,69.02306,2800.0
5,28,18,14.585751,2800.0
5,28,19,0.0,2800.0
5,28,20,0.0,2800.0
5,28,21,0.0,2800.0
5,28,22,0.0,2800.0
5,28,23,0.0,2800.0
5,29,0,0.0,2800.0
5,29,1,0.0,2800.0
5,29,2,0.0,2800.0
5,29,3,0.0,2800.0
5,29,4,0.0,2800.0
5,29,5,-0.0,2800.0
5,29,6,19.65998,2800.0
5,29,7,89.545018,2800.0
5,29,8,173.041327,2800.0
5,29,9,239.12816899999999,2800.0
5,29,10,284.645847,2800.0
5,29,11,313.610348,2800.0
5,29,12,322.055634,2800.0
5,29,13,308.653062,2800.0
5,29,14,274.65820299999996,2800.0
5,29,15,221.59359700000002,2800.0
5,29,16,150.218142,2800.0
5,29,17,69.989204,2800.0
5,29,18,15.020491,2800.0
5,29,19,0.0,2800.0
5,29,20,0.0,2800.0
5,29,21,0.0,2800.0
5,29,22,0.0,2800.0
5,29,23,0.0,1712.6043126696648
5,30,0,0.0,2409.744269793466
5,30,1,0.0,2800.0
5,30,2,0.0,2800.0
5,30,3,0.0,2800.0
5,30,4,0.0,2800.0
5,30,5,-0.0,2800.0
5,30,6,19.938516,2800.0
5,30,7,88.091499,2800.0
5,30,8,169.584212,2800.0
5,30,9,235.22737,2800.0
5,30,10,285.824266,2800.0
5,30,11,313.53200300000003,2800.0
5,30,12,322.28554499999996,2800.0
5,30,13,307.679848,2800.0
5,30,14,273.67656300000004,2800.0
5,30,15,220.637276,2800.0
5,30,16,149.492166,2800.0
5,30,17,69.994439,2800.0
5,30,18,15.278851000000001,2800.0
5,30,19,0.0,2800.0
5,30,20,0.0,2800.0
5,30,21,0.0,2800.0
5,30,22,0.0,2645.8334855800563
5,30,23,0.0,540.5220241907821
5,31,0,0.0,167.779835898385
5,31,1,0.0,629.4537376638762
5,31,2,0.0,1536.7967041952045
5,31,3,0.0,2794.6277004301824
5,31,4,0.0,2800.0
5,31,5,-0.0,2800.0
5,31,6,20.027076,2800.0
5,31,7,88.25163400000001,2800.0
5,31,8,169.90120800000003,2800.0
5,31,9,236.516806,2800.0
5,31,10,282.450794,2800.0
5,31,11,312.274689,2800.0
5,31,12,320.180892,2800.0
5,31,13,307.64713,2800.0
5,31,14,273.908051,2800.0
5,31,15,220.420051,2800.0
5,31,16,149.889974,2800.0
5,31,17,71.178728,2800.0
5,31,18,15.731706,2800.0
5,31,19,0.0,2800.0
5,31,20,0.0,2800.0
5,31,21,0.0,2800.0
5,31,22,0.0,2800.0
5,31,23,0.0,2800.0
6,1,0,0.0,2800.0
6,1,1,0.0,2800.0
6,1,2,0.0,2800.0
6,1,3,0.0,2800.0
6,1,4,0.0,2800.0
6,1,5,-0.0,2800.0
6,1,6,19.991166,2800.0
6,1,7,84.580129,2800.0
6,1,8,162.402051,2800.0
6,1,9,227.459498,2800.0
6,1,10,275.290683,2800.0
6,1,11,302.925746,2800.0
6,1,12,310.043359,2800.0
6,1,13,296.342808,2800.0
6,1,14,264.088245,2800.0
6,1,15,213.49063800000002,2800.0
6,1,16,146.220948,2800.0
6,1,17,71.35649599999999,2800.0
6,1,18,15.876897000000001,2800.0
6,1,19,0.0,2800.0
6,1,20,0.0,2800.0
6,1,21,0.0,2800.0
6,1,22,0.0,2800.0
6,1,23,0.0,2800.0
6,2,0,0.0,2800.0
6,2,1,0.0,2800.0
6,2,2,0.0,2800.0
6,2,3,0.0,2800.0
6,2,4,0.0,2800.0
6,2,5,-0.0,2800.0
6,2,6,18.467606,2800.0
6,2,7,81.739095,2800.0
6,2,8,156.437849,2800.0
6,2,9,218.29782500000002,2800.0
6,2,10,264.665197,2800.0
6,2,11,292.102533,2800.0
6,2,12,298.864535,2800.0
6,2,13,286.22272,2800.0
6,2,14,253.403176,2800.0
6,2,15,204.20877900000002,2800.0
6,2,16,141.154881,2800.0
6,2,17,70.029352,2800.0
6,2,18,15.263332,2800.0
6,2,19,0.0,2800.0
6,2,20,0.0,2800.0
6,2,21,0.0,2800.0
6,2,22,0.0,2800.0
6,2,23,0.0,2800.0
6,3,0,0.0,2800.0
6,3,1,0.0,2800.0
6,3,2,0.0,2800.0
6,3,3,0.0,2800.0
6,3,4,0.0,2800.0
6,3,5,-0.0,2800.0
6,3,6,18.346576000000002,2800.0
6,3,7,82.51375,2800.0
6,3,8,158.814285,2800.0
6,3,9,222.499092,2800.0
6,3,10,269.99332,2800.0
6,3,11,296.377966,2800.0
6,3,12,300.562979,2800.0
6,3,13,286.26976,2800.0
6,3,14,254.860693,2800.0
6,3,15,206.96564,2800.0
6,3,16,142.85321299999998,2800.0
6,3,17,71.464226,2800.0
6,3,18,15.989156000000001,2800.0
6,3,19,0.0,2800.0
6,3,20,0.0,2800.0
6,3,21,0.0,2800.0
6,3,22,0.0,2800.0
6,3,23,0.0,1164.8359102045422
6,4,0,0.0,48.57413350122129
6,4,1,0.0,1605.5985030100696
6,4,2,0.0,2800.0
6,4,3,0.0,2800.0
6,4,4,0.0,2800.0
6,4,5,-0.0,2800.0
6,4,6,18.716115000000002,2800.0
6,4,7,81.623268,2800.0
6,4,8,155.47531099999998,2800.0
6,4,9,216.337748,2800.0
6,4,10,260.39912,2800.0
6,4,11,284.648037,2800.0
6,4,12,290.293342,2800.0
6,4,13,275.882969,2800.0
6,4,14,245.848655,2800.0
6,4,15,199.585444,2800.0
6,4,16,138.134245,2800.0
6,4,17,69.645843,2800.0
6,4,18,14.782081,2800.0
6,4,19,0.0,2800.0
6,4,20,0.0,2800.0
6,4,21,0.0,2800.0
6,4,22,0.0,2800.0
6,4,23,0.0,2800.0
6,5,0,0.0,2800.0
6,5,1,0.0,2800.0
6,5,2,0.0,2800.0
6,5,3,0.0,2800.0
6,5,4,0.0,2800.0
6,5,5,-0.0,2800.0
6,5,6,9.117799999999999,2800.0
6,5,7,68.47882399999999,2800.0
6,5,8,137.629198,2800.0
6,5,9,197.973459,2800.0
6,5,10,243.400053,2800.0
6,5,11,268.391806,2800.0
6,5,12,273.58871999999997,2800.0
6,5,13,266.95473300000003,2800.0
6,5,14,236.767413,2800.0
6,5,15,192.717456,2800.0
6,5,16,134.135896,2800.0
6,5,17,68.977072,2800.0
6,5,18,14.551894,2800.0
6,5,19,0.0,2800.0
6,5,20,0.0,2800.0
6,5,21,0.0,2800.0
6,5,22,0.0,2800.0
6,5,23,0.0,2800.0
6,6,0,0.0,2800.0
6,6,1,0.0,2800.0
6,6,2,0.0,2800.0
6,6,3,0.0,2800.0
6,6,4,0.0,2800.0
6,6,5,-0.0,2800.0
6,6,6,11.747846,2800.0
6,6,7,71.48880199999999,2800.0
6,6,8,140.922314,2800.0
6,6,9,201.38749299999998,2800.0
6,6,10,248.400462,2800.0
6,6,11,272.833148,2800.0
6,6,12,279.968483,2800.0
6,6,13,280.704403,2800.0
6,6,14,251.722071,2800.0
6,6,15,203.813788,2800.0
6,6,16,141.45707099999998,2800.0
6,6,17,71.301496,2800.0
6,6,18,16.239651,2800.0
6,6,19,0.0,2800.0
6,6,20,0.0,2800.0
6,6,21,0.0,2800.0
6,6,22,0.0,1712.6043126696648
6,6,23,0.0,491.4151496175413
6,7,0,0.0,90.95515204021434
6,7,1,0.0,21.955408148130225
6,7,2,0.0,160.15467383430587
6,7,3,0.0,791.1870845831577
6,7,4,0.0,1980.545579523704
6,7,5,-0.0,2800.0
6,7,6,18.713615,2800.0
6,7,7,80.44941,2800.0
6,7,8,154.792821,2800.0
6,7,9,217.442573,2800.0
6,7,10,245.171054,2800.0
6,7,11,274.776615,2800.0
6,7,12,285.167399,2800.0
6,7,13,279.217849,2800.0
6,7,14,249.55174100000002,2800.0
6,7,15,202.258604,2800.0
6,7,16,141.020082,2800.0
6,7,17,72.64596499999999,2800.0
6,7,18,16.257562,2800.0
6,7,19,0.0,2800.0
6,7,20,0.0,2800.0
6,7,21,0.0,2800.0
6,7,22,0.0,2800.0
6,7,23,0.0,2800.0
6,8,0,0.0,2800.0
6,8,1,0.0,2800.0
6,8,2,0.0,2800.0
6,8,3,0.0,2800.0
6,8,4,0.0,2800.0
6,8,5,-0.0,2800.0
6,8,6,19.463186,2800.0
6,8,7,82.53778299999999,2800.0
6,8,8,155.95943,2800.0
6,8,9,216.718941,2800.0
6,8,10,265.901168,2800.0
6,8,11,295.736503,2800.0
6,8,12,306.70883399999997,2800.0
6,8,13,294.414043,2800.0
6,8,14,261.907667,2800.0
6,8,15,212.907829,2800.0
6,8,16,146.856989,2800.0
6,8,17,73.287402,2800.0
6,8,18,17.272091,2800.0
6,8,19,0.0,2800.0
6,8,20,0.0,2800.0
6,8,21,0.0,2800.0
6,8,22,0.0,2800.0
6,8,23,0.0,2800.0
6,9,0,0.0,2800.0
6,9,1,0.0,2800.0
6,9,2,0.0,2800.0
6,9,3,0.0,2800.0
6,9,4,0.0,2800.0
6,9,5,-0.0,2800.0
6,9,6,19.900743,2800.0
6,9,7,81.850016,2800.0
6,9,8,154.288577,2800.0
6,9,9,215.29928,2800.0
6,9,10,264.79913500000004,2800.0
6,9,11,291.398504,2800.0
6,9,12,298.786507,2800.0
6,9,13,288.82982799999996,2800.0
6,9,14,257.28717,2800.0
6,9,15,207.80388699999997,2800.0
6,9,16,143.768853,2800.0
6,9,17,71.93669,2800.0
6,9,18,17.217213,2800.0
6,9,19,0.0,2800.0
6,9,20,0.0,2800.0
6,9,21,0.0,2800.0
6,9,22,0.0,2800.0
6,9,23,0.0,2800.0
6,10,0,0.0,2800.0
6,10,1,0.0,2800.0
6,10,2,0.0,2800.0
6,10,3,0.0,2800.0
6,10,4,0.0,2800.0
6,10,5,-0.0,1786.5196926460033
6,10,6,17.130273000000003,375.1945078601572
6,10,7,77.521614,460.3878697051685
6,10,8,148.98996100000002,2275.070137118247
6,10,9,208.287532,2800.0
6,10,10,249.394891,2800.0
6,10,11,273.548385,2800.0
6,10,12,285.42692800000003,2800.0
6,10,13,282.715189,2800.0
6,10,14,254.295088,2800.0
6,10,15,207.098545,2800.0
6,10,16,143.81356,2800.0
6,10,17,72.901268,2800.0
6,10,18,17.479327,2800.0
6,10,19,0.0,2800.0
6,10,20,0.0,2800.0
6,10,21,0.0,2800.0
6,10,22,0.0,2800.0
6,10,23,0.0,2800.0
6,11,0,0.0,2800.0
6,11,1,0.0,2800.0
6,11,2,0.0,2800.0
6,11,3,0.0,1570.9465066065366
6,11,4,0.0,416.3395915497286
6,11,5,-0.0,707.2412654778989
6,11,6,18.526839,2800.0
6,11,7,79.28574400000001,2800.0
6,11,8,153.274973,2800.0
6,11,9,215.714544,2103.4419801044355
6,11,10,257.599233,835.542666361563
6,11,11,282.0303,1222.1129067458091
6,11,12,292.711651,2800.0
6,11,13,281.778572,2800.0
6,11,14,252.48606700000002,2800.0
6,11,15,205.14096700000002,2800.0
6,11,16,142.61533300000002,2800.0
6,11,17,72.62627099999999,2800.0
6,11,18,17.260075,2800.0
6,11,19,0.0,2800.0
6,11,20,0.0,2800.0
6,11,21,0.0,2800.0
6,11,22,0.0,2800.0
6,11,23,0.0,2800.0
6,12,0,0.0,2800.0
6,12,1,0.0,2800.0
6,12,2,0.0,2800.0
6,12,3,0.0,2800.0
6,12,4,0.0,2800.0
6,12,5,-0.0,2800.0
6,12,6,17.436129,2800.0
6,12,7,78.369514,2275.070137118247
6,12,8,123.567796,929.1658003530496
6,12,9,210.928712,1136.8810555802274
6,12,10,254.266594,1749.3017415377876
6,12,11,281.27439000000004,2800.0
6,12,12,280.57455699999997,2800.0
6,12,13,281.257506,2800.0
6,12,14,252.78518400000002,2800.0
6,12,15,205.14481,2800.0
6,12,16,142.74416200000002,2800.0
6,12,17,59.706891999999996,2800.0
6,12,18,13.709575000000001,2800.0
6,12,19,0.0,2800.0
6,12,20,0.0,2800.0
6,12,21,0.0,2800.0
6,12,22,0.0,2800.0
6,12,23,0.0,2800.0
6,13,0,0.0,2800.0
6,13,1,0.0,2800.0
6,13,2,0.0,2800.0
6,13,3,0.0,2800.0
6,13,4,0.0,2800.0
6,13,5,-0.0,2800.0
6,13,6,19.223049,2800.0
6,13,7,80.33250699999999,2800.0
6,13,8,154.503861,2800.0
6,13,9,214.74825,2800.0
6,13,10,259.971808,2800.0
6,13,11,283.65133399999996,2800.0
6,13,12,290.485105,2800.0
6,13,13,281.903463,2800.0
6,13,14,254.413319,2800.0
6,13,15,207.99366,2800.0
6,13,16,144.03017499999999,2800.0
6,13,17,70.868074,2800.0
6,13,18,17.377769,2800.0
6,13,19,0.0,2800.0
6,13,20,0.0,2800.0
6,13,21,0.0,2800.0
6,13,22,0.0,2800.0
6,13,23,0.0,2800.0
6,14,0,0.0,2800.0
6,14,1,0.0,2800.0
6,14,2,0.0,2800.0
6,14,3,0.0,2800.0
6,14,4,0.0,2800.0
6,14,5,-0.0,2800.0
6,14,6,19.115523,2800.0
6,14,7,81.422906,2800.0
6,14,8,156.706987,2800.0
6,14,9,216.62002900000002,2800.0
6,14,10,256.003007,2800.0
6,14,11,279.413434,2800.0
6,14,12,293.666972,2800.0
6,14,13,289.04150300000003,2800.0
6,14,14,261.018058,2800.0
6,14,15,211.508021,2800.0
6,14,16,146.16518299999998,2800.0
6,14,17,72.156639,2800.0
6,14,18,17.797945,2800.0
6,14,19,0.0,2800.0
6,14,20,0.0,2800.0
6,14,21,0.0,2800.0
6,14,22,0.0,2800.0
6,14,23,0.0,2800.0
6,15,0,0.0,2800.0
6,15,1,0.0,2800.0
6,15,2,0.0,2800.0
6,15,3,0.0,2800.0
6,15,4,0.0,2800.0
6,15,5,-0.0,2800.0
6,15,6,18.725386,2800.0
6,15,7,79.973285,2800.0
6,15,8,153.15014799999997,2800.0
6,15,9,208.902473,2800.0
6,15,10,254.500178,2800.0
6,15,11,289.368493,2800.0
6,15,12,300.96745,2800.0
6,15,13,292.21318699999995,2800.0
6,15,14,261.645509,2800.0
6,15,15,212.017727,2800.0
6,15,16,147.259434,2800.0
6,15,17,72.948835,2800.0
6,15,18,18.046495,2800.0
6,15,19,0.0,2800.0
6,15,20,0.0,2800.0
6,15,21,0.0,2800.0
6,15,22,0.0,2800.0
6,15,23,0.0,2800.0
6,16,0,0.0,2800.0
6,16,1,0.0,2800.0
6,16,2,0.0,2800.0
6,16,3,0.0,2800.0
6,16,4,0.0,2800.0
6,16,5,-0.0,2800.0
6,16,6,19.04088,2800.0
6,16,7,82.227883,2800.0
6,16,8,158.828816,2800.0
6,16,9,216.49656099999999,2800.0
6,16,10,255.94592600000001,2800.0
6,16,11,288.068392,2800.0
6,16,12,302.164156,2800.0
6,16,13,291.980456,2800.0
6,16,14,261.413225,2800.0
6,16,15,212.33922099999998,2800.0
6,16,16,147.94692999999998,2800.0
6,16,17,74.399886,2800.0
6,16,18,18.462345000000003,2800.0
6,16,19,0.0,2800.0
6,16,20,0.0,2800.0
6,16,21,0.0,2800.0
6,16,22,0.0,2800.0
6,16,23,0.0,2800.0
6,17,0,0.0,2800.0
6,17,1,0.0,2800.0
6,17,2,0.0,2800.0
6,17,3,0.0,2800.0
6,17,4,0.0,2800.0
6,17,5,-0.0,2800.0
6,17,6,19.126679,2800.0
6,17,7,81.907266,2800.0
6,17,8,157.64554800000002,2800.0
6,17,9,217.53028700000002,2800.0
6,17,10,259.342873,2800.0
6,17,11,286.053102,2800.0
6,17,12,299.35407,2800.0
6,17,13,289.492935,2800.0
6,17,14,260.299558,2800.0
6,17,15,210.823957,2800.0
6,17,16,147.04944500000002,2800.0
6,17,17,75.486571,2800.0
6,17,18,18.804192999999998,2800.0
6,17,19,0.0,2800.0
6,17,20,0.0,2800.0
6,17,21,0.0,2800.0
6,17,22,0.0,2800.0
6,17,23,0.0,2800.0
6,18,0,0.0,2800.0
6,18,1,0.0,2800.0
6,18,2,0.0,2800.0
6,18,3,0.0,2800.0
6,18,4,0.0,2800.0
6,18,5,-0.0,2800.0
6,18,6,18.371228,2800.0
6,18,7,79.99628,2800.0
6,18,8,153.71809299999998,2800.0
6,18,9,212.29143900000003,2800.0
6,18,10,254.804823,2800.0
6,18,11,284.276495,2800.0
6,18,12,297.337012,2800.0
6,18,13,287.19016999999997,2800.0
6,18,14,257.511979,2800.0
6,18,15,209.003963,2800.0
6,18,16,146.50484899999998,2800.0
6,18,17,76.01891499999999,2800.0
6,18,18,19.099970000000003,2800.0
6,18,19,0.0,2800.0
6,18,20,0.0,2800.0
6,18,21,0.0,2800.0
6,18,22,0.0,1164.8359102045422
6,18,23,0.0,648.3361095823518
6,19,0,0.0,769.610460224766
6,19,1,0.0,707.2412654778989
6,19,2,0.0,416.3395915497286
6,19,3,0.0,416.3395915497286
6,19,4,0.0,858.3289550807331
6,19,5,-0.0,1536.7967041952045
6,19,6,19.016422,2800.0
6,19,7,82.146453,2319.3884514592746
6,19,8,159.035911,1222.1129067458091
6,19,9,225.674987,667.5923777577954
6,19,10,278.623759,1570.9465066065366
6,19,11,310.03188400000005,2800.0
6,19,12,320.696423,2800.0
6,19,13,309.173256,2800.0
6,19,14,277.618956,2800.0
6,19,15,227.379131,2800.0
6,19,16,158.432896,2800.0
6,19,17,75.351936,2800.0
6,19,18,17.904656,2800.0
6,19,19,0.0,2800.0
6,19,20,0.0,2800.0
6,19,21,0.0,2800.0
6,19,22,0.0,2800.0
6,19,23,0.0,2800.0
6,20,0,0.0,1437.3238044186396
6,20,1,0.0,349.3284625537728
6,20,2,0.0,36.240444554051166
6,20,3,0.0,10.73790949749664
6,20,4,0.0,152.76411334322614
6,20,5,-0.0,769.610460224766
6,20,6,19.607128,2275.070137118247
6,20,7,81.60584399999999,2800.0
6,20,8,157.928867,1437.3238044186396
6,20,9,221.221522,1570.9465066065366
6,20,10,270.564671,2800.0
6,20,11,298.14082,2800.0
6,20,12,306.301545,2800.0
6,20,13,294.73317,2800.0
6,20,14,263.92502399999995,2800.0
6,20,15,214.78516699999997,2800.0
6,20,16,149.38387,2800.0
6,20,17,75.057066,2800.0
6,20,18,19.066422,2800.0
6,20,19,0.0,2800.0
6,20,20,0.0,2800.0
6,20,21,0.0,2800.0
6,20,22,0.0,2800.0
6,20,23,0.0,2800.0
6,21,0,0.0,2800.0
6,21,1,0.0,2800.0
6,21,2,0.0,2800.0
6,21,3,0.0,2800.0
6,21,4,0.0,2800.0
6,21,5,-0.0,2800.0
6,21,6,18.424937999999997,2800.0
6,21,7,77.847996,2800.0
6,21,8,151.32775,2800.0
6,21,9,209.985709,2800.0
6,21,10,250.952767,2800.0
6,21,11,278.908835,2800.0
6,21,12,292.84945799999997,2800.0
6,21,13,283.33936,2800.0
6,21,14,254.72930100000002,2800.0
6,21,15,207.252907,2800.0
6,21,16,143.82613500000002,2800.0
6,21,17,73.704556,2800.0
6,21,18,18.731047999999998,2800.0
6,21,19,0.0,2800.0
6,21,20,0.0,2800.0
6,21,21,0.0,2800.0
6,21,22,0.0,2800.0
6,21,23,0.0,2800.0
6,22,0,0.0,2800.0
6,22,1,0.0,2800.0
6,22,2,0.0,2800.0
6,22,3,0.0,2800.0
6,22,4,0.0,2800.0
6,22,5,-0.0,2800.0
6,22,6,17.273477,2800.0
6,22,7,76.695849,2800.0
6,22,8,149.320894,2800.0
6,22,9,211.573815,2800.0
6,22,10,257.877683,2800.0
6,22,11,284.753636,2800.0
6,22,12,292.991896,2800.0
6,22,13,286.739662,2800.0
6,22,14,257.02824100000004,2800.0
6,22,15,209.83952100000002,2800.0
6,22,16,146.59317199999998,2800.0
6,22,17,74.53306500000001,2800.0
6,22,18,19.140220000000003,2800.0
6,22,19,0.0,2800.0
6,22,20,0.0,2800.0
6,22,21,0.0,2800.0
6,22,22,0.0,2800.0
6,22,23,0.0,2800.0
6,23,0,0.0,2800.0
6,23,1,0.0,2800.0
6,23,2,0.0,2800.0
6,23,3,0.0,2800.0
6,23,4,0.0,2800.0
6,23,5,0.0,2800.0
6,23,6,17.302846000000002,2800.0
6,23,7,77.185959,2800.0
6,23,8,149.21431099999998,2800.0
6,23,9,176.61047399999998,2800.0
6,23,10,177.512474,2800.0
6,23,11,288.430406,2800.0
6,23,12,300.120452,2800.0
6,23,13,296.562124,2800.0
6,23,14,266.583101,2800.0
6,23,15,218.15287,2800.0
6,23,16,153.034426,2800.0
6,23,17,77.069082,2800.0
6,23,18,6.545822,2800.0
6,23,19,0.0,2800.0
6,23,20,0.0,2800.0
6,23,21,0.0,2800.0
6,23,22,0.0,2800.0
6,23,23,0.0,2800.0
6,24,0,0.0,2800.0
6,24,1,0.0,2800.0
6,24,2,0.0,2800.0
6,24,3,0.0,2800.0
6,24,4,0.0,2800.0
6,24,5,0.0,2800.0
6,24,6,17.691958,2800.0
6,24,7,73.955298,2800.0
6,24,8,153.14286199999998,2800.0
6,24,9,219.555436,2800.0
6,24,10,270.22301799999997,2800.0
6,24,11,303.38670299999995,2800.0
6,24,12,314.383942,2800.0
6,24,13,307.03420500000004,2800.0
6,24,14,274.96653399999997,2800.0
6,24,15,224.288762,2800.0
6,24,16,156.970734,2800.0
6,24,17,77.071471,2800.0
6,24,18,18.884258000000003,2800.0
6,24,19,0.0,2800.0
6,24,20,0.0,2800.0
6,24,21,0.0,2800.0
6,24,22,0.0,2800.0
6,24,23,0.0,2800.0
6,25,0,0.0,2800.0
6,25,1,0.0,2800.0
6,25,2,0.0,2800.0
6,25,3,0.0,2800.0
6,25,4,0.0,2800.0
6,25,5,0.0,2800.0
6,25,6,15.757568,2800.0
6,25,7,75.152875,2800.0
6,25,8,148.858124,2800.0
6,25,9,214.604019,2800.0
6,25,10,276.822214,2800.0
6,25,11,310.585223,2800.0
6,25,12,322.45151,2800.0
6,25,13,312.20587900000004,2800.0
6,25,14,280.54181300000005,2800.0
6,25,15,229.086176,2800.0
6,25,16,160.370274,2800.0
6,25,17,78.53223200000001,2800.0
6,25,18,19.656428,2800.0
6,25,19,0.0,2800.0
6,25,20,0.0,2800.0
6,25,21,0.0,2800.0
6,25,22,0.0,2800.0
6,25,23,0.0,2800.0
6,26,0,0.0,2800.0
6,26,1,0.0,2800.0
6,26,2,0.0,2800.0
6,26,3,0.0,2800.0
6,26,4,0.0,2800.0
6,26,5,0.0,2800.0
6,26,6,17.647158,2800.0
6,26,7,81.15297,2800.0
6,26,8,162.841047,2800.0
6,26,9,232.96632300000002,2800.0
6,26,10,285.86298100000005,2800.0
6,26,11,313.507304,1786.5196926460033
6,26,12,317.939285,2800.0
6,26,13,310.225052,2800.0
6,26,14,276.985811,2800.0
6,26,15,224.109703,2800.0
6,26,16,155.20014,2800.0
6,26,17,77.93930999999999,2800.0
6,26,18,20.033873,2800.0
6,26,19,0.0,2800.0
6,26,20,0.0,2800.0
6,26,21,0.0,2800.0
6,26,22,0.0,2800.0
6,26,23,0.0,2800.0
6,27,0,0.0,2188.134369840437
6,27,1,0.0,55.67205296764801
6,27,2,0.0,1109.377075854021
6,27,3,0.0,2800.0
6,27,4,0.0,2800.0
6,27,5,0.0,2800.0
6,27,6,15.074519,2800.0
6,27,7,74.79052800000001,2800.0
6,27,8,147.62017699999998,2800.0
6,27,9,213.24167300000002,2800.0
6,27,10,269.17738199999997,2800.0
6,27,11,301.139033,2800.0
6,27,12,312.558406,2800.0
6,27,13,297.658178,1136.8810555802274
6,27,14,268.062629,28.504091119435778
6,27,15,220.399756,1311.5016045329749
6,27,16,154.83545,2800.0
6,27,17,79.990728,2800.0
6,27,18,20.599859000000002,2800.0
6,27,19,0.0,2800.0
6,27,20,0.0,2800.0
6,27,21,0.0,2800.0
6,27,22,0.0,2800.0
6,27,23,0.0,2800.0
6,28,0,0.0,2800.0
6,28,1,0.0,2800.0
6,28,2,0.0,2800.0
6,28,3,0.0,2800.0
6,28,4,0.0,2800.0
6,28,5,0.0,2800.0
6,28,6,17.816101999999997,2800.0
6,28,7,81.242989,2800.0
6,28,8,160.70068799999999,2800.0
6,28,9,227.922807,2800.0
6,28,10,278.921741,2800.0
6,28,11,310.270383,2800.0
6,28,12,320.333906,2800.0
6,28,13,310.072264,2800.0
6,28,14,277.611022,2800.0
6,28,15,225.695471,2800.0
6,28,16,157.036616,2800.0
6,28,17,80.032343,2800.0
6,28,18,20.33331,2800.0
6,28,19,0.0,2800.0
6,28,20,0.0,2800.0
6,28,21,0.0,2800.0
6,28,22,0.0,2800.0
6,28,23,0.0,2800.0
6,29,0,0.0,2145.5095856044995
6,29,1,0.0,687.226207839785
6,29,2,0.0,71.8766678693094
6,29,3,0.0,2.0619278876906666
6,29,4,0.0,52.04244894371608
6,29,5,0.0,349.3284625537728
6,29,6,17.114095000000002,881.5257965526516
6,29,7,78.79116,475.7328897807615
6,29,8,155.202764,460.3878697051685
6,29,9,219.427824,1405.1461214803344
6,29,10,265.69303,2800.0
6,29,11,296.402159,2800.0
6,29,12,305.190156,2800.0
6,29,13,296.396657,2800.0
6,29,14,265.09387599999997,2800.0
6,29,15,215.373542,2800.0
6,29,16,151.242018,2800.0
6,29,17,78.854515,2800.0
6,29,18,20.556754,2800.0
6,29,19,0.0,2800.0
6,29,20,0.0,2800.0
6,29,21,0.0,2800.0
6,29,22,0.0,2800.0
6,29,23,0.0,2800.0
6,30,0,0.0,2800.0
6,30,1,0.0,2549.630956168769
6,30,2,0.0,2800.0
6,30,3,0.0,2800.0
6,30,4,0.0,2800.0
6,30,5,0.0,2800.0
6,30,6,16.929533,2800.0
6,30,7,78.02638499999999,2800.0
6,30,8,154.699924,2800.0
6,30,9,216.48269699999997,2800.0
6,30,10,258.842493,2800.0
6,30,11,280.193782,2800.0
6,30,12,290.92388400000004,2800.0
6,30,13,282.997908,2800.0
6,30,14,259.368858,2800.0
6,30,15,213.97907199999997,2800.0
6,30,16,151.752319,2800.0
6,30,17,77.583454,2800.0
6,30,18,20.134014,2800.0
6,30,19,0.0,2800.0
6,30,20,0.0,2800.0
6,30,21,0.0,2800.0
6,30,22,0.0,2800.0
6,30,23,0.0,2800.0
7,1,0,0.0,2800.0
7,1,1,0.0,2800.0
7,1,2,0.0,2800.0
7,1,3,0.0,2800.0
7,1,4,0.0,2800.0
7,1,5,0.0,2800.0
7,1,6,15.016935,2800.0
7,1,7,74.734463,2800.0
7,1,8,147.339606,2800.0
7,1,9,208.316411,2800.0
7,1,10,243.91205100000002,2800.0
7,1,11,270.888719,2800.0
7,1,12,281.640268,2800.0
7,1,13,277.919759,2800.0
7,1,14,252.492975,2800.0
7,1,15,208.121106,2800.0
7,1,16,147.494091,2800.0
7,1,17,77.718046,2800.0
7,1,18,19.681728,2800.0
7,1,19,0.0,2800.0
7,1,20,0.0,2800.0
7,1,21,0.0,2800.0
7,1,22,0.0,2800.0
7,1,23,0.0,2800.0
7,2,0,0.0,2800.0
7,2,1,0.0,2800.0
7,2,2,0.0,2800.0
7,2,3,0.0,2800.0
7,2,4,0.0,2800.0
7,2,5,0.0,2800.0
7,2,6,13.363144,2800.0
7,2,7,71.61835799999999,2800.0
7,2,8,143.226281,2800.0
7,2,9,204.70310500000002,2800.0
7,2,10,249.047993,2800.0
7,2,11,275.76978499999996,2800.0
7,2,12,284.979396,2800.0
7,2,13,281.391905,2800.0
7,2,14,251.83894,2800.0
7,2,15,211.967166,2800.0
7,2,16,149.057311,2800.0
7,2,17,77.395647,2800.0
7,2,18,20.19638,2800.0
7,2,19,0.0,2800.0
7,2,20,0.0,2800.0
7,2,21,0.0,2800.0
7,2,22,0.0,2800.0
7,2,23,0.0,2800.0
7,3,0,0.0,2800.0
7,3,1,0.0,2800.0
7,3,2,0.0,2800.0
7,3,3,0.0,2800.0
7,3,4,0.0,1901.3333359069868
7,3,5,0.0,324.6794129073232
7,3,6,13.391378000000001,3.0015560628812588
7,3,7,71.668982,90.95515204021434
7,3,8,141.616491,402.3068740231014
7,3,9,201.061419,592.796019999516
7,3,10,249.21698,1749.3017415377876
7,3,11,277.75812099999996,2800.0
7,3,12,290.222738,2800.0
7,3,13,283.492433,2800.0
7,3,14,258.546365,2800.0
7,3,15,215.324087,2800.0
7,3,16,151.883357,2800.0
7,3,17,78.67403,2800.0
7,3,18,20.517103,2800.0
7,3,19,0.0,2800.0
7,3,20,0.0,2800.0
7,3,21,0.0,2800.0
7,3,22,0.0,2800.0
7,3,23,0.0,2800.0
7,4,0,0.0,2800.0
7,4,1,0.0,2800.0
7,4,2,0.0,2800.0
7,4,3,0.0,2800.0
7,4,4,0.0,2800.0
7,4,5,0.0,2409.744269793466
7,4,6,15.701939,1136.8810555802274
7,4,7,75.997652,209.55296754900695
7,4,8,151.735133,30.94602468005788
7,4,9,215.281662,228.03272895548625
7,4,10,259.45896700000003,791.1870845831577
7,4,11,285.901829,1193.2453053765432
7,4,12,294.691423,1749.3017415377876
7,4,13,286.38295400000004,2800.0
7,4,14,260.003979,2800.0
7,4,15,216.144748,2800.0
7,4,16,153.024282,2800.0
7,4,17,78.44663800000001,2800.0
7,4,18,20.259967,2800.0
7,4,19,0.0,2800.0
7,4,20,0.0,2800.0
7,4,21,0.0,2800.0
7,4,22,0.0,2800.0
7,4,23,0.0,2800.0
7,5,0,0.0,2800.0
7,5,1,0.0,2800.0
7,5,2,0.0,2800.0
7,5,3,0.0,2800.0
7,5,4,0.0,2800.0
7,5,5,0.0,2455.7891050857875
7,5,6,15.429898,2800.0
7,5,7,76.234925,2800.0
7,5,8,154.50997700000002,2800.0
7,5,9,212.752791,2800.0
7,5,10,254.803786,2800.0
7,5,11,280.036761,2800.0
7,5,12,287.549223,2800.0
7,5,13,277.228654,2800.0
7,5,14,247.60765,2800.0
7,5,15,199.29843499999998,2800.0
7,5,16,140.43614300000002,2800.0
7,5,17,79.703508,2800.0
7,5,18,23.865796999999997,2800.0
7,5,19,0.0,2800.0
7,5,20,0.0,2800.0
7,5,21,0.0,2800.0
7,5,22,0.0,2800.0
7,5,23,0.0,2800.0
7,6,0,0.0,2800.0
7,6,1,0.0,2800.0
7,6,2,0.0,1940.6700324713545
7,6,3,0.0,727.6412163217148
7,6,4,0.0,183.74862734385428
7,6,5,0.0,257.74098596133337
7,6,6,13.167534,748.4297260208111
7,6,7,71.51332000000001,416.3395915497286
7,6,8,127.98306,71.8766678693094
7,6,9,167.200954,1.0557070784976212
7,6,10,199.322282,21.955408148130225
7,6,11,221.083987,592.796019999516
7,6,12,230.945567,2800.0
7,6,13,230.68798800000002,2800.0
7,6,14,207.626064,2800.0
7,6,15,161.389856,2800.0
7,6,16,108.49226700000001,2800.0
7,6,17,63.20655,2800.0
7,6,18,21.549758,2800.0
7,6,19,0.0,2800.0
7,6,20,0.0,2800.0
7,6,21,0.0,2800.0
7,6,22,0.0,2800.0
7,6,23,0.0,2800.0
7,7,0,0.0,2800.0
7,7,1,0.0,2800.0
7,7,2,0.0,2800.0
7,7,3,0.0,2800.0
7,7,4,0.0,2800.0
7,7,5,0.0,2800.0
7,7,6,13.416537,2800.0
7,7,7,39.713774,2800.0
7,7,8,67.441315,2800.0
7,7,9,124.886345,2800.0
7,7,10,177.831052,2800.0
7,7,11,223.87303500000002,2800.0
7,7,12,256.931292,2800.0
7,7,13,260.029482,2800.0
7,7,14,236.190268,2800.0
7,7,15,192.535273,2800.0
7,7,16,141.36774,2800.0
7,7,17,76.542445,2800.0
7,7,18,20.58559,2800.0
7,7,19,0.0,2800.0
7,7,20,0.0,2800.0
7,7,21,0.0,2800.0
7,7,22,0.0,1082.3203053763452
7,7,23,0.0,1109.377075854021
7,8,0,0.0,1824.2618316438895
7,8,1,0.0,2364.2786071344885
7,8,2,0.0,2061.927887690667
7,8,3,0.0,1570.9465066065366
7,8,4,0.0,1786.5196926460033
7,8,5,0.0,2744.426018516277
7,8,6,11.460705,2800.0
7,8,7,47.155252999999995,2800.0
7,8,8,102.703052,2800.0
7,8,9,172.845879,2800.0
7,8,10,227.68812899999998,2800.0
7,8,11,261.482687,2800.0
7,8,12,267.658643,2800.0
7,8,13,257.356264,2800.0
7,8,14,233.292293,2800.0
7,8,15,196.758508,2800.0
7,8,16,143.535596,2800.0
7,8,17,81.67539,2800.0
7,8,18,19.472893,2800.0
7,8,19,0.0,2800.0
7,8,20,0.0,2800.0
7,8,21,0.0,2800.0
7,8,22,0.0,2800.0
7,8,23,0.0,2800.0
7,9,0,0.0,2800.0
7,9,1,0.0,2800.0
7,9,2,0.0,2800.0
7,9,3,0.0,2800.0
7,9,4,0.0,2800.0
7,9,5,0.0,2800.0
7,9,6,13.665142,2800.0
7,9,7,72.122447,1862.5318241810248
7,9,8,148.13916500000002,769.610460224766
7,9,9,211.29326,2800.0
7,9,10,254.666097,2800.0
7,9,11,283.173918,2800.0
7,9,12,291.024773,2800.0
7,9,13,284.877887,2800.0
7,9,14,256.015577,2800.0
7,9,15,209.012169,2800.0
7,9,16,147.308174,2800.0
7,9,17,75.773767,2800.0
7,9,18,23.148894,2800.0
7,9,19,0.0,2800.0
7,9,20,0.0,2800.0
7,9,21,0.0,2800.0
7,9,22,0.0,1605.5985030100696
7,9,23,0.0,687.226207839785
7,10,0,0.0,175.6432651850418
7,10,1,0.0,388.5930680097703
7,10,2,0.0,2103.4419801044355
7,10,3,0.0,2800.0
7,10,4,0.0,2800.0
7,10,5,0.0,2800.0
7,10,6,12.275204,2800.0
7,10,7,70.26074899999999,2800.0
7,10,8,142.800935,2800.0
7,10,9,204.37619899999999,2800.0
7,10,10,250.364764,2800.0
7,10,11,276.780698,2800.0
7,10,12,283.05093800000003,2800.0
7,10,13,273.365023,2800.0
7,10,14,246.03496299999998,2800.0
7,10,15,202.59956599999998,2800.0
7,10,16,143.955818,2800.0
7,10,17,75.557272,2800.0
7,10,18,19.015753,2800.0
7,10,19,0.0,2800.0
7,10,20,0.0,2800.0
7,10,21,0.0,2800.0
7,10,22,0.0,1437.3238044186396
7,10,23,0.0,687.226207839785
7,11,0,0.0,247.56819744046305
7,11,1,0.0,192.09958802440056
7,11,2,0.0,507.4383148650858
7,11,3,0.0,1503.1454301264964
7,11,4,0.0,2800.0
7,11,5,0.0,2800.0
7,11,6,11.034773999999999,2800.0
7,11,7,68.264213,2800.0
7,11,8,140.363992,2800.0
7,11,9,201.858988,2800.0
7,11,10,250.566258,2800.0
7,11,11,282.334474,2800.0
7,11,12,295.16297499999996,2800.0
7,11,13,289.902995,2800.0
7,11,14,260.580246,2800.0
7,11,15,213.323958,2800.0
7,11,16,150.078973,2800.0
7,11,17,77.07898399999999,2800.0
7,11,18,19.643352999999998,2800.0
7,11,19,0.0,2800.0
7,11,20,0.0,2800.0
7,11,21,0.0,2800.0
7,11,22,0.0,707.2412654778989
7,11,23,0.0,107.29111938509163
7,12,0,0.0,375.1945078601572
7,12,1,0.0,2020.963642713616
7,12,2,0.0,2800.0
7,12,3,0.0,2800.0
7,12,4,0.0,2800.0
7,12,5,0.0,2800.0
7,12,6,12.112439,2800.0
7,12,7,70.29614699999999,2800.0
7,12,8,144.421947,2800.0
7,12,9,205.425679,2800.0
7,12,10,251.10460999999998,2800.0
7,12,11,280.12305200000003,2800.0
7,12,12,292.960396,2800.0
7,12,13,284.661697,2800.0
7,12,14,256.64703099999997,2800.0
7,12,15,209.86760999999998,2800.0
7,12,16,147.954546,2800.0
7,12,17,76.696273,2800.0
7,12,18,19.462880000000002,2800.0
7,12,19,0.0,2800.0
7,12,20,0.0,2800.0
7,12,21,0.0,2800.0
7,12,22,0.0,2800.0
7,12,23,0.0,2800.0
7,13,0,0.0,1901.3333359069868
7,13,1,0.0,475.7328897807615
7,13,2,0.0,85.90327597997313
7,13,3,0.0,430.6948862392302
7,13,4,0.0,2145.5095856044995
7,13,5,0.0,2800.0
7,13,6,11.491933000000001,2800.0
7,13,7,69.534249,2800.0
7,13,8,143.21163,2800.0
7,13,9,205.994677,2800.0
7,13,10,250.099581,2800.0
7,13,11,273.65483,2800.0
7,13,12,280.02439000000004,2800.0
7,13,13,275.460448,2800.0
7,13,14,250.244698,2800.0
7,13,15,206.56357,2800.0
7,13,16,145.722173,2800.0
7,13,17,75.694592,2800.0
7,13,18,19.582441,2800.0
7,13,19,0.0,2800.0
7,13,20,0.0,2800.0
7,13,21,0.0,2800.0
7,13,22,0.0,2800.0
7,13,23,0.0,2800.0
7,14,0,0.0,1980.545579523704
7,14,1,0.0,1749.3017415377876
7,14,2,0.0,2800.0
7,14,3,0.0,2800.0
7,14,4,0.0,2800.0
7,14,5,0.0,2800.0
7,14,6,5.462938,2800.0
7,14,7,60.476079,2800.0
7,14,8,128.430583,2800.0
7,14,9,189.374843,2800.0
7,14,10,244.871823,2800.0
7,14,11,270.094802,2800.0
7,14,12,274.542161,2800.0
7,14,13,263.96181199999995,2800.0
7,14,14,236.611595,2694.829168782761
7,14,15,195.509125,953.6162939806846
7,14,16,139.932432,1980.545579523704
7,14,17,74.80729799999999,2800.0
7,14,18,17.693384,2800.0
7,14,19,0.0,2800.0
7,14,20,0.0,2800.0
7,14,21,0.0,2800.0
7,14,22,0.0,2800.0
7,14,23,0.0,2800.0
7,15,0,0.0,2800.0
7,15,1,0.0,2800.0
7,15,2,0.0,2800.0
7,15,3,0.0,2800.0
7,15,4,0.0,2800.0
7,15,5,0.0,2800.0
7,15,6,2.9192489999999998,2800.0
7,15,7,-0.0,2800.0
7,15,8,125.47287399999999,2800.0
7,15,9,187.264117,2800.0
7,15,10,235.785408,2800.0
7,15,11,263.95030599999996,2800.0
7,15,12,274.024158,2800.0
7,15,13,250.509117,2800.0
7,15,14,225.08173499999998,2800.0
7,15,15,170.738812,2800.0
7,15,16,127.380413,2800.0
7,15,17,76.26247199999999,2800.0
7,15,18,19.492684,2800.0
7,15,19,0.0,2800.0
7,15,20,0.0,2800.0
7,15,21,0.0,2800.0
7,15,22,0.0,2800.0
7,15,23,0.0,2800.0
7,16,0,0.0,2800.0
7,16,1,0.0,1082.3203053763452
7,16,2,0.0,2800.0
7,16,3,0.0,2800.0
7,16,4,0.0,2800.0
7,16,5,0.0,2800.0
7,16,6,8.926402,2800.0
7,16,7,65.81031,2800.0
7,16,8,137.73646100000002,2800.0
7,16,9,198.48169000000001,2800.0
7,16,10,243.002691,2800.0
7,16,11,269.849525,2800.0
7,16,12,285.31432900000004,2800.0
7,16,13,281.942796,2800.0
7,16,14,256.653956,2800.0
7,16,15,211.062168,2800.0
7,16,16,149.271786,2800.0
7,16,17,77.850993,2800.0
7,16,18,19.558179,2800.0
7,16,19,0.0,2800.0
7,16,20,0.0,2800.0
7,16,21,0.0,2800.0
7,16,22,0.0,2800.0
7,16,23,0.0,2800.0
7,17,0,0.0,2597.435303258585
7,17,1,0.0,475.7328897807615
7,17,2,0.0,96.20130752809575
7,17,3,0.0,2800.0
7,17,4,0.0,2800.0
7,17,5,0.0,2800.0
7,17,6,10.473065,2800.0
7,17,7,68.269075,2800.0
7,17,8,142.744723,2800.0
7,17,9,207.758904,2800.0
7,17,10,250.787992,2800.0
7,17,11,279.867665,2800.0
7,17,12,284.557372,2800.0
7,17,13,282.959693,2800.0
7,17,14,254.656296,2800.0
7,17,15,208.424299,2800.0
7,17,16,147.026876,2800.0
7,17,17,76.539838,2800.0
7,17,18,19.186687999999997,2800.0
7,17,19,0.0,2800.0
7,17,20,0.0,2597.435303258585
7,17,21,0.0,2231.3199984618277
7,17,22,0.0,2800.0
7,17,23,0.0,2800.0
7,18,0,0.0,2800.0
7,18,1,0.0,2800.0
7,18,2,0.0,2800.0
7,18,3,0.0,2800.0
7,18,4,0.0,2800.0
7,18,5,0.0,2800.0
7,18,6,9.046334,2800.0
7,18,7,67.402179,2800.0
7,18,8,140.997444,2800.0
7,18,9,203.469562,2800.0
7,18,10,247.791457,2800.0
7,18,11,271.220346,2800.0
7,18,12,275.77924,2800.0
7,18,13,270.038946,2800.0
7,18,14,247.19987,2800.0
7,18,15,204.901682,2800.0
7,18,16,144.73149600000002,2800.0
7,18,17,75.571294,2800.0
7,18,18,18.732749,2800.0
7,18,19,0.0,2800.0
7,18,20,0.0,2800.0
7,18,21,0.0,2800.0
7,18,22,0.0,2800.0
7,18,23,0.0,2319.3884514592746
7,19,0,0.0,1901.3333359069868
7,19,1,0.0,1469.9890187508342
7,19,2,0.0,1373.4523042863404
7,19,3,0.0,1824.2618316438895
7,19,4,0.0,2597.435303258585
7,19,5,0.0,2800.0
7,19,6,9.562816000000002,2800.0
7,19,7,67.732962,2800.0
7,19,8,140.97189699999998,2800.0
7,19,9,201.140695,2800.0
7,19,10,242.37398000000002,2800.0
7,19,11,270.729254,2800.0
7,19,12,283.936547,2800.0
7,19,13,281.17211499999996,2800.0
7,19,14,254.965622,2800.0
7,19,15,209.88781400000002,2800.0
7,19,16,148.158385,2800.0
7,19,17,76.41585,2800.0
7,19,18,18.903525000000002,2800.0
7,19,19,0.0,2800.0
7,19,20,0.0,2800.0
7,19,21,0.0,2800.0
7,19,22,0.0,2800.0
7,19,23,0.0,2800.0
7,20,0,0.0,2800.0
7,20,1,0.0,2800.0
7,20,2,0.0,2800.0
7,20,3,0.0,2800.0
7,20,4,0.0,2800.0
7,20,5,0.0,2800.0
7,20,6,10.750035,2800.0
7,20,7,69.100087,2800.0
7,20,8,143.194771,2800.0
7,20,9,202.02593599999997,2800.0
7,20,10,243.009633,2800.0
7,20,11,273.66598200000004,2800.0
7,20,12,288.951052,2800.0
7,20,13,285.593595,2800.0
7,20,14,258.963022,2800.0
7,20,15,212.455271,2800.0
7,20,16,149.828588,2800.0
7,20,17,76.51774499999999,2800.0
7,20,18,18.545641,2800.0
7,20,19,0.0,2800.0
7,20,20,0.0,2800.0
7,20,21,0.0,2800.0
7,20,22,0.0,2800.0
7,20,23,0.0,2800.0
7,21,0,0.0,1605.5985030100696
7,21,1,0.0,1469.9890187508342
7,21,2,0.0,2800.0
7,21,3,0.0,2800.0
7,21,4,0.0,2800.0
7,21,5,0.0,2800.0
7,21,6,9.856386,2800.0
7,21,7,67.23936599999999,2800.0
7,21,8,141.095948,2800.0
7,21,9,204.541004,2800.0
7,21,10,249.887176,1193.2453053765432
7,21,11,274.70921000000004,1029.5337295682716
7,21,12,280.149966,2800.0
7,21,13,271.178381,2800.0
7,21,14,246.286212,2800.0
7,21,15,205.75357,2800.0
7,21,16,147.06573999999998,2800.0
7,21,17,76.541516,2800.0
7,21,18,18.510062,2800.0
7,21,19,0.0,2800.0
7,21,20,0.0,2800.0
7,21,21,0.0,2800.0
7,21,22,0.0,2800.0
7,21,23,0.0,2800.0
7,22,0,0.0,2800.0
7,22,1,0.0,2800.0
7,22,2,0.0,2800.0
7,22,3,0.0,2800.0
7,22,4,0.0,2800.0
7,22,5,0.0,2800.0
7,22,6,-0.0,2800.0
7,22,7,44.843835,2800.0
7,22,8,112.560374,2800.0
7,22,9,175.52856400000002,2800.0
7,22,10,230.473593,2800.0
7,22,11,261.448764,2800.0
7,22,12,273.286859,2800.0
7,22,13,282.55179599999997,2800.0
7,22,14,252.98572000000001,2800.0
7,22,15,204.74201000000002,2800.0
7,22,16,144.518501,2800.0
7,22,17,39.512602,2800.0
7,22,18,-0.0,2800.0
7,22,19,0.0,2800.0
7,22,20,0.0,2800.0
7,22,21,0.0,2800.0
7,22,22,0.0,2800.0
7,22,23,0.0,2800.0
7,23,0,0.0,2800.0
7,23,1,0.0,152.76411334322614
7,23,2,0.0,575.0133429544752
7,23,3,0.0,2800.0
7,23,4,0.0,2800.0
7,23,5,0.0,2800.0
7,23,6,8.58118,2800.0
7,23,7,66.03536199999999,2800.0
7,23,8,139.325938,2800.0
7,23,9,206.465862,2800.0
7,23,10,252.91228700000002,2800.0
7,23,11,286.408099,63.42978935813572
7,23,12,298.607732,610.9415963527902
7,23,13,284.735854,2800.0
7,23,14,255.360676,2800.0
7,23,15,207.704553,2800.0
7,23,16,147.196005,2800.0
7,23,17,76.582004,2800.0
7,23,18,18.391495,2800.0
7,23,19,0.0,2800.0
7,23,20,0.0,2800.0
7,23,21,0.0,2800.0
7,23,22,0.0,2800.0
7,23,23,0.0,2800.0
7,24,0,0.0,2800.0
7,24,1,0.0,2800.0
7,24,2,0.0,2800.0
7,24,3,0.0,2800.0
7,24,4,0.0,2800.0
7,24,5,0.0,2800.0
7,24,6,9.255439,2800.0
7,24,7,67.11460000000001,2800.0
7,24,8,143.293684,2800.0
7,24,9,207.42634,2800.0
7,24,10,256.79958799999997,2800.0
7,24,11,288.58562800000004,2231.3199984618277
7,24,12,301.851051,1676.4237403920558
7,24,13,290.108242,2800.0
7,24,14,261.518748,2800.0
7,24,15,213.808432,2800.0
7,24,16,149.904255,2800.0
7,24,17,77.19042,2800.0
7,24,18,18.395793,2800.0
7,24,19,0.0,2800.0
7,24,20,0.0,2800.0
7,24,21,0.0,2800.0
7,24,22,0.0,2800.0
7,24,23,0.0,748.4297260208111
7,25,0,0.0,336.8536460978451
7,25,1,0.0,1281.237390674447
7,25,2,0.0,2800.0
7,25,3,0.0,2800.0
7,25,4,0.0,2800.0
7,25,5,0.0,2800.0
7,25,6,9.322536,2800.0
7,25,7,67.784984,2800.0
7,25,8,145.49381,2800.0
7,25,9,206.197905,2800.0
7,25,10,245.45407600000001,2800.0
7,25,11,272.069614,2800.0
7,25,12,295.152051,2800.0
7,25,13,286.739726,2800.0
7,25,14,258.370115,2800.0
7,25,15,211.44068900000002,2800.0
7,25,16,148.928775,2800.0
7,25,17,76.68384,2800.0
7,25,18,18.009584999999998,2800.0
7,25,19,0.0,2800.0
7,25,20,0.0,2800.0
7,25,21,0.0,2800.0
7,25,22,0.0,2800.0
7,25,23,0.0,2800.0
7,26,0,0.0,2800.0
7,26,1,0.0,2800.0
7,26,2,0.0,2800.0
7,26,3,0.0,2800.0
7,26,4,0.0,2800.0
7,26,5,0.0,2800.0
7,26,6,5.440423,2800.0
7,26,7,63.303616999999996,2800.0
7,26,8,134.389209,2800.0
7,26,9,195.480807,2800.0
7,26,10,249.93001800000002,2800.0
7,26,11,282.257429,1980.545579523704
7,26,12,295.301053,1605.5985030100696
7,26,13,288.939691,2800.0
7,26,14,260.334882,2800.0
7,26,15,212.999185,2800.0
7,26,16,149.470695,2800.0
7,26,17,77.91028999999999,2800.0
7,26,18,17.940033,2800.0
7,26,19,0.0,2800.0
7,26,20,0.0,2800.0
7,26,21,0.0,2800.0
7,26,22,0.0,2800.0
7,26,23,0.0,2800.0
7,27,0,0.0,2800.0
7,27,1,0.0,2800.0
7,27,2,0.0,2800.0
7,27,3,0.0,2800.0
7,27,4,0.0,2800.0
7,27,5,0.0,2800.0
7,27,6,4.4820590000000005,2800.0
7,27,7,61.150134,2800.0
7,27,8,134.204951,2800.0
7,27,9,198.26632199999997,2800.0
7,27,10,245.978708,430.6948862392302
7,27,11,272.51946000000004,200.6998128762587
7,27,12,282.73881900000003,2800.0
7,27,13,275.26916600000004,2800.0
7,27,14,252.47394699999998,2800.0
7,27,15,204.143823,2800.0
7,27,16,145.417663,2800.0
7,27,17,70.425784,2800.0
7,27,18,15.161907,2800.0
7,27,19,0.0,2800.0
7,27,20,0.0,2800.0
7,27,21,0.0,2800.0
7,27,22,0.0,2800.0
7,27,23,0.0,2800.0
7,28,0,0.0,2800.0
7,28,1,0.0,2800.0
7,28,2,0.0,2800.0
7,28,3,0.0,2800.0
7,28,4,0.0,2800.0
7,28,5,0.0,2800.0
7,28,6,5.775942,2800.0
7,28,7,63.56933,2800.0
7,28,8,138.978533,2800.0
7,28,9,204.92344599999998,2800.0
7,28,10,245.960171,1281.237390674447
7,28,11,274.384809,107.29111938509163
7,28,12,284.38815999999997,835.542666361563
7,28,13,276.26876899999996,2800.0
7,28,14,249.466826,2800.0
7,28,15,204.51606700000002,2800.0
7,28,16,143.75239499999998,2800.0
7,28,17,74.744587,2800.0
7,28,18,15.809498,2800.0
7,28,19,0.0,2800.0
7,28,20,0.0,2800.0
7,28,21,0.0,2800.0
7,28,22,0.0,2800.0
7,28,23,0.0,2800.0
7,29,0,0.0,2800.0
7,29,1,0.0,2800.0
7,29,2,0.0,1342.23868718708
7,29,3,0.0,858.3289550807331
7,29,4,0.0,445.37642374118406
7,29,5,0.0,349.3284625537728
7,29,6,5.097781,1311.5016045329749
7,29,7,61.169298000000005,2597.435303258585
7,29,8,132.33095699999998,2364.2786071344885
7,29,9,196.526657,2800.0
7,29,10,249.391978,2800.0
7,29,11,283.046505,2800.0
7,29,12,296.426923,2800.0
7,29,13,287.486725,2800.0
7,29,14,258.161899,2800.0
7,29,15,210.235648,2800.0
7,29,16,148.01629,2800.0
7,29,17,76.069508,2800.0
7,29,18,16.529386,2800.0
7,29,19,0.0,2800.0
7,29,20,0.0,2800.0
7,29,21,0.0,2145.5095856044995
7,29,22,0.0,1109.377075854021
7,29,23,0.0,475.7328897807615
7,30,0,0.0,81.04201369779398
7,30,1,0.0,9.545962443012346
7,30,2,0.0,28.504091119435778
7,30,3,0.0,167.779835898385
7,30,4,0.0,416.3395915497286
7,30,5,0.0,707.2412654778989
7,30,6,7.00578,1373.4523042863404
7,30,7,65.94574800000001,1029.5337295682716
7,30,8,143.29531599999999,39.100262166578574
7,30,9,212.776296,312.8020973326286
7,30,10,268.45571,2800.0
7,30,11,302.67870600000003,2800.0
7,30,12,315.069864,2800.0
7,30,13,302.97295,2800.0
7,30,14,272.057229,2800.0
7,30,15,221.923662,2800.0
7,30,16,155.36857,2800.0
7,30,17,78.51880100000001,2800.0
7,30,18,17.223116,2800.0
7,30,19,0.0,2800.0
7,30,20,0.0,2800.0
7,30,21,0.0,1901.3333359069868
7,30,22,0.0,1109.377075854021
7,30,23,0.0,1862.5318241810248
7,31,0,0.0,2800.0
7,31,1,0.0,2800.0
7,31,2,0.0,2800.0
7,31,3,0.0,2800.0
7,31,4,0.0,2800.0
7,31,5,0.0,2800.0
7,31,6,7.395339,2800.0
7,31,7,66.11530400000001,2800.0
7,31,8,141.42586,2800.0
7,31,9,209.047559,2800.0
7,31,10,259.19719,2800.0
7,31,11,290.74855699999995,2800.0
7,31,12,302.46416,2800.0
7,31,13,299.123011,2800.0
7,31,14,267.460849,2800.0
7,31,15,216.373539,2800.0
7,31,16,152.260267,2800.0
7,31,17,76.637088,2800.0
7,31,18,16.416802,2800.0
7,31,19,0.0,2800.0
7,31,20,0.0,2800.0
7,31,21,0.0,2800.0
7,31,22,0.0,2800.0
7,31,23,0.0,2800.0
8,1,0,0.0,2800.0
8,1,1,0.0,2800.0
8,1,2,0.0,2800.0
8,1,3,0.0,2800.0
8,1,4,0.0,2800.0
8,1,5,0.0,2800.0
8,1,6,6.358741,2800.0
8,1,7,23.890705999999998,2800.0
8,1,8,141.580723,2800.0
8,1,9,204.33621,2800.0
8,1,10,251.577003,2800.0
8,1,11,278.841313,2800.0
8,1,12,286.986738,2800.0
8,1,13,275.681202,2800.0
8,1,14,250.176933,2800.0
8,1,15,204.657073,2800.0
8,1,16,146.43025599999999,2800.0
8,1,17,74.821968,2800.0
8,1,18,15.580408,2800.0
8,1,19,0.0,2800.0
8,1,20,0.0,2800.0
8,1,21,0.0,1373.4523042863404
8,1,22,0.0,257.74098596133337
8,1,23,0.0,289.9235564324093
8,2,0,0.0,1109.377075854021
8,2,1,0.0,1605.5985030100696
8,2,2,0.0,1940.6700324713545
8,2,3,0.0,2800.0
8,2,4,0.0,2800.0
8,2,5,0.0,2800.0
8,2,6,2.869781,2800.0
8,2,7,60.743055999999996,2800.0
8,2,8,133.261163,1749.3017415377876
8,2,9,198.159253,30.94602468005788
8,2,10,250.676569,336.8536460978451
8,2,11,280.189047,2800.0
8,2,12,289.776348,2800.0
8,2,13,283.840909,2800.0
8,2,14,254.088336,2800.0
8,2,15,176.77786300000002,2800.0
8,2,16,107.252219,2800.0
8,2,17,73.89657000000001,2800.0
8,2,18,14.672421,2800.0
8,2,19,0.0,2800.0
8,2,20,0.0,2800.0
8,2,21,0.0,2800.0
8,2,22,0.0,2800.0
8,2,23,0.0,2800.0
8,3,0,0.0,2800.0
8,3,1,0.0,2800.0
8,3,2,0.0,2800.0
8,3,3,0.0,2800.0
8,3,4,0.0,2800.0
8,3,5,0.0,2800.0
8,3,6,3.152571,2800.0
8,3,7,61.246610000000004,2800.0
8,3,8,134.278506,2800.0
8,3,9,197.695078,2800.0
8,3,10,248.63636300000002,707.2412654778989
8,3,11,278.015453,2800.0
8,3,12,287.641563,2800.0
8,3,13,280.68899300000004,2800.0
8,3,14,252.44347,2800.0
8,3,15,205.30894800000002,2800.0
8,3,16,144.282513,2800.0
8,3,17,73.60889200000001,2800.0
8,3,18,14.275814,2800.0
8,3,19,0.0,2800.0
8,3,20,0.0,2800.0
8,3,21,0.0,2800.0
8,3,22,0.0,2800.0
8,3,23,0.0,2800.0
8,4,0,0.0,2800.0
8,4,1,0.0,2800.0
8,4,2,0.0,2800.0
8,4,3,0.0,2800.0
8,4,4,0.0,2800.0
8,4,5,0.0,2800.0
8,4,6,3.462764,2800.0
8,4,7,59.008224999999996,2800.0
8,4,8,131.65436400000002,101.6454080931955
8,4,9,195.75357,107.29111938509163
8,4,10,244.732565,1193.2453053765432
8,4,11,276.364392,2800.0
8,4,12,287.909854,2800.0
8,4,13,279.49586700000003,2800.0
8,4,14,250.79123499999997,2800.0
8,4,15,203.40014799999997,2800.0
8,4,16,143.753842,2409.744269793466
8,4,17,72.70051,1749.3017415377876
8,4,18,14.128941000000001,1980.545579523704
8,4,19,0.0,2800.0
8,4,20,0.0,2800.0
8,4,21,0.0,1605.5985030100696
8,4,22,0.0,1055.7070784976213
8,4,23,0.0,1251.4423799619176
8,5,0,0.0,2188.134369840437
8,5,1,0.0,2800.0
8,5,2,0.0,2645.8334855800563
8,5,3,0.0,2800.0
8,5,4,0.0,2800.0
8,5,5,0.0,2800.0
8,5,6,2.86293,2800.0
8,5,7,60.400827,2800.0
8,5,8,136.635212,2800.0
8,5,9,203.70244699999998,2800.0
8,5,10,251.406799,2800.0
8,5,11,283.859646,2800.0
8,5,12,294.081615,2800.0
8,5,13,285.76936800000004,2800.0
8,5,14,254.335319,2800.0
8,5,15,205.857019,2800.0
8,5,16,140.32865900000002,2800.0
8,5,17,70.19628,2800.0
8,5,18,10.293494,2800.0
8,5,19,0.0,2800.0
8,5,20,0.0,2800.0
8,5,21,0.0,2800.0
8,5,22,0.0,2800.0
8,5,23,0.0,2800.0
8,6,0,0.0,2800.0
8,6,1,0.0,2145.5095856044995
8,6,2,0.0,1824.2618316438895
8,6,3,0.0,2231.3199984618277
8,6,4,0.0,2800.0
8,6,5,0.0,2800.0
8,6,6,-0.0,2800.0
8,6,7,44.331509,2800.0
8,6,8,114.193737,2800.0
8,6,9,179.167935,2800.0
8,6,10,236.93688200000003,2800.0
8,6,11,266.491247,2800.0
8,6,12,275.090254,2800.0
8,6,13,258.439569,2800.0
8,6,14,231.057223,2800.0
8,6,15,187.897477,2800.0
8,6,16,134.294019,2800.0
8,6,17,65.83104700000001,2800.0
8,6,18,7.613415,2800.0
8,6,19,0.0,2800.0
8,6,20,0.0,2800.0
8,6,21,0.0,2800.0
8,6,22,0.0,2800.0
8,6,23,0.0,2800.0
8,7,0,0.0,2800.0
8,7,1,0.0,2800.0
8,7,2,0.0,2800.0
8,7,3,0.0,2800.0
8,7,4,0.0,2549.630956168769
8,7,5,0.0,2319.3884514592746
8,7,6,-0.0,2800.0
8,7,7,49.836665999999994,2800.0
8,7,8,120.541134,2800.0
8,7,9,184.359728,2800.0
8,7,10,233.797305,2800.0
8,7,11,260.058173,2800.0
8,7,12,264.323119,2800.0
8,7,13,256.20178500000003,2800.0
8,7,14,236.023927,2800.0
8,7,15,194.727764,2800.0
8,7,16,137.400484,2800.0
8,7,17,68.48201700000001,2800.0
8,7,18,9.458689,2800.0
8,7,19,0.0,2800.0
8,7,20,0.0,2800.0
8,7,21,0.0,2800.0
8,7,22,0.0,2800.0
8,7,23,0.0,2800.0
8,8,0,0.0,2800.0
8,8,1,0.0,2800.0
8,8,2,0.0,2800.0
8,8,3,0.0,2800.0
8,8,4,0.0,2800.0
8,8,5,0.0,2800.0
8,8,6,-0.0,2800.0
8,8,7,54.257594,2800.0
8,8,8,127.710367,2800.0
8,8,9,193.36043700000002,2800.0
8,8,10,242.420633,2800.0
8,8,11,271.81296299999997,2800.0
8,8,12,282.314411,2800.0
8,8,13,273.89777899999996,2800.0
8,8,14,248.437504,2800.0
8,8,15,204.10295499999998,2800.0
8,8,16,141.45118,2800.0
8,8,17,70.990307,2800.0
8,8,18,11.064867,2800.0
8,8,19,0.0,2800.0
8,8,20,0.0,2800.0
8,8,21,0.0,2597.435303258585
8,8,22,0.0,592.796019999516
8,8,23,0.0,228.03272895548625
8,9,0,0.0,813.163264745564
8,9,1,0.0,1281.237390674447
8,9,2,0.0,1003.7965929387176
8,9,3,0.0,629.4537376638762
8,9,4,0.0,402.3068740231014
8,9,5,0.0,557.58989956809
8,9,6,2.569366,1824.2618316438895
8,9,7,60.445015,2800.0
8,9,8,137.937628,2800.0
8,9,9,207.424439,2800.0
8,9,10,263.225571,2800.0
8,9,11,298.38295899999997,2800.0
8,9,12,311.445072,2800.0
8,9,13,298.567957,2800.0
8,9,14,268.24253100000004,2800.0
8,9,15,216.432188,2800.0
8,9,16,150.540177,2800.0
8,9,17,73.814506,2800.0
8,9,18,12.558308,2800.0
8,9,19,0.0,2800.0
8,9,20,0.0,2800.0
8,9,21,0.0,610.9415963527902
8,9,22,0.0,81.04201369779398
8,9,23,0.0,0.0391002621665785
8,10,0,0.0,7.433326402824398
8,10,1,0.0,167.779835898385
8,10,2,0.0,1570.9465066065366
8,10,3,0.0,2800.0
8,10,4,0.0,2800.0
8,10,5,0.0,2800.0
8,10,6,4.804305,2800.0
8,10,7,64.640712,2800.0
8,10,8,142.759904,2800.0
8,10,9,208.52265,2800.0
8,10,10,258.567151,2800.0
8,10,11,293.637873,2800.0
8,10,12,306.55886,2800.0
8,10,13,297.35319400000003,2800.0
8,10,14,266.218637,2800.0
8,10,15,215.834958,2800.0
8,10,16,149.411902,2800.0
8,10,17,72.42993799999999,2800.0
8,10,18,11.939232,2800.0
8,10,19,0.0,2800.0
8,10,20,0.0,2800.0
8,10,21,0.0,2800.0
8,10,22,0.0,2800.0
8,10,23,0.0,2800.0
8,11,0,0.0,2800.0
8,11,1,0.0,2800.0
8,11,2,0.0,2800.0
8,11,3,0.0,2800.0
8,11,4,0.0,2800.0
8,11,5,0.0,2800.0
8,11,6,5.416568,2800.0
8,11,7,64.939662,2800.0
8,11,8,143.537137,2800.0
8,11,9,205.936045,1373.4523042863404
8,11,10,255.665599,183.74862734385428
8,11,11,289.630874,1222.1129067458091
8,11,12,305.140333,2800.0
8,11,13,296.455582,2800.0
8,11,14,265.930206,2800.0
8,11,15,215.70213099999998,2800.0
8,11,16,150.511104,2800.0
8,11,17,71.493055,2800.0
8,11,18,11.022662,2800.0
8,11,19,0.0,2800.0
8,11,20,0.0,2800.0
8,11,21,0.0,1901.3333359069868
8,11,22,0.0,1193.2453053765432
8,11,23,0.0,1373.4523042863404
8,12,0,0.0,1940.6700324713545
8,12,1,0.0,1980.545579523704
8,12,2,0.0,1940.6700324713545
8,12,3,0.0,2800.0
8,12,4,0.0,2800.0
8,12,5,0.0,2800.0
8,12,6,5.808642,2800.0
8,12,7,63.946171,2800.0
8,12,8,144.07215,2800.0
8,12,9,212.165907,2800.0
8,12,10,259.819299,2800.0
8,12,11,284.97051799999997,2800.0
8,12,12,294.053784,2800.0
8,12,13,283.519511,2800.0
8,12,14,254.76175700000002,2800.0
8,12,15,208.726222,2800.0
8,12,16,144.332699,2800.0
8,12,17,70.3876,2800.0
8,12,18,9.967111999999998,2800.0
8,12,19,0.0,2800.0
8,12,20,0.0,2275.070137118247
8,12,21,0.0,1029.5337295682716
8,12,22,0.0,1109.377075854021
8,12,23,0.0,2061.927887690667
8,13,0,0.0,2800.0
8,13,1,0.0,2364.2786071344885
8,13,2,0.0,1676.4237403920558
8,13,3,0.0,2364.2786071344885
8,13,4,0.0,2800.0
8,13,5,0.0,2800.0
8,13,6,2.5601619999999996,2800.0
8,13,7,59.691902999999996,2800.0
8,13,8,136.44880600000002,2800.0
8,13,9,201.554906,2800.0
8,13,10,251.717553,2800.0
8,13,11,281.124667,2800.0
8,13,12,293.674015,2800.0
8,13,13,287.18478700000003,2800.0
8,13,14,258.279718,2800.0
8,13,15,209.083706,2800.0
8,13,16,145.555617,2800.0
8,13,17,70.32570799999999,2800.0
8,13,18,10.037604,2800.0
8,13,19,0.0,2800.0
8,13,20,0.0,2800.0
8,13,21,0.0,2800.0
8,13,22,0.0,2800.0
8,13,23,0.0,2800.0
8,14,0,0.0,2800.0
8,14,1,0.0,2800.0
8,14,2,0.0,2800.0
8,14,3,0.0,2800.0
8,14,4,0.0,2800.0
8,14,5,0.0,2800.0
8,14,6,3.7724499999999996,2800.0
8,14,7,62.937238,2800.0
8,14,8,141.920068,2800.0
8,14,9,209.319627,2800.0
8,14,10,260.686247,2800.0
8,14,11,293.027312,2800.0
8,14,12,303.11143599999997,2800.0
8,14,13,294.738593,2800.0
8,14,14,263.512663,2800.0
8,14,15,213.33182,2800.0
8,14,16,146.725714,2800.0
8,14,17,70.103751,2800.0
8,14,18,9.415657,2800.0
8,14,19,0.0,2800.0
8,14,20,0.0,2800.0
8,14,21,0.0,2549.630956168769
8,14,22,0.0,507.4383148650858
8,14,23,0.0,209.55296754900695
8,15,0,0.0,278.9149998077284
8,15,1,0.0,237.66666698837332
8,15,2,0.0,200.6998128762587
8,15,3,0.0,835.542666361563
8,15,4,0.0,2455.7891050857875
8,15,5,0.0,2800.0
8,15,6,4.508581,2800.0
8,15,7,64.440952,2800.0
8,15,8,145.56904,2800.0
8,15,9,211.47716,2694.829168782761
8,15,10,255.014197,145.60448877556777
8,15,11,284.138799,491.4151496175413
8,15,12,210.038693,2800.0
8,15,13,209.79170499999998,2800.0
8,15,14,256.560813,2800.0
8,15,15,207.182266,2800.0
8,15,16,141.70349900000002,2800.0
8,15,17,68.253098,2800.0
8,15,18,7.583689000000001,2800.0
8,15,19,0.0,2800.0
8,15,20,0.0,2800.0
8,15,21,0.0,2800.0
8,15,22,0.0,2800.0
8,15,23,0.0,2800.0
8,16,0,0.0,2800.0
8,16,1,0.0,2800.0
8,16,2,0.0,2800.0
8,16,3,0.0,2800.0
8,16,4,0.0,2800.0
8,16,5,0.0,2800.0
8,16,6,1.057014,2800.0
8,16,7,57.43657,2800.0
8,16,8,134.085057,2800.0
8,16,9,199.48862899999997,2800.0
8,16,10,249.755318,2800.0
8,16,11,277.306788,2800.0
8,16,12,287.210114,2800.0
8,16,13,281.639587,2800.0
8,16,14,254.363275,2800.0
8,16,15,205.657734,2800.0
8,16,16,141.670182,2409.744269793466
8,16,17,67.656648,2800.0
8,16,18,1.6739380000000001,2800.0
8,16,19,0.0,2800.0
8,16,20,0.0,2800.0
8,16,21,0.0,2800.0
8,16,22,0.0,2800.0
8,16,23,0.0,2800.0
8,17,0,0.0,2800.0
8,17,1,0.0,2800.0
8,17,2,0.0,2800.0
8,17,3,0.0,2800.0
8,17,4,0.0,2800.0
8,17,5,0.0,2800.0
8,17,6,0.7425309999999999,2800.0
8,17,7,59.093644999999995,2800.0
8,17,8,136.913399,2800.0
8,17,9,204.40333600000002,2800.0
8,17,10,257.642077,2800.0
8,17,11,288.29490999999996,2800.0
8,17,12,298.525243,813.163264745564
8,17,13,287.85826899999995,648.3361095823518
8,17,14,257.261816,2800.0
8,17,15,207.33295900000002,2800.0
8,17,16,141.79215200000002,2800.0
8,17,17,66.36921400000001,2800.0
8,17,18,5.901902,2800.0
8,17,19,0.0,2800.0
8,17,20,0.0,2800.0
8,17,21,0.0,2800.0
8,17,22,0.0,2800.0
8,17,23,0.0,2800.0
8,18,0,0.0,2800.0
8,18,1,0.0,2800.0
8,18,2,0.0,2800.0
8,18,3,0.0,2800.0
8,18,4,0.0,2800.0
8,18,5,0.0,2800.0
8,18,6,1.327499,2800.0
8,18,7,59.424046000000004,2800.0
8,18,8,138.524601,2800.0
8,18,9,206.973311,2800.0
8,18,10,264.96377,2800.0
8,18,11,296.13437300000004,2800.0
8,18,12,305.077037,2800.0
8,18,13,294.236849,2800.0
8,18,14,262.677625,2800.0
8,18,15,212.000929,2800.0
8,18,16,145.21361100000001,2800.0
8,18,17,68.024004,2800.0
8,18,18,5.6566909999999995,2800.0
8,18,19,0.0,2800.0
8,18,20,0.0,2800.0
8,18,21,0.0,2800.0
8,18,22,0.0,1003.7965929387176
8,18,23,0.0,257.74098596133337
8,19,0,0.0,1.3422386871870802
8,19,1,0.0,278.9149998077284
8,19,2,0.0,2597.435303258585
8,19,3,0.0,2800.0
8,19,4,0.0,2800.0
8,19,5,0.0,2800.0
8,19,6,3.826303,2800.0
8,19,7,65.855943,2800.0
8,19,8,149.08007,2800.0
8,19,9,219.716645,2800.0
8,19,10,270.855515,2800.0
8,19,11,302.598975,2800.0
8,19,12,312.840373,2800.0
8,19,13,301.82606400000003,2800.0
8,19,14,270.054236,2800.0
8,19,15,217.906107,2800.0
8,19,16,148.909815,2800.0
8,19,17,68.657606,2800.0
8,19,18,5.516336,2800.0
8,19,19,0.0,2800.0
8,19,20,0.0,2800.0
8,19,21,0.0,2800.0
8,19,22,0.0,1749.3017415377876
8,19,23,0.0,748.4297260208111
8,20,0,0.0,1003.7965929387176
8,20,1,0.0,1536.7967041952045
8,20,2,0.0,2061.927887690667
8,20,3,0.0,2800.0
8,20,4,0.0,2800.0
8,20,5,0.0,2800.0
8,20,6,3.546139,2800.0
8,20,7,64.905165,2800.0
8,20,8,136.46924900000002,2800.0
8,20,9,202.36085,2800.0
8,20,10,266.387496,2800.0
8,20,11,294.422168,2319.3884514592746
8,20,12,224.163256,1901.3333359069868
8,20,13,293.840255,2800.0
8,20,14,262.469829,2800.0
8,20,15,211.11464900000001,2800.0
8,20,16,143.6592,2800.0
8,20,17,66.436758,2800.0
8,20,18,5.167734,2800.0
8,20,19,0.0,2800.0
8,20,20,0.0,2800.0
8,20,21,0.0,2800.0
8,20,22,0.0,2800.0
8,20,23,0.0,2800.0
8,21,0,0.0,2800.0
8,21,1,0.0,2800.0
8,21,2,0.0,2800.0
8,21,3,0.0,2800.0
8,21,4,0.0,2800.0
8,21,5,0.0,2800.0
8,21,6,3.5280810000000002,2800.0
8,21,7,65.021549,2800.0
8,21,8,148.7185,2800.0
8,21,9,215.911356,2800.0
8,21,10,259.868705,2800.0
8,21,11,283.393348,2800.0
8,21,12,293.698618,1003.7965929387176
8,21,13,287.989755,2800.0
8,21,14,262.004632,2800.0
8,21,15,212.521408,2800.0
8,21,16,143.48880300000002,2800.0
8,21,17,65.622645,2800.0
8,21,18,4.74366,2800.0
8,21,19,0.0,2800.0
8,21,20,0.0,2800.0
8,21,21,0.0,2800.0
8,21,22,0.0,2800.0
8,21,23,0.0,2800.0
8,22,0,0.0,2061.927887690667
8,22,1,0.0,1164.8359102045422
8,22,2,0.0,1003.7965929387176
8,22,3,0.0,1055.7070784976213
8,22,4,0.0,1342.23868718708
8,22,5,0.0,2275.070137118247
8,22,6,2.9108270000000003,2800.0
8,22,7,65.154422,2800.0
8,22,8,148.05228200000002,2800.0
8,22,9,213.944707,2694.829168782761
8,22,10,259.068105,648.3361095823518
8,22,11,292.56554,2800.0
8,22,12,306.48747499999996,2800.0
8,22,13,296.55591200000003,2800.0
8,22,14,263.27717700000005,2800.0
8,22,15,211.929548,2800.0
8,22,16,142.532546,2800.0
8,22,17,65.173323,2800.0
8,22,18,4.450533999999999,2800.0
8,22,19,0.0,2800.0
8,22,20,0.0,2800.0
8,22,21,0.0,2800.0
8,22,22,0.0,2800.0
8,22,23,0.0,2800.0
8,23,0,0.0,2800.0
8,23,1,0.0,2800.0
8,23,2,0.0,2800.0
8,23,3,0.0,2800.0
8,23,4,0.0,2694.829168782761
8,23,5,0.0,2794.6277004301824
8,23,6,1.626591,2800.0
8,23,7,59.782028,2800.0
8,23,8,139.589067,2800.0
8,23,9,208.279023,2800.0
8,23,10,258.869413,2800.0
8,23,11,287.22263799999996,2800.0
8,23,12,294.253528,2800.0
8,23,13,283.674935,2800.0
8,23,14,252.956777,2800.0
8,23,15,202.78428200000002,2800.0
8,23,16,138.72477600000002,2800.0
8,23,17,63.442248,2800.0
8,23,18,3.665972,2800.0
8,23,19,0.0,2800.0
8,23,20,0.0,2800.0
8,23,21,0.0,2800.0
8,23,22,0.0,2800.0
8,23,23,0.0,2800.0
8,24,0,0.0,2549.630956168769
8,24,1,0.0,1109.377075854021
8,24,2,0.0,813.163264745564
8,24,3,0.0,707.2412654778989
8,24,4,0.0,905.1368564268978
8,24,5,0.0,1605.5985030100696
8,24,6,-0.0,2800.0
8,24,7,54.701111,2455.7891050857875
8,24,8,133.111672,507.4383148650858
8,24,9,204.477212,3.563011389929472
8,24,10,267.880244,76.36769954409877
8,24,11,297.61553299999997,33.523587275070305
8,24,12,303.64841600000005,2800.0
8,24,13,289.91998700000005,2800.0
8,24,14,258.892785,2800.0
8,24,15,210.24766699999998,2800.0
8,24,16,141.007537,2800.0
8,24,17,63.385144,2800.0
8,24,18,3.689597,2800.0
8,24,19,0.0,2800.0
8,24,20,0.0,2800.0
8,24,21,0.0,2800.0
8,24,22,0.0,2800.0
8,24,23,0.0,1222.1129067458091
8,25,0,0.0,268.18869820056244
8,25,1,0.0,67.56525302384776
8,25,2,0.0,228.03272895548625
8,25,3,0.0,1082.3203053763452
8,25,4,0.0,1901.3333359069868
8,25,5,0.0,1712.6043126696648
8,25,6,0.16108799999999998,1164.8359102045422
8,25,7,59.061291,648.3361095823518
8,25,8,139.139723,507.4383148650858
8,25,9,207.14320800000002,475.7328897807615
8,25,10,262.149795,228.03272895548625
8,25,11,285.67737800000003,278.9149998077284
8,25,12,290.290458,2549.630956168769
8,25,13,284.338656,2800.0
8,25,14,257.425807,2800.0
8,25,15,207.549923,2800.0
8,25,16,139.567483,2800.0
8,25,17,62.526483,2800.0
8,25,18,3.477494,2800.0
8,25,19,0.0,2800.0
8,25,20,0.0,2800.0
8,25,21,0.0,1251.4423799619176
8,25,22,0.0,237.66666698837332
8,25,23,0.0,610.9415963527902
8,26,0,0.0,2275.070137118247
8,26,1,0.0,2800.0
8,26,2,0.0,2800.0
8,26,3,0.0,2800.0
8,26,4,0.0,2800.0
8,26,5,0.0,2800.0
8,26,6,0.7223440000000001,2800.0
8,26,7,59.406237000000004,2800.0
8,26,8,139.82427600000003,2800.0
8,26,9,208.65076000000002,2800.0
8,26,10,224.93104,2800.0
8,26,11,209.279166,2800.0
8,26,12,288.6575,2800.0
8,26,13,284.686191,2800.0
8,26,14,256.520715,2800.0
8,26,15,205.225162,2800.0
8,26,16,139.16003099999998,2800.0
8,26,17,62.025297,2800.0
8,26,18,4.177223,2800.0
8,26,19,0.0,2800.0
8,26,20,0.0,2800.0
8,26,21,0.0,2364.2786071344885
8,26,22,0.0,687.226207839785
8,26,23,0.0,39.100262166578574
8,27,0,0.0,5.6579301238231885
8,27,1,0.0,192.09958802440056
8,27,2,0.0,769.610460224766
8,27,3,0.0,1980.545579523704
8,27,4,0.0,2800.0
8,27,5,0.0,2800.0
8,27,6,1.000488,2744.426018516277
8,27,7,58.778593,2800.0
8,27,8,139.187714,2800.0
8,27,9,209.02871599999997,2800.0
8,27,10,260.253234,2800.0
8,27,11,293.203718,2800.0
8,27,12,306.41474200000005,2800.0
8,27,13,296.203434,2800.0
8,27,14,263.604533,2800.0
8,27,15,210.420632,2800.0
8,27,16,139.47945800000002,2800.0
8,27,17,61.102017,2800.0
8,27,18,3.9869250000000003,2800.0
8,27,19,0.0,2800.0
8,27,20,0.0,2800.0
8,27,21,0.0,2800.0
8,27,22,0.0,430.6948862392302
8,27,23,0.0,76.36769954409877
8,28,0,0.0,13.411389923136454
8,28,1,0.0,28.504091119435778
8,28,2,0.0,85.90327597997313
8,28,3,0.0,45.26344099058551
8,28,4,0.0,76.36769954409877
8,28,5,0.0,978.4920029593812
8,28,6,0.997981,2800.0
8,28,7,59.021294999999995,2800.0
8,28,8,138.79637599999998,2800.0
8,28,9,205.758332,648.3361095823518
8,28,10,254.27837100000002,301.21803372418333
8,28,11,288.342962,2800.0
8,28,12,301.115221,2800.0
8,28,13,288.467734,2800.0
8,28,14,257.134518,2800.0
8,28,15,205.368021,2800.0
8,28,16,137.926166,2800.0
8,28,17,59.82964,2800.0
8,28,18,3.5615740000000002,2800.0
8,28,19,0.0,2800.0
8,28,20,0.0,2800.0
8,28,21,0.0,2800.0
8,28,22,0.0,2409.744269793466
8,28,23,0.0,1082.3203053763452
8,29,0,0.0,362.10752792468406
8,29,1,0.0,36.240444554051166
8,29,2,0.0,20.019334229288237
8,29,3,0.0,228.03272895548625
8,29,4,0.0,929.1658003530496
8,29,5,0.0,2409.744269793466
8,29,6,1.595531,2800.0
8,29,7,63.186298,2800.0
8,29,8,148.290054,2800.0
8,29,9,216.249205,1342.23868718708
8,29,10,260.665226,1570.9465066065366
8,29,11,287.79102,2800.0
8,29,12,301.787649,2800.0
8,29,13,298.42539600000003,2800.0
8,29,14,267.917081,2800.0
8,29,15,214.485514,2800.0
8,29,16,142.433293,2800.0
8,29,17,61.585046999999996,2800.0
8,29,18,3.974198,2800.0
8,29,19,0.0,2800.0
8,29,20,0.0,2800.0
8,29,21,0.0,2800.0
8,29,22,0.0,2800.0
8,29,23,0.0,2800.0
8,30,0,0.0,2800.0
8,30,1,0.0,2800.0
8,30,2,0.0,2800.0
8,30,3,0.0,2800.0
8,30,4,0.0,2800.0
8,30,5,0.0,2800.0
8,30,6,1.5920889999999999,2800.0
8,30,7,63.31257,2800.0
8,30,8,148.595373,2800.0
8,30,9,217.330901,2800.0
8,30,10,263.053039,2800.0
8,30,11,285.596364,2800.0
8,30,12,291.847246,2800.0
8,30,13,283.869788,2800.0
8,30,14,258.099489,2800.0
8,30,15,207.89960399999998,2800.0
8,30,16,139.08206099999998,2800.0
8,30,17,59.222769,2800.0
8,30,18,3.1592420000000003,2800.0
8,30,19,0.0,2800.0
8,30,20,0.0,2800.0
8,30,21,0.0,2800.0
8,30,22,0.0,2800.0
8,30,23,0.0,2800.0
8,31,0,0.0,2800.0
8,31,1,0.0,2800.0
8,31,2,0.0,2800.0
8,31,3,0.0,2800.0
8,31,4,0.0,2800.0
8,31,5,0.0,2800.0
8,31,6,1.5637260000000002,2800.0
8,31,7,63.990325,2800.0
8,31,8,148.327631,2800.0
8,31,9,211.74005,2800.0
8,31,10,267.521761,2800.0
8,31,11,303.683216,2800.0
8,31,12,316.225588,2800.0
8,31,13,303.901138,2800.0
8,31,14,269.152921,2800.0
8,31,15,214.040767,2800.0
8,31,16,142.575964,2800.0
8,31,17,59.405628,2800.0
8,31,18,3.536226,2800.0
8,31,19,0.0,2800.0
8,31,20,0.0,2800.0
8,31,21,0.0,2800.0
8,31,22,0.0,2800.0
8,31,23,0.0,1749.3017415377876
9,1,0,0.0,813.163264745564
9,1,1,0.0,460.3878697051685
9,1,2,0.0,375.1945078601572
9,1,3,0.0,402.3068740231014
9,1,4,0.0,491.4151496175413
9,1,5,0.0,523.8060511729734
9,1,6,0.687297,748.4297260208111
9,1,7,61.101995,1055.7070784976213
9,1,8,144.330758,1570.9465066065366
9,1,9,212.208297,1281.237390674447
9,1,10,255.315839,667.5923777577954
9,1,11,281.984327,1570.9465066065366
9,1,12,297.29237,2800.0
9,1,13,290.74150699999996,2800.0
9,1,14,260.712105,2800.0
9,1,15,207.582519,2800.0
9,1,16,135.259737,2800.0
9,1,17,57.368652000000004,2800.0
9,1,18,1.402517,2800.0
9,1,19,0.0,2800.0
9,1,20,0.0,2800.0
9,1,21,0.0,2800.0
9,1,22,0.0,2800.0
9,1,23,0.0,2800.0
9,2,0,0.0,1109.377075854021
9,2,1,0.0,460.3878697051685
9,2,2,0.0,152.76411334322614
9,2,3,0.0,28.504091119435778
9,2,4,0.0,175.6432651850418
9,2,5,0.0,1437.3238044186396
9,2,6,0.68729,2800.0
9,2,7,61.56885,2800.0
9,2,8,145.42546,2800.0
9,2,9,214.73949299999998,2800.0
9,2,10,264.14875900000004,2800.0
9,2,11,294.79881900000004,1164.8359102045422
9,2,12,306.620647,1.0557070784976212
9,2,13,297.77018300000003,2145.5095856044995
9,2,14,264.461071,2800.0
9,2,15,210.32909099999998,2800.0
9,2,16,137.509816,2800.0
9,2,17,57.330713,2800.0
9,2,18,2.183649,2800.0
9,2,19,0.0,2800.0
9,2,20,0.0,2800.0
9,2,21,0.0,2800.0
9,2,22,0.0,2800.0
9,2,23,0.0,2800.0
9,3,0,0.0,2800.0
9,3,1,0.0,2800.0
9,3,2,0.0,2800.0
9,3,3,0.0,2800.0
9,3,4,0.0,2800.0
9,3,5,0.0,2800.0
9,3,6,0.964317,2800.0
9,3,7,63.56991,2800.0
9,3,8,149.00710999999998,2800.0
9,3,9,221.241691,2800.0
9,3,10,274.134632,1980.545579523704
9,3,11,307.042371,3.0015560628812588
9,3,12,317.504886,2800.0
9,3,13,304.094751,2800.0
9,3,14,268.778595,2800.0
9,3,15,212.650163,2800.0
9,3,16,139.059903,2800.0
9,3,17,57.506953,2800.0
9,3,18,2.004923,2800.0
9,3,19,0.0,2800.0
9,3,20,0.0,2800.0
9,3,21,0.0,2800.0
9,3,22,0.0,2800.0
9,3,23,0.0,2800.0
9,4,0,0.0,2800.0
9,4,1,0.0,2800.0
9,4,2,0.0,2800.0
9,4,3,0.0,2800.0
9,4,4,0.0,2800.0
9,4,5,0.0,2800.0
9,4,6,0.680081,2800.0
9,4,7,61.92896,2800.0
9,4,8,145.72182199999997,2800.0
9,4,9,218.027079,2800.0
9,4,10,268.719701,2800.0
9,4,11,300.971424,2549.630956168769
9,4,12,310.69255599999997,2597.435303258585
9,4,13,297.297801,2800.0
9,4,14,261.69746599999996,2800.0
9,4,15,206.34165,2800.0
9,4,16,133.9302,2800.0
9,4,17,55.086688,2800.0
9,4,18,1.0249469999999998,2800.0
9,4,19,0.0,2800.0
9,4,20,0.0,2800.0
9,4,21,0.0,2800.0
9,4,22,0.0,2800.0
9,4,23,0.0,2800.0
9,5,0,0.0,2800.0
9,5,1,0.0,2800.0
9,5,2,0.0,1862.5318241810248
9,5,3,0.0,1082.3203053763452
9,5,4,0.0,1373.4523042863404
9,5,5,0.0,2744.426018516277
9,5,6,0.678425,2800.0
9,5,7,63.599458,2800.0
9,5,8,149.031089,2800.0
9,5,9,220.669071,2800.0
9,5,10,264.582808,2800.0
9,5,11,292.858463,2800.0
9,5,12,301.687501,2800.0
9,5,13,289.077212,2800.0
9,5,14,258.22315599999996,2800.0
9,5,15,203.357508,2800.0
9,5,16,133.12455,2800.0
9,5,17,54.732316,2800.0
9,5,18,0.06305,2800.0
9,5,19,0.0,2800.0
9,5,20,0.0,2103.4419801044355
9,5,21,0.0,2188.134369840437
9,5,22,0.0,2794.6277004301824
9,5,23,0.0,2800.0
9,6,0,0.0,2800.0
9,6,1,0.0,2800.0
9,6,2,0.0,2800.0
9,6,3,0.0,2800.0
9,6,4,0.0,2800.0
9,6,5,0.0,2800.0
9,6,6,-0.0,2800.0
9,6,7,57.163786,2800.0
9,6,8,139.37965,2800.0
9,6,9,210.09390299999998,2800.0
9,6,10,260.904268,2800.0
9,6,11,290.65733,5.6579301238231885
9,6,12,293.153564,2800.0
9,6,13,288.68222499999996,2800.0
9,6,14,246.83744000000002,2800.0
9,6,15,191.307894,2800.0
9,6,16,122.50004700000001,2800.0
9,6,17,23.819008,2800.0
9,6,18,-0.0,2800.0
9,6,19,0.0,2800.0
9,6,20,0.0,2800.0
9,6,21,0.0,2800.0
9,6,22,0.0,2800.0
9,6,23,0.0,2800.0
9,7,0,0.0,2800.0
9,7,1,0.0,2800.0
9,7,2,0.0,2800.0
9,7,3,0.0,2800.0
9,7,4,0.0,2800.0
9,7,5,0.0,2800.0
9,7,6,-0.0,2800.0
9,7,7,47.027978000000004,2800.0
9,7,8,127.40978299999999,2800.0
9,7,9,197.710994,2800.0
9,7,10,269.824376,2800.0
9,7,11,299.825272,2800.0
9,7,12,305.65462199999996,2800.0
9,7,13,288.298792,2061.927887690667
9,7,14,252.20924499999998,2800.0
9,7,15,198.21758,2800.0
9,7,16,129.514058,2800.0
9,7,17,52.051218,2800.0
9,7,18,-0.0,2800.0
9,7,19,0.0,2800.0
9,7,20,0.0,2800.0
9,7,21,0.0,2800.0
9,7,22,0.0,2800.0
9,7,23,0.0,2800.0
9,8,0,0.0,2800.0
9,8,1,0.0,2800.0
9,8,2,0.0,2800.0
9,8,3,0.0,2800.0
9,8,4,0.0,2800.0
9,8,5,0.0,2800.0
9,8,6,-0.0,2800.0
9,8,7,55.430053,2800.0
9,8,8,138.008422,2800.0
9,8,9,209.152782,2800.0
9,8,10,266.997565,2800.0
9,8,11,297.372077,2800.0
9,8,12,304.741654,2800.0
9,8,13,288.94069199999996,2800.0
9,8,14,250.82286100000002,2800.0
9,8,15,196.15554500000002,2800.0
9,8,16,125.221442,2800.0
9,8,17,49.333819000000005,2800.0
9,8,18,-0.0,2800.0
9,8,19,0.0,2800.0
9,8,20,0.0,2800.0
9,8,21,0.0,1437.3238044186396
9,8,22,0.0,96.20130752809575
9,8,23,0.0,131.96338481220266
9,9,0,0.0,1342.23868718708
9,9,1,0.0,2800.0
9,9,2,0.0,2800.0
9,9,3,0.0,2800.0
9,9,4,0.0,2800.0
9,9,5,0.0,2800.0
9,9,6,-0.0,2800.0
9,9,7,53.78201,2800.0
9,9,8,136.20763200000002,2800.0
9,9,9,206.061893,2800.0
9,9,10,258.801394,2800.0
9,9,11,286.980498,2800.0
9,9,12,293.01158399999997,2800.0
9,9,13,280.061036,2800.0
9,9,14,246.174072,2800.0
9,9,15,192.268078,2800.0
9,9,16,96.17750199999999,2800.0
9,9,17,47.170374,2800.0
9,9,18,0.0,2800.0
9,9,19,0.0,2800.0
9,9,20,0.0,2800.0
9,9,21,0.0,2800.0
9,9,22,0.0,2800.0
9,9,23,0.0,2800.0
9,10,0,0.0,2800.0
9,10,1,0.0,2800.0
9,10,2,0.0,2800.0
9,10,3,0.0,2800.0
9,10,4,0.0,2800.0
9,10,5,0.0,2800.0
9,10,6,-0.0,2800.0
9,10,7,57.76435,2800.0
9,10,8,142.942823,2800.0
9,10,9,215.41207999999997,2800.0
9,10,10,266.656908,2800.0
9,10,11,296.577283,2800.0
9,10,12,306.736474,2800.0
9,10,13,299.16146100000003,2800.0
9,10,14,264.50840000000005,2800.0
9,10,15,208.947794,2800.0
9,10,16,133.695494,2800.0
9,10,17,51.377306,2800.0
9,10,18,0.0,2800.0
9,10,19,0.0,2800.0
9,10,20,0.0,2319.3884514592746
9,10,21,0.0,523.8060511729734
9,10,22,0.0,1311.5016045329749
9,10,23,0.0,2800.0
9,11,0,0.0,2800.0
9,11,1,0.0,2800.0
9,11,2,0.0,2800.0
9,11,3,0.0,2800.0
9,11,4,0.0,2800.0
9,11,5,0.0,2800.0
9,11,6,0.060878999999999996,2800.0
9,11,7,64.576674,2800.0
9,11,8,153.609643,2800.0
9,11,9,223.328061,2800.0
9,11,10,271.086928,2800.0
9,11,11,300.586793,2800.0
9,11,12,312.466275,2800.0
9,11,13,301.848277,2800.0
9,11,14,266.145955,2800.0
9,11,15,209.27764000000002,2800.0
9,11,16,132.69728,2800.0
9,11,17,50.414938,2800.0
9,11,18,0.0,2800.0
9,11,19,0.0,2800.0
9,11,20,0.0,2800.0
9,11,21,0.0,2800.0
9,11,22,0.0,2800.0
9,11,23,0.0,2800.0
9,12,0,0.0,2800.0
9,12,1,0.0,2800.0
9,12,2,0.0,2800.0
9,12,3,0.0,2800.0
9,12,4,0.0,2800.0
9,12,5,0.0,2800.0
9,12,6,-0.0,2800.0
9,12,7,55.31857,2800.0
9,12,8,136.72195499999998,2800.0
9,12,9,208.093348,2800.0
9,12,10,271.006239,2800.0
9,12,11,298.600013,2800.0
9,12,12,302.260081,2800.0
9,12,13,287.061675,2800.0
9,12,14,252.166088,2800.0
9,12,15,196.351338,2800.0
9,12,16,125.957613,2800.0
9,12,17,47.338283000000004,2800.0
9,12,18,0.0,2800.0
9,12,19,0.0,2800.0
9,12,20,0.0,2800.0
9,12,21,0.0,2800.0
9,12,22,0.0,2800.0
9,12,23,0.0,2188.134369840437
9,13,0,0.0,1469.9890187508342
9,13,1,0.0,1437.3238044186396
9,13,2,0.0,1712.6043126696648
9,13,3,0.0,1712.6043126696648
9,13,4,0.0,905.1368564268978
9,13,5,0.0,228.03272895548625
9,13,6,-0.0,183.74862734385428
9,13,7,47.546921000000005,2188.134369840437
9,13,8,128.546143,2800.0
9,13,9,199.422731,2800.0
9,13,10,251.41679000000002,2800.0
9,13,11,283.03448599999996,2800.0
9,13,12,292.046961,2800.0
9,13,13,298.56131,2800.0
9,13,14,261.038258,2800.0
9,13,15,203.58964600000002,2800.0
9,13,16,128.151579,2800.0
9,13,17,47.443382,2800.0
9,13,18,0.0,2800.0
9,13,19,0.0,2800.0
9,13,20,0.0,2409.744269793466
9,13,21,0.0,1003.7965929387176
9,13,22,0.0,540.5220241907821
9,13,23,0.0,929.1658003530496
9,14,0,0.0,2188.134369840437
9,14,1,0.0,2800.0
9,14,2,0.0,2800.0
9,14,3,0.0,2502.4167786610287
9,14,4,0.0,1281.237390674447
9,14,5,0.0,540.5220241907821
9,14,6,-0.0,1251.4423799619176
9,14,7,61.282638,2800.0
9,14,8,149.954354,2800.0
9,14,9,225.60008499999998,2800.0
9,14,10,274.839564,2145.5095856044995
9,14,11,308.197851,2800.0
9,14,12,319.040897,2800.0
9,14,13,302.79049200000003,2800.0
9,14,14,264.981432,2800.0
9,14,15,206.062135,2800.0
9,14,16,130.995726,2800.0
9,14,17,48.352766,2800.0
9,14,18,0.0,2800.0
9,14,19,0.0,2800.0
9,14,20,0.0,2800.0
9,14,21,0.0,2800.0
9,14,22,0.0,2800.0
9,14,23,0.0,2800.0
9,15,0,0.0,2800.0
9,15,1,0.0,2549.630956168769
9,15,2,0.0,1862.5318241810248
9,15,3,0.0,2231.3199984618277
9,15,4,0.0,2800.0
9,15,5,0.0,2800.0
9,15,6,0.03186,2800.0
9,15,7,65.404674,2800.0
9,15,8,155.128118,2800.0
9,15,9,226.00137700000002,2800.0
9,15,10,275.00055699999996,2597.435303258585
9,15,11,304.544298,1786.5196926460033
9,15,12,315.48294500000003,2800.0
9,15,13,301.184081,2800.0
9,15,14,264.666721,2800.0
9,15,15,206.683898,2800.0
9,15,16,129.44045,2800.0
9,15,17,46.781371,2800.0
9,15,18,0.0,2800.0
9,15,19,0.0,2800.0
9,15,20,0.0,2800.0
9,15,21,0.0,2800.0
9,15,22,0.0,2455.7891050857875
9,15,23,0.0,1676.4237403920558
9,16,0,0.0,1469.9890187508342
9,16,1,0.0,1503.1454301264964
9,16,2,0.0,1712.6043126696648
9,16,3,0.0,1940.6700324713545
9,16,4,0.0,2800.0
9,16,5,0.0,2800.0
9,16,6,-0.0,2800.0
9,16,7,64.096651,2800.0
9,16,8,154.89042999999998,2800.0
9,16,9,228.056781,2800.0
9,16,10,281.03388,2800.0
9,16,11,312.718535,2800.0
9,16,12,322.778879,2800.0
9,16,13,309.265072,2800.0
9,16,14,270.727141,2800.0
9,16,15,210.19145699999999,2800.0
9,16,16,131.603929,2800.0
9,16,17,46.997595999999994,2800.0
9,16,18,0.0,2800.0
9,16,19,0.0,2800.0
9,16,20,0.0,2800.0
9,16,21,0.0,2800.0
9,16,22,0.0,2800.0
9,16,23,0.0,2800.0
9,17,0,0.0,2800.0
9,17,1,0.0,2800.0
9,17,2,0.0,2800.0
9,17,3,0.0,2800.0
9,17,4,0.0,1862.5318241810248
9,17,5,0.0,1164.8359102045422
9,17,6,-0.0,610.9415963527902
9,17,7,67.198008,375.1945078601572
9,17,8,160.46299199999999,24.01244850305007
9,17,9,235.944718,26.194120943625872
9,17,10,288.736368,707.2412654778989
9,17,11,319.62842099999995,2800.0
9,17,12,328.329455,2800.0
9,17,13,310.206424,2800.0
9,17,14,271.465609,2800.0
9,17,15,211.026009,2800.0
9,17,16,132.69790400000002,2800.0
9,17,17,45.997178999999996,2800.0
9,17,18,0.0,2800.0
9,17,19,0.0,2800.0
9,17,20,0.0,2800.0
9,17,21,0.0,2800.0
9,17,22,0.0,2800.0
9,17,23,0.0,2800.0
9,18,0,0.0,2800.0
9,18,1,0.0,2800.0
9,18,2,0.0,2800.0
9,18,3,0.0,1980.545579523704
9,18,4,0.0,687.226207839785
9,18,5,0.0,138.67213448175264
9,18,6,0.22420500000000002,13.411389923136454
9,18,7,70.129118,160.15467383430587
9,18,8,160.904979,1342.23868718708
9,18,9,233.239601,2800.0
9,18,10,284.04632,2800.0
9,18,11,316.366545,2800.0
9,18,12,324.841823,2800.0
9,18,13,306.578723,2800.0
9,18,14,267.293573,2800.0
9,18,15,207.278343,2800.0
9,18,16,128.39347,2800.0
9,18,17,44.800925,2800.0
9,18,18,0.0,2800.0
9,18,19,0.0,2800.0
9,18,20,0.0,2800.0
9,18,21,0.0,2800.0
9,18,22,0.0,2800.0
9,18,23,0.0,2800.0
9,19,0,0.0,1109.377075854021
9,19,1,0.0,402.3068740231014
9,19,2,0.0,278.9149998077284
9,19,3,0.0,175.6432651850418
9,19,4,0.0,55.67205296764801
9,19,5,0.0,3.0015560628812588
9,19,6,-0.0,39.100262166578574
9,19,7,63.955148,610.9415963527902
9,19,8,156.33138399999999,1786.5196926460033
9,19,9,230.126909,1570.9465066065366
9,19,10,279.412819,1251.4423799619176
9,19,11,302.281183,2800.0
9,19,12,302.770266,2800.0
9,19,13,289.84366600000004,2800.0
9,19,14,255.61858600000002,2800.0
9,19,15,200.736338,2800.0
9,19,16,124.277837,2800.0
9,19,17,42.809582,2800.0
9,19,18,0.0,2800.0
9,19,19,0.0,2800.0
9,19,20,0.0,2800.0
9,19,21,0.0,2800.0
9,19,22,0.0,2800.0
9,19,23,0.0,1824.2618316438895
9,20,0,0.0,1193.2453053765432
9,20,1,0.0,1136.8810555802274
9,20,2,0.0,1311.5016045329749
9,20,3,0.0,1712.6043126696648
9,20,4,0.0,2409.744269793466
9,20,5,0.0,2800.0
9,20,6,-0.0,2800.0
9,20,7,65.050471,2800.0
9,20,8,156.84524,2800.0
9,20,9,223.275713,2800.0
9,20,10,276.623497,2800.0
9,20,11,313.41429800000003,2800.0
9,20,12,325.789689,2800.0
9,20,13,310.63387,2800.0
9,20,14,271.260778,2800.0
9,20,15,209.097343,2800.0
9,20,16,128.293161,2800.0
9,20,17,43.378133999999996,2800.0
9,20,18,0.0,2800.0
9,20,19,0.0,2800.0
9,20,20,0.0,2800.0
9,20,21,0.0,2800.0
9,20,22,0.0,2800.0
9,20,23,0.0,2800.0
9,21,0,0.0,2800.0
9,21,1,0.0,2800.0
9,21,2,0.0,2800.0
9,21,3,0.0,1405.1461214803344
9,21,4,0.0,445.37642374118406
9,21,5,0.0,52.04244894371608
9,21,6,-0.0,71.8766678693094
9,21,7,66.019408,929.1658003530496
9,21,8,159.884266,2455.7891050857875
9,21,9,234.594236,2800.0
9,21,10,284.05773800000003,2800.0
9,21,11,314.20236,2800.0
9,21,12,322.502415,2800.0
9,21,13,305.72721,2800.0
9,21,14,266.968293,2800.0
9,21,15,207.065835,2800.0
9,21,16,127.249883,2800.0
9,21,17,42.882664,2800.0
9,21,18,0.0,2800.0
9,21,19,0.0,2800.0
9,21,20,0.0,2800.0
9,21,21,0.0,2800.0
9,21,22,0.0,2800.0
9,21,23,0.0,2800.0
9,22,0,0.0,2800.0
9,22,1,0.0,2800.0
9,22,2,0.0,2800.0
9,22,3,0.0,953.6162939806846
9,22,4,0.0,402.3068740231014
9,22,5,0.0,905.1368564268978
9,22,6,-0.0,1940.6700324713545
9,22,7,65.041048,2800.0
9,22,8,155.953595,2800.0
9,22,9,228.86611100000002,2800.0
9,22,10,278.14689500000003,2800.0
9,22,11,303.527868,2800.0
9,22,12,308.866858,2800.0
9,22,13,298.528229,2800.0
9,22,14,264.564754,2800.0
9,22,15,206.15068100000002,2800.0
9,22,16,126.84366899999999,2800.0
9,22,17,40.631602,2800.0
9,22,18,0.0,2800.0
9,22,19,0.0,2800.0
9,22,20,0.0,2800.0
9,22,21,0.0,2800.0
9,22,22,0.0,2800.0
9,22,23,0.0,2800.0
9,23,0,0.0,2800.0
9,23,1,0.0,2800.0
9,23,2,0.0,2800.0
9,23,3,0.0,2800.0
9,23,4,0.0,2800.0
9,23,5,0.0,2800.0
9,23,6,-0.0,2800.0
9,23,7,69.938182,2800.0
9,23,8,163.096157,2800.0
9,23,9,237.383016,2800.0
9,23,10,290.82467099999997,2800.0
9,23,11,323.934071,2800.0
9,23,12,332.53180599999996,2800.0
9,23,13,317.615884,2188.134369840437
9,23,14,276.502284,2800.0
9,23,15,214.166651,2800.0
9,23,16,130.842333,2800.0
9,23,17,41.092988,2800.0
9,23,18,0.0,2800.0
9,23,19,0.0,2800.0
9,23,20,0.0,2800.0
9,23,21,0.0,2800.0
9,23,22,0.0,2800.0
9,23,23,0.0,2800.0
9,24,0,0.0,2800.0
9,24,1,0.0,2800.0
9,24,2,0.0,2800.0
9,24,3,0.0,2800.0
9,24,4,0.0,2800.0
9,24,5,0.0,2800.0
9,24,6,-0.0,2800.0
9,24,7,67.019304,2800.0
9,24,8,163.99929600000002,2800.0
9,24,9,243.354596,2800.0
9,24,10,301.253075,2800.0
9,24,11,333.137164,2800.0
9,24,12,339.71078,2800.0
9,24,13,325.165204,2800.0
9,24,14,281.556826,2800.0
9,24,15,216.578014,2800.0
9,24,16,131.280711,2800.0
9,24,17,40.62733,2800.0
9,24,18,0.0,2800.0
9,24,19,0.0,2800.0
9,24,20,0.0,2800.0
9,24,21,0.0,2800.0
9,24,22,0.0,2800.0
9,24,23,0.0,2800.0
9,25,0,0.0,2800.0
9,25,1,0.0,2800.0
9,25,2,0.0,2800.0
9,25,3,0.0,2800.0
9,25,4,0.0,2800.0
9,25,5,0.0,2800.0
9,25,6,-0.0,2800.0
9,25,7,66.052461,2800.0
9,25,8,160.897479,2800.0
9,25,9,235.61284799999999,2800.0
9,25,10,297.91904999999997,2800.0
9,25,11,325.396924,2800.0
9,25,12,331.945197,2800.0
9,25,13,317.021117,2800.0
9,25,14,277.349702,2800.0
9,25,15,214.231215,2800.0
9,25,16,129.925667,2800.0
9,25,17,39.614118000000005,2800.0
9,25,18,0.0,2800.0
9,25,19,0.0,2800.0
9,25,20,0.0,2800.0
9,25,21,0.0,2794.6277004301824
9,25,22,0.0,629.4537376638762
9,25,23,0.0,85.90327597997313
9,26,0,0.0,160.15467383430587
9,26,1,0.0,629.4537376638762
9,26,2,0.0,2794.6277004301824
9,26,3,0.0,2800.0
9,26,4,0.0,2800.0
9,26,5,0.0,2800.0
9,26,6,-0.0,2800.0
9,26,7,66.90347100000001,2800.0
9,26,8,160.881266,2800.0
9,26,9,237.02384700000002,2800.0
9,26,10,292.83977000000004,2800.0
9,26,11,326.384544,2800.0
9,26,12,335.456454,2800.0
9,26,13,327.244832,2800.0
9,26,14,284.34897600000005,2800.0
9,26,15,218.61495000000002,2800.0
9,26,16,131.68933900000002,2800.0
9,26,17,40.209306,2800.0
9,26,18,0.0,2800.0
9,26,19,0.0,2800.0
9,26,20,0.0,2800.0
9,26,21,0.0,2800.0
9,26,22,0.0,2800.0
9,26,23,0.0,2800.0
9,27,0,0.0,2800.0
9,27,1,0.0,2800.0
9,27,2,0.0,2800.0
9,27,3,0.0,2800.0
9,27,4,0.0,2800.0
9,27,5,0.0,2800.0
9,27,6,-0.0,2800.0
9,27,7,69.439008,2800.0
9,27,8,166.28033,2800.0
9,27,9,243.143701,2800.0
9,27,10,298.545653,2800.0
9,27,11,327.545057,2800.0
9,27,12,333.85259499999995,2800.0
9,27,13,315.314512,2800.0
9,27,14,274.558082,2800.0
9,27,15,210.614311,2800.0
9,27,16,126.644462,2800.0
9,27,17,38.081714,2800.0
9,27,18,0.0,2800.0
9,27,19,0.0,2800.0
9,27,20,0.0,2800.0
9,27,21,0.0,2800.0
9,27,22,0.0,2800.0
9,27,23,0.0,2800.0
9,28,0,0.0,2800.0
9,28,1,0.0,2800.0
9,28,2,0.0,2800.0
9,28,3,0.0,2800.0
9,28,4,0.0,2800.0
9,28,5,0.0,2800.0
9,28,6,-0.0,2800.0
9,28,7,71.71055199999999,2800.0
9,28,8,170.262576,2800.0
9,28,9,246.71904800000002,2800.0
9,28,10,298.88037699999995,2800.0
9,28,11,327.47664899999995,2800.0
9,28,12,331.605483,2800.0
9,28,13,311.82869900000003,2800.0
9,28,14,267.92589000000004,2800.0
9,28,15,202.270028,2800.0
9,28,16,119.167473,2800.0
9,28,17,35.26356,2800.0
9,28,18,0.0,2800.0
9,28,19,0.0,2800.0
9,28,20,0.0,2800.0
9,28,21,0.0,2800.0
9,28,22,0.0,2800.0
9,28,23,0.0,2800.0
9,29,0,0.0,2800.0
9,29,1,0.0,1901.3333359069868
9,29,2,0.0,858.3289550807331
9,29,3,0.0,192.09958802440056
9,29,4,0.0,10.73790949749664
9,29,5,0.0,30.94602468005788
9,29,6,-0.0,592.796019999516
9,29,7,64.365299,2502.4167786610287
9,29,8,157.712789,2800.0
9,29,9,230.22388899999999,2800.0
9,29,10,279.156989,2800.0
9,29,11,305.257778,2800.0
9,29,12,313.379665,2800.0
9,29,13,303.552398,2800.0
9,29,14,266.09563799999995,2800.0
9,29,15,203.607608,2800.0
9,29,16,120.830219,2800.0
9,29,17,34.466676,2800.0
9,29,18,0.0,2800.0
9,29,19,0.0,2800.0
9,29,20,0.0,2800.0
9,29,21,0.0,1029.5337295682716
9,29,22,0.0,175.6432651850418
9,29,23,0.0,6.505306117964509
9,30,0,0.0,36.240444554051166
9,30,1,0.0,152.76411334322614
9,30,2,0.0,430.6948862392302
9,30,3,0.0,1536.7967041952045
9,30,4,0.0,2800.0
9,30,5,0.0,2800.0
9,30,6,-0.0,2800.0
9,30,7,62.398856,2800.0
9,30,8,155.322389,2800.0
9,30,9,229.300786,2800.0
9,30,10,284.283549,402.3068740231014
9,30,11,313.321328,929.1658003530496
9,30,12,319.17609999999996,2800.0
9,30,13,301.12534700000003,2800.0
9,30,14,261.361646,2800.0
9,30,15,199.424644,2800.0
9,30,16,116.312409,2800.0
9,30,17,32.999367,2800.0
9,30,18,0.0,2800.0
9,30,19,0.0,2800.0
9,30,20,0.0,2800.0
9,30,21,0.0,2800.0
9,30,22,0.0,2800.0
9,30,23,0.0,2800.0
10,1,0,0.0,2800.0
10,1,1,0.0,2800.0
10,1,2,0.0,2800.0
10,1,3,0.0,2800.0
10,1,4,0.0,2800.0
10,1,5,0.0,2800.0
10,1,6,-0.0,2800.0
10,1,7,61.663357000000005,2800.0
10,1,8,152.815462,2597.435303258585
10,1,9,222.602398,2800.0
10,1,10,271.114594,2800.0
10,1,11,302.43762300000003,2800.0
10,1,12,312.458035,2800.0
10,1,13,299.392413,2800.0
10,1,14,259.50077799999997,2800.0
10,1,15,196.81874299999998,2800.0
10,1,16,114.006605,2800.0
10,1,17,31.668162,2800.0
10,1,18,0.0,2800.0
10,1,19,0.0,2800.0
10,1,20,0.0,2800.0
10,1,21,0.0,2800.0
10,1,22,0.0,2800.0
10,1,23,0.0,2800.0
10,2,0,0.0,2800.0
10,2,1,0.0,2800.0
10,2,2,0.0,2800.0
10,2,3,0.0,2800.0
10,2,4,0.0,2800.0
10,2,5,0.0,2800.0
10,2,6,-0.0,2800.0
10,2,7,60.897011,2800.0
10,2,8,154.53449799999999,2800.0
10,2,9,228.640288,2800.0
10,2,10,283.601002,2800.0
10,2,11,316.186549,2800.0
10,2,12,324.838117,2800.0
10,2,13,307.267559,2800.0
10,2,14,265.71128100000004,2800.0
10,2,15,200.26921900000002,2800.0
10,2,16,115.468462,2800.0
10,2,17,31.238597000000002,2800.0
10,2,18,0.0,2800.0
10,2,19,0.0,2800.0
10,2,20,0.0,2645.8334855800563
10,2,21,0.0,978.4920029593812
10,2,22,0.0,388.5930680097703
10,2,23,0.0,402.3068740231014
10,3,0,0.0,629.4537376638762
10,3,1,0.0,445.37642374118406
10,3,2,0.0,107.29111938509163
10,3,3,0.0,1.3422386871870802
10,3,4,0.0,36.240444554051166
10,3,5,0.0,523.8060511729734
10,3,6,-0.0,2455.7891050857875
10,3,7,59.97341,2800.0
10,3,8,155.97667199999998,2800.0
10,3,9,232.62239499999998,2800.0
10,3,10,287.42562,2800.0
10,3,11,316.78900799999997,39.100262166578574
10,3,12,323.15996,2800.0
10,3,13,309.489014,2800.0
10,3,14,267.101294,2800.0
10,3,15,201.51110699999998,2800.0
10,3,16,115.735361,2800.0
10,3,17,31.285586,2800.0
10,3,18,0.0,2800.0
10,3,19,0.0,2800.0
10,3,20,0.0,2800.0
10,3,21,0.0,2800.0
10,3,22,0.0,2800.0
10,3,23,0.0,2800.0
10,4,0,0.0,2800.0
10,4,1,0.0,1503.1454301264964
10,4,2,0.0,707.2412654778989
10,4,3,0.0,475.7328897807615
10,4,4,0.0,1136.8810555802274
10,4,5,0.0,2800.0
10,4,6,-0.0,2800.0
10,4,7,63.666946,2800.0
10,4,8,159.975312,2800.0
10,4,9,234.470443,2800.0
10,4,10,272.198547,278.9149998077284
10,4,11,293.004208,592.796019999516
10,4,12,301.86101,2800.0
10,4,13,292.832229,2800.0
10,4,14,255.293201,2800.0
10,4,15,193.80380499999998,2800.0
10,4,16,110.33254099999999,2800.0
10,4,17,28.535787,2800.0
10,4,18,0.0,2800.0
10,4,19,0.0,2800.0
10,4,20,0.0,2800.0
10,4,21,0.0,2800.0
10,4,22,0.0,2597.435303258585
10,4,23,0.0,1405.1461214803344
10,5,0,0.0,1570.9465066065366
10,5,1,0.0,2794.6277004301824
10,5,2,0.0,2800.0
10,5,3,0.0,2800.0
10,5,4,0.0,2800.0
10,5,5,0.0,2800.0
10,5,6,-0.0,2549.630956168769
10,5,7,43.993652000000004,1862.5318241810248
10,5,8,115.770069,2020.963642713616
10,5,9,191.625981,2800.0
10,5,10,275.376506,2800.0
10,5,11,302.70129,2800.0
10,5,12,306.224964,2800.0
10,5,13,289.693408,2800.0
10,5,14,249.623737,2800.0
10,5,15,187.64191200000002,2800.0
10,5,16,103.152156,2800.0
10,5,17,25.353158,2800.0
10,5,18,0.0,2800.0
10,5,19,0.0,2800.0
10,5,20,0.0,2800.0
10,5,21,0.0,2800.0
10,5,22,0.0,2800.0
10,5,23,0.0,2800.0
10,6,0,0.0,2800.0
10,6,1,0.0,2800.0
10,6,2,0.0,2800.0
10,6,3,0.0,2800.0
10,6,4,0.0,2800.0
10,6,5,0.0,2800.0
10,6,6,-0.0,2800.0
10,6,7,57.619601,2800.0
10,6,8,151.987619,2800.0
10,6,9,228.594778,2800.0
10,6,10,286.986566,2800.0
10,6,11,316.655869,2800.0
10,6,12,321.37776,2800.0
10,6,13,303.90322399999997,2800.0
10,6,14,261.036217,2800.0
10,6,15,196.018025,2800.0
10,6,16,110.714226,2800.0
10,6,17,27.571575,2800.0
10,6,18,0.0,2800.0
10,6,19,0.0,2800.0
10,6,20,0.0,2800.0
10,6,21,0.0,2800.0
10,6,22,0.0,2800.0
10,6,23,0.0,2800.0
10,7,0,0.0,2800.0
10,7,1,0.0,2800.0
10,7,2,0.0,610.9415963527902
10,7,3,0.0,0.3128020973326286
10,7,4,0.0,1570.9465066065366
10,7,5,0.0,2800.0
10,7,6,-0.0,2800.0
10,7,7,69.722825,2800.0
10,7,8,168.083832,2800.0
10,7,9,245.955215,2800.0
10,7,10,299.50427399999995,2800.0
10,7,11,328.70463299999994,2800.0
10,7,12,332.964926,2364.2786071344885
10,7,13,316.245943,1712.6043126696648
10,7,14,273.960464,2800.0
10,7,15,207.456657,2800.0
10,7,16,119.229027,2800.0
10,7,17,27.937641,2800.0
10,7,18,0.0,2800.0
10,7,19,0.0,2800.0
10,7,20,0.0,2800.0
10,7,21,0.0,2800.0
10,7,22,0.0,2800.0
10,7,23,0.0,2800.0
10,8,0,0.0,2800.0
10,8,1,0.0,2800.0
10,8,2,0.0,2800.0
10,8,3,0.0,2800.0
10,8,4,0.0,2800.0
10,8,5,0.0,2800.0
10,8,6,-0.0,2800.0
10,8,7,73.833249,2800.0
10,8,8,172.490451,2800.0
10,8,9,245.877479,2800.0
10,8,10,295.607486,2800.0
10,8,11,323.91535,2800.0
10,8,12,330.496163,1712.6043126696648
10,8,13,312.87422399999997,2800.0
10,8,14,270.542375,2800.0
10,8,15,204.616796,2800.0
10,8,16,118.564095,2800.0
10,8,17,26.791543,2800.0
10,8,18,0.0,2800.0
10,8,19,0.0,2800.0
10,8,20,0.0,2800.0
10,8,21,0.0,2800.0
10,8,22,0.0,2800.0
10,8,23,0.0,2800.0
10,9,0,0.0,1536.7967041952045
10,9,1,0.0,707.2412654778989
10,9,2,0.0,491.4151496175413
10,9,3,0.0,523.8060511729734
10,9,4,0.0,592.796019999516
10,9,5,0.0,687.226207839785
10,9,6,-0.0,881.5257965526516
10,9,7,63.717258,2800.0
10,9,8,160.73933799999998,2800.0
10,9,9,234.771473,2800.0
10,9,10,281.18145799999996,2800.0
10,9,11,308.24001,2800.0
10,9,12,315.425544,2800.0
10,9,13,295.631556,2800.0
10,9,14,252.607801,2800.0
10,9,15,188.388237,2800.0
10,9,16,105.284649,2800.0
10,9,17,23.332796,2800.0
10,9,18,0.0,2800.0
10,9,19,0.0,2800.0
10,9,20,0.0,2800.0
10,9,21,0.0,2800.0
10,9,22,0.0,2800.0
10,9,23,0.0,2549.630956168769
10,10,0,0.0,2103.4419801044355
10,10,1,0.0,2455.7891050857875
10,10,2,0.0,2800.0
10,10,3,0.0,2800.0
10,10,4,0.0,2800.0
10,10,5,0.0,2800.0
10,10,6,-0.0,2800.0
10,10,7,56.994644,2800.0
10,10,8,148.920337,2800.0
10,10,9,217.32578400000003,2800.0
10,10,10,271.903134,2800.0
10,10,11,304.447859,2800.0
10,10,12,312.968806,2800.0
10,10,13,297.700977,2800.0
10,10,14,256.02538200000004,2800.0
10,10,15,191.413904,2800.0
10,10,16,106.06041099999999,2800.0
10,10,17,23.078530999999998,2800.0
10,10,18,0.0,2800.0
10,10,19,0.0,2800.0
10,10,20,0.0,2800.0
10,10,21,0.0,2800.0
10,10,22,0.0,1676.4237403920558
10,10,23,0.0,791.1870845831577
10,11,0,0.0,362.10752792468406
10,11,1,0.0,247.56819744046305
10,11,2,0.0,247.56819744046305
10,11,3,0.0,247.56819744046305
10,11,4,0.0,175.6432651850418
10,11,5,0.0,52.04244894371608
10,11,6,-0.0,0.6109415963527902
10,11,7,52.648669,59.46661122259518
10,11,8,145.807145,48.57413350122129
10,11,9,219.68355,375.1945078601572
10,11,10,263.949473,2800.0
10,11,11,288.009987,2800.0
10,11,12,301.647448,2800.0
10,11,13,287.211107,2800.0
10,11,14,249.30132999999998,2800.0
10,11,15,187.397695,2800.0
10,11,16,98.00940200000001,2800.0
10,11,17,18.369521,2800.0
10,11,18,0.0,2800.0
10,11,19,0.0,2800.0
10,11,20,0.0,2800.0
10,11,21,0.0,2800.0
10,11,22,0.0,2800.0
10,11,23,0.0,2800.0
10,12,0,0.0,2800.0
10,12,1,0.0,2800.0
10,12,2,0.0,2800.0
10,12,3,0.0,1901.3333359069868
10,12,4,0.0,1055.7070784976213
10,12,5,0.0,430.6948862392302
10,12,6,-0.0,96.20130752809575
10,12,7,54.205989,3.563011389929472
10,12,8,148.06639900000002,167.779835898385
10,12,9,226.20646,2800.0
10,12,10,279.364804,2800.0
10,12,11,304.516122,2800.0
10,12,12,304.45293300000003,2800.0
10,12,13,284.389946,2800.0
10,12,14,244.765922,2800.0
10,12,15,184.59749100000002,2800.0
10,12,16,101.862818,2800.0
10,12,17,19.36043,2800.0
10,12,18,0.0,2800.0
10,12,19,0.0,2800.0
10,12,20,0.0,2800.0
10,12,21,0.0,2800.0
10,12,22,0.0,2800.0
10,12,23,0.0,2800.0
10,13,0,0.0,2800.0
10,13,1,0.0,2800.0
10,13,2,0.0,2800.0
10,13,3,0.0,2145.5095856044995
10,13,4,0.0,2800.0
10,13,5,0.0,2800.0
10,13,6,-0.0,2364.2786071344885
10,13,7,61.444792,2455.7891050857875
10,13,8,158.077627,2800.0
10,13,9,231.09204300000002,2800.0
10,13,10,283.391796,2800.0
10,13,11,314.68446,2800.0
10,13,12,324.09074499999997,2800.0
10,13,13,306.96928399999996,2800.0
10,13,14,263.825664,2800.0
10,13,15,197.077057,2800.0
10,13,16,109.35656399999999,2800.0
10,13,17,19.961358,2800.0
10,13,18,0.0,2800.0
10,13,19,0.0,2800.0
10,13,20,0.0,2800.0
10,13,21,0.0,2800.0
10,13,22,0.0,1373.4523042863404
10,13,23,0.0,113.14210705336222
10,14,0,0.0,81.04201369779398
10,14,1,0.0,416.3395915497286
10,14,2,0.0,707.2412654778989
10,14,3,0.0,1082.3203053763452
10,14,4,0.0,1901.3333359069868
10,14,5,0.0,2800.0
10,14,6,-0.0,2800.0
10,14,7,67.50363800000001,2800.0
10,14,8,166.10992199999998,2800.0
10,14,9,242.643132,2145.5095856044995
10,14,10,293.458321,183.74862734385428
10,14,11,321.939282,1055.7070784976213
10,14,12,327.488834,2800.0
10,14,13,304.071854,2800.0
10,14,14,259.4055,2800.0
10,14,15,192.50298999999998,2800.0
10,14,16,104.16581699999999,2800.0
10,14,17,17.518838,2800.0
10,14,18,0.0,2800.0
10,14,19,0.0,2800.0
10,14,20,0.0,2800.0
10,14,21,0.0,1640.756359055384
10,14,22,0.0,648.3361095823518
10,14,23,0.0,445.37642374118406
10,15,0,0.0,507.4383148650858
10,15,1,0.0,648.3361095823518
10,15,2,0.0,648.3361095823518
10,15,3,0.0,491.4151496175413
10,15,4,0.0,312.8020973326286
10,15,5,0.0,218.66271769222345
10,15,6,-0.0,257.74098596133337
10,15,7,56.851177,610.9415963527902
10,15,8,154.431871,769.610460224766
10,15,9,230.51449100000002,1222.1129067458091
10,15,10,279.290773,2800.0
10,15,11,306.979988,2800.0
10,15,12,310.93243199999995,2800.0
10,15,13,298.22306699999996,2800.0
10,15,14,255.900672,2800.0
10,15,15,190.22846299999998,2800.0
10,15,16,103.167661,2800.0
10,15,17,15.363383,2800.0
10,15,18,0.0,2800.0
10,15,19,0.0,2800.0
10,15,20,0.0,1786.5196926460033
10,15,21,0.0,475.7328897807615
10,15,22,0.0,81.04201369779398
10,15,23,0.0,131.96338481220266
10,16,0,0.0,416.3395915497286
10,16,1,0.0,557.58989956809
10,16,2,0.0,491.4151496175413
10,16,3,0.0,629.4537376638762
10,16,4,0.0,1281.237390674447
10,16,5,0.0,2800.0
10,16,6,-0.0,2800.0
10,16,7,58.803597,2800.0
10,16,8,158.797259,2800.0
10,16,9,235.728905,2800.0
10,16,10,285.81655800000004,2800.0
10,16,11,308.939979,2800.0
10,16,12,306.184486,2800.0
10,16,13,283.528972,2800.0
10,16,14,245.736252,2800.0
10,16,15,184.869641,2800.0
10,16,16,100.803596,2800.0
10,16,17,12.351421,2800.0
10,16,18,0.0,2800.0
10,16,19,0.0,2800.0
10,16,20,0.0,2800.0
10,16,21,0.0,2800.0
10,16,22,0.0,2800.0
10,16,23,0.0,2800.0
10,17,0,0.0,2800.0
10,17,1,0.0,2800.0
10,17,2,0.0,2800.0
10,17,3,0.0,2800.0
10,17,4,0.0,2800.0
10,17,5,0.0,2800.0
10,17,6,-0.0,2800.0
10,17,7,51.684798,2800.0
10,17,8,146.97205300000002,2800.0
10,17,9,225.215125,2800.0
10,17,10,275.784066,2800.0
10,17,11,299.139041,2800.0
10,17,12,297.365977,2800.0
10,17,13,282.185507,2800.0
10,17,14,242.960172,2800.0
10,17,15,181.606245,2800.0
10,17,16,92.79986699999999,2800.0
10,17,17,9.147651,2800.0
10,17,18,0.0,2800.0
10,17,19,0.0,2800.0
10,17,20,0.0,2800.0
10,17,21,0.0,2061.927887690667
10,17,22,0.0,858.3289550807331
10,17,23,0.0,324.6794129073232
10,18,0,0.0,119.20203674758558
10,18,1,0.0,101.6454080931955
10,18,2,0.0,200.6998128762587
10,18,3,0.0,540.5220241907821
10,18,4,0.0,1570.9465066065366
10,18,5,0.0,2800.0
10,18,6,-0.0,2800.0
10,18,7,51.186325,2800.0
10,18,8,147.555297,2800.0
10,18,9,226.05185500000002,2800.0
10,18,10,282.077493,2800.0
10,18,11,303.17064600000003,2800.0
10,18,12,305.721628,2800.0
10,18,13,288.36927399999996,2800.0
10,18,14,249.288076,2800.0
10,18,15,185.541367,2800.0
10,18,16,95.93168399999999,2800.0
10,18,17,9.773790000000002,2800.0
10,18,18,0.0,2800.0
10,18,19,0.0,2800.0
10,18,20,0.0,2800.0
10,18,21,0.0,2800.0
10,18,22,0.0,2800.0
10,18,23,0.0,2800.0
10,19,0,0.0,1824.2618316438895
10,19,1,0.0,1136.8810555802274
10,19,2,0.0,592.796019999516
10,19,3,0.0,278.9149998077284
10,19,4,0.0,119.20203674758558
10,19,5,0.0,85.90327597997313
10,19,6,-0.0,278.9149998077284
10,19,7,54.165159,2502.4167786610287
10,19,8,152.724287,2800.0
10,19,9,229.176902,2800.0
10,19,10,278.786403,2800.0
10,19,11,301.18749699999995,2800.0
10,19,12,305.33941999999996,2800.0
10,19,13,289.186009,2800.0
10,19,14,248.91891099999998,2800.0
10,19,15,185.320318,2800.0
10,19,16,94.721187,2800.0
10,19,17,9.450512,2800.0
10,19,18,0.0,2800.0
10,19,19,0.0,2800.0
10,19,20,0.0,2800.0
10,19,21,0.0,2800.0
10,19,22,0.0,2455.7891050857875
10,19,23,0.0,375.1945078601572
10,20,0,0.0,36.240444554051166
10,20,1,0.0,48.57413350122129
10,20,2,0.0,138.67213448175264
10,20,3,0.0,491.4151496175413
10,20,4,0.0,1136.8810555802274
10,20,5,0.0,2020.963642713616
10,20,6,-0.0,2800.0
10,20,7,55.449497,2800.0
10,20,8,155.129231,1901.3333359069868
10,20,9,230.62144899999998,107.29111938509163
10,20,10,280.371481,81.04201369779398
10,20,11,303.474777,1940.6700324713545
10,20,12,302.773892,2800.0
10,20,13,282.962343,2800.0
10,20,14,243.82267499999998,2800.0
10,20,15,183.294144,2800.0
10,20,16,97.78276,2800.0
10,20,17,10.026746999999999,2800.0
10,20,18,0.0,2800.0
10,20,19,0.0,2800.0
10,20,20,0.0,2800.0
10,20,21,0.0,2800.0
10,20,22,0.0,2800.0
10,20,23,0.0,2800.0
10,21,0,0.0,2800.0
10,21,1,0.0,2800.0
10,21,2,0.0,2800.0
10,21,3,0.0,2800.0
10,21,4,0.0,2800.0
10,21,5,0.0,2800.0
10,21,6,-0.0,2800.0
10,21,7,50.805374,2800.0
10,21,8,166.543892,2800.0
10,21,9,218.367449,2800.0
10,21,10,291.45411700000005,1940.6700324713545
10,21,11,313.425413,145.60448877556777
10,21,12,310.568729,119.20203674758558
10,21,13,289.576575,2800.0
10,21,14,252.25864,2800.0
10,21,15,189.213566,2800.0
10,21,16,102.511394,2800.0
10,21,17,10.302538,2800.0
10,21,18,0.0,2800.0
10,21,19,0.0,2800.0
10,21,20,0.0,2800.0
10,21,21,0.0,2800.0
10,21,22,0.0,2800.0
10,21,23,0.0,2800.0
10,22,0,0.0,2800.0
10,22,1,0.0,2800.0
10,22,2,0.0,2800.0
10,22,3,0.0,2800.0
10,22,4,0.0,2800.0
10,22,5,0.0,2800.0
10,22,6,-0.0,2800.0
10,22,7,-0.0,2800.0
10,22,8,113.997678,2800.0
10,22,9,214.952533,2800.0
10,22,10,284.71607,2800.0
10,22,11,307.24451500000004,2800.0
10,22,12,302.319521,2800.0
10,22,13,283.118773,2800.0
10,22,14,207.16182,2800.0
10,22,15,180.929833,2800.0
10,22,16,94.668004,2800.0
10,22,17,9.010907999999999,2800.0
10,22,18,0.0,2800.0
10,22,19,0.0,2800.0
10,22,20,0.0,2800.0
10,22,21,0.0,2800.0
10,22,22,0.0,1222.1129067458091
10,22,23,0.0,301.21803372418333
10,23,0,0.0,247.56819744046305
10,23,1,0.0,575.0133429544752
10,23,2,0.0,727.6412163217148
10,23,3,0.0,748.4297260208111
10,23,4,0.0,748.4297260208111
10,23,5,0.0,1222.1129067458091
10,23,6,-0.0,2800.0
10,23,7,62.072345999999996,2800.0
10,23,8,161.980366,2800.0
10,23,9,236.470506,2800.0
10,23,10,278.950938,2800.0
10,23,11,297.36453,2800.0
10,23,12,297.813754,2800.0
10,23,13,281.56484,2800.0
10,23,14,242.58536900000001,2800.0
10,23,15,179.516669,2800.0
10,23,16,94.879707,2800.0
10,23,17,8.702306,2800.0
10,23,18,0.0,2800.0
10,23,19,0.0,2800.0
10,23,20,0.0,2800.0
10,23,21,0.0,2800.0
10,23,22,0.0,2800.0
10,23,23,0.0,2800.0
10,24,0,0.0,2800.0
10,24,1,0.0,2800.0
10,24,2,0.0,2800.0
10,24,3,0.0,2800.0
10,24,4,0.0,2800.0
10,24,5,0.0,2800.0
10,24,6,-0.0,2800.0
10,24,7,55.238915,2800.0
10,24,8,156.426672,2800.0
10,24,9,233.76372,2549.630956168769
10,24,10,285.657925,540.5220241907821
10,24,11,308.897484,192.09958802440056
10,24,12,307.035526,2800.0
10,24,13,285.86983100000003,2800.0
10,24,14,243.820549,2800.0
10,24,15,180.808797,2800.0
10,24,16,93.20450199999999,2800.0
10,24,17,8.189446,2800.0
10,24,18,0.0,2800.0
10,24,19,0.0,2800.0
10,24,20,0.0,2800.0
10,24,21,0.0,2800.0
10,24,22,0.0,2694.829168782761
10,24,23,0.0,2597.435303258585
10,25,0,0.0,2455.7891050857875
10,25,1,0.0,2409.744269793466
10,25,2,0.0,2409.744269793466
10,25,3,0.0,1824.2618316438895
10,25,4,0.0,1164.8359102045422
10,25,5,0.0,905.1368564268978
10,25,6,-0.0,1029.5337295682716
10,25,7,59.063858,2549.630956168769
10,25,8,159.506361,2800.0
10,25,9,235.545421,2800.0
10,25,10,284.89272700000004,2800.0
10,25,11,304.754745,2800.0
10,25,12,305.994722,2800.0
10,25,13,287.27018300000003,2800.0
10,25,14,247.664873,2800.0
10,25,15,181.715215,2800.0
10,25,16,95.14041,2800.0
10,25,17,7.08662,2800.0
10,25,18,0.0,2800.0
10,25,19,0.0,2800.0
10,25,20,0.0,1164.8359102045422
10,25,21,0.0,610.9415963527902
10,25,22,0.0,523.8060511729734
10,25,23,0.0,1536.7967041952045
10,26,0,0.0,2800.0
10,26,1,0.0,2800.0
10,26,2,0.0,2800.0
10,26,3,0.0,2800.0
10,26,4,0.0,2800.0
10,26,5,0.0,2800.0
10,26,6,-0.0,2800.0
10,26,7,58.142117,2800.0
10,26,8,133.559058,2800.0
10,26,9,233.754694,2800.0
10,26,10,286.426604,2800.0
10,26,11,305.751358,2800.0
10,26,12,317.529123,2800.0
10,26,13,296.06442300000003,2800.0
10,26,14,251.061394,2800.0
10,26,15,113.479957,2800.0
10,26,16,95.53227700000001,2800.0
10,26,17,6.5891329999999995,1109.377075854021
10,26,18,0.0,523.8060511729734
10,26,19,0.0,460.3878697051685
10,26,20,0.0,1503.1454301264964
10,26,21,0.0,2800.0
10,26,22,0.0,2800.0
10,26,23,0.0,2800.0
10,27,0,0.0,2800.0
10,27,1,0.0,2800.0
10,27,2,0.0,2800.0
10,27,3,0.0,2800.0
10,27,4,0.0,2800.0
10,27,5,0.0,2800.0
10,27,6,-0.0,2800.0
10,27,7,61.633862,2800.0
10,27,8,164.08729699999998,2800.0
10,27,9,239.203421,2800.0
10,27,10,288.717776,2800.0
10,27,11,316.570972,2800.0
10,27,12,320.521703,2800.0
10,27,13,300.150043,2800.0
10,27,14,254.66738,2800.0
10,27,15,186.588165,2800.0
10,27,16,95.575253,2800.0
10,27,17,6.797168,2800.0
10,27,18,0.0,2800.0
10,27,19,0.0,2800.0
10,27,20,0.0,2800.0
10,27,21,0.0,2597.435303258585
10,27,22,0.0,2103.4419801044355
10,27,23,0.0,2275.070137118247
10,28,0,0.0,2800.0
10,28,1,0.0,2800.0
10,28,2,0.0,2800.0
10,28,3,0.0,2800.0
10,28,4,0.0,2409.744269793466
10,28,5,0.0,540.5220241907821
10,28,6,-0.0,18.20056109694597
10,28,7,59.327103,218.66271769222345
10,28,8,158.38728,858.3289550807331
10,28,9,236.716128,375.1945078601572
10,28,10,288.48268099999996,175.6432651850418
10,28,11,316.78747100000004,4.190448409383788
10,28,12,319.479732,200.6998128762587
10,28,13,293.188443,2597.435303258585
10,28,14,247.864453,2800.0
10,28,15,181.51565599999998,2800.0
10,28,16,93.384887,2800.0
10,28,17,6.7153599999999996,2800.0
10,28,18,0.0,2800.0
10,28,19,0.0,2800.0
10,28,20,0.0,2800.0
10,28,21,0.0,2800.0
10,28,22,0.0,2800.0
10,28,23,0.0,2455.7891050857875
10,29,0,0.0,2145.5095856044995
10,29,1,0.0,1373.4523042863404
10,29,2,0.0,1003.7965929387176
10,29,3,0.0,1570.9465066065366
10,29,4,0.0,2800.0
10,29,5,0.0,2800.0
10,29,6,-0.0,2800.0
10,29,7,52.814220999999996,2800.0
10,29,8,154.383295,2800.0
10,29,9,232.293211,2800.0
10,29,10,293.093233,2800.0
10,29,11,321.530918,1862.5318241810248
10,29,12,324.308985,2645.8334855800563
10,29,13,303.792004,2800.0
10,29,14,256.820214,2800.0
10,29,15,186.523629,2800.0
10,29,16,92.350692,2800.0
10,29,17,5.9562550000000005,2800.0
10,29,18,0.0,2800.0
10,29,19,0.0,2800.0
10,29,20,0.0,2800.0
10,29,21,0.0,2800.0
10,29,22,0.0,2800.0
10,29,23,0.0,2800.0
10,30,0,0.0,2800.0
10,30,1,0.0,2800.0
10,30,2,0.0,2800.0
10,30,3,0.0,2800.0
10,30,4,0.0,2800.0
10,30,5,0.0,2800.0
10,30,6,-0.0,2800.0
10,30,7,57.851425000000006,2800.0
10,30,8,160.709983,2800.0
10,30,9,238.61770800000002,2800.0
10,30,10,281.354746,2800.0
10,30,11,301.71919199999996,2800.0
10,30,12,301.78265500000003,2800.0
10,30,13,286.830517,2800.0
10,30,14,247.216418,2800.0
10,30,15,181.49999400000002,2800.0
10,30,16,91.831978,2800.0
10,30,17,5.470355,2800.0
10,30,18,0.0,2800.0
10,30,19,0.0,2800.0
10,30,20,0.0,2800.0
10,30,21,0.0,2800.0
10,30,22,0.0,2800.0
10,30,23,0.0,2800.0
10,31,0,0.0,2800.0
10,31,1,0.0,2800.0
10,31,2,0.0,2800.0
10,31,3,0.0,2800.0
10,31,4,0.0,2800.0
10,31,5,0.0,2800.0
10,31,6,-0.0,2800.0
10,31,7,47.751943,2800.0
10,31,8,149.571965,2800.0
10,31,9,227.19854899999999,2800.0
10,31,10,290.582406,2800.0
10,31,11,316.427029,2800.0
10,31,12,316.808208,2800.0
10,31,13,295.380436,953.6162939806846
10,31,14,246.23063399999998,416.3395915497286
10,31,15,177.980839,2800.0
10,31,16,83.932098,2800.0
10,31,17,3.487341,2800.0
10,31,18,0.0,2800.0
10,31,19,0.0,2800.0
10,31,20,0.0,2800.0
10,31,21,0.0,2800.0
10,31,22,0.0,2800.0
10,31,23,0.0,2800.0
11,1,0,0.0,2800.0
11,1,1,0.0,2800.0
11,1,2,0.0,2800.0
11,1,3,0.0,2800.0
11,1,4,0.0,2800.0
11,1,5,0.0,2800.0
11,1,6,-0.0,2800.0
11,1,7,59.008199999999995,2800.0
11,1,8,161.34034599999998,2800.0
11,1,9,237.86953400000002,2800.0
11,1,10,288.719729,2800.0
11,1,11,311.220246,2800.0
11,1,12,308.546675,2800.0
11,1,13,283.161551,835.542666361563
11,1,14,242.53695499999998,9.545962443012346
11,1,15,179.07208,2145.5095856044995
11,1,16,91.588644,2800.0
11,1,17,5.471728,2800.0
11,1,18,0.0,2800.0
11,1,19,0.0,2800.0
11,1,20,0.0,2800.0
11,1,21,0.0,2800.0
11,1,22,0.0,2800.0
11,1,23,0.0,2800.0
11,2,0,0.0,2800.0
11,2,1,0.0,2800.0
11,2,2,0.0,2800.0
11,2,3,0.0,2800.0
11,2,4,0.0,2800.0
11,2,5,0.0,2800.0
11,2,6,-0.0,2800.0
11,2,7,51.364095999999996,2800.0
11,2,8,153.02333,2800.0
11,2,9,231.413163,2800.0
11,2,10,284.710972,2800.0
11,2,11,309.19613,2800.0
11,2,12,306.182776,2800.0
11,2,13,280.552742,2800.0
11,2,14,239.19669399999998,2800.0
11,2,15,176.591899,2800.0
11,2,16,88.99210799999999,2800.0
11,2,17,4.916502,2800.0
11,2,18,0.0,2800.0
11,2,19,0.0,2800.0
11,2,20,0.0,2800.0
11,2,21,0.0,2800.0
11,2,22,0.0,2800.0
11,2,23,0.0,2800.0
11,3,0,0.0,2800.0
11,3,1,0.0,2800.0
11,3,2,0.0,2800.0
11,3,3,0.0,2800.0
11,3,4,0.0,2800.0
11,3,5,0.0,2800.0
11,3,6,-0.0,2800.0
11,3,7,49.416246,2800.0
11,3,8,149.541255,2800.0
11,3,9,225.07446,2800.0
11,3,10,272.459449,2800.0
11,3,11,299.46630200000004,2800.0
11,3,12,305.816462,2800.0
11,3,13,282.052647,2800.0
11,3,14,238.466484,2800.0
11,3,15,172.402431,2800.0
11,3,16,84.62303299999999,2800.0
11,3,17,4.040313,2800.0
11,3,18,0.0,2800.0
11,3,19,0.0,2800.0
11,3,20,0.0,2800.0
11,3,21,0.0,2800.0
11,3,22,0.0,2800.0
11,3,23,0.0,2800.0
11,4,0,0.0,2800.0
11,4,1,0.0,2800.0
11,4,2,0.0,2800.0
11,4,3,0.0,2800.0
11,4,4,0.0,2800.0
11,4,5,0.0,2800.0
11,4,6,-0.0,2800.0
11,4,7,47.610400999999996,2800.0
11,4,8,145.887608,2800.0
11,4,9,220.684584,2800.0
11,4,10,277.326452,2800.0
11,4,11,307.033398,2800.0
11,4,12,312.853682,2800.0
11,4,13,290.810458,2800.0
11,4,14,245.157683,2800.0
11,4,15,177.023627,2800.0
11,4,16,87.183141,2800.0
11,4,17,4.5658140000000005,2800.0
11,4,18,0.0,2800.0
11,4,19,0.0,2800.0
11,4,20,0.0,2800.0
11,4,21,0.0,2800.0
11,4,22,0.0,2800.0
11,4,23,0.0,2800.0
11,5,0,0.0,2800.0
11,5,1,0.0,2800.0
11,5,2,0.0,2800.0
11,5,3,0.0,2800.0
11,5,4,0.0,2800.0
11,5,5,0.0,2800.0
11,5,6,-0.0,2800.0
11,5,7,47.114834,2800.0
11,5,8,145.116813,2800.0
11,5,9,221.09231599999998,2800.0
11,5,10,270.978331,2800.0
11,5,11,296.83822100000003,2800.0
11,5,12,300.390158,2800.0
11,5,13,282.490369,2800.0
11,5,14,240.82203700000002,2800.0
11,5,15,175.67006099999998,2800.0
11,5,16,88.080679,2800.0
11,5,17,4.438661,2800.0
11,5,18,0.0,2800.0
11,5,19,0.0,2800.0
11,5,20,0.0,2800.0
11,5,21,0.0,2800.0
11,5,22,0.0,2800.0
11,5,23,0.0,2800.0
11,6,0,0.0,2800.0
11,6,1,0.0,2800.0
11,6,2,0.0,2800.0
11,6,3,0.0,2800.0
11,6,4,0.0,2800.0
11,6,5,0.0,2800.0
11,6,6,-0.0,2800.0
11,6,7,52.160011,2800.0
11,6,8,155.280181,2800.0
11,6,9,233.936599,2800.0
11,6,10,284.28835399999997,2800.0
11,6,11,301.710792,2800.0
11,6,12,295.392434,2800.0
11,6,13,276.159633,2800.0
11,6,14,239.11529199999998,2800.0
11,6,15,175.59231400000002,2800.0
11,6,16,87.177261,2800.0
11,6,17,4.035322,2800.0
11,6,18,0.0,2800.0
11,6,19,0.0,2800.0
11,6,20,0.0,2800.0
11,6,21,0.0,2800.0
11,6,22,0.0,2800.0
11,6,23,0.0,2800.0
11,7,0,0.0,2800.0
11,7,1,0.0,2800.0
11,7,2,0.0,2800.0
11,7,3,0.0,2800.0
11,7,4,0.0,2800.0
11,7,5,0.0,2800.0
11,7,6,-0.0,2800.0
11,7,7,52.443442000000005,2800.0
11,7,8,152.691085,2800.0
11,7,9,223.99775,2800.0
11,7,10,270.326728,2800.0
11,7,11,299.202766,2800.0
11,7,12,304.06393699999995,2800.0
11,7,13,282.83653499999997,2800.0
11,7,14,239.321778,2800.0
11,7,15,172.649486,2800.0
11,7,16,84.75055,2800.0
11,7,17,3.46238,2800.0
11,7,18,0.0,2800.0
11,7,19,0.0,2800.0
11,7,20,0.0,2800.0
11,7,21,0.0,2800.0
11,7,22,0.0,2800.0
11,7,23,0.0,2800.0
11,8,0,0.0,1749.3017415377876
11,8,1,0.0,881.5257965526516
11,8,2,0.0,592.796019999516
11,8,3,0.0,312.8020973326286
11,8,4,0.0,131.96338481220266
11,8,5,0.0,28.504091119435778
11,8,6,0.0,3.0015560628812588
11,8,7,40.132864999999995,76.36769954409877
11,8,8,138.09505900000002,218.66271769222345
11,8,9,214.675282,336.8536460978451
11,8,10,267.48789500000004,475.7328897807615
11,8,11,296.282235,769.610460224766
11,8,12,298.74636499999997,2275.070137118247
11,8,13,279.95714399999997,2800.0
11,8,14,232.79544399999997,2800.0
11,8,15,166.037774,2800.0
11,8,16,79.08132,2800.0
11,8,17,2.3048319999999998,2800.0
11,8,18,0.0,2800.0
11,8,19,0.0,2800.0
11,8,20,0.0,2800.0
11,8,21,0.0,2800.0
11,8,22,0.0,2800.0
11,8,23,0.0,2800.0
11,9,0,0.0,2800.0
11,9,1,0.0,2800.0
11,9,2,0.0,2800.0
11,9,3,0.0,2800.0
11,9,4,0.0,2800.0
11,9,5,0.0,2800.0
11,9,6,0.0,2800.0
11,9,7,38.654102,2800.0
11,9,8,136.785172,2800.0
11,9,9,213.92209899999997,2800.0
11,9,10,266.863183,2800.0
11,9,11,296.653978,2800.0
11,9,12,299.791409,2800.0
11,9,13,281.333234,2800.0
11,9,14,234.235788,2800.0
11,9,15,166.265155,2800.0
11,9,16,78.85941899999999,2800.0
11,9,17,2.3240770000000004,2800.0
11,9,18,0.0,2800.0
11,9,19,0.0,2800.0
11,9,20,0.0,2800.0
11,9,21,0.0,2800.0
11,9,22,0.0,2800.0
11,9,23,0.0,2800.0
11,10,0,0.0,2800.0
11,10,1,0.0,2800.0
11,10,2,0.0,2800.0
11,10,3,0.0,2800.0
11,10,4,0.0,2800.0
11,10,5,0.0,2800.0
11,10,6,0.0,2800.0
11,10,7,44.292425,2800.0
11,10,8,149.215824,2800.0
11,10,9,230.490541,2800.0
11,10,10,286.53904100000005,2800.0
11,10,11,312.78062,2800.0
11,10,12,312.443613,2800.0
11,10,13,286.10222,445.37642374118406
11,10,14,234.90312899999998,1222.1129067458091
11,10,15,162.34092800000002,2800.0
11,10,16,77.637967,2800.0
11,10,17,1.5603420000000001,2800.0
11,10,18,0.0,2800.0
11,10,19,0.0,2800.0
11,10,20,0.0,2800.0
11,10,21,0.0,2800.0
11,10,22,0.0,2800.0
11,10,23,0.0,2800.0
11,11,0,0.0,1712.6043126696648
11,11,1,0.0,1003.7965929387176
11,11,2,0.0,953.6162939806846
11,11,3,0.0,2145.5095856044995
11,11,4,0.0,2800.0
11,11,5,0.0,2800.0
11,11,6,0.0,2800.0
11,11,7,28.045202,2800.0
11,11,8,121.275619,2800.0
11,11,9,202.067273,2800.0
11,11,10,267.79679200000004,2800.0
11,11,11,293.66937800000005,2549.630956168769
11,11,12,293.154396,2364.2786071344885
11,11,13,254.30418799999998,2800.0
11,11,14,209.254416,2800.0
11,11,15,142.31329300000002,2800.0
11,11,16,62.725402,2800.0
11,11,17,-0.0,2800.0
11,11,18,0.0,2800.0
11,11,19,0.0,2800.0
11,11,20,0.0,2800.0
11,11,21,0.0,2800.0
11,11,22,0.0,2800.0
11,11,23,0.0,2800.0
11,12,0,0.0,2800.0
11,12,1,0.0,2800.0
11,12,2,0.0,2800.0
11,12,3,0.0,2800.0
11,12,4,0.0,2800.0
11,12,5,0.0,2800.0
11,12,6,0.0,2800.0
11,12,7,-0.0,2800.0
11,12,8,2.219903,2800.0
11,12,9,26.510397,2800.0
11,12,10,24.246475,2800.0
11,12,11,39.309237,2800.0
11,12,12,33.386413999999995,2800.0
11,12,13,104.375303,2800.0
11,12,14,78.747885,2800.0
11,12,15,58.813862,2800.0
11,12,16,79.663088,2800.0
11,12,17,2.4815569999999996,2800.0
11,12,18,0.0,2800.0
11,12,19,0.0,2800.0
11,12,20,0.0,2800.0
11,12,21,0.0,2800.0
11,12,22,0.0,2800.0
11,12,23,0.0,2800.0
11,13,0,0.0,2800.0
11,13,1,0.0,2800.0
11,13,2,0.0,2800.0
11,13,3,0.0,2800.0
11,13,4,0.0,2800.0
11,13,5,0.0,2800.0
11,13,6,0.0,2800.0
11,13,7,53.955434999999994,2800.0
11,13,8,164.81661499999998,2800.0
11,13,9,248.254603,2800.0
11,13,10,299.497076,2800.0
11,13,11,328.64313699999997,2800.0
11,13,12,331.083823,2800.0
11,13,13,310.642566,813.163264745564
11,13,14,264.335533,2319.3884514592746
11,13,15,192.531924,2800.0
11,13,16,94.80535,2800.0
11,13,17,4.298404000000001,2800.0
11,13,18,0.0,2800.0
11,13,19,0.0,2800.0
11,13,20,0.0,2800.0
11,13,21,0.0,2800.0
11,13,22,0.0,2800.0
11,13,23,0.0,2800.0
11,14,0,0.0,2800.0
11,14,1,0.0,2800.0
11,14,2,0.0,2800.0
11,14,3,0.0,2800.0
11,14,4,0.0,2800.0
11,14,5,0.0,2800.0
11,14,6,0.0,2800.0
11,14,7,51.816858,2800.0
11,14,8,159.76415400000002,2800.0
11,14,9,241.390298,2800.0
11,14,10,301.085911,2145.5095856044995
11,14,11,329.64206,2800.0
11,14,12,331.88034700000003,2800.0
11,14,13,311.15739,2800.0
11,14,14,264.02479999999997,2800.0
11,14,15,190.69603700000002,2800.0
11,14,16,92.649091,2800.0
11,14,17,3.650221,2800.0
11,14,18,0.0,2800.0
11,14,19,0.0,2800.0
11,14,20,0.0,2800.0
11,14,21,0.0,2800.0
11,14,22,0.0,2800.0
11,14,23,0.0,2800.0
11,15,0,0.0,2800.0
11,15,1,0.0,2800.0
11,15,2,0.0,2800.0
11,15,3,0.0,2800.0
11,15,4,0.0,2800.0
11,15,5,0.0,2800.0
11,15,6,0.0,2800.0
11,15,7,51.931017999999995,2800.0
11,15,8,159.779489,2800.0
11,15,9,237.67742199999998,2800.0
11,15,10,288.837889,2800.0
11,15,11,315.861988,2800.0
11,15,12,318.43677,2800.0
11,15,13,298.084727,2800.0
11,15,14,254.683401,2800.0
11,15,15,188.984226,2800.0
11,15,16,93.668547,2800.0
11,15,17,2.362483,929.1658003530496
11,15,18,0.0,160.15467383430587
11,15,19,0.0,953.6162939806846
11,15,20,0.0,2800.0
11,15,21,0.0,2800.0
11,15,22,0.0,2800.0
11,15,23,0.0,2800.0
11,16,0,0.0,2800.0
11,16,1,0.0,2800.0
11,16,2,0.0,2800.0
11,16,3,0.0,2800.0
11,16,4,0.0,2800.0
11,16,5,0.0,2800.0
11,16,6,0.0,2800.0
11,16,7,51.218146999999995,2800.0
11,16,8,160.40134099999997,2800.0
11,16,9,237.61271299999999,2800.0
11,16,10,292.161144,2800.0
11,16,11,308.402261,2800.0
11,16,12,310.793071,2800.0
11,16,13,292.864037,2800.0
11,16,14,251.697427,2800.0
11,16,15,186.28057800000002,2800.0
11,16,16,90.476228,2800.0
11,16,17,2.1525390000000004,2800.0
11,16,18,0.0,2800.0
11,16,19,0.0,2800.0
11,16,20,0.0,2800.0
11,16,21,0.0,2800.0
11,16,22,0.0,2800.0
11,16,23,0.0,2800.0
11,17,0,0.0,2800.0
11,17,1,0.0,2800.0
11,17,2,0.0,2800.0
11,17,3,0.0,2800.0
11,17,4,0.0,2800.0
11,17,5,0.0,2800.0
11,17,6,0.0,2800.0
11,17,7,48.153006999999995,2800.0
11,17,8,157.238823,2800.0
11,17,9,235.23763200000002,2800.0
11,17,10,283.053645,2800.0
11,17,11,300.024408,2800.0
11,17,12,297.607279,2800.0
11,17,13,281.127092,2800.0
11,17,14,242.19192,2800.0
11,17,15,175.604567,2800.0
11,17,16,84.399609,2800.0
11,17,17,1.7468759999999999,2800.0
11,17,18,0.0,2800.0
11,17,19,0.0,2800.0
11,17,20,0.0,2800.0
11,17,21,0.0,2800.0
11,17,22,0.0,2800.0
11,17,23,0.0,2800.0
11,18,0,0.0,2800.0
11,18,1,0.0,1862.5318241810248
11,18,2,0.0,707.2412654778989
11,18,3,0.0,289.9235564324093
11,18,4,0.0,183.74862734385428
11,18,5,0.0,160.15467383430587
11,18,6,0.0,175.6432651850418
11,18,7,40.446658000000006,349.3284625537728
11,18,8,141.701975,460.3878697051685
11,18,9,217.480653,2275.070137118247
11,18,10,270.31143,2800.0
11,18,11,298.264151,2800.0
11,18,12,302.833154,2800.0
11,18,13,285.830934,2800.0
11,18,14,243.15581899999998,2800.0
11,18,15,177.199682,2800.0
11,18,16,85.668161,2800.0
11,18,17,1.746732,2800.0
11,18,18,0.0,2800.0
11,18,19,0.0,2800.0
11,18,20,0.0,2800.0
11,18,21,0.0,2800.0
11,18,22,0.0,2800.0
11,18,23,0.0,2800.0
11,19,0,0.0,2800.0
11,19,1,0.0,2800.0
11,19,2,0.0,2800.0
11,19,3,0.0,1824.2618316438895
11,19,4,0.0,523.8060511729734
11,19,5,0.0,21.955408148130225
11,19,6,0.0,362.10752792468406
11,19,7,39.872881,2020.963642713616
11,19,8,142.265924,2800.0
11,19,9,216.88216,2800.0
11,19,10,262.68865600000004,1786.5196926460033
11,19,11,290.94158500000003,71.8766678693094
11,19,12,299.21056699999997,610.9415963527902
11,19,13,277.06130099999996,2800.0
11,19,14,232.860875,2800.0
11,19,15,166.81397,2800.0
11,19,16,77.875584,2800.0
11,19,17,0.0,2800.0
11,19,18,0.0,2800.0
11,19,19,0.0,2800.0
11,19,20,0.0,2800.0
11,19,21,0.0,2800.0
11,19,22,0.0,2800.0
11,19,23,0.0,2800.0
11,20,0,0.0,2800.0
11,20,1,0.0,2800.0
11,20,2,0.0,2800.0
11,20,3,0.0,2800.0
11,20,4,0.0,2800.0
11,20,5,0.0,2800.0
11,20,6,0.0,2800.0
11,20,7,32.466082,2800.0
11,20,8,131.45357,2800.0
11,20,9,207.728848,2800.0
11,20,10,255.873545,2800.0
11,20,11,286.19706199999996,2800.0
11,20,12,293.365473,2800.0
11,20,13,273.453835,2800.0
11,20,14,230.2419,2800.0
11,20,15,164.572189,2800.0
11,20,16,76.754215,2800.0
11,20,17,0.0,2800.0
11,20,18,0.0,2800.0
11,20,19,0.0,2800.0
11,20,20,0.0,2800.0
11,20,21,0.0,2800.0
11,20,22,0.0,2800.0
11,20,23,0.0,2800.0
11,21,0,0.0,2800.0
11,21,1,0.0,2800.0
11,21,2,0.0,2800.0
11,21,3,0.0,2800.0
11,21,4,0.0,2800.0
11,21,5,0.0,2800.0
11,21,6,0.0,2800.0
11,21,7,25.832648000000002,2800.0
11,21,8,121.86040399999999,2800.0
11,21,9,165.18039199999998,2800.0
11,21,10,216.521907,2800.0
11,21,11,202.909384,2800.0
11,21,12,302.885206,2800.0
11,21,13,286.398442,2800.0
11,21,14,241.70296599999998,2800.0
11,21,15,172.88278200000002,2800.0
11,21,16,81.918975,2800.0
11,21,17,0.0,2800.0
11,21,18,0.0,2800.0
11,21,19,0.0,2800.0
11,21,20,0.0,2800.0
11,21,21,0.0,2800.0
11,21,22,0.0,2800.0
11,21,23,0.0,2800.0
11,22,0,0.0,2800.0
11,22,1,0.0,2800.0
11,22,2,0.0,2800.0
11,22,3,0.0,2800.0
11,22,4,0.0,2800.0
11,22,5,0.0,2800.0
11,22,6,0.0,2800.0
11,22,7,42.090599000000005,1136.8810555802274
11,22,8,100.994701,402.3068740231014
11,22,9,176.691279,1029.5337295682716
11,22,10,209.44834,2800.0
11,22,11,316.485032,2800.0
11,22,12,320.931505,2800.0
11,22,13,302.357458,2800.0
11,22,14,258.504529,2800.0
11,22,15,190.706672,2800.0
11,22,16,95.018719,2800.0
11,22,17,0.0,2800.0
11,22,18,0.0,2800.0
11,22,19,0.0,2800.0
11,22,20,0.0,2800.0
11,22,21,0.0,2800.0
11,22,22,0.0,2800.0
11,22,23,0.0,2800.0
11,23,0,0.0,2800.0
11,23,1,0.0,2800.0
11,23,2,0.0,2800.0
11,23,3,0.0,2800.0
11,23,4,0.0,2800.0
11,23,5,0.0,2800.0
11,23,6,0.0,2800.0
11,23,7,40.557938,2800.0
11,23,8,112.753945,2800.0
11,23,9,226.382142,2800.0
11,23,10,287.677451,2645.8334855800563
11,23,11,315.454294,2549.630956168769
11,23,12,317.799832,2800.0
11,23,13,296.689674,2800.0
11,23,14,224.548599,2800.0
11,23,15,129.459765,2800.0
11,23,16,18.627534,2800.0
11,23,17,0.0,2800.0
11,23,18,0.0,2800.0
11,23,19,0.0,2800.0
11,23,20,0.0,2800.0
11,23,21,0.0,1570.9465066065366
11,23,22,0.0,1029.5337295682716
11,23,23,0.0,1862.5318241810248
11,24,0,0.0,2800.0
11,24,1,0.0,2800.0
11,24,2,0.0,2800.0
11,24,3,0.0,2800.0
11,24,4,0.0,2800.0
11,24,5,0.0,2800.0
11,24,6,0.0,2800.0
11,24,7,14.181884,2800.0
11,24,8,97.467926,1862.5318241810248
11,24,9,152.99112599999998,881.5257965526516
11,24,10,180.666276,1570.9465066065366
11,24,11,222.909474,2800.0
11,24,12,137.150945,2800.0
11,24,13,149.238918,2800.0
11,24,14,102.924279,2800.0
11,24,15,3.788981,2800.0
11,24,16,0.605914,2800.0
11,24,17,0.0,2800.0
11,24,18,0.0,2800.0
11,24,19,0.0,1222.1129067458091
11,24,20,0.0,312.8020973326286
11,24,21,0.0,687.226207839785
11,24,22,0.0,1469.9890187508342
11,24,23,0.0,2502.4167786610287
11,25,0,0.0,2800.0
11,25,1,0.0,2800.0
11,25,2,0.0,2800.0
11,25,3,0.0,2800.0
11,25,4,0.0,2800.0
11,25,5,0.0,2800.0
11,25,6,0.0,2800.0
11,25,7,9.312436,2800.0
11,25,8,25.243837,2800.0
11,25,9,31.044192,2800.0
11,25,10,15.965001,2800.0
11,25,11,27.670966,2800.0
11,25,12,117.790436,2800.0
11,25,13,198.79712,2800.0
11,25,14,112.675341,2800.0
11,25,15,23.390888,2800.0
11,25,16,0.615333,2800.0
11,25,17,0.0,2800.0
11,25,18,0.0,2800.0
11,25,19,0.0,2800.0
11,25,20,0.0,2800.0
11,25,21,0.0,2800.0
11,25,22,0.0,2800.0
11,25,23,0.0,2800.0
11,26,0,0.0,2800.0
11,26,1,0.0,2800.0
11,26,2,0.0,2275.070137118247
11,26,3,0.0,2364.2786071344885
11,26,4,0.0,2800.0
11,26,5,0.0,2800.0
11,26,6,0.0,2800.0
11,26,7,22.635686,2800.0
11,26,8,122.746269,2800.0
11,26,9,204.304095,2800.0
11,26,10,269.517892,2800.0
11,26,11,294.65457799999996,2800.0
11,26,12,295.678616,648.3361095823518
11,26,13,278.714229,71.8766678693094
11,26,14,237.241175,2800.0
11,26,15,169.119917,2800.0
11,26,16,77.633478,2800.0
11,26,17,0.0,2800.0
11,26,18,0.0,2800.0
11,26,19,0.0,2800.0
11,26,20,0.0,2800.0
11,26,21,0.0,2800.0
11,26,22,0.0,2800.0
11,26,23,0.0,929.1658003530496
11,27,0,0.0,152.76411334322614
11,27,1,0.0,71.8766678693094
11,27,2,0.0,81.04201369779398
11,27,3,0.0,160.15467383430587
11,27,4,0.0,388.5930680097703
11,27,5,0.0,905.1368564268978
11,27,6,0.0,1980.545579523704
11,27,7,31.785777,2800.0
11,27,8,134.56017,2800.0
11,27,9,217.422123,2455.7891050857875
11,27,10,279.251281,1570.9465066065366
11,27,11,309.831733,2744.426018516277
11,27,12,316.697532,2800.0
11,27,13,295.486649,2800.0
11,27,14,249.57622,2800.0
11,27,15,179.376973,2800.0
11,27,16,4.438178,2800.0
11,27,17,0.0,2800.0
11,27,18,0.0,2800.0
11,27,19,0.0,2800.0
11,27,20,0.0,2800.0
11,27,21,0.0,2800.0
11,27,22,0.0,2800.0
11,27,23,0.0,2800.0
11,28,0,0.0,2188.134369840437
11,28,1,0.0,1901.3333359069868
11,28,2,0.0,2319.3884514592746
11,28,3,0.0,2800.0
11,28,4,0.0,2800.0
11,28,5,0.0,2800.0
11,28,6,0.0,2800.0
11,28,7,22.225523000000003,2800.0
11,28,8,125.770454,2800.0
11,28,9,209.6805,2319.3884514592746
11,28,10,274.606205,1342.23868718708
11,28,11,306.999512,2800.0
11,28,12,313.65540500000003,2800.0
11,28,13,293.239791,2800.0
11,28,14,248.310013,2800.0
11,28,15,179.025453,2800.0
11,28,16,85.737257,2800.0
11,28,17,0.0,2800.0
11,28,18,0.0,2800.0
11,28,19,0.0,2800.0
11,28,20,0.0,2800.0
11,28,21,0.0,2800.0
11,28,22,0.0,2800.0
11,28,23,0.0,2800.0
11,29,0,0.0,2800.0
11,29,1,0.0,2800.0
11,29,2,0.0,2800.0
11,29,3,0.0,2800.0
11,29,4,0.0,2800.0
11,29,5,0.0,2744.426018516277
11,29,6,0.0,2800.0
11,29,7,24.287525000000002,2800.0
11,29,8,125.655208,2800.0
11,29,9,207.66278599999998,2800.0
11,29,10,257.224956,2800.0
11,29,11,287.36164399999996,2800.0
11,29,12,293.03847499999995,2800.0
11,29,13,225.062197,2800.0
11,29,14,195.429033,2800.0
11,29,15,171.850636,2800.0
11,29,16,82.40080400000001,2800.0
11,29,17,0.0,2800.0
11,29,18,0.0,2800.0
11,29,19,0.0,2800.0
11,29,20,0.0,2800.0
11,29,21,0.0,2800.0
11,29,22,0.0,2800.0
11,29,23,0.0,2800.0
11,30,0,0.0,2800.0
11,30,1,0.0,2800.0
11,30,2,0.0,2800.0
11,30,3,0.0,2800.0
11,30,4,0.0,2800.0
11,30,5,0.0,2800.0
11,30,6,0.0,2800.0
11,30,7,25.648165000000002,2800.0
11,30,8,129.075795,2800.0
11,30,9,208.98004500000002,2800.0
11,30,10,258.038361,2800.0
11,30,11,284.677386,2800.0
11,30,12,290.698825,2800.0
11,30,13,247.380662,2800.0
11,30,14,179.0937,2800.0
11,30,15,169.002492,2800.0
11,30,16,80.147754,2800.0
11,30,17,0.0,2800.0
11,30,18,0.0,2800.0
11,30,19,0.0,2800.0
11,30,20,0.0,2800.0
11,30,21,0.0,2800.0
11,30,22,0.0,2800.0
11,30,23,0.0,2800.0
12,1,0,0.0,2800.0
12,1,1,0.0,2800.0
12,1,2,0.0,1786.5196926460033
12,1,3,0.0,1311.5016045329749
12,1,4,0.0,1503.1454301264964
12,1,5,0.0,2364.2786071344885
12,1,6,0.0,2800.0
12,1,7,25.401494,2800.0
12,1,8,129.206975,2800.0
12,1,9,210.958557,2800.0
12,1,10,262.68766100000005,2800.0
12,1,11,287.759285,2800.0
12,1,12,292.225918,1373.4523042863404
12,1,13,275.924758,2800.0
12,1,14,235.51902900000002,2800.0
12,1,15,136.07541899999998,2800.0
12,1,16,80.785527,2800.0
12,1,17,0.0,2800.0
12,1,18,0.0,2800.0
12,1,19,0.0,2800.0
12,1,20,0.0,2800.0
12,1,21,0.0,2800.0
12,1,22,0.0,2800.0
12,1,23,0.0,2800.0
12,2,0,0.0,2800.0
12,2,1,0.0,2020.963642713616
12,2,2,0.0,1251.4423799619176
12,2,3,0.0,769.610460224766
12,2,4,0.0,349.3284625537728
12,2,5,0.0,167.779835898385
12,2,6,0.0,362.10752792468406
12,2,7,29.176033,1082.3203053763452
12,2,8,136.325742,2800.0
12,2,9,217.415957,2800.0
12,2,10,270.320033,2800.0
12,2,11,293.150844,1605.5985030100696
12,2,12,298.065462,1055.7070784976213
12,2,13,284.956826,2800.0
12,2,14,248.033085,2800.0
12,2,15,182.733728,2800.0
12,2,16,88.964575,2800.0
12,2,17,0.0,2800.0
12,2,18,0.0,2800.0
12,2,19,0.0,2800.0
12,2,20,0.0,2800.0
12,2,21,0.0,2800.0
12,2,22,0.0,2800.0
12,2,23,0.0,1536.7967041952045
12,3,0,0.0,629.4537376638762
12,3,1,0.0,362.10752792468406
12,3,2,0.0,257.74098596133337
12,3,3,0.0,200.6998128762587
12,3,4,0.0,167.779835898385
12,3,5,0.0,160.15467383430587
12,3,6,0.0,167.779835898385
12,3,7,28.895139,167.779835898385
12,3,8,134.95094899999998,209.55296754900695
12,3,9,215.134161,36.240444554051166
12,3,10,265.688338,76.36769954409877
12,3,11,232.377386,138.67213448175264
12,3,12,304.883927,1029.5337295682716
12,3,13,286.435667,2800.0
12,3,14,243.613237,2800.0
12,3,15,175.679472,2800.0
12,3,16,84.161518,2800.0
12,3,17,0.0,2800.0
12,3,18,0.0,2800.0
12,3,19,0.0,2800.0
12,3,20,0.0,2800.0
12,3,21,0.0,2800.0
12,3,22,0.0,2800.0
12,3,23,0.0,2800.0
12,4,0,0.0,2800.0
12,4,1,0.0,2800.0
12,4,2,0.0,2800.0
12,4,3,0.0,2800.0
12,4,4,0.0,2800.0
12,4,5,0.0,2800.0
12,4,6,0.0,2800.0
12,4,7,21.556428,2800.0
12,4,8,124.395934,2800.0
12,4,9,209.098964,2800.0
12,4,10,269.52374599999996,2800.0
12,4,11,302.062349,2800.0
12,4,12,308.685437,2800.0
12,4,13,284.19351,2800.0
12,4,14,241.039952,2800.0
12,4,15,172.631946,2800.0
12,4,16,81.242247,2800.0
12,4,17,0.0,2800.0
12,4,18,0.0,2800.0
12,4,19,0.0,2800.0
12,4,20,0.0,2800.0
12,4,21,0.0,2800.0
12,4,22,0.0,2800.0
12,4,23,0.0,2800.0
12,5,0,0.0,2800.0
12,5,1,0.0,2800.0
12,5,2,0.0,2800.0
12,5,3,0.0,2800.0
12,5,4,0.0,2800.0
12,5,5,0.0,2800.0
12,5,6,0.0,2800.0
12,5,7,5.300812,2800.0
12,5,8,80.28393399999999,2800.0
12,5,9,144.728368,2800.0
12,5,10,260.147172,2800.0
12,5,11,292.747199,2800.0
12,5,12,301.43287599999996,2800.0
12,5,13,285.907178,2800.0
12,5,14,244.321824,2800.0
12,5,15,109.333154,2800.0
12,5,16,86.379751,2800.0
12,5,17,0.0,2800.0
12,5,18,0.0,2800.0
12,5,19,0.0,2800.0
12,5,20,0.0,2800.0
12,5,21,0.0,2800.0
12,5,22,0.0,2800.0
12,5,23,0.0,2800.0
12,6,0,0.0,2800.0
12,6,1,0.0,2800.0
12,6,2,0.0,2800.0
12,6,3,0.0,2800.0
12,6,4,0.0,2800.0
12,6,5,0.0,2800.0
12,6,6,0.0,2319.3884514592746
12,6,7,3.981986,1109.377075854021
12,6,8,43.118250999999994,748.4297260208111
12,6,9,148.281462,881.5257965526516
12,6,10,254.111139,1164.8359102045422
12,6,11,257.404503,858.3289550807331
12,6,12,223.618571,835.542666361563
12,6,13,209.355957,2800.0
12,6,14,163.70085500000002,2800.0
12,6,15,103.18160400000001,2800.0
12,6,16,7.660059,2800.0
12,6,17,0.0,2800.0
12,6,18,0.0,2800.0
12,6,19,0.0,2800.0
12,6,20,0.0,2800.0
12,6,21,0.0,2800.0
12,6,22,0.0,2800.0
12,6,23,0.0,2800.0
12,7,0,0.0,2800.0
12,7,1,0.0,2800.0
12,7,2,0.0,2800.0
12,7,3,0.0,2800.0
12,7,4,0.0,2800.0
12,7,5,0.0,2800.0
12,7,6,0.0,2061.927887690667
12,7,7,5.659719,1136.8810555802274
12,7,8,73.487808,1503.1454301264964
12,7,9,176.25062100000002,2744.426018516277
12,7,10,210.798568,2800.0
12,7,11,163.226959,2800.0
12,7,12,106.42483,2800.0
12,7,13,85.599913,2800.0
12,7,14,53.694758,2800.0
12,7,15,40.484494,2800.0
12,7,16,8.923999,2800.0
12,7,17,0.0,2800.0
12,7,18,0.0,2800.0
12,7,19,0.0,2800.0
12,7,20,0.0,2800.0
12,7,21,0.0,2800.0
12,7,22,0.0,2800.0
12,7,23,0.0,2800.0
12,8,0,0.0,2800.0
12,8,1,0.0,2800.0
12,8,2,0.0,2800.0
12,8,3,0.0,2800.0
12,8,4,0.0,2800.0
12,8,5,0.0,2800.0
12,8,6,0.0,2800.0
12,8,7,6.673076,2364.2786071344885
12,8,8,30.897186,2597.435303258585
12,8,9,95.35231,2549.630956168769
12,8,10,254.77134700000002,2800.0
12,8,11,219.66793299999998,2800.0
12,8,12,192.025397,2800.0
12,8,13,173.09999,2800.0
12,8,14,121.23019000000001,2800.0
12,8,15,78.540093,2800.0
12,8,16,52.671076,2800.0
12,8,17,0.0,2800.0
12,8,18,0.0,2800.0
12,8,19,0.0,2800.0
12,8,20,0.0,2800.0
12,8,21,0.0,2800.0
12,8,22,0.0,2800.0
12,8,23,0.0,2800.0
12,9,0,0.0,2800.0
12,9,1,0.0,2800.0
12,9,2,0.0,2549.630956168769
12,9,3,0.0,2502.4167786610287
12,9,4,0.0,2800.0
12,9,5,0.0,2800.0
12,9,6,0.0,2800.0
12,9,7,25.983150000000002,2800.0
12,9,8,136.707764,2800.0
12,9,9,219.89516899999998,2800.0
12,9,10,272.734076,2800.0
12,9,11,299.484967,2188.134369840437
12,9,12,305.44996000000003,71.8766678693094
12,9,13,290.032243,1749.3017415377876
12,9,14,252.348556,2800.0
12,9,15,192.76811999999998,2800.0
12,9,16,98.421679,2800.0
12,9,17,0.0,2800.0
12,9,18,0.0,2800.0
12,9,19,0.0,2800.0
12,9,20,0.0,2800.0
12,9,21,0.0,2800.0
12,9,22,0.0,2800.0
12,9,23,0.0,2800.0
12,10,0,0.0,2800.0
12,10,1,0.0,2800.0
12,10,2,0.0,2800.0
12,10,3,0.0,2800.0
12,10,4,0.0,2800.0
12,10,5,0.0,2800.0
12,10,6,0.0,1222.1129067458091
12,10,7,29.372405999999998,336.8536460978451
12,10,8,142.508385,71.8766678693094
12,10,9,228.495713,2275.070137118247
12,10,10,286.35357400000004,2800.0
12,10,11,319.095013,2800.0
12,10,12,324.7577,2800.0
12,10,13,312.947082,2800.0
12,10,14,268.765582,2800.0
12,10,15,200.176501,2800.0
12,10,16,100.665582,2800.0
12,10,17,0.0,2800.0
12,10,18,0.0,2800.0
12,10,19,0.0,2800.0
12,10,20,0.0,2800.0
12,10,21,0.0,2800.0
12,10,22,0.0,2800.0
12,10,23,0.0,2800.0
12,11,0,0.0,2800.0
12,11,1,0.0,2800.0
12,11,2,0.0,2800.0
12,11,3,0.0,2597.435303258585
12,11,4,0.0,813.163264745564
12,11,5,0.0,445.37642374118406
12,11,6,0.0,667.5923777577954
12,11,7,6.306274999999999,1503.1454301264964
12,11,8,104.204639,2800.0
12,11,9,198.99660599999999,2800.0
12,11,10,274.10292200000004,727.6412163217148
12,11,11,305.815178,388.5930680097703
12,11,12,310.722268,8.44565662798097
12,11,13,297.349977,247.56819744046305
12,11,14,252.560804,2744.426018516277
12,11,15,182.20523699999998,2800.0
12,11,16,87.978834,2800.0
12,11,17,1.651365,2800.0
12,11,18,0.0,2800.0
12,11,19,0.0,2800.0
12,11,20,0.0,2800.0
12,11,21,0.0,2800.0
12,11,22,0.0,2800.0
12,11,23,0.0,2800.0
12,12,0,0.0,2800.0
12,12,1,0.0,2800.0
12,12,2,0.0,1640.756359055384
12,12,3,0.0,1469.9890187508342
12,12,4,0.0,1311.5016045329749
12,12,5,0.0,648.3361095823518
12,12,6,0.0,209.55296754900695
12,12,7,14.889614,610.9415963527902
12,12,8,123.262191,2800.0
12,12,9,213.903712,2800.0
12,12,10,276.822467,2800.0
12,12,11,311.620865,2800.0
12,12,12,320.008667,2800.0
12,12,13,303.874485,2800.0
12,12,14,260.009159,2800.0
12,12,15,191.053631,2800.0
12,12,16,93.83652099999999,2800.0
12,12,17,2.295032,2800.0
12,12,18,0.0,2800.0
12,12,19,0.0,2800.0
12,12,20,0.0,2800.0
12,12,21,0.0,2800.0
12,12,22,0.0,1136.8810555802274
12,12,23,0.0,1164.8359102045422
12,13,0,0.0,2744.426018516277
12,13,1,0.0,2800.0
12,13,2,0.0,2800.0
12,13,3,0.0,2800.0
12,13,4,0.0,2800.0
12,13,5,0.0,2800.0
12,13,6,0.0,2800.0
12,13,7,20.279829000000003,2800.0
12,13,8,135.24147,2800.0
12,13,9,224.678807,2800.0
12,13,10,281.53434000000004,2800.0
12,13,11,313.316059,2800.0
12,13,12,321.365865,2800.0
12,13,13,308.06575799999996,2800.0
12,13,14,265.96923200000003,2800.0
12,13,15,200.051773,2800.0
12,13,16,103.276022,2800.0
12,13,17,2.263061,2800.0
12,13,18,0.0,2800.0
12,13,19,0.0,2800.0
12,13,20,0.0,2800.0
12,13,21,0.0,2800.0
12,13,22,0.0,2103.4419801044355
12,13,23,0.0,312.8020973326286
12,14,0,0.0,175.6432651850418
12,14,1,0.0,1193.2453053765432
12,14,2,0.0,2800.0
12,14,3,0.0,2800.0
12,14,4,0.0,2800.0
12,14,5,0.0,2800.0
12,14,6,0.0,2800.0
12,14,7,5.568395000000001,2800.0
12,14,8,77.035769,2800.0
12,14,9,170.292899,2800.0
12,14,10,244.56931899999998,2800.0
12,14,11,282.654283,2800.0
12,14,12,306.417625,2800.0
12,14,13,267.163097,2800.0
12,14,14,220.828161,2800.0
12,14,15,148.321378,2800.0
12,14,16,70.875136,2800.0
12,14,17,1.806516,2800.0
12,14,18,0.0,2800.0
12,14,19,0.0,2800.0
12,14,20,0.0,2800.0
12,14,21,0.0,2800.0
12,14,22,0.0,2800.0
12,14,23,0.0,2800.0
12,15,0,0.0,2800.0
12,15,1,0.0,2800.0
12,15,2,0.0,2800.0
12,15,3,0.0,2800.0
12,15,4,0.0,2800.0
12,15,5,0.0,2800.0
12,15,6,0.0,2800.0
12,15,7,7.82031,2800.0
12,15,8,106.62053999999999,2800.0
12,15,9,134.29756099999997,2800.0
12,15,10,254.949799,2800.0
12,15,11,288.506825,2800.0
12,15,12,296.316822,2800.0
12,15,13,281.45454700000005,2800.0
12,15,14,236.206011,2800.0
12,15,15,168.06179699999998,2800.0
12,15,16,79.895891,2800.0
12,15,17,1.572719,2800.0
12,15,18,0.0,2800.0
12,15,19,0.0,2800.0
12,15,20,0.0,2800.0
12,15,21,0.0,2800.0
12,15,22,0.0,2800.0
12,15,23,0.0,2800.0
12,16,0,0.0,2800.0
12,16,1,0.0,2800.0
12,16,2,0.0,2800.0
12,16,3,0.0,2800.0
12,16,4,0.0,2800.0
12,16,5,0.0,2800.0
12,16,6,0.0,2800.0
12,16,7,14.770392,1749.3017415377876
12,16,8,87.81539500000001,1570.9465066065366
12,16,9,136.557782,2800.0
12,16,10,282.729011,2800.0
12,16,11,319.40187,2800.0
12,16,12,328.487054,2800.0
12,16,13,311.00068400000004,2800.0
12,16,14,267.598848,2800.0
12,16,15,198.29705900000002,2800.0
12,16,16,101.664949,2800.0
12,16,17,4.904488000000001,2800.0
12,16,18,0.0,2800.0
12,16,19,0.0,2800.0
12,16,20,0.0,2800.0
12,16,21,0.0,2800.0
12,16,22,0.0,2800.0
12,16,23,0.0,2800.0
12,17,0,0.0,2800.0
12,17,1,0.0,2800.0
12,17,2,0.0,2800.0
12,17,3,0.0,2800.0
12,17,4,0.0,2800.0
12,17,5,0.0,2800.0
12,17,6,0.0,2800.0
12,17,7,20.796200000000002,2800.0
12,17,8,134.595839,2800.0
12,17,9,220.030753,2800.0
12,17,10,276.472613,2800.0
12,17,11,304.941198,2800.0
12,17,12,309.134427,2800.0
12,17,13,298.950768,2800.0
12,17,14,263.220909,2800.0
12,17,15,201.522851,2800.0
12,17,16,107.35697,2800.0
12,17,17,6.357905,2800.0
12,17,18,0.0,2800.0
12,17,19,0.0,2800.0
12,17,20,0.0,2800.0
12,17,21,0.0,2800.0
12,17,22,0.0,2800.0
12,17,23,0.0,2800.0
12,18,0,0.0,2800.0
12,18,1,0.0,2800.0
12,18,2,0.0,2800.0
12,18,3,0.0,2800.0
12,18,4,0.0,2800.0
12,18,5,0.0,2800.0
12,18,6,0.0,2800.0
12,18,7,19.462695,2800.0
12,18,8,133.658734,2800.0
12,18,9,217.691569,2800.0
12,18,10,266.991706,2800.0
12,18,11,301.783727,2800.0
12,18,12,316.558209,1980.545579523704
12,18,13,302.139837,1901.3333359069868
12,18,14,262.72281300000003,2800.0
12,18,15,196.365348,2800.0
12,18,16,99.84356299999999,2800.0
12,18,17,4.635691,2800.0
12,18,18,0.0,2800.0
12,18,19,0.0,2800.0
12,18,20,0.0,2800.0
12,18,21,0.0,2800.0
12,18,22,0.0,2800.0
12,18,23,0.0,2800.0
12,19,0,0.0,2800.0
12,19,1,0.0,2800.0
12,19,2,0.0,2800.0
12,19,3,0.0,2800.0
12,19,4,0.0,2800.0
12,19,5,0.0,2800.0
12,19,6,0.0,2800.0
12,19,7,8.096301,2800.0
12,19,8,108.117615,2800.0
12,19,9,192.39066,2800.0
12,19,10,256.147083,1640.756359055384
12,19,11,292.262646,592.796019999516
12,19,12,302.54494900000003,1503.1454301264964
12,19,13,287.563076,2800.0
12,19,14,245.072903,2800.0
12,19,15,177.827696,2800.0
12,19,16,87.644701,2800.0
12,19,17,3.080509,2800.0
12,19,18,0.0,2800.0
12,19,19,0.0,2800.0
12,19,20,0.0,2800.0
12,19,21,0.0,2800.0
12,19,22,0.0,2800.0
12,19,23,0.0,2800.0
12,20,0,0.0,2020.963642713616
12,20,1,0.0,1640.756359055384
12,20,2,0.0,1824.2618316438895
12,20,3,0.0,2145.5095856044995
12,20,4,0.0,1786.5196926460033
12,20,5,0.0,1222.1129067458091
12,20,6,0.0,835.542666361563
12,20,7,10.859826,953.6162939806846
12,20,8,113.14435300000001,1640.756359055384
12,20,9,197.33762,953.6162939806846
12,20,10,241.81041399999998,575.0133429544752
12,20,11,276.07104200000003,336.8536460978451
12,20,12,286.09240600000004,791.1870845831577
12,20,13,267.32095000000004,2800.0
12,20,14,230.79695999999998,2800.0
12,20,15,136.07282899999998,2800.0
12,20,16,34.041528,2800.0
12,20,17,2.554295,2800.0
12,20,18,0.0,2800.0
12,20,19,0.0,2800.0
12,20,20,0.0,2800.0
12,20,21,0.0,2800.0
12,20,22,0.0,2800.0
12,20,23,0.0,2800.0
12,21,0,0.0,1136.8810555802274
12,21,1,0.0,200.6998128762587
12,21,2,0.0,28.504091119435778
12,21,3,0.0,90.95515204021434
12,21,4,0.0,375.1945078601572
12,21,5,0.0,1136.8810555802274
12,21,6,0.0,1786.5196926460033
12,21,7,1.258227,1676.4237403920558
12,21,8,76.793178,2800.0
12,21,9,163.299809,2800.0
12,21,10,235.928667,2800.0
12,21,11,276.246648,2800.0
12,21,12,289.518684,2800.0
12,21,13,271.433335,2800.0
12,21,14,231.14585699999998,2800.0
12,21,15,165.635794,2800.0
12,21,16,82.721459,2800.0
12,21,17,2.392831,2800.0
12,21,18,0.0,2800.0
12,21,19,0.0,2800.0
12,21,20,0.0,2800.0
12,21,21,0.0,2800.0
12,21,22,0.0,2800.0
12,21,23,0.0,2800.0
12,22,0,0.0,2800.0
12,22,1,0.0,2800.0
12,22,2,0.0,2800.0
12,22,3,0.0,2800.0
12,22,4,0.0,2800.0
12,22,5,0.0,2800.0
12,22,6,0.0,2800.0
12,22,7,1.578025,2800.0
12,22,8,46.84778,2800.0
12,22,9,191.194313,2800.0
12,22,10,258.209602,2800.0
12,22,11,296.585235,2800.0
12,22,12,306.720596,2800.0
12,22,13,296.521827,2800.0
12,22,14,254.30961499999998,2800.0
12,22,15,186.61443599999998,2800.0
12,22,16,96.64261599999999,2800.0
12,22,17,5.1436530000000005,2800.0
12,22,18,0.0,2800.0
12,22,19,0.0,2800.0
12,22,20,0.0,2800.0
12,22,21,0.0,2800.0
12,22,22,0.0,2800.0
12,22,23,0.0,2800.0
12,23,0,0.0,2800.0
12,23,1,0.0,2800.0
12,23,2,0.0,2800.0
12,23,3,0.0,2800.0
12,23,4,0.0,2800.0
12,23,5,0.0,2800.0
12,23,6,0.0,2800.0
12,23,7,8.143279999999999,2800.0
12,23,8,110.26459299999999,2800.0
12,23,9,198.75196100000002,2800.0
12,23,10,263.75788900000003,2800.0
12,23,11,295.50650199999995,2800.0
12,23,12,301.965308,2800.0
12,23,13,282.069681,2800.0
12,23,14,239.86125399999997,2800.0
12,23,15,174.970049,2800.0
12,23,16,87.21733400000001,2800.0
12,23,17,3.1363220000000003,2800.0
12,23,18,0.0,2800.0
12,23,19,0.0,2800.0
12,23,20,0.0,1980.545579523704
12,23,21,0.0,247.56819744046305
12,23,22,0.0,0.0391002621665785
12,23,23,0.0,237.66666698837332
12,24,0,0.0,1605.5985030100696
12,24,1,0.0,2800.0
12,24,2,0.0,2800.0
12,24,3,0.0,2800.0
12,24,4,0.0,2800.0
12,24,5,0.0,2800.0
12,24,6,0.0,2800.0
12,24,7,1.883557,2800.0
12,24,8,5.6552240000000005,2800.0
12,24,9,94.746686,2800.0
12,24,10,152.544783,1136.8810555802274
12,24,11,265.612438,131.96338481220266
12,24,12,248.99246599999998,301.21803372418333
12,24,13,170.678598,2061.927887690667
12,24,14,187.568217,2800.0
12,24,15,125.360837,2800.0
12,24,16,56.035004,2800.0
12,24,17,2.244721,2800.0
12,24,18,0.0,2800.0
12,24,19,0.0,2800.0
12,24,20,0.0,2800.0
12,24,21,0.0,2800.0
12,24,22,0.0,2800.0
12,24,23,0.0,2800.0
12,25,0,0.0,2800.0
12,25,1,0.0,2800.0
12,25,2,0.0,2800.0
12,25,3,0.0,2800.0
12,25,4,0.0,2800.0
12,25,5,0.0,2800.0
12,25,6,0.0,2800.0
12,25,7,0.433367,2800.0
12,25,8,8.688259,2800.0
12,25,9,165.368899,2800.0
12,25,10,183.497493,2800.0
12,25,11,274.165081,2800.0
12,25,12,264.28484999999995,2800.0
12,25,13,245.566827,2800.0
12,25,14,152.508158,2800.0
12,25,15,48.604479,2800.0
12,25,16,46.704884,2800.0
12,25,17,1.949804,2800.0
12,25,18,0.0,2800.0
12,25,19,0.0,2800.0
12,25,20,0.0,2800.0
12,25,21,0.0,2800.0
12,25,22,0.0,2800.0
12,25,23,0.0,2800.0
12,26,0,0.0,2800.0
12,26,1,0.0,2800.0
12,26,2,0.0,2800.0
12,26,3,0.0,2800.0
12,26,4,0.0,2800.0
12,26,5,0.0,2800.0
12,26,6,0.0,2800.0
12,26,7,0.6823619999999999,2800.0
12,26,8,9.377761,1342.23868718708
12,26,9,11.654206,2800.0
12,26,10,39.268189,2800.0
12,26,11,53.569153,2800.0
12,26,12,39.132,2800.0
12,26,13,64.69198399999999,2800.0
12,26,14,12.912584,2800.0
12,26,15,49.668733,2800.0
12,26,16,-0.0,2800.0
12,26,17,0.6303289999999999,2800.0
12,26,18,0.0,2800.0
12,26,19,0.0,2800.0
12,26,20,0.0,2800.0
12,26,21,0.0,2800.0
12,26,22,0.0,2800.0
12,26,23,0.0,2800.0
12,27,0,0.0,2800.0
12,27,1,0.0,2800.0
12,27,2,0.0,2800.0
12,27,3,0.0,2800.0
12,27,4,0.0,2800.0
12,27,5,0.0,2800.0
12,27,6,0.0,2800.0
12,27,7,0.872692,2800.0
12,27,8,99.957727,2800.0
12,27,9,194.185422,2800.0
12,27,10,187.635222,2800.0
12,27,11,304.70832900000005,2800.0
12,27,12,315.815646,2800.0
12,27,13,282.93910100000005,2800.0
12,27,14,261.946696,2800.0
12,27,15,196.99476,2800.0
12,27,16,104.736089,2800.0
12,27,17,6.748875,2800.0
12,27,18,0.0,2800.0
12,27,19,0.0,2800.0
12,27,20,0.0,2800.0
12,27,21,0.0,2800.0
12,27,22,0.0,2800.0
12,27,23,0.0,2800.0
12,28,0,0.0,2800.0
12,28,1,0.0,2455.7891050857875
12,28,2,0.0,2409.744269793466
12,28,3,0.0,2694.829168782761
12,28,4,0.0,2800.0
12,28,5,0.0,2800.0
12,28,6,0.0,2800.0
12,28,7,10.751557,2800.0
12,28,8,123.098944,2800.0
12,28,9,214.261115,2800.0
12,28,10,274.01907400000005,2409.744269793466
12,28,11,311.11633500000005,2800.0
12,28,12,323.09754100000004,2800.0
12,28,13,310.674096,2800.0
12,28,14,271.485599,2800.0
12,28,15,208.94106599999998,2800.0
12,28,16,114.255408,2800.0
12,28,17,9.29109,2800.0
12,28,18,0.0,2800.0
12,28,19,0.0,2800.0
12,28,20,0.0,2800.0
12,28,21,0.0,2800.0
12,28,22,0.0,2800.0
12,28,23,0.0,1605.5985030100696
12,29,0,0.0,228.03272895548625
12,29,1,0.0,67.56525302384776
12,29,2,0.0,55.67205296764801
12,29,3,0.0,85.90327597997313
12,29,4,0.0,375.1945078601572
12,29,5,0.0,1605.5985030100696
12,29,6,0.0,2800.0
12,29,7,11.972858,2800.0
12,29,8,127.240117,2800.0
12,29,9,217.309628,2800.0
12,29,10,280.997842,1676.4237403920558
12,29,11,316.50109999999995,67.56525302384776
12,29,12,326.2903,268.18869820056244
12,29,13,311.687913,2800.0
12,29,14,271.316818,2800.0
12,29,15,206.380839,2800.0
12,29,16,112.620927,2800.0
12,29,17,8.839564000000001,2800.0
12,29,18,0.0,2800.0
12,29,19,0.0,2800.0
12,29,20,0.0,2800.0
12,29,21,0.0,2794.6277004301824
12,29,22,0.0,1605.5985030100696
12,29,23,0.0,430.6948862392302
12,30,0,0.0,192.09958802440056
12,30,1,0.0,268.18869820056244
12,30,2,0.0,278.9149998077284
12,30,3,0.0,312.8020973326286
12,30,4,0.0,312.8020973326286
12,30,5,0.0,835.542666361563
12,30,6,0.0,2409.744269793466
12,30,7,6.892873,2800.0
12,30,8,117.643557,2800.0
12,30,9,209.166054,2800.0
12,30,10,268.73444,1136.8810555802274
12,30,11,300.747204,33.523587275070305
12,30,12,309.255178,402.3068740231014
12,30,13,297.959331,2800.0
12,30,14,262.012921,2800.0
12,30,15,202.877006,2800.0
12,30,16,38.07486,2800.0
12,30,17,9.321757999999999,2800.0
12,30,18,0.0,2800.0
12,30,19,0.0,2800.0
12,30,20,0.0,2800.0
12,30,21,0.0,2800.0
12,30,22,0.0,2800.0
12,30,23,0.0,2800.0
12,31,0,0.0,2800.0
12,31,1,0.0,1901.3333359069868
12,31,2,0.0,1136.8810555802274
12,31,3,0.0,648.3361095823518
12,31,4,0.0,667.5923777577954
12,31,5,0.0,2103.4419801044355
12,31,6,0.0,2800.0
12,31,7,3.82607,2800.0
12,31,8,104.674669,2800.0
12,31,9,192.334168,2275.070137118247
12,31,10,243.554192,59.46661122259518
12,31,11,286.897211,1536.7967041952045
12,31,12,285.358602,2800.0
12,31,13,287.655842,2800.0
12,31,14,252.574394,2800.0
12,31,15,193.153694,2800.0
12,31,16,105.885512,2800.0
12,31,17,8.121398000000001,2800.0
12,31,18,0.0,2800.0
12,31,19,0.0,2800.0
12,31,20,0.0,2800.0
12,31,21,0.0,2800.0
12,31,22,0.0,2061.927887690667
12,31,23,0.0,2061.927887690667
