Month,Day,Hour,PV-1 Solar Power,PV-2 Solar Power,PV-3 Solar Power,Turbine-1 Power,Turbine-2 Power,Turbine-3 Power
1,1,0,0.0,0.0,0.0,1940.6700324713545,2368.5342915988967,2292.129959611836
1,1,1,0.0,0.0,0.0,2800.0,3996.150340809066,3867.242265299096
1,1,2,0.0,0.0,0.0,2794.6277004301824,3410.766091076207,3300.741378460845
1,1,3,0.0,0.0,0.0,2800.0,3472.7785151730586,3360.753401780379
1,1,4,0.0,0.0,0.0,2800.0,5195.505086201954,4200.0
1,1,5,0.0,0.0,0.0,2800.0,4875.874201202505,4200.0
1,1,6,0.0,0.0,0.0,2800.0,6600.0,4200.0
1,1,7,0.0,0.0,0.0,2800.0,6600.0,4200.0
1,1,8,3.04593,2.3134050000000004,1.99245,2800.0,6600.0,4200.0
1,1,9,41.032610999999996,31.149355,26.840881,2800.0,6600.0,4200.0
1,1,10,173.127303,131.383314,113.248687,2800.0,6600.0,4200.0
1,1,11,227.119373,172.489225,148.56680799999998,2800.0,6600.0,4200.0
1,1,12,327.50595400000003,249.323341,214.233218,2800.0,6600.0,4200.0
1,1,13,285.86493,217.468484,186.994353,2800.0,6600.0,4200.0
1,1,14,230.6951,175.318612,150.905817,2800.0,6600.0,4200.0
1,1,15,34.875828,26.483711,22.813511,2800.0,6600.0,4200.0
1,1,16,7.048926000000001,5.36337,4.610951,2800.0,6600.0,4200.0
1,1,17,0.0,0.0,0.0,2800.0,6600.0,4200.0
1,1,18,0.0,0.0,0.0,2800.0,6600.0,4200.0
1,1,19,0.0,0.0,0.0,2800.0,6600.0,4200.0
1,1,20,0.0,0.0,0.0,2800.0,6600.0,4200.0
1,1,21,0.0,0.0,0.0,2800.0,6600.0,4200.0
1,1,22,0.0,0.0,0.0,2800.0,6600.0,4200.0
1,1,23,0.0,0.0,0.0,2800.0,6600.0,4200.0
1,2,0,0.0,0.0,0.0,2800.0,6600.0,4200.0
1,2,1,0.0,0.0,0.0,2800.0,6600.0,4200.0
1,2,2,0.0,0.0,0.0,2800.0,6600.0,4200.0
1,2,3,0.0,0.0,0.0,2800.0,6600.0,4200.0
1,2,4,0.0,0.0,0.0,1824.2618316438895,2226.4612905889994,2154.639958634516
1,2,5,0.0,0.0,0.0,336.8536460978451,411.1205916942204,397.8586371234391
1,2,6,0.0,0.0,0.0,26.194120943625872,31.96920272647252,30.93793812239276
1,2,7,0.0,0.0,0.0,16.495423101525333,20.132209297137216,19.482783190777948
1,2,8,-0.0,-0.0,-0.0,160.15467383430587,195.4643657032867,189.15906358382583
1,2,9,1.910228,1.460492,1.249548,200.6998128762587,244.94859051826847,237.0470230821953
1,2,10,7.829068,5.980506999999999,5.121270000000001,39.100262166578574,47.72079240802897,46.18141200776997
1,2,11,-0.0,-0.0,-0.0,247.56819744046305,302.1501622304864,292.4033828036965
1,2,12,6.616875,5.064204,4.3283320000000005,1251.4423799619176,1527.350936173994,1478.0815511361232
1,2,13,72.648276,55.353147,47.521805,2800.0,3928.035620383037,3801.324793919068
1,2,14,15.302391,11.694911,10.009834999999999,2800.0,5114.326798854228,4200.0
1,2,15,28.51784,21.753792,18.654526999999998,2800.0,6600.0,4200.0
1,2,16,5.885186,4.499015,3.849708,2800.0,6600.0,4200.0
1,2,17,0.0,0.0,0.0,2800.0,6600.0,4200.0
1,2,18,0.0,0.0,0.0,2800.0,6600.0,4200.0
1,2,19,0.0,0.0,0.0,2800.0,6600.0,4200.0
1,2,20,0.0,0.0,0.0,2800.0,6600.0,4200.0
1,2,21,0.0,0.0,0.0,2800.0,6600.0,4200.0
1,2,22,0.0,0.0,0.0,2800.0,6600.0,4200.0
1,2,23,0.0,0.0,0.0,2800.0,6600.0,4200.0
1,3,0,0.0,0.0,0.0,2800.0,6600.0,4200.0
1,3,1,0.0,0.0,0.0,2800.0,6600.0,4200.0
1,3,2,0.0,0.0,0.0,2800.0,6600.0,4200.0
1,3,3,0.0,0.0,0.0,2800.0,6600.0,4200.0
1,3,4,0.0,0.0,0.0,2800.0,6600.0,4200.0
1,3,5,0.0,0.0,0.0,2800.0,6600.0,4200.0
1,3,6,0.0,0.0,0.0,2800.0,6600.0,4200.0
1,3,7,0.0,0.0,0.0,2800.0,6600.0,4200.0
1,3,8,3.758581,2.860573,2.458621,2800.0,6600.0,4200.0
1,3,9,8.558418,6.510671,5.598363999999999,2800.0,6600.0,4200.0
1,3,10,84.07312399999999,63.786961000000005,54.995202,2800.0,6600.0,4200.0
1,3,11,165.828067,125.918687,108.47399899999999,2800.0,6600.0,4200.0
1,3,12,107.916494,81.950085,70.591993,2800.0,6600.0,4200.0
1,3,13,54.436118,41.331308,35.608589,2800.0,6600.0,4200.0
1,3,14,9.723631,7.400578,6.360571,2800.0,6600.0,4200.0
1,3,15,13.043534,9.923433000000001,8.532236000000001,2800.0,6600.0,4200.0
1,3,16,1.644757,1.250734,1.075893,2800.0,6600.0,4200.0
1,3,17,0.0,0.0,0.0,2800.0,5614.303506012198,4200.0
1,3,18,0.0,0.0,0.0,1311.5016045329749,1600.651564587489,1549.017643149183
1,3,19,0.0,0.0,0.0,430.6948862392302,525.6512391108714,508.6947475266498
1,3,20,0.0,0.0,0.0,813.163264745564,992.4433546107276,960.4290528490912
1,3,21,0.0,0.0,0.0,2800.0,6600.0,4200.0
1,3,22,0.0,0.0,0.0,2800.0,6600.0,4200.0
1,3,23,0.0,0.0,0.0,2800.0,6600.0,4200.0
1,4,0,0.0,0.0,0.0,2800.0,6600.0,4200.0
1,4,1,0.0,0.0,0.0,2800.0,6600.0,4200.0
1,4,2,0.0,0.0,0.0,2800.0,6600.0,4200.0
1,4,3,0.0,0.0,0.0,2800.0,6600.0,4200.0
1,4,4,0.0,0.0,0.0,2800.0,6600.0,4200.0
1,4,5,0.0,0.0,0.0,2800.0,6600.0,4200.0
1,4,6,0.0,0.0,0.0,2800.0,6600.0,4200.0
1,4,7,0.0,0.0,0.0,2800.0,6600.0,4200.0
1,4,8,1.5509739999999999,1.1776179999999998,1.014547,2800.0,6600.0,4200.0
1,4,9,31.285451000000002,23.760124,20.464919000000002,2800.0,6600.0,4200.0
1,4,10,9.723229,7.400656,6.360308,2800.0,6600.0,4200.0
1,4,11,51.060762000000004,38.798211,33.400648999999994,2800.0,6600.0,4200.0
1,4,12,161.801437,122.97184,105.840038,2800.0,3663.3164546975977,3545.1449561589657
1,4,13,52.171739,39.641531,34.127378,2800.0,6330.21083371745,4200.0
1,4,14,98.79260400000001,75.041753,64.623734,2800.0,6600.0,4200.0
1,4,15,137.518745,104.46425199999999,89.955871,2800.0,6600.0,4200.0
1,4,16,43.439065,32.98425,28.415027,2800.0,6600.0,4200.0
1,4,17,0.0,0.0,0.0,2800.0,6600.0,4200.0
1,4,18,0.0,0.0,0.0,2800.0,6600.0,4200.0
1,4,19,0.0,0.0,0.0,2800.0,6600.0,4200.0
1,4,20,0.0,0.0,0.0,2800.0,6600.0,4200.0
1,4,21,0.0,0.0,0.0,2800.0,6600.0,4200.0
1,4,22,0.0,0.0,0.0,2800.0,6600.0,4200.0
1,4,23,0.0,0.0,0.0,2800.0,6600.0,4200.0
1,5,0,0.0,0.0,0.0,2800.0,6600.0,4200.0
1,5,1,0.0,0.0,0.0,2800.0,6600.0,4200.0
1,5,2,0.0,0.0,0.0,2800.0,6600.0,4200.0
1,5,3,0.0,0.0,0.0,2800.0,6600.0,4200.0
1,5,4,0.0,0.0,0.0,2800.0,6600.0,4200.0
1,5,5,0.0,0.0,0.0,2800.0,6600.0,4200.0
1,5,6,0.0,0.0,0.0,2800.0,6600.0,4200.0
1,5,7,0.0,0.0,0.0,2800.0,6600.0,4200.0
1,5,8,0.901399,0.681183,0.589637,2800.0,6600.0,4200.0
1,5,9,26.032234,19.750447,17.028603999999998,2800.0,6600.0,4200.0
1,5,10,37.477838000000006,28.419421999999997,24.515578,2800.0,6600.0,4200.0
1,5,11,61.729002,46.776466,40.379122,2800.0,6600.0,4200.0
1,5,12,96.73991000000001,73.27466700000001,63.280994,2800.0,6600.0,4200.0
1,5,13,55.521288999999996,42.077908,36.318436999999996,2800.0,6600.0,4200.0
1,5,14,56.068012,42.47164,36.676068,2800.0,6600.0,4200.0
1,5,15,39.35721,29.826787,25.744941999999998,2800.0,6600.0,4200.0
1,5,16,12.256884,9.296978,8.017661,2800.0,6600.0,4200.0
1,5,17,0.0,0.0,0.0,2800.0,6600.0,4200.0
1,5,18,0.0,0.0,0.0,2800.0,6600.0,4200.0
1,5,19,0.0,0.0,0.0,2800.0,6600.0,4200.0
1,5,20,0.0,0.0,0.0,2800.0,6600.0,4200.0
1,5,21,0.0,0.0,0.0,2800.0,6600.0,4200.0
1,5,22,0.0,0.0,0.0,2800.0,6600.0,4200.0
1,5,23,0.0,0.0,0.0,2800.0,6600.0,4200.0
1,6,0,0.0,0.0,0.0,2800.0,6600.0,4200.0
1,6,1,0.0,0.0,0.0,2800.0,6600.0,4200.0
1,6,2,0.0,0.0,0.0,2800.0,6600.0,4200.0
1,6,3,0.0,0.0,0.0,2800.0,6600.0,4200.0
1,6,4,0.0,0.0,0.0,2800.0,6600.0,4200.0
1,6,5,0.0,0.0,0.0,2800.0,6600.0,4200.0
1,6,6,0.0,0.0,0.0,2800.0,6600.0,4200.0
1,6,7,0.0,0.0,0.0,2800.0,6600.0,4200.0
1,6,8,13.064337,9.922233,8.545843999999999,2800.0,6600.0,4200.0
1,6,9,155.26801,117.829503,101.566293,2800.0,6600.0,4200.0
1,6,10,81.217396,61.60273,53.127168,2800.0,6600.0,4200.0
1,6,11,59.289415,44.963273,38.783302000000006,2800.0,6600.0,4200.0
1,6,12,65.53727099999999,49.688443,42.870245000000004,2800.0,6600.0,4200.0
1,6,13,73.354163,55.604214,47.98355,2800.0,6600.0,4200.0
1,6,14,62.425928,47.327674,40.835004999999995,2800.0,6600.0,4200.0
1,6,15,50.564364999999995,38.327452,33.075938,2800.0,6600.0,4200.0
1,6,16,61.231788,46.383573,40.053877,2800.0,6600.0,4200.0
1,6,17,0.0,0.0,0.0,2800.0,6600.0,4200.0
1,6,18,0.0,0.0,0.0,2800.0,6600.0,4200.0
1,6,19,0.0,0.0,0.0,2800.0,6600.0,4200.0
1,6,20,0.0,0.0,0.0,2800.0,6600.0,4200.0
1,6,21,0.0,0.0,0.0,2800.0,6600.0,4200.0
1,6,22,0.0,0.0,0.0,2800.0,6600.0,4200.0
1,6,23,0.0,0.0,0.0,2800.0,6600.0,4200.0
1,7,0,0.0,0.0,0.0,2800.0,6600.0,4200.0
1,7,1,0.0,0.0,0.0,2800.0,6600.0,4200.0
1,7,2,0.0,0.0,0.0,2800.0,6600.0,4200.0
1,7,3,0.0,0.0,0.0,2800.0,6600.0,4200.0
1,7,4,0.0,0.0,0.0,2800.0,6600.0,4200.0
1,7,5,0.0,0.0,0.0,2800.0,6600.0,4200.0
1,7,6,0.0,0.0,0.0,2800.0,6600.0,4200.0
1,7,7,0.0,0.0,0.0,2800.0,6600.0,4200.0
1,7,8,29.379351999999997,22.259083999999998,19.218073,2800.0,6600.0,4200.0
1,7,9,163.848646,124.149109,107.17919,2800.0,6600.0,4200.0
1,7,10,229.956516,174.34536300000002,150.422684,2800.0,6600.0,4200.0
1,7,11,275.520675,208.97622700000002,180.22781,2800.0,6600.0,4200.0
1,7,12,207.03615299999998,156.940172,135.429664,2800.0,6600.0,4200.0
1,7,13,187.082673,141.81859400000002,122.37738800000001,2800.0,6600.0,4200.0
1,7,14,104.971375,79.551502,68.665486,2800.0,6600.0,4200.0
1,7,15,91.097211,69.04674899999999,59.589905,2800.0,6600.0,4200.0
1,7,16,12.198765,9.259771,7.979643,2800.0,6600.0,4200.0
1,7,17,0.0,0.0,0.0,2800.0,6600.0,4200.0
1,7,18,0.0,0.0,0.0,2800.0,6600.0,4200.0
1,7,19,0.0,0.0,0.0,2800.0,5876.06920203001,4200.0
1,7,20,0.0,0.0,0.0,2364.2786071344885,2885.536882723194,2792.4550477966395
1,7,21,0.0,0.0,0.0,1082.3203053763452,1320.942104986878,1278.3310693421402
1,7,22,0.0,0.0,0.0,813.163264745564,992.4433546107276,960.4290528490912
1,7,23,0.0,0.0,0.0,748.4297260208111,913.4378545923286,883.9721173474147
1,8,0,0.0,0.0,0.0,523.8060511729734,639.2908498567786,618.6685643775277
1,8,1,0.0,0.0,0.0,324.6794129073232,396.2622755955519,383.4796215440825
1,8,2,0.0,0.0,0.0,247.56819744046305,302.1501622304864,292.4033828036965
1,8,3,0.0,0.0,0.0,324.6794129073232,396.2622755955519,383.4796215440825
1,8,4,0.0,0.0,0.0,575.0133429544752,701.7879382515248,679.149617662766
1,8,5,0.0,0.0,0.0,1193.2453053765432,1456.323010498931,1409.344848869933
1,8,6,0.0,0.0,0.0,1862.5318241810248,2273.168761795739,2199.840737221683
1,8,7,0.0,0.0,0.0,2800.0,3728.344236364732,3608.075067449741
1,8,8,3.547634,2.692484,2.320633,2694.829168782761,3288.9647335537634,3182.869096987513
1,8,9,30.69551,23.286283,20.079018,491.4151496175413,599.758647171015,580.4115940364661
1,8,10,36.583463,27.760473,23.930536,1055.7070784976213,1288.4613950167818,1246.8981242097886
1,8,11,252.356044,191.67919,165.075006,2800.0,6600.0,4200.0
1,8,12,211.12344000000002,160.308685,138.103303,2800.0,6600.0,4200.0
1,8,13,240.797187,182.94275,157.513949,2800.0,6600.0,4200.0
1,8,14,356.61977399999995,271.616034,233.277596,2800.0,6600.0,4200.0
1,8,15,64.374745,48.858938,42.109795,2645.8334855800563,3229.1668524795964,3125.000179818964
1,8,16,94.971394,72.063152,62.124145,2800.0,3794.137041985159,3671.7455245017663
1,8,17,0.0,0.0,0.0,2800.0,3794.137041985159,3671.7455245017663
1,8,18,0.0,0.0,0.0,2800.0,3794.137041985159,3671.7455245017663
1,8,19,0.0,0.0,0.0,2800.0,5195.505086201954,4200.0
1,8,20,0.0,0.0,0.0,2800.0,6600.0,4200.0
1,8,21,0.0,0.0,0.0,2800.0,6600.0,4200.0
1,8,22,0.0,0.0,0.0,2800.0,6600.0,4200.0
1,8,23,0.0,0.0,0.0,2800.0,6600.0,4200.0
1,9,0,0.0,0.0,0.0,2800.0,6600.0,4200.0
1,9,1,0.0,0.0,0.0,2800.0,6600.0,4200.0
1,9,2,0.0,0.0,0.0,2800.0,6600.0,4200.0
1,9,3,0.0,0.0,0.0,2800.0,6600.0,4200.0
1,9,4,0.0,0.0,0.0,2800.0,6600.0,4200.0
1,9,5,0.0,0.0,0.0,2800.0,6600.0,4200.0
1,9,6,0.0,0.0,0.0,2800.0,6600.0,4200.0
1,9,7,0.0,0.0,0.0,2800.0,6600.0,4200.0
1,9,8,27.495856,20.843809,17.986010999999998,2800.0,6600.0,4200.0
1,9,9,19.822860000000002,15.047088,12.966833000000001,2800.0,6600.0,4200.0
1,9,10,46.209360000000004,35.070461,30.227175,2800.0,6600.0,4200.0
1,9,11,52.440503,39.791731,34.303186000000004,2800.0,6600.0,4200.0
1,9,12,85.327215,64.71569099999999,55.815546000000005,2800.0,6600.0,4200.0
1,9,13,82.301598,62.42333,53.836383999999995,2800.0,6600.0,4200.0
1,9,14,59.785982000000004,45.360568,39.108124000000004,2800.0,6600.0,4200.0
1,9,15,68.844048,52.229594,45.033325,2800.0,6600.0,4200.0
1,9,16,13.99439,10.639653000000001,9.154225,2800.0,6600.0,4200.0
1,9,17,0.0,0.0,0.0,2800.0,6600.0,4200.0
1,9,18,0.0,0.0,0.0,2800.0,6600.0,4200.0
1,9,19,0.0,0.0,0.0,2800.0,6600.0,4200.0
1,9,20,0.0,0.0,0.0,2800.0,6600.0,4200.0
1,9,21,0.0,0.0,0.0,2800.0,6600.0,4200.0
1,9,22,0.0,0.0,0.0,2800.0,6600.0,4200.0
1,9,23,0.0,0.0,0.0,2800.0,6600.0,4200.0
1,10,0,0.0,0.0,0.0,2800.0,6600.0,4200.0
1,10,1,0.0,0.0,0.0,2800.0,6600.0,4200.0
1,10,2,0.0,0.0,0.0,2800.0,5700.675903358588,4200.0
1,10,3,0.0,0.0,0.0,905.1368564268978,1104.694588552513,1069.0592792443674
1,10,4,0.0,0.0,0.0,0.1319633848122026,0.1610576743770977,0.1558622655262236
1,10,5,0.0,0.0,0.0,523.8060511729734,639.2908498567786,618.6685643775277
1,10,6,0.0,0.0,0.0,1824.2618316438895,2226.4612905889994,2154.639958634516
1,10,7,0.0,0.0,0.0,2800.0,4798.06917736812,4200.0
1,10,8,33.504194000000005,25.416818,21.916278,2800.0,6600.0,4200.0
1,10,9,212.433767,161.167202,138.96043400000002,2800.0,6600.0,4200.0
1,10,10,343.178152,260.877486,224.484956,2800.0,6600.0,4200.0
1,10,11,417.213491,317.546377,272.914088,2800.0,6600.0,4200.0
1,10,12,446.713847,340.2215,292.211314,2800.0,6600.0,4200.0
1,10,13,428.110307,326.15349,280.04208,2800.0,6600.0,4200.0
1,10,14,258.368805,196.342271,169.008166,2800.0,6600.0,4200.0
1,10,15,179.403445,136.214754,117.354133,2800.0,6600.0,4200.0
1,10,16,16.057334,12.200610000000001,10.50367,2800.0,6600.0,4200.0
1,10,17,0.0,0.0,0.0,2800.0,6600.0,4200.0
1,10,18,0.0,0.0,0.0,2800.0,6600.0,4200.0
1,10,19,0.0,0.0,0.0,2800.0,6600.0,4200.0
1,10,20,0.0,0.0,0.0,2800.0,6600.0,4200.0
1,10,21,0.0,0.0,0.0,2800.0,6600.0,4200.0
1,10,22,0.0,0.0,0.0,2800.0,6600.0,4200.0
1,10,23,0.0,0.0,0.0,2800.0,6600.0,4200.0
1,11,0,0.0,0.0,0.0,2800.0,6600.0,4200.0
1,11,1,0.0,0.0,0.0,2800.0,6600.0,4200.0
1,11,2,0.0,0.0,0.0,2800.0,6600.0,4200.0
1,11,3,0.0,0.0,0.0,2800.0,6600.0,4200.0
1,11,4,0.0,0.0,0.0,2800.0,6600.0,4200.0
1,11,5,0.0,0.0,0.0,2800.0,6600.0,4200.0
1,11,6,0.0,0.0,0.0,2800.0,6600.0,4200.0
1,11,7,0.0,0.0,0.0,2800.0,6600.0,4200.0
1,11,8,3.0912379999999997,2.352365,2.022088,2800.0,6600.0,4200.0
1,11,9,53.113473,40.302189,34.7434,2800.0,6600.0,4200.0
1,11,10,79.82639999999999,60.548871,52.217269,2800.0,6600.0,4200.0
1,11,11,134.849845,102.27632700000001,88.210049,2800.0,6600.0,4200.0
1,11,12,96.347615,73.07575299999999,63.02438,2800.0,6600.0,4200.0
1,11,13,48.33282,36.680017,31.616206,2800.0,6600.0,4200.0
1,11,14,81.250754,61.628566,53.14899,2800.0,6600.0,4200.0
1,11,15,20.94807,15.91643,13.702873,2800.0,6600.0,4200.0
1,11,16,1.896947,1.4428489999999998,1.2408599999999999,2800.0,6600.0,4200.0
1,11,17,0.0,0.0,0.0,2800.0,6600.0,4200.0
1,11,18,0.0,0.0,0.0,2800.0,6600.0,4200.0
1,11,19,0.0,0.0,0.0,2800.0,6600.0,4200.0
1,11,20,0.0,0.0,0.0,2800.0,6600.0,4200.0
1,11,21,0.0,0.0,0.0,2800.0,6600.0,4200.0
1,11,22,0.0,0.0,0.0,2800.0,6600.0,4200.0
1,11,23,0.0,0.0,0.0,2800.0,6600.0,4200.0
1,12,0,0.0,0.0,0.0,2800.0,6600.0,4200.0
1,12,1,0.0,0.0,0.0,2800.0,6600.0,4200.0
1,12,2,0.0,0.0,0.0,2800.0,6600.0,4200.0
1,12,3,0.0,0.0,0.0,2800.0,6600.0,4200.0
1,12,4,0.0,0.0,0.0,2800.0,6600.0,4200.0
1,12,5,0.0,0.0,0.0,2800.0,6600.0,4200.0
1,12,6,0.0,0.0,0.0,2800.0,6600.0,4200.0
1,12,7,0.0,0.0,0.0,2800.0,6600.0,4200.0
1,12,8,1.972937,1.500776,1.290568,2800.0,6600.0,4200.0
1,12,9,32.216559000000004,24.47835,21.073990000000002,2800.0,6600.0,4200.0
1,12,10,32.532961,24.719254,21.280959,2800.0,6600.0,4200.0
1,12,11,98.04789500000001,74.446124,64.136593,2800.0,6600.0,4200.0
1,12,12,138.473136,105.16998,90.580172,2800.0,6600.0,4200.0
1,12,13,36.080623,27.447066,23.60161,2800.0,6600.0,4200.0
1,12,14,8.597287,6.561613,5.62379,2800.0,6600.0,4200.0
1,12,15,130.18083199999998,98.983906,85.15588199999999,2800.0,6600.0,4200.0
1,12,16,26.826074000000002,20.439049,17.547883000000002,2800.0,6600.0,4200.0
1,12,17,0.0,0.0,0.0,2800.0,6600.0,4200.0
1,12,18,0.0,0.0,0.0,2800.0,6600.0,4200.0
1,12,19,0.0,0.0,0.0,2800.0,6600.0,4200.0
1,12,20,0.0,0.0,0.0,2800.0,6600.0,4200.0
1,12,21,0.0,0.0,0.0,2800.0,6600.0,4200.0
1,12,22,0.0,0.0,0.0,2800.0,6600.0,4200.0
1,12,23,0.0,0.0,0.0,2800.0,6600.0,4200.0
1,13,0,0.0,0.0,0.0,2800.0,6600.0,4200.0
1,13,1,0.0,0.0,0.0,2800.0,6600.0,4200.0
1,13,2,0.0,0.0,0.0,2800.0,6600.0,4200.0
1,13,3,0.0,0.0,0.0,2800.0,6600.0,4200.0
1,13,4,0.0,0.0,0.0,2800.0,6600.0,4200.0
1,13,5,0.0,0.0,0.0,2800.0,6600.0,4200.0
1,13,6,0.0,0.0,0.0,2800.0,6600.0,4200.0
1,13,7,0.0,0.0,0.0,2800.0,6600.0,4200.0
1,13,8,-0.0,-0.0,-0.0,2800.0,6600.0,4200.0
1,13,9,16.555636999999997,12.655533,10.829627,2800.0,6600.0,4200.0
1,13,10,41.627369,31.766240000000003,27.229933000000003,2800.0,6600.0,4200.0
1,13,11,62.853008,47.924818,41.114374000000005,2800.0,6600.0,4200.0
1,13,12,75.05205199999999,57.160212,49.094199999999994,2800.0,6600.0,4200.0
1,13,13,181.764983,138.20387599999998,118.898899,2800.0,6600.0,4200.0
1,13,14,60.546439,45.968686999999996,39.605565000000006,2800.0,6600.0,4200.0
1,13,15,45.096996,34.237128,29.499538,2800.0,6600.0,4200.0
1,13,16,3.5226640000000002,2.680638,2.304299,2800.0,6600.0,4200.0
1,13,17,0.0,0.0,0.0,2800.0,6600.0,4200.0
1,13,18,0.0,0.0,0.0,2800.0,6600.0,4200.0
1,13,19,0.0,0.0,0.0,2800.0,6600.0,4200.0
1,13,20,0.0,0.0,0.0,2800.0,6600.0,4200.0
1,13,21,0.0,0.0,0.0,2800.0,6600.0,4200.0
1,13,22,0.0,0.0,0.0,2800.0,6600.0,4200.0
1,13,23,0.0,0.0,0.0,2800.0,6600.0,4200.0
1,14,0,0.0,0.0,0.0,2800.0,6600.0,4200.0
1,14,1,0.0,0.0,0.0,2800.0,6600.0,4200.0
1,14,2,0.0,0.0,0.0,2800.0,6600.0,4200.0
1,14,3,0.0,0.0,0.0,2800.0,6600.0,4200.0
1,14,4,0.0,0.0,0.0,2800.0,6600.0,4200.0
1,14,5,0.0,0.0,0.0,2800.0,6600.0,4200.0
1,14,6,0.0,0.0,0.0,2800.0,6600.0,4200.0
1,14,7,0.0,0.0,0.0,2800.0,6600.0,4200.0
1,14,8,48.358321000000004,36.571923999999996,31.632887,2800.0,6600.0,4200.0
1,14,9,246.440058,186.340816,161.20515,2800.0,6600.0,4200.0
1,14,10,379.306712,287.335454,248.117924,2800.0,6600.0,4200.0
1,14,11,462.34624699999995,350.653298,302.43701899999996,2800.0,6600.0,4200.0
1,14,12,495.628516,376.10312300000004,324.208127,2800.0,6600.0,4200.0
1,14,13,477.904584,362.554777,312.614277,2800.0,6600.0,4200.0
1,14,14,413.854123,313.712044,270.716607,2800.0,6600.0,4200.0
1,14,15,302.067232,228.683299,197.592851,2800.0,6600.0,4200.0
1,14,16,138.64420199999998,104.804277,90.692072,2800.0,6600.0,4200.0
1,14,17,0.0,0.0,0.0,2800.0,6600.0,4200.0
1,14,18,0.0,0.0,0.0,2800.0,6600.0,4200.0
1,14,19,0.0,0.0,0.0,2800.0,4276.483153260508,4138.532083800491
1,14,20,0.0,0.0,0.0,2800.0,3599.0492231594667,3482.9508611220645
1,14,21,0.0,0.0,0.0,2794.6277004301824,3410.766091076207,3300.741378460845
1,14,22,0.0,0.0,0.0,1536.7967041952045,1875.6180248051708,1815.114217553391
1,14,23,0.0,0.0,0.0,475.7328897807615,580.6188812284884,561.8892398985372
1,15,0,0.0,0.0,0.0,209.55296754900695,255.75362181178016,247.5035049791421
1,15,1,0.0,0.0,0.0,336.8536460978451,411.1205916942204,397.8586371234391
1,15,2,0.0,0.0,0.0,610.9415963527902,745.6373813754526,721.5845626214057
1,15,3,0.0,0.0,0.0,791.1870845831577,965.6220323652713,934.4729345470366
1,15,4,0.0,0.0,0.0,1193.2453053765432,1456.323010498931,1409.344848869933
1,15,5,0.0,0.0,0.0,2744.426018516277,3349.496321811205,3241.448053365682
1,15,6,0.0,0.0,0.0,2800.0,6600.0,4200.0
1,15,7,0.0,0.0,0.0,2800.0,6600.0,4200.0
1,15,8,46.150826,34.865576000000004,30.188886,2800.0,6600.0,4200.0
1,15,9,235.366825,178.018985,153.961758,2800.0,6600.0,4200.0
1,15,10,366.499468,277.843955,239.740253,2800.0,6600.0,4200.0
1,15,11,447.666652,339.91749200000004,292.83457699999997,2800.0,6600.0,4200.0
1,15,12,483.077151,367.006423,315.997836,2800.0,6600.0,4200.0
1,15,13,469.75049,356.96756,307.280396,2800.0,6600.0,4200.0
1,15,14,408.96195400000005,310.493032,267.51646600000004,2800.0,6600.0,4200.0
1,15,15,299.610437,227.160005,195.985775,2800.0,6600.0,4200.0
1,15,16,139.2225,105.339693,91.070357,2800.0,6600.0,4200.0
1,15,17,0.0,0.0,0.0,2800.0,6600.0,4200.0
1,15,18,0.0,0.0,0.0,2800.0,6600.0,4200.0
1,15,19,0.0,0.0,0.0,2800.0,6600.0,4200.0
1,15,20,0.0,0.0,0.0,2800.0,6600.0,4200.0
1,15,21,0.0,0.0,0.0,2800.0,6600.0,4200.0
1,15,22,0.0,0.0,0.0,2800.0,6600.0,4200.0
1,15,23,0.0,0.0,0.0,2800.0,6600.0,4200.0
1,16,0,0.0,0.0,0.0,2800.0,6600.0,4200.0
1,16,1,0.0,0.0,0.0,2800.0,6600.0,4200.0
1,16,2,0.0,0.0,0.0,2800.0,6600.0,4200.0
1,16,3,0.0,0.0,0.0,2800.0,6600.0,4200.0
1,16,4,0.0,0.0,0.0,2800.0,6600.0,4200.0
1,16,5,0.0,0.0,0.0,2800.0,6600.0,4200.0
1,16,6,0.0,0.0,0.0,2800.0,6600.0,4200.0
1,16,7,0.0,0.0,0.0,2800.0,6600.0,4200.0
1,16,8,-0.0,-0.0,-0.0,2800.0,6600.0,4200.0
1,16,9,70.88810400000001,53.534102,46.370414,2800.0,6600.0,4200.0
1,16,10,173.05492999999998,130.716536,113.201345,2800.0,6600.0,4200.0
1,16,11,302.635175,229.010809,197.964362,2800.0,6600.0,4200.0
1,16,12,227.044079,171.612131,148.517555,2800.0,6600.0,4200.0
1,16,13,462.575462,350.698013,302.586956,2800.0,6600.0,4200.0
1,16,14,407.66402,308.73771999999997,266.667442,2800.0,6600.0,4200.0
1,16,15,304.05001400000003,229.934,198.889859,2800.0,6600.0,4200.0
1,16,16,143.87948699999998,108.625482,94.116657,2800.0,6600.0,4200.0
1,16,17,0.0,0.0,0.0,2800.0,6600.0,4200.0
1,16,18,0.0,0.0,0.0,2800.0,6600.0,4200.0
1,16,19,0.0,0.0,0.0,2800.0,6600.0,4200.0
1,16,20,0.0,0.0,0.0,2800.0,6600.0,4200.0
1,16,21,0.0,0.0,0.0,2800.0,6600.0,4200.0
1,16,22,0.0,0.0,0.0,2800.0,6600.0,4200.0
1,16,23,0.0,0.0,0.0,2800.0,6600.0,4200.0
1,17,0,0.0,0.0,0.0,2800.0,6600.0,4200.0
1,17,1,0.0,0.0,0.0,2800.0,6600.0,4200.0
1,17,2,0.0,0.0,0.0,2800.0,6600.0,4200.0
1,17,3,0.0,0.0,0.0,2800.0,6600.0,4200.0
1,17,4,0.0,0.0,0.0,2800.0,6600.0,4200.0
1,17,5,0.0,0.0,0.0,2800.0,6600.0,4200.0
1,17,6,0.0,0.0,0.0,2800.0,6600.0,4200.0
1,17,7,0.0,0.0,0.0,2800.0,6600.0,4200.0
1,17,8,56.989885,42.999703000000004,37.279098,2800.0,6600.0,4200.0
1,17,9,80.941748,61.076726,52.946858,2800.0,6600.0,4200.0
1,17,10,124.560002,93.97419000000001,81.479099,2800.0,6600.0,4200.0
1,17,11,202.15637700000002,152.555593,132.23763,2800.0,6600.0,4200.0
1,17,12,257.590892,194.545696,168.499305,2800.0,6600.0,4200.0
1,17,13,396.771375,300.101754,259.54217800000004,2800.0,6600.0,4200.0
1,17,14,342.607886,258.96552299999996,224.11192499999999,2800.0,6600.0,4200.0
1,17,15,205.45820600000002,155.043361,134.397473,2800.0,6600.0,4200.0
1,17,16,145.60954500000003,109.86295299999999,95.248349,2800.0,6600.0,4200.0
1,17,17,0.0,0.0,0.0,2800.0,6600.0,4200.0
1,17,18,0.0,0.0,0.0,2800.0,6600.0,4200.0
1,17,19,0.0,0.0,0.0,2800.0,6600.0,4200.0
1,17,20,0.0,0.0,0.0,2800.0,6600.0,4200.0
1,17,21,0.0,0.0,0.0,2800.0,6600.0,4200.0
1,17,22,0.0,0.0,0.0,2800.0,6600.0,4200.0
1,17,23,0.0,0.0,0.0,2800.0,6600.0,4200.0
1,18,0,0.0,0.0,0.0,2800.0,6600.0,4200.0
1,18,1,0.0,0.0,0.0,2800.0,6600.0,4200.0
1,18,2,0.0,0.0,0.0,2800.0,6600.0,4200.0
1,18,3,0.0,0.0,0.0,2800.0,6600.0,4200.0
1,18,4,0.0,0.0,0.0,2800.0,6600.0,4200.0
1,18,5,0.0,0.0,0.0,2800.0,6600.0,4200.0
1,18,6,0.0,0.0,0.0,2800.0,6600.0,4200.0
1,18,7,0.0,0.0,0.0,2800.0,6600.0,4200.0
1,18,8,64.792299,48.825682,42.382932999999994,2800.0,6600.0,4200.0
1,18,9,254.652692,192.518356,166.577325,2800.0,6600.0,4200.0
1,18,10,384.34887699999996,291.30309600000004,251.416183,2800.0,6600.0,4200.0
1,18,11,466.18975300000005,353.51411700000006,304.951192,2800.0,6600.0,4200.0
1,18,12,498.125379,378.034447,325.841413,2800.0,6600.0,4200.0
1,18,13,483.400315,366.615235,316.209228,2800.0,6600.0,4200.0
1,18,14,426.200861,322.848315,278.793044,2800.0,6600.0,4200.0
1,18,15,206.755544,156.19946900000002,135.24610800000002,2364.2786071344885,2885.536882723194,2792.4550477966395
1,18,16,155.117955,117.16617,101.468136,2800.0,6600.0,4200.0
1,18,17,0.0,0.0,0.0,2800.0,6600.0,4200.0
1,18,18,0.0,0.0,0.0,2800.0,6600.0,4200.0
1,18,19,0.0,0.0,0.0,2800.0,6600.0,4200.0
1,18,20,0.0,0.0,0.0,2800.0,6600.0,4200.0
1,18,21,0.0,0.0,0.0,2800.0,6600.0,4200.0
1,18,22,0.0,0.0,0.0,2800.0,6600.0,4200.0
1,18,23,0.0,0.0,0.0,2800.0,6600.0,4200.0
1,19,0,0.0,0.0,0.0,2800.0,6600.0,4200.0
1,19,1,0.0,0.0,0.0,2800.0,6600.0,4200.0
1,19,2,0.0,0.0,0.0,2800.0,6600.0,4200.0
1,19,3,0.0,0.0,0.0,2800.0,6600.0,4200.0
1,19,4,0.0,0.0,0.0,2800.0,6600.0,4200.0
1,19,5,0.0,0.0,0.0,2800.0,6600.0,4200.0
1,19,6,0.0,0.0,0.0,2800.0,6600.0,4200.0
1,19,7,0.0,0.0,0.0,2800.0,6600.0,4200.0
1,19,8,0.277339,0.203353,0.181417,2800.0,6600.0,4200.0
1,19,9,26.618397,20.18414,17.412034,2800.0,6600.0,4200.0
1,19,10,117.535231,89.024428,76.883948,2800.0,6600.0,4200.0
1,19,11,257.298724,195.072251,168.308188,2800.0,6600.0,4200.0
1,19,12,455.159948,345.85943699999996,297.736207,2800.0,6600.0,4200.0
1,19,13,444.57814,337.75455999999997,290.814272,2800.0,6600.0,4200.0
1,19,14,120.871804,91.58339699999999,79.066518,2800.0,6600.0,4200.0
1,19,15,51.899063999999996,39.355976000000005,33.949012,2800.0,6600.0,4200.0
1,19,16,9.158190000000001,6.961127,5.990696,2800.0,6600.0,4200.0
1,19,17,0.0,0.0,0.0,2800.0,6600.0,4200.0
1,19,18,0.0,0.0,0.0,2800.0,6600.0,4200.0
1,19,19,0.0,0.0,0.0,2800.0,6600.0,4200.0
1,19,20,0.0,0.0,0.0,2800.0,6600.0,4200.0
1,19,21,0.0,0.0,0.0,2800.0,6600.0,4200.0
1,19,22,0.0,0.0,0.0,2800.0,6600.0,4200.0
1,19,23,0.0,0.0,0.0,2800.0,6600.0,4200.0
1,20,0,0.0,0.0,0.0,2800.0,6600.0,4200.0
1,20,1,0.0,0.0,0.0,2800.0,6600.0,4200.0
1,20,2,0.0,0.0,0.0,2800.0,6600.0,4200.0
1,20,3,0.0,0.0,0.0,2800.0,6600.0,4200.0
1,20,4,0.0,0.0,0.0,2800.0,6600.0,4200.0
1,20,5,0.0,0.0,0.0,2800.0,6600.0,4200.0
1,20,6,0.0,0.0,0.0,2800.0,6600.0,4200.0
1,20,7,0.0,0.0,0.0,2800.0,6600.0,4200.0
1,20,8,5.510676,4.168621,3.604728,2800.0,6600.0,4200.0
1,20,9,99.746617,75.43041199999999,65.247787,2800.0,6600.0,4200.0
1,20,10,165.97513,125.55983,108.570198,2800.0,6600.0,4200.0
1,20,11,250.48491,189.776377,163.85103099999998,2800.0,6600.0,4200.0
1,20,12,233.30402600000002,176.71697,152.612408,2800.0,6600.0,4200.0
1,20,13,99.385113,75.187152,65.011314,2800.0,6600.0,4200.0
1,20,14,62.417476,47.226285000000004,40.829477,2800.0,6600.0,4200.0
1,20,15,133.104427,100.693205,87.068309,2800.0,6600.0,4200.0
1,20,16,37.380977,28.295776,24.452218000000002,2800.0,6600.0,4200.0
1,20,17,-0.0,-0.0,-0.0,2800.0,6600.0,4200.0
1,20,18,0.0,0.0,0.0,2800.0,6600.0,4200.0
1,20,19,0.0,0.0,0.0,2800.0,6600.0,4200.0
1,20,20,0.0,0.0,0.0,2800.0,6600.0,4200.0
1,20,21,0.0,0.0,0.0,2800.0,6600.0,4200.0
1,20,22,0.0,0.0,0.0,2800.0,6600.0,4200.0
1,20,23,0.0,0.0,0.0,2800.0,6600.0,4200.0
1,21,0,0.0,0.0,0.0,2800.0,6600.0,4200.0
1,21,1,0.0,0.0,0.0,2800.0,6600.0,4200.0
1,21,2,0.0,0.0,0.0,2800.0,6600.0,4200.0
1,21,3,0.0,0.0,0.0,2800.0,6600.0,4200.0
1,21,4,0.0,0.0,0.0,2800.0,6600.0,4200.0
1,21,5,0.0,0.0,0.0,2800.0,4276.483153260508,4138.532083800491
1,21,6,0.0,0.0,0.0,1136.8810555802274,1387.531996967994,1342.7729002916071
1,21,7,0.0,0.0,0.0,52.04244894371608,63.51637469508655,61.467459382341815
1,21,8,68.295792,51.552413,44.674690999999996,1901.3333359069868,2320.524937524275,2245.6692943783305
1,21,9,255.92152,193.41706,167.40731,2800.0,6600.0,4200.0
1,21,10,389.59345,295.013211,254.846844,2800.0,6600.0,4200.0
1,21,11,469.199865,356.118092,306.920212,2800.0,6600.0,4200.0
1,21,12,500.803093,380.632129,327.593001,2800.0,6600.0,4200.0
1,21,13,486.37498100000005,369.701235,318.15506300000004,2800.0,6600.0,4200.0
1,21,14,326.228371,247.195861,213.397506,2800.0,6600.0,4200.0
1,21,15,247.35842399999999,187.22214300000002,161.805886,2800.0,6600.0,4200.0
1,21,16,161.479094,121.988906,105.629182,2800.0,6600.0,4200.0
1,21,17,-0.0,-0.0,-0.0,2800.0,6600.0,4200.0
1,21,18,0.0,0.0,0.0,2800.0,6600.0,4200.0
1,21,19,0.0,0.0,0.0,2800.0,6600.0,4200.0
1,21,20,0.0,0.0,0.0,2800.0,6600.0,4200.0
1,21,21,0.0,0.0,0.0,2800.0,6600.0,4200.0
1,21,22,0.0,0.0,0.0,2800.0,6600.0,4200.0
1,21,23,0.0,0.0,0.0,2800.0,6600.0,4200.0
1,22,0,0.0,0.0,0.0,2800.0,6055.023664834879,4200.0
1,22,1,0.0,0.0,0.0,2800.0,6145.847517348083,4200.0
1,22,2,0.0,0.0,0.0,2694.829168782761,3288.9647335537634,3182.869096987513
1,22,3,0.0,0.0,0.0,2800.0,3472.7785151730586,3360.753401780379
1,22,4,0.0,0.0,0.0,1901.3333359069868,2320.524937524275,2245.6692943783305
1,22,5,0.0,0.0,0.0,2800.0,5614.303506012198,4200.0
1,22,6,0.0,0.0,0.0,2800.0,6600.0,4200.0
1,22,7,0.0,0.0,0.0,2800.0,6600.0,4200.0
1,22,8,17.394475999999997,13.154290999999999,11.378342,2800.0,6600.0,4200.0
1,22,9,79.302758,59.884818,51.874736,2800.0,6600.0,4200.0
1,22,10,71.203625,53.772774,46.576808,2800.0,6600.0,4200.0
1,22,11,200.625179,151.478171,131.236019,2502.4167786610287,3054.130714113854,2955.610368497278
1,22,12,153.05256599999998,115.488596,100.117092,769.610460224766,939.288356967234,908.9887325489362
1,22,13,147.565404,111.342438,96.527746,55.67205296764801,67.94620637783812,65.7543932688756
1,22,14,137.14024799999999,103.473632,89.708283,648.3361095823518,791.2763542146813,765.7513105303368
1,22,15,37.755404999999996,28.503417000000002,24.697145,2800.0,3472.7785151730586,3360.753401780379
1,22,16,134.799426,101.716792,88.177068,2800.0,6600.0,4200.0
1,22,17,-0.0,-0.0,-0.0,2800.0,6600.0,4200.0
1,22,18,0.0,0.0,0.0,2800.0,6600.0,4200.0
1,22,19,0.0,0.0,0.0,2800.0,6600.0,4200.0
1,22,20,0.0,0.0,0.0,2800.0,6600.0,4200.0
1,22,21,0.0,0.0,0.0,2800.0,6600.0,4200.0
1,22,22,0.0,0.0,0.0,2800.0,6600.0,4200.0
1,22,23,0.0,0.0,0.0,2800.0,6600.0,4200.0
1,23,0,0.0,0.0,0.0,2800.0,6600.0,4200.0
1,23,1,0.0,0.0,0.0,2800.0,6600.0,4200.0
1,23,2,0.0,0.0,0.0,2800.0,6600.0,4200.0
1,23,3,0.0,0.0,0.0,2800.0,6600.0,4200.0
1,23,4,0.0,0.0,0.0,2800.0,6600.0,4200.0
1,23,5,0.0,0.0,0.0,2800.0,6600.0,4200.0
1,23,6,0.0,0.0,0.0,2800.0,6600.0,4200.0
1,23,7,0.0,0.0,0.0,2800.0,6600.0,4200.0
1,23,8,75.32565600000001,56.818366000000005,49.273174,2800.0,6600.0,4200.0
1,23,9,261.794776,197.658295,171.249215,2800.0,6600.0,4200.0
1,23,10,399.191714,302.032278,261.125407,2800.0,6600.0,4200.0
1,23,11,480.71513,364.41609600000004,314.452754,2800.0,6600.0,4200.0
1,23,12,512.497888,389.10014,335.24298,2800.0,6600.0,4200.0
1,23,13,497.87489899999997,378.127694,325.677566,2800.0,6600.0,4200.0
1,23,14,436.525168,331.360934,285.546538,2800.0,6600.0,4200.0
1,23,15,330.791919,250.762008,216.382684,2800.0,6600.0,4200.0
1,23,16,172.249189,130.206056,112.674282,2800.0,6600.0,4200.0
1,23,17,-0.0,-0.0,-0.0,2800.0,6600.0,4200.0
1,23,18,0.0,0.0,0.0,2800.0,6600.0,4200.0
1,23,19,0.0,0.0,0.0,2800.0,6600.0,4200.0
1,23,20,0.0,0.0,0.0,2800.0,6600.0,4200.0
1,23,21,0.0,0.0,0.0,2800.0,6600.0,4200.0
1,23,22,0.0,0.0,0.0,2800.0,6600.0,4200.0
1,23,23,0.0,0.0,0.0,2800.0,6600.0,4200.0
1,24,0,0.0,0.0,0.0,2800.0,6600.0,4200.0
1,24,1,0.0,0.0,0.0,2800.0,6600.0,4200.0
1,24,2,0.0,0.0,0.0,2800.0,6600.0,4200.0
1,24,3,0.0,0.0,0.0,2800.0,6600.0,4200.0
1,24,4,0.0,0.0,0.0,2800.0,6600.0,4200.0
1,24,5,0.0,0.0,0.0,2800.0,6600.0,4200.0
1,24,6,0.0,0.0,0.0,2800.0,6600.0,4200.0
1,24,7,0.0,0.0,0.0,2800.0,6600.0,4200.0
1,24,8,8.279084000000001,6.26099,5.415642,2800.0,6600.0,4200.0
1,24,9,4.561033999999999,3.448534,2.983534,2800.0,6600.0,4200.0
1,24,10,136.485634,103.13328299999999,89.280076,2800.0,6600.0,4200.0
1,24,11,209.10124,158.120674,136.78051000000002,2800.0,6600.0,4200.0
1,24,12,113.68780000000001,86.03125800000001,74.367208,2800.0,6600.0,4200.0
1,24,13,168.37969099999998,127.550377,110.143106,2800.0,6600.0,4200.0
1,24,14,189.522715,143.603125,123.973505,2800.0,6600.0,4200.0
1,24,15,283.551413,215.124581,185.480999,2800.0,6600.0,4200.0
1,24,16,134.054712,101.606905,87.689925,2800.0,6600.0,4200.0
1,24,17,-0.0,-0.0,-0.0,2800.0,6145.847517348083,4200.0
1,24,18,0.0,0.0,0.0,2800.0,6600.0,4200.0
1,24,19,0.0,0.0,0.0,2800.0,6600.0,4200.0
1,24,20,0.0,0.0,0.0,2800.0,6600.0,4200.0
1,24,21,0.0,0.0,0.0,2800.0,6600.0,4200.0
1,24,22,0.0,0.0,0.0,2800.0,6600.0,4200.0
1,24,23,0.0,0.0,0.0,2800.0,6600.0,4200.0
1,25,0,0.0,0.0,0.0,2800.0,6600.0,4200.0
1,25,1,0.0,0.0,0.0,2800.0,6600.0,4200.0
1,25,2,0.0,0.0,0.0,2800.0,6600.0,4200.0
1,25,3,0.0,0.0,0.0,2800.0,6600.0,4200.0
1,25,4,0.0,0.0,0.0,2800.0,6600.0,4200.0
1,25,5,0.0,0.0,0.0,2800.0,6600.0,4200.0
1,25,6,0.0,0.0,0.0,2800.0,6600.0,4200.0
1,25,7,0.0,0.0,0.0,2800.0,6600.0,4200.0
1,25,8,3.592215,2.726698,2.349795,2800.0,6600.0,4200.0
1,25,9,17.565042000000002,13.336761000000001,11.489914,2800.0,6600.0,4200.0
1,25,10,49.051927000000006,37.211353,32.086599,2800.0,6600.0,4200.0
1,25,11,27.360092,20.769694,17.897203,2800.0,6600.0,4200.0
1,25,12,27.758311000000003,21.081838,18.157692,2800.0,6600.0,4200.0
1,25,13,66.388901,50.361995,43.427326,2800.0,6600.0,4200.0
1,25,14,38.498551,29.224618,25.183263,2800.0,6600.0,4200.0
1,25,15,32.139162,24.404537,21.023361,2800.0,6600.0,4200.0
1,25,16,28.993715,22.009518,18.965813999999998,2800.0,6600.0,4200.0
1,25,17,-0.0,-0.0,-0.0,2800.0,6600.0,4200.0
1,25,18,0.0,0.0,0.0,2800.0,6600.0,4200.0
1,25,19,0.0,0.0,0.0,2800.0,6600.0,4200.0
1,25,20,0.0,0.0,0.0,2800.0,6600.0,4200.0
1,25,21,0.0,0.0,0.0,2800.0,6600.0,4200.0
1,25,22,0.0,0.0,0.0,2800.0,6600.0,4200.0
1,25,23,0.0,0.0,0.0,2800.0,6600.0,4200.0
1,26,0,0.0,0.0,0.0,2800.0,6600.0,4200.0
1,26,1,0.0,0.0,0.0,2800.0,6600.0,4200.0
1,26,2,0.0,0.0,0.0,2800.0,6600.0,4200.0
1,26,3,0.0,0.0,0.0,2800.0,6600.0,4200.0
1,26,4,0.0,0.0,0.0,2800.0,6600.0,4200.0
1,26,5,0.0,0.0,0.0,2800.0,6600.0,4200.0
1,26,6,0.0,0.0,0.0,2800.0,6600.0,4200.0
1,26,7,0.0,0.0,0.0,2800.0,6600.0,4200.0
1,26,8,1.707403,1.289599,1.116873,2800.0,6600.0,4200.0
1,26,9,16.016227,12.145539000000001,10.476780000000002,2800.0,6600.0,4200.0
1,26,10,147.602055,111.688712,96.55172,2800.0,6600.0,4200.0
1,26,11,182.142314,137.84246900000002,119.145724,2800.0,6600.0,4200.0
1,26,12,166.344791,125.879571,108.812006,2800.0,6600.0,4200.0
1,26,13,213.04498199999998,161.25452299999998,139.360252,2800.0,6600.0,4200.0
1,26,14,225.430049,170.638913,147.461761,2800.0,6600.0,4200.0
1,26,15,92.947585,70.30962600000001,60.8003,2800.0,6600.0,4200.0
1,26,16,42.740642,32.341491000000005,27.958165,2800.0,6600.0,4200.0
1,26,17,-0.0,-0.0,-0.0,2800.0,6600.0,4200.0
1,26,18,0.0,0.0,0.0,2800.0,6600.0,4200.0
1,26,19,0.0,0.0,0.0,2800.0,6600.0,4200.0
1,26,20,0.0,0.0,0.0,2800.0,6600.0,4200.0
1,26,21,0.0,0.0,0.0,2800.0,6600.0,4200.0
1,26,22,0.0,0.0,0.0,2800.0,6600.0,4200.0
1,26,23,0.0,0.0,0.0,2800.0,6600.0,4200.0
1,27,0,0.0,0.0,0.0,2800.0,6600.0,4200.0
1,27,1,0.0,0.0,0.0,2800.0,6600.0,4200.0
1,27,2,0.0,0.0,0.0,2800.0,6600.0,4200.0
1,27,3,0.0,0.0,0.0,2800.0,6600.0,4200.0
1,27,4,0.0,0.0,0.0,2800.0,6600.0,4200.0
1,27,5,0.0,0.0,0.0,2800.0,6600.0,4200.0
1,27,6,0.0,0.0,0.0,2800.0,6600.0,4200.0
1,27,7,0.0,0.0,0.0,2800.0,6600.0,4200.0
1,27,8,87.67411299999999,66.181446,57.350735,2800.0,6600.0,4200.0
1,27,9,268.627472,203.174509,175.718722,2800.0,6600.0,4200.0
1,27,10,405.589896,307.392793,265.310684,2800.0,6600.0,4200.0
1,27,11,485.149864,368.519277,317.35367099999996,2800.0,6600.0,4200.0
1,27,12,519.088789,394.678635,339.554321,2800.0,6600.0,4200.0
1,27,13,505.14770400000003,384.299161,330.434964,2800.0,6600.0,4200.0
1,27,14,446.145733,339.093219,291.83969,2800.0,6600.0,4200.0
1,27,15,343.702488,260.695935,224.827943,2800.0,6600.0,4200.0
1,27,16,184.673892,139.637596,120.80171899999999,2800.0,6600.0,4200.0
1,27,17,-0.0,-0.0,-0.0,2800.0,6600.0,4200.0
1,27,18,0.0,0.0,0.0,2800.0,6600.0,4200.0
1,27,19,0.0,0.0,0.0,2800.0,6600.0,4200.0
1,27,20,0.0,0.0,0.0,2800.0,6600.0,4200.0
1,27,21,0.0,0.0,0.0,2800.0,6600.0,4200.0
1,27,22,0.0,0.0,0.0,2800.0,6600.0,4200.0
1,27,23,0.0,0.0,0.0,2800.0,6600.0,4200.0
1,28,0,0.0,0.0,0.0,2800.0,6600.0,4200.0
1,28,1,0.0,0.0,0.0,2800.0,6600.0,4200.0
1,28,2,0.0,0.0,0.0,2800.0,6600.0,4200.0
1,28,3,0.0,0.0,0.0,2800.0,6600.0,4200.0
1,28,4,0.0,0.0,0.0,2800.0,6600.0,4200.0
1,28,5,0.0,0.0,0.0,2800.0,6600.0,4200.0
1,28,6,0.0,0.0,0.0,2800.0,6600.0,4200.0
1,28,7,0.0,0.0,0.0,2800.0,6600.0,4200.0
1,28,8,92.124737,69.51483999999999,60.262046000000005,2800.0,6600.0,4200.0
1,28,9,270.691653,204.81194299999999,177.068976,2800.0,6600.0,4200.0
1,28,10,402.171802,305.057973,263.074788,2800.0,6600.0,4200.0
1,28,11,481.69334399999997,366.08709899999997,315.09263799999997,2800.0,6600.0,4200.0
1,28,12,515.815258,392.351582,337.412988,2800.0,6600.0,4200.0
1,28,13,501.635262,381.53007,328.137352,2800.0,6600.0,4200.0
1,28,14,447.75664,340.251359,292.893441,2800.0,6600.0,4200.0
1,28,15,345.373605,262.047914,225.92108,2455.7891050857875,2997.2229235298983,2900.5383130934497
1,28,16,190.00314699999998,143.768434,124.287773,2549.630956168769,3111.754316583931,3011.3751450812238
1,28,17,3.4129169999999998,2.573911,2.232509,2800.0,6600.0,4200.0
1,28,18,0.0,0.0,0.0,2800.0,6600.0,4200.0
1,28,19,0.0,0.0,0.0,2800.0,6600.0,4200.0
1,28,20,0.0,0.0,0.0,2800.0,6600.0,4200.0
1,28,21,0.0,0.0,0.0,2800.0,6600.0,4200.0
1,28,22,0.0,0.0,0.0,2800.0,6600.0,4200.0
1,28,23,0.0,0.0,0.0,2800.0,6600.0,4200.0
1,29,0,0.0,0.0,0.0,2800.0,6600.0,4200.0
1,29,1,0.0,0.0,0.0,2800.0,6600.0,4200.0
1,29,2,0.0,0.0,0.0,2800.0,6145.847517348083,4200.0
1,29,3,0.0,0.0,0.0,2800.0,6600.0,4200.0
1,29,4,0.0,0.0,0.0,2800.0,6600.0,4200.0
1,29,5,0.0,0.0,0.0,2800.0,6600.0,4200.0
1,29,6,0.0,0.0,0.0,2800.0,6600.0,4200.0
1,29,7,0.0,0.0,0.0,2800.0,6600.0,4200.0
1,29,8,45.236686999999996,34.271748,29.590916,2800.0,6600.0,4200.0
1,29,9,124.37156,94.20868300000001,81.35583199999999,2800.0,6600.0,4200.0
1,29,10,116.357283,88.17897199999999,76.113411,2800.0,6600.0,4200.0
1,29,11,142.045908,107.77571300000001,92.917248,2800.0,6600.0,4200.0
1,29,12,181.518319,137.811047,118.737547,2800.0,6600.0,4200.0
1,29,13,139.85485500000001,106.16698299999999,91.484003,2800.0,6600.0,4200.0
1,29,14,235.277561,178.934401,153.903367,2800.0,6600.0,4200.0
1,29,15,74.208399,56.335829,48.542336000000006,2800.0,6600.0,4200.0
1,29,16,58.856318,44.686921999999996,38.499997,2800.0,6600.0,4200.0
1,29,17,0.18683699999999998,0.13811199999999998,0.12221599999999999,2800.0,6600.0,4200.0
1,29,18,0.0,0.0,0.0,2800.0,6600.0,4200.0
1,29,19,0.0,0.0,0.0,2800.0,6600.0,4200.0
1,29,20,0.0,0.0,0.0,2800.0,6600.0,4200.0
1,29,21,0.0,0.0,0.0,2800.0,6600.0,4200.0
1,29,22,0.0,0.0,0.0,2800.0,6600.0,4200.0
1,29,23,0.0,0.0,0.0,2800.0,6600.0,4200.0
1,30,0,0.0,0.0,0.0,2800.0,6600.0,4200.0
1,30,1,0.0,0.0,0.0,2800.0,6600.0,4200.0
1,30,2,0.0,0.0,0.0,2800.0,6600.0,4200.0
1,30,3,0.0,0.0,0.0,2800.0,6600.0,4200.0
1,30,4,0.0,0.0,0.0,2800.0,5444.184846176627,4200.0
1,30,5,0.0,0.0,0.0,1342.23868718708,1638.1653268818693,1585.3212840792282
1,30,6,0.0,0.0,0.0,175.6432651850418,214.36776459591715,207.4526754154037
1,30,7,0.0,0.0,0.0,1437.3238044186396,1754.214092007001,1697.6265406519365
1,30,8,81.05608199999999,61.347266000000005,53.021648,2800.0,6600.0,4200.0
1,30,9,249.73676500000002,189.323612,163.36164300000002,2800.0,6600.0,4200.0
1,30,10,379.220436,288.255095,248.06148800000003,2800.0,6600.0,4200.0
1,30,11,455.158947,346.652116,297.73555200000004,2800.0,6600.0,4200.0
1,30,12,489.02192099999996,372.769931,319.88652,2800.0,6600.0,4200.0
1,30,13,482.107838,367.445264,315.363773,2800.0,6600.0,4200.0
1,30,14,427.376646,325.400522,279.562167,2800.0,6600.0,4200.0
1,30,15,330.252206,251.083984,216.029638,2800.0,6600.0,4200.0
1,30,16,182.44162400000002,138.36741899999998,119.34151399999999,2800.0,6600.0,4200.0
1,30,17,12.449776,9.439181000000001,8.143838,2800.0,6600.0,4200.0
1,30,18,0.0,0.0,0.0,2800.0,6600.0,4200.0
1,30,19,0.0,0.0,0.0,2800.0,6600.0,4200.0
1,30,20,0.0,0.0,0.0,2800.0,6600.0,4200.0
1,30,21,0.0,0.0,0.0,2800.0,6600.0,4200.0
1,30,22,0.0,0.0,0.0,2800.0,6600.0,4200.0
1,30,23,0.0,0.0,0.0,2800.0,6600.0,4200.0
1,31,0,0.0,0.0,0.0,2800.0,6600.0,4200.0
1,31,1,0.0,0.0,0.0,2800.0,6600.0,4200.0
1,31,2,0.0,0.0,0.0,2800.0,6600.0,4200.0
1,31,3,0.0,0.0,0.0,2800.0,6600.0,4200.0
1,31,4,0.0,0.0,0.0,2800.0,6600.0,4200.0
1,31,5,0.0,0.0,0.0,2800.0,6600.0,4200.0
1,31,6,0.0,0.0,0.0,2800.0,6600.0,4200.0
1,31,7,0.0,0.0,0.0,2800.0,6600.0,4200.0
1,31,8,85.35388499999999,64.578867,55.832992,2800.0,6600.0,4200.0
1,31,9,255.615998,193.929325,167.207457,2800.0,6600.0,4200.0
1,31,10,129.121085,97.854423,84.46266499999999,2800.0,6600.0,4200.0
1,31,11,295.370196,224.57780499999998,193.212083,2800.0,6600.0,4200.0
1,31,12,410.92431400000004,313.634664,268.800115,2800.0,6600.0,4200.0
1,31,13,393.597379,300.357728,257.465955,2800.0,6600.0,4200.0
1,31,14,316.892703,241.38135999999997,207.290715,2800.0,6600.0,4200.0
1,31,15,263.625424,200.60970600000002,172.446706,2800.0,6600.0,4200.0
1,31,16,113.924205,86.413084,74.52184799999999,2800.0,6600.0,4200.0
1,31,17,12.092593,9.174805000000001,7.910192,2800.0,6600.0,4200.0
1,31,18,0.0,0.0,0.0,2800.0,6600.0,4200.0
1,31,19,0.0,0.0,0.0,2800.0,6600.0,4200.0
1,31,20,0.0,0.0,0.0,2800.0,6600.0,4200.0
1,31,21,0.0,0.0,0.0,2800.0,6600.0,4200.0
1,31,22,0.0,0.0,0.0,2800.0,6600.0,4200.0
1,31,23,0.0,0.0,0.0,2800.0,6600.0,4200.0
2,1,0,0.0,0.0,0.0,2800.0,6600.0,4200.0
2,1,1,0.0,0.0,0.0,2800.0,6600.0,4200.0
2,1,2,0.0,0.0,0.0,2800.0,6600.0,4200.0
2,1,3,0.0,0.0,0.0,2800.0,6600.0,4200.0
2,1,4,0.0,0.0,0.0,2800.0,6600.0,4200.0
2,1,5,0.0,0.0,0.0,2800.0,6600.0,4200.0
2,1,6,0.0,0.0,0.0,2800.0,6600.0,4200.0
2,1,7,0.0,0.0,0.0,2800.0,6600.0,4200.0
2,1,8,86.42850800000001,65.54800999999999,56.535941,2800.0,6600.0,4200.0
2,1,9,259.38791699999996,196.86196900000002,169.67480300000003,2800.0,6600.0,4200.0
2,1,10,390.052084,296.572214,255.14685200000002,2800.0,6600.0,4200.0
2,1,11,468.472435,356.764567,306.444375,2800.0,6600.0,4200.0
2,1,12,499.43756099999996,380.91028700000004,326.699758,2800.0,6600.0,4200.0
2,1,13,487.691753,371.896642,319.01640999999995,2800.0,6600.0,4200.0
2,1,14,258.15074799999996,196.084115,168.86552700000001,2800.0,6600.0,4200.0
2,1,15,89.601264,67.986852,58.611353,2800.0,6600.0,4200.0
2,1,16,100.10036500000001,75.91354700000001,65.479186,2800.0,6600.0,4200.0
2,1,17,2.77825,2.114052,1.817352,2800.0,6600.0,4200.0
2,1,18,0.0,0.0,0.0,2800.0,6600.0,4200.0
2,1,19,0.0,0.0,0.0,2800.0,6600.0,4200.0
2,1,20,0.0,0.0,0.0,2800.0,6600.0,4200.0
2,1,21,0.0,0.0,0.0,2800.0,6600.0,4200.0
2,1,22,0.0,0.0,0.0,2800.0,6600.0,4200.0
2,1,23,0.0,0.0,0.0,2800.0,6600.0,4200.0
2,2,0,0.0,0.0,0.0,2800.0,6600.0,4200.0
2,2,1,0.0,0.0,0.0,2800.0,6600.0,4200.0
2,2,2,0.0,0.0,0.0,2800.0,6600.0,4200.0
2,2,3,0.0,0.0,0.0,2800.0,6600.0,4200.0
2,2,4,0.0,0.0,0.0,2800.0,6600.0,4200.0
2,2,5,0.0,0.0,0.0,2800.0,6600.0,4200.0
2,2,6,0.0,0.0,0.0,2800.0,6600.0,4200.0
2,2,7,0.0,0.0,0.0,2800.0,6600.0,4200.0
2,2,8,86.523253,65.4808,56.597917,2800.0,6600.0,4200.0
2,2,9,251.03723499999998,190.53033,164.212327,2800.0,6600.0,4200.0
2,2,10,376.581175,286.664208,246.335054,2800.0,6600.0,4200.0
2,2,11,458.549082,349.620094,299.95315899999997,2800.0,6600.0,4200.0
2,2,12,497.604891,379.597413,325.500943,2800.0,6600.0,4200.0
2,2,13,250.94262899999998,190.551721,164.150441,2800.0,6600.0,4200.0
2,2,14,433.27309499999996,330.089404,283.419243,2800.0,6600.0,4200.0
2,2,15,103.343052,78.398342,67.600343,2800.0,6600.0,4200.0
2,2,16,76.327235,57.892039,49.928341999999994,2800.0,6600.0,4200.0
2,2,17,6.649954,5.052993000000001,4.34997,2800.0,6600.0,4200.0
2,2,18,0.0,0.0,0.0,2800.0,6600.0,4200.0
2,2,19,0.0,0.0,0.0,2800.0,6600.0,4200.0
2,2,20,0.0,0.0,0.0,2800.0,6600.0,4200.0
2,2,21,0.0,0.0,0.0,2800.0,6600.0,4200.0
2,2,22,0.0,0.0,0.0,2800.0,6600.0,4200.0
2,2,23,0.0,0.0,0.0,2800.0,6600.0,4200.0
2,3,0,0.0,0.0,0.0,2800.0,6600.0,4200.0
2,3,1,0.0,0.0,0.0,2800.0,6600.0,4200.0
2,3,2,0.0,0.0,0.0,2800.0,6600.0,4200.0
2,3,3,0.0,0.0,0.0,2800.0,6600.0,4200.0
2,3,4,0.0,0.0,0.0,2800.0,6600.0,4200.0
2,3,5,0.0,0.0,0.0,2800.0,6600.0,4200.0
2,3,6,0.0,0.0,0.0,2800.0,6600.0,4200.0
2,3,7,0.0,0.0,0.0,2800.0,6600.0,4200.0
2,3,8,93.00334299999999,70.31068499999999,60.836773,2800.0,6600.0,4200.0
2,3,9,267.58832900000004,202.772683,175.03898199999998,2800.0,6600.0,4200.0
2,3,10,395.647987,300.822708,258.80733,2800.0,6600.0,4200.0
2,3,11,472.481788,359.923147,309.067034,2800.0,6600.0,4200.0
2,3,12,280.89741100000003,213.18735,183.744923,2800.0,6600.0,4200.0
2,3,13,163.575573,123.937516,107.000563,2800.0,6600.0,4200.0
2,3,14,140.605474,106.504147,91.975009,2800.0,6600.0,4200.0
2,3,15,50.312132,38.123514,32.910942999999996,2800.0,6600.0,4200.0
2,3,16,3.868983,2.931471,2.530838,2800.0,6600.0,4200.0
2,3,17,-0.0,-0.0,-0.0,2800.0,6600.0,4200.0
2,3,18,0.0,0.0,0.0,2800.0,6600.0,4200.0
2,3,19,0.0,0.0,0.0,2800.0,6600.0,4200.0
2,3,20,0.0,0.0,0.0,2800.0,6600.0,4200.0
2,3,21,0.0,0.0,0.0,2502.4167786610287,3054.130714113854,2955.610368497278
2,3,22,0.0,0.0,0.0,167.779835898385,204.7706658602337,198.16516050990356
2,3,23,0.0,0.0,0.0,813.163264745564,992.4433546107276,960.4290528490912
2,4,0,0.0,0.0,0.0,2800.0,6330.21083371745,4200.0
2,4,1,0.0,0.0,0.0,2800.0,6600.0,4200.0
2,4,2,0.0,0.0,0.0,2800.0,6600.0,4200.0
2,4,3,0.0,0.0,0.0,2800.0,6600.0,4200.0
2,4,4,0.0,0.0,0.0,2800.0,6600.0,4200.0
2,4,5,0.0,0.0,0.0,2800.0,6600.0,4200.0
2,4,6,0.0,0.0,0.0,2800.0,6600.0,4200.0
2,4,7,0.0,0.0,0.0,2800.0,6600.0,4200.0
2,4,8,16.731857,12.640504,10.944899,2800.0,6600.0,4200.0
2,4,9,274.02952899999997,206.96375899999998,179.252398,2800.0,6600.0,4200.0
2,4,10,413.30846,312.865909,270.359669,2800.0,6600.0,4200.0
2,4,11,500.10245000000003,379.138663,327.134685,2800.0,6600.0,4200.0
2,4,12,540.007234,409.679434,353.237814,2800.0,6600.0,4200.0
2,4,13,530.882067,402.66050900000005,347.268721,2800.0,6600.0,4200.0
2,4,14,472.43573,357.996375,309.03690600000004,2800.0,6600.0,4200.0
2,4,15,369.207882,279.36025,241.511923,2800.0,6600.0,4200.0
2,4,16,211.66727600000002,159.82141399999998,138.459045,2800.0,6600.0,4200.0
2,4,17,24.395213,18.418727,15.957771000000001,2800.0,6600.0,4200.0
2,4,18,0.0,0.0,0.0,2800.0,6600.0,4200.0
2,4,19,0.0,0.0,0.0,2800.0,6600.0,4200.0
2,4,20,0.0,0.0,0.0,2800.0,6600.0,4200.0
2,4,21,0.0,0.0,0.0,2800.0,6600.0,4200.0
2,4,22,0.0,0.0,0.0,2800.0,6600.0,4200.0
2,4,23,0.0,0.0,0.0,2800.0,6600.0,4200.0
2,5,0,0.0,0.0,0.0,2800.0,6600.0,4200.0
2,5,1,0.0,0.0,0.0,2800.0,6600.0,4200.0
2,5,2,0.0,0.0,0.0,2800.0,6600.0,4200.0
2,5,3,0.0,0.0,0.0,2800.0,6600.0,4200.0
2,5,4,0.0,0.0,0.0,2800.0,6600.0,4200.0
2,5,5,0.0,0.0,0.0,2800.0,6600.0,4200.0
2,5,6,0.0,0.0,0.0,2800.0,6600.0,4200.0
2,5,7,0.0,0.0,0.0,2800.0,6600.0,4200.0
2,5,8,103.43136,77.97281600000001,67.658108,2800.0,6600.0,4200.0
2,5,9,273.70425300000005,206.823454,179.039624,2800.0,6600.0,4200.0
2,5,10,402.010996,304.51005200000003,262.96959899999996,2800.0,6600.0,4200.0
2,5,11,482.20653100000004,365.914294,315.428333,2800.0,6600.0,4200.0
2,5,12,517.326779,392.776724,338.401728,2800.0,6600.0,4200.0
2,5,13,510.892938,387.88436700000005,334.193125,2800.0,6600.0,4200.0
2,5,14,451.984336,342.796972,295.658927,2800.0,6600.0,4200.0
2,5,15,344.76721999999995,261.103865,225.524422,2800.0,6600.0,4200.0
2,5,16,22.701766,17.18354,14.850028,2800.0,6600.0,4200.0
2,5,17,10.739355999999999,8.127929,7.024992,2800.0,6600.0,4200.0
2,5,18,0.0,0.0,0.0,2800.0,6600.0,4200.0
2,5,19,0.0,0.0,0.0,2800.0,6600.0,4200.0
2,5,20,0.0,0.0,0.0,2800.0,6600.0,4200.0
2,5,21,0.0,0.0,0.0,2800.0,6600.0,4200.0
2,5,22,0.0,0.0,0.0,2800.0,6600.0,4200.0
2,5,23,0.0,0.0,0.0,2800.0,6600.0,4200.0
2,6,0,0.0,0.0,0.0,2800.0,6600.0,4200.0
2,6,1,0.0,0.0,0.0,2800.0,6600.0,4200.0
2,6,2,0.0,0.0,0.0,2800.0,6600.0,4200.0
2,6,3,0.0,0.0,0.0,2800.0,6600.0,4200.0
2,6,4,0.0,0.0,0.0,2800.0,6600.0,4200.0
2,6,5,0.0,0.0,0.0,2800.0,6600.0,4200.0
2,6,6,0.0,0.0,0.0,2800.0,6600.0,4200.0
2,6,7,0.0,0.0,0.0,2800.0,6600.0,4200.0
2,6,8,87.621675,66.250622,57.316434,2800.0,6600.0,4200.0
2,6,9,249.44485200000003,189.102069,163.170693,2800.0,6600.0,4200.0
2,6,10,373.996641,284.570402,244.644419,2800.0,6600.0,4200.0
2,6,11,453.81769799999995,346.189928,296.858193,2800.0,6600.0,4200.0
2,6,12,493.485178,376.71237,322.806094,2800.0,6600.0,4200.0
2,6,13,487.37990399999995,371.903967,318.812418,2800.0,6600.0,4200.0
2,6,14,435.444998,331.76140899999996,284.839961,2800.0,6600.0,4200.0
2,6,15,339.40704100000005,258.126344,222.018139,2800.0,6600.0,4200.0
2,6,16,196.45227400000002,149.007229,128.506375,2800.0,6600.0,4200.0
2,6,17,24.231051,18.370648000000003,15.850387000000001,2800.0,6600.0,4200.0
2,6,18,0.0,0.0,0.0,2800.0,6600.0,4200.0
2,6,19,0.0,0.0,0.0,2800.0,6600.0,4200.0
2,6,20,0.0,0.0,0.0,2800.0,6600.0,4200.0
2,6,21,0.0,0.0,0.0,2800.0,6600.0,4200.0
2,6,22,0.0,0.0,0.0,2800.0,6600.0,4200.0
2,6,23,0.0,0.0,0.0,2800.0,6600.0,4200.0
2,7,0,0.0,0.0,0.0,2800.0,6600.0,4200.0
2,7,1,0.0,0.0,0.0,2800.0,6600.0,4200.0
2,7,2,0.0,0.0,0.0,2800.0,6600.0,4200.0
2,7,3,0.0,0.0,0.0,2800.0,6600.0,4200.0
2,7,4,0.0,0.0,0.0,2800.0,6600.0,4200.0
2,7,5,0.0,0.0,0.0,2800.0,6600.0,4200.0
2,7,6,0.0,0.0,0.0,2800.0,6600.0,4200.0
2,7,7,0.0,0.0,0.0,2800.0,6600.0,4200.0
2,7,8,73.018985,55.44896,47.764298000000004,2800.0,6600.0,4200.0
2,7,9,233.016005,176.977371,152.424003,2800.0,6600.0,4200.0
2,7,10,84.778361,64.423517,55.456522,2800.0,6600.0,4200.0
2,7,11,69.616203,52.941094,45.538418,2800.0,6600.0,4200.0
2,7,12,202.750821,154.172509,132.62647700000002,2800.0,6600.0,4200.0
2,7,13,289.285869,220.111848,189.23210999999998,2800.0,6600.0,4200.0
2,7,14,415.543739,316.801693,271.821844,2800.0,6600.0,4200.0
2,7,15,320.106675,243.778535,209.39308799999998,2800.0,6600.0,4200.0
2,7,16,176.89945600000001,134.524045,115.71618600000001,2800.0,6600.0,4200.0
2,7,17,18.186053,13.874592,11.896139999999999,2800.0,6600.0,4200.0
2,7,18,0.0,0.0,0.0,2800.0,6600.0,4200.0
2,7,19,0.0,0.0,0.0,2800.0,6600.0,4200.0
2,7,20,0.0,0.0,0.0,2800.0,6600.0,4200.0
2,7,21,0.0,0.0,0.0,2800.0,6600.0,4200.0
2,7,22,0.0,0.0,0.0,2800.0,6600.0,4200.0
2,7,23,0.0,0.0,0.0,2800.0,6600.0,4200.0
2,8,0,0.0,0.0,0.0,2800.0,6600.0,4200.0
2,8,1,0.0,0.0,0.0,2800.0,6600.0,4200.0
2,8,2,0.0,0.0,0.0,2800.0,6600.0,4200.0
2,8,3,0.0,0.0,0.0,2800.0,6600.0,4200.0
2,8,4,0.0,0.0,0.0,2800.0,6600.0,4200.0
2,8,5,0.0,0.0,0.0,2800.0,6600.0,4200.0
2,8,6,0.0,0.0,0.0,2800.0,5528.8079782263085,4200.0
2,8,7,0.0,0.0,0.0,2800.0,6600.0,4200.0
2,8,8,105.51238599999999,80.023534,69.019381,2800.0,6600.0,4200.0
2,8,9,278.16682299999997,211.352307,181.958749,2800.0,6600.0,4200.0
2,8,10,397.203973,302.81147,259.825155,2502.4167786610287,3054.130714113854,2955.610368497278
2,8,11,467.776705,357.925063,305.98927299999997,2800.0,6600.0,4200.0
2,8,12,494.694569,379.415328,323.59719900000005,2800.0,6600.0,4200.0
2,8,13,490.32596,375.725644,320.739538,2800.0,6600.0,4200.0
2,8,14,443.341811,338.934826,290.005546,2800.0,6600.0,4200.0
2,8,15,350.18595799999997,267.04509,229.06901000000002,2800.0,6600.0,4200.0
2,8,16,208.961965,158.889377,136.689405,2800.0,6600.0,4200.0
2,8,17,30.32524,23.036656999999998,19.836811,2800.0,6600.0,4200.0
2,8,18,0.0,0.0,0.0,2800.0,6600.0,4200.0
2,8,19,0.0,0.0,0.0,2800.0,6600.0,4200.0
2,8,20,0.0,0.0,0.0,2800.0,6600.0,4200.0
2,8,21,0.0,0.0,0.0,2800.0,6600.0,4200.0
2,8,22,0.0,0.0,0.0,2800.0,6600.0,4200.0
2,8,23,0.0,0.0,0.0,2800.0,6600.0,4200.0
2,9,0,0.0,0.0,0.0,2800.0,6600.0,4200.0
2,9,1,0.0,0.0,0.0,2800.0,6600.0,4200.0
2,9,2,0.0,0.0,0.0,2800.0,6600.0,4200.0
2,9,3,0.0,0.0,0.0,2800.0,6600.0,4200.0
2,9,4,0.0,0.0,0.0,2800.0,6600.0,4200.0
2,9,5,0.0,0.0,0.0,2800.0,6600.0,4200.0
2,9,6,0.0,0.0,0.0,2800.0,6600.0,4200.0
2,9,7,0.0,0.0,0.0,2800.0,6600.0,4200.0
2,9,8,99.05263099999999,75.17492,64.793826,2800.0,6600.0,4200.0
2,9,9,260.46618,197.902612,170.380132,2800.0,6600.0,4200.0
2,9,10,372.034348,283.20394799999997,243.360814,2800.0,6600.0,4200.0
2,9,11,382.91144099999997,291.64275799999996,250.475905,2800.0,6600.0,4200.0
2,9,12,307.64477899999997,233.998097,201.241321,2800.0,6600.0,4200.0
2,9,13,318.76216700000003,242.496365,208.513598,2800.0,6600.0,4200.0
2,9,14,281.37397100000004,213.939548,184.056658,2800.0,6600.0,4200.0
2,9,15,142.318152,108.009046,93.095332,2800.0,6600.0,4200.0
2,9,16,133.75411400000002,101.462845,87.49329300000001,2800.0,6600.0,4200.0
2,9,17,12.010918,9.133324,7.8567659999999995,2800.0,6600.0,4200.0
2,9,18,0.0,0.0,0.0,2800.0,6600.0,4200.0
2,9,19,0.0,0.0,0.0,2800.0,6600.0,4200.0
2,9,20,0.0,0.0,0.0,2800.0,6600.0,4200.0
2,9,21,0.0,0.0,0.0,2800.0,6600.0,4200.0
2,9,22,0.0,0.0,0.0,2800.0,6600.0,4200.0
2,9,23,0.0,0.0,0.0,2800.0,6600.0,4200.0
2,10,0,0.0,0.0,0.0,2800.0,6600.0,4200.0
2,10,1,0.0,0.0,0.0,2800.0,6600.0,4200.0
2,10,2,0.0,0.0,0.0,2800.0,6600.0,4200.0
2,10,3,0.0,0.0,0.0,2800.0,6600.0,4200.0
2,10,4,0.0,0.0,0.0,2800.0,6600.0,4200.0
2,10,5,0.0,0.0,0.0,2800.0,6600.0,4200.0
2,10,6,0.0,0.0,0.0,2800.0,6600.0,4200.0
2,10,7,0.0,0.0,0.0,2800.0,6600.0,4200.0
2,10,8,93.609265,71.214652,61.233129,2800.0,6600.0,4200.0
2,10,9,253.41322200000002,192.954866,165.766543,2800.0,6600.0,4200.0
2,10,10,331.87473,253.147088,217.090989,2800.0,6600.0,4200.0
2,10,11,379.403359,289.66285600000003,248.181145,2800.0,6600.0,4200.0
2,10,12,406.86728000000005,310.877434,266.146266,2800.0,6600.0,4200.0
2,10,13,407.43771999999996,311.32670299999995,266.51941100000005,2800.0,6600.0,4200.0
2,10,14,332.484663,253.937818,217.489968,2800.0,6600.0,4200.0
2,10,15,187.117999,142.665962,122.40049499999999,2800.0,6600.0,4200.0
2,10,16,12.653433999999999,9.686333000000001,8.277059,2800.0,6600.0,4200.0
2,10,17,-0.0,-0.0,-0.0,2800.0,6600.0,4200.0
2,10,18,0.0,0.0,0.0,2800.0,6600.0,4200.0
2,10,19,0.0,0.0,0.0,2800.0,6600.0,4200.0
2,10,20,0.0,0.0,0.0,2800.0,6600.0,4200.0
2,10,21,0.0,0.0,0.0,2800.0,6600.0,4200.0
2,10,22,0.0,0.0,0.0,2800.0,6600.0,4200.0
2,10,23,0.0,0.0,0.0,2800.0,6600.0,4200.0
2,11,0,0.0,0.0,0.0,2800.0,6600.0,4200.0
2,11,1,0.0,0.0,0.0,2800.0,6600.0,4200.0
2,11,2,0.0,0.0,0.0,2800.0,6600.0,4200.0
2,11,3,0.0,0.0,0.0,2800.0,6600.0,4200.0
2,11,4,0.0,0.0,0.0,2800.0,6600.0,4200.0
2,11,5,0.0,0.0,0.0,2800.0,5114.326798854228,4200.0
2,11,6,0.0,0.0,0.0,2800.0,4134.733013236745,4001.3545289387857
2,11,7,0.0,0.0,0.0,2800.0,6600.0,4200.0
2,11,8,1.2702,0.975299,0.8308819999999999,2800.0,6600.0,4200.0
2,11,9,18.816057,14.355904,12.308247999999999,2800.0,6600.0,4200.0
2,11,10,38.761008000000004,29.545574000000002,25.354945,2800.0,6600.0,4200.0
2,11,11,17.862416,13.645743,11.684438,2800.0,6600.0,4200.0
2,11,12,23.729666,18.125699,15.522413,2800.0,6600.0,4200.0
2,11,13,19.284574,14.745996,12.614722,2800.0,6600.0,4200.0
2,11,14,24.741373,18.917132000000002,16.184207,2800.0,6600.0,4200.0
2,11,15,24.918888,19.052753,16.300325,2800.0,6600.0,4200.0
2,11,16,-0.0,-0.0,-0.0,2800.0,6600.0,4200.0
2,11,17,-0.0,-0.0,-0.0,2800.0,6600.0,4200.0
2,11,18,0.0,0.0,0.0,2800.0,6600.0,4200.0
2,11,19,0.0,0.0,0.0,2800.0,6600.0,4200.0
2,11,20,0.0,0.0,0.0,2800.0,6600.0,4200.0
2,11,21,0.0,0.0,0.0,2800.0,6600.0,4200.0
2,11,22,0.0,0.0,0.0,2800.0,6600.0,4200.0
2,11,23,0.0,0.0,0.0,2800.0,6600.0,4200.0
2,12,0,0.0,0.0,0.0,2800.0,6600.0,4200.0
2,12,1,0.0,0.0,0.0,2800.0,6600.0,4200.0
2,12,2,0.0,0.0,0.0,2800.0,6600.0,4200.0
2,12,3,0.0,0.0,0.0,2800.0,6600.0,4200.0
2,12,4,0.0,0.0,0.0,2800.0,6600.0,4200.0
2,12,5,0.0,0.0,0.0,2800.0,6600.0,4200.0
2,12,6,0.0,0.0,0.0,2800.0,6600.0,4200.0
2,12,7,0.0,0.0,0.0,2800.0,6600.0,4200.0
2,12,8,95.079178,72.107219,62.19465,2800.0,6600.0,4200.0
2,12,9,2.537292,1.9346459999999999,1.659733,2800.0,6600.0,4200.0
2,12,10,6.2796899999999996,4.788211,4.107767,2800.0,6600.0,4200.0
2,12,11,83.495248,63.385827,54.617192,2800.0,6600.0,4200.0
2,12,12,127.113457,96.46369800000001,83.14940399999999,2800.0,6600.0,4200.0
2,12,13,138.86151999999998,105.37670200000001,90.834228,2800.0,6600.0,4200.0
2,12,14,38.953493,29.607162,25.480856,2800.0,6600.0,4200.0
2,12,15,41.902471,31.829183,27.409886999999998,2800.0,6600.0,4200.0
2,12,16,27.44378,20.851211,17.951946,2800.0,6600.0,4200.0
2,12,17,2.9757759999999998,2.264339,1.9465599999999998,2800.0,6600.0,4200.0
2,12,18,0.0,0.0,0.0,2800.0,6600.0,4200.0
2,12,19,0.0,0.0,0.0,2800.0,6600.0,4200.0
2,12,20,0.0,0.0,0.0,2800.0,6600.0,4200.0
2,12,21,0.0,0.0,0.0,2800.0,6600.0,4200.0
2,12,22,0.0,0.0,0.0,2800.0,6600.0,4200.0
2,12,23,0.0,0.0,0.0,2800.0,6600.0,4200.0
2,13,0,0.0,0.0,0.0,2800.0,6600.0,4200.0
2,13,1,0.0,0.0,0.0,2800.0,6600.0,4200.0
2,13,2,0.0,0.0,0.0,2800.0,6600.0,4200.0
2,13,3,0.0,0.0,0.0,2800.0,6600.0,4200.0
2,13,4,0.0,0.0,0.0,2800.0,6600.0,4200.0
2,13,5,0.0,0.0,0.0,2800.0,6600.0,4200.0
2,13,6,0.0,0.0,0.0,2800.0,6600.0,4200.0
2,13,7,0.0,0.0,0.0,2800.0,6600.0,4200.0
2,13,8,5.679212000000001,4.3215010000000005,3.714973,2800.0,6600.0,4200.0
2,13,9,39.57551,30.042963,25.88774,2800.0,6600.0,4200.0
2,13,10,50.748037,38.532552,33.196084,2800.0,6600.0,4200.0
2,13,11,85.96788400000001,65.249073,56.234631,2800.0,6600.0,4200.0
2,13,12,73.256883,55.635619,47.919916,2800.0,6600.0,4200.0
2,13,13,29.670651999999997,22.558654999999998,19.408622,2800.0,6600.0,4200.0
2,13,14,11.227167999999999,8.549022,7.344087,2800.0,6600.0,4200.0
2,13,15,8.585624,6.535721,5.61616,2800.0,6600.0,4200.0
2,13,16,4.7536819999999995,3.617753,3.1095509999999997,2800.0,6600.0,4200.0
2,13,17,36.984325,28.087211,24.192754,2800.0,6600.0,4200.0
2,13,18,0.0,0.0,0.0,2800.0,6600.0,4200.0
2,13,19,0.0,0.0,0.0,2800.0,6600.0,4200.0
2,13,20,0.0,0.0,0.0,2800.0,6600.0,4200.0
2,13,21,0.0,0.0,0.0,2800.0,6600.0,4200.0
2,13,22,0.0,0.0,0.0,2800.0,6600.0,4200.0
2,13,23,0.0,0.0,0.0,2800.0,6600.0,4200.0
2,14,0,0.0,0.0,0.0,2800.0,6600.0,4200.0
2,14,1,0.0,0.0,0.0,2800.0,6600.0,4200.0
2,14,2,0.0,0.0,0.0,2800.0,6600.0,4200.0
2,14,3,0.0,0.0,0.0,2800.0,6600.0,4200.0
2,14,4,0.0,0.0,0.0,2800.0,6600.0,4200.0
2,14,5,0.0,0.0,0.0,2800.0,6600.0,4200.0
2,14,6,0.0,0.0,0.0,2800.0,6600.0,4200.0
2,14,7,0.0,0.0,0.0,2800.0,6600.0,4200.0
2,14,8,99.949461,75.75713400000001,65.380474,2800.0,6600.0,4200.0
2,14,9,257.056108,195.160171,168.149484,2800.0,6600.0,4200.0
2,14,10,53.778816,40.798238,35.178624000000006,2800.0,6600.0,4200.0
2,14,11,450.597364,343.956273,294.75165899999996,2800.0,6600.0,4200.0
2,14,12,195.47987899999998,148.439561,127.87029700000001,2800.0,6600.0,4200.0
2,14,13,306.356663,232.983435,200.39872,2800.0,6600.0,4200.0
2,14,14,51.344781000000005,38.967322,33.586436,2800.0,6600.0,4200.0
2,14,15,55.39144,42.034287,36.233499,2800.0,6600.0,4200.0
2,14,16,39.629349999999995,30.072328000000002,25.922957999999998,2800.0,6600.0,4200.0
2,14,17,5.997833,4.557479,3.9233939999999996,2800.0,6600.0,4200.0
2,14,18,0.0,0.0,0.0,2800.0,6600.0,4200.0
2,14,19,0.0,0.0,0.0,2800.0,6600.0,4200.0
2,14,20,0.0,0.0,0.0,2800.0,6600.0,4200.0
2,14,21,0.0,0.0,0.0,2800.0,6600.0,4200.0
2,14,22,0.0,0.0,0.0,2800.0,6600.0,4200.0
2,14,23,0.0,0.0,0.0,2800.0,6600.0,4200.0
2,15,0,0.0,0.0,0.0,2800.0,6600.0,4200.0
2,15,1,0.0,0.0,0.0,2800.0,6600.0,4200.0
2,15,2,0.0,0.0,0.0,2800.0,6600.0,4200.0
2,15,3,0.0,0.0,0.0,2800.0,6600.0,4200.0
2,15,4,0.0,0.0,0.0,2800.0,6600.0,4200.0
2,15,5,0.0,0.0,0.0,2800.0,6600.0,4200.0
2,15,6,0.0,0.0,0.0,2800.0,6600.0,4200.0
2,15,7,0.0,0.0,0.0,2800.0,6600.0,4200.0
2,15,8,119.813849,90.81817600000001,78.374473,2800.0,6600.0,4200.0
2,15,9,288.75710100000003,219.377952,188.886224,2800.0,6600.0,4200.0
2,15,10,411.601418,313.5388,269.24303299999997,2800.0,6600.0,4200.0
2,15,11,132.796062,100.735829,86.866597,2800.0,6600.0,4200.0
2,15,12,272.45871,206.979582,178.22486999999998,2800.0,6600.0,4200.0
2,15,13,314.792488,239.265929,205.916891,2800.0,6600.0,4200.0
2,15,14,139.20742199999998,105.589651,91.060494,2800.0,6600.0,4200.0
2,15,15,65.711274,49.852807,42.984066,2800.0,6600.0,4200.0
2,15,16,48.269940999999996,36.616889,31.575074,2800.0,6600.0,4200.0
2,15,17,8.242343,6.262029999999999,5.391608,2800.0,6600.0,4200.0
2,15,18,0.0,0.0,0.0,2800.0,6600.0,4200.0
2,15,19,0.0,0.0,0.0,2800.0,6600.0,4200.0
2,15,20,0.0,0.0,0.0,2800.0,6600.0,4200.0
2,15,21,0.0,0.0,0.0,2800.0,6600.0,4200.0
2,15,22,0.0,0.0,0.0,2800.0,6600.0,4200.0
2,15,23,0.0,0.0,0.0,2800.0,6600.0,4200.0
2,16,0,0.0,0.0,0.0,2800.0,6600.0,4200.0
2,16,1,0.0,0.0,0.0,2800.0,6600.0,4200.0
2,16,2,0.0,0.0,0.0,2800.0,6600.0,4200.0
2,16,3,0.0,0.0,0.0,2800.0,6600.0,4200.0
2,16,4,0.0,0.0,0.0,2800.0,6600.0,4200.0
2,16,5,0.0,0.0,0.0,2800.0,6600.0,4200.0
2,16,6,0.0,0.0,0.0,2800.0,6600.0,4200.0
2,16,7,-0.0,-0.0,-0.0,2800.0,6600.0,4200.0
2,16,8,137.83941099999998,104.40580899999999,90.165629,2800.0,6600.0,4200.0
2,16,9,310.579008,235.797712,203.16070499999998,2800.0,6600.0,4200.0
2,16,10,429.952774,327.374892,281.247303,2800.0,6600.0,4200.0
2,16,11,504.74260200000003,385.260413,330.16997299999997,2800.0,6600.0,4200.0
2,16,12,451.480967,344.27419,295.329655,2800.0,6600.0,4200.0
2,16,13,524.575686,400.784376,343.14349400000003,2800.0,6600.0,4200.0
2,16,14,470.799683,359.36963799999995,307.96671000000003,2800.0,6600.0,4200.0
2,16,15,377.478342,287.604452,246.92192300000002,2800.0,6600.0,4200.0
2,16,16,234.40467999999998,178.12648499999997,153.332384,2800.0,6600.0,4200.0
2,16,17,61.118682,46.362790999999994,39.97989,2800.0,6600.0,4200.0
2,16,18,0.0,0.0,0.0,2800.0,6600.0,4200.0
2,16,19,0.0,0.0,0.0,2800.0,6600.0,4200.0
2,16,20,0.0,0.0,0.0,2800.0,6600.0,4200.0
2,16,21,0.0,0.0,0.0,2800.0,6600.0,4200.0
2,16,22,0.0,0.0,0.0,2800.0,6600.0,4200.0
2,16,23,0.0,0.0,0.0,2800.0,6600.0,4200.0
2,17,0,0.0,0.0,0.0,2800.0,6600.0,4200.0
2,17,1,0.0,0.0,0.0,2800.0,6600.0,4200.0
2,17,2,0.0,0.0,0.0,2800.0,6600.0,4200.0
2,17,3,0.0,0.0,0.0,2800.0,6600.0,4200.0
2,17,4,0.0,0.0,0.0,2800.0,6600.0,4200.0
2,17,5,0.0,0.0,0.0,2800.0,6600.0,4200.0
2,17,6,0.0,0.0,0.0,2800.0,6600.0,4200.0
2,17,7,-0.0,-0.0,-0.0,2800.0,6600.0,4200.0
2,17,8,97.428234,73.82011100000001,63.73125099999999,2800.0,6600.0,4200.0
2,17,9,219.95231700000002,166.844099,143.87858300000002,2800.0,6600.0,4200.0
2,17,10,334.291111,253.854322,218.671629,2800.0,6600.0,4200.0
2,17,11,493.580218,375.701705,322.86826299999996,2800.0,6600.0,4200.0
2,17,12,526.668645,401.27031,344.512572,2800.0,6600.0,4200.0
2,17,13,512.397825,390.541202,335.177525,2800.0,6600.0,4200.0
2,17,14,455.540411,346.92217200000005,297.985081,2800.0,6600.0,4200.0
2,17,15,356.062922,270.70277799999997,232.91334,2800.0,6600.0,4200.0
2,17,16,173.57243400000002,131.65837599999998,113.539863,2800.0,6600.0,4200.0
2,17,17,38.543377,29.259587,25.212585,2800.0,6600.0,4200.0
2,17,18,0.0,0.0,0.0,2800.0,6600.0,4200.0
2,17,19,0.0,0.0,0.0,2800.0,6600.0,4200.0
2,17,20,0.0,0.0,0.0,2800.0,6600.0,4200.0
2,17,21,0.0,0.0,0.0,2800.0,6600.0,4200.0
2,17,22,0.0,0.0,0.0,2800.0,6600.0,4200.0
2,17,23,0.0,0.0,0.0,2800.0,6600.0,4200.0
2,18,0,0.0,0.0,0.0,2800.0,6600.0,4200.0
2,18,1,0.0,0.0,0.0,2800.0,6600.0,4200.0
2,18,2,0.0,0.0,0.0,2800.0,6600.0,4200.0
2,18,3,0.0,0.0,0.0,2800.0,6600.0,4200.0
2,18,4,0.0,0.0,0.0,2800.0,6600.0,4200.0
2,18,5,0.0,0.0,0.0,2800.0,6600.0,4200.0
2,18,6,0.0,0.0,0.0,2800.0,6600.0,4200.0
2,18,7,-0.0,-0.0,-0.0,2800.0,6600.0,4200.0
2,18,8,12.005333,9.134117,7.8531130000000005,2800.0,6600.0,4200.0
2,18,9,22.622284,17.195708999999997,14.798035,2800.0,6600.0,4200.0
2,18,10,43.456655,33.000690999999996,28.426534,2800.0,6600.0,4200.0
2,18,11,46.658586,35.430467,30.52103,2800.0,6600.0,4200.0
2,18,12,36.048529,27.384137,23.580616999999997,2800.0,6600.0,4200.0
2,18,13,68.949124,52.342502999999994,45.102059000000004,2800.0,6600.0,4200.0
2,18,14,119.18903900000001,90.48544500000001,77.96576300000001,2800.0,6600.0,4200.0
2,18,15,127.535625,96.809887,83.42555899999999,2800.0,6600.0,4200.0
2,18,16,28.446278,21.616499,18.607716,2800.0,6600.0,4200.0
2,18,17,44.734725,33.971166,29.262565,2800.0,6600.0,4200.0
2,18,18,0.0,0.0,0.0,2800.0,6600.0,4200.0
2,18,19,0.0,0.0,0.0,2800.0,6600.0,4200.0
2,18,20,0.0,0.0,0.0,2800.0,6600.0,4200.0
2,18,21,0.0,0.0,0.0,2800.0,6600.0,4200.0
2,18,22,0.0,0.0,0.0,2800.0,6600.0,4200.0
2,18,23,0.0,0.0,0.0,2800.0,6600.0,4200.0
2,19,0,0.0,0.0,0.0,2800.0,6600.0,4200.0
2,19,1,0.0,0.0,0.0,2800.0,6600.0,4200.0
2,19,2,0.0,0.0,0.0,2800.0,6600.0,4200.0
2,19,3,0.0,0.0,0.0,2800.0,6600.0,4200.0
2,19,4,0.0,0.0,0.0,2800.0,6600.0,4200.0
2,19,5,0.0,0.0,0.0,2800.0,6600.0,4200.0
2,19,6,0.0,0.0,0.0,2800.0,6600.0,4200.0
2,19,7,-0.0,-0.0,-0.0,2800.0,6600.0,4200.0
2,19,8,48.76764,36.875958,31.900637,2800.0,6600.0,4200.0
2,19,9,216.823938,163.846852,141.8322,2800.0,6600.0,4200.0
2,19,10,249.899735,188.958866,163.468248,2800.0,6600.0,4200.0
2,19,11,320.692294,242.62088500000002,209.776162,2800.0,6600.0,4200.0
2,19,12,327.680546,248.02920699999999,214.347425,2800.0,6600.0,4200.0
2,19,13,318.11292599999996,240.766603,208.088907,2800.0,6600.0,4200.0
2,19,14,132.208518,99.974279,86.482264,2800.0,6600.0,4200.0
2,19,15,189.633325,143.411004,124.045859,2800.0,6600.0,4200.0
2,19,16,157.48895499999998,119.09825500000001,103.019091,2800.0,6600.0,4200.0
2,19,17,45.995743000000004,34.800316,30.087441,2800.0,6600.0,4200.0
2,19,18,0.0,0.0,0.0,2800.0,6600.0,4200.0
2,19,19,0.0,0.0,0.0,2800.0,6600.0,4200.0
2,19,20,0.0,0.0,0.0,2800.0,6600.0,4200.0
2,19,21,0.0,0.0,0.0,2800.0,6600.0,4200.0
2,19,22,0.0,0.0,0.0,2800.0,6600.0,4200.0
2,19,23,0.0,0.0,0.0,2800.0,6600.0,4200.0
2,20,0,0.0,0.0,0.0,2800.0,6600.0,4200.0
2,20,1,0.0,0.0,0.0,2800.0,6600.0,4200.0
2,20,2,0.0,0.0,0.0,2800.0,6600.0,4200.0
2,20,3,0.0,0.0,0.0,2800.0,6600.0,4200.0
2,20,4,0.0,0.0,0.0,2800.0,6600.0,4200.0
2,20,5,0.0,0.0,0.0,2800.0,6600.0,4200.0
2,20,6,0.0,0.0,0.0,2800.0,6600.0,4200.0
2,20,7,-0.0,-0.0,-0.0,2800.0,6600.0,4200.0
2,20,8,133.249253,100.735774,87.163045,2800.0,6600.0,4200.0
2,20,9,297.14971299999996,224.931489,194.376128,2800.0,6600.0,4200.0
2,20,10,417.612102,316.73249599999997,273.174834,2800.0,6600.0,4200.0
2,20,11,496.75115,377.424104,324.94248100000004,2800.0,6600.0,4200.0
2,20,12,330.18278200000003,250.32913399999998,215.984226,1029.5337295682716,1256.5175439612765,1215.984719962525
2,20,13,379.291675,287.90194799999995,248.10808799999998,4.190448409383788,5.114326798854229,4.949348515020222
2,20,14,306.23771500000004,232.250764,200.320911,90.95515204021434,111.00825642703326,107.42734492938702
2,20,15,182.71466800000002,138.42592199999999,119.520121,218.66271769222345,266.87182080546955,258.26305239238985
2,20,16,49.927644,37.848336,32.659436,1405.1461214803344,1714.9421167673372,1659.6214033232295
2,20,17,1.318799,0.997445,0.862673,2800.0,6600.0,4200.0
2,20,18,0.0,0.0,0.0,2800.0,6600.0,4200.0
2,20,19,0.0,0.0,0.0,2800.0,6600.0,4200.0
2,20,20,0.0,0.0,0.0,2800.0,6600.0,4200.0
2,20,21,0.0,0.0,0.0,2800.0,6600.0,4200.0
2,20,22,0.0,0.0,0.0,2800.0,6600.0,4200.0
2,20,23,0.0,0.0,0.0,2800.0,6600.0,4200.0
2,21,0,0.0,0.0,0.0,2800.0,6600.0,4200.0
2,21,1,0.0,0.0,0.0,2800.0,6600.0,4200.0
2,21,2,0.0,0.0,0.0,2800.0,6600.0,4200.0
2,21,3,0.0,0.0,0.0,2800.0,6600.0,4200.0
2,21,4,0.0,0.0,0.0,2800.0,6600.0,4200.0
2,21,5,0.0,0.0,0.0,2800.0,6600.0,4200.0
2,21,6,0.0,0.0,0.0,2800.0,6600.0,4200.0
2,21,7,-0.0,-0.0,-0.0,2800.0,6600.0,4200.0
2,21,8,21.121743,16.013184,13.816479,2800.0,6600.0,4200.0
2,21,9,48.181415,36.50617,31.517166,2800.0,6600.0,4200.0
2,21,10,58.980968999999995,44.695872,38.581536,2800.0,6600.0,4200.0
2,21,11,55.25415,41.873802000000005,36.143692,2800.0,6600.0,4200.0
2,21,12,56.054471,42.499163,36.66721,2800.0,6600.0,4200.0
2,21,13,78.246853,59.328819,51.184032,2800.0,6600.0,4200.0
2,21,14,47.642606,36.147877,31.164711999999998,2800.0,6600.0,4200.0
2,21,15,39.699464,30.129652999999998,25.968823,2800.0,6600.0,4200.0
2,21,16,1.567014,1.191379,1.025039,2800.0,6600.0,4200.0
2,21,17,34.824687,26.408814,22.780058,2800.0,6600.0,4200.0
2,21,18,0.0,0.0,0.0,2800.0,6600.0,4200.0
2,21,19,0.0,0.0,0.0,2800.0,6600.0,4200.0
2,21,20,0.0,0.0,0.0,2800.0,5528.8079782263085,4200.0
2,21,21,0.0,0.0,0.0,1437.3238044186396,1754.214092007001,1697.6265406519365
2,21,22,0.0,0.0,0.0,312.8020973326286,381.76633926423176,369.45129606215977
2,21,23,0.0,0.0,0.0,430.6948862392302,525.6512391108714,508.6947475266498
2,22,0,0.0,0.0,0.0,2744.426018516277,3349.496321811205,3241.448053365682
2,22,1,0.0,0.0,0.0,2800.0,6600.0,4200.0
2,22,2,0.0,0.0,0.0,2800.0,6600.0,4200.0
2,22,3,0.0,0.0,0.0,2800.0,6600.0,4200.0
2,22,4,0.0,0.0,0.0,2800.0,6600.0,4200.0
2,22,5,0.0,0.0,0.0,2800.0,6600.0,4200.0
2,22,6,0.0,0.0,0.0,2800.0,6600.0,4200.0
2,22,7,1.0695940000000002,0.8032699999999999,0.699659,2800.0,6600.0,4200.0
2,22,8,138.734719,104.92859200000001,90.751282,2800.0,6600.0,4200.0
2,22,9,313.11623499999996,237.156028,204.820394,2800.0,6600.0,4200.0
2,22,10,181.45755400000002,137.36499700000002,118.69779799999999,2800.0,6600.0,4200.0
2,22,11,270.943518,205.222193,177.23373,2800.0,6600.0,4200.0
2,22,12,243.40567199999998,184.409928,159.22025200000002,2800.0,6600.0,4200.0
2,22,13,274.807474,208.25798999999998,179.76128,2800.0,6600.0,4200.0
2,22,14,178.837426,135.444631,116.98388,2800.0,6600.0,4200.0
2,22,15,133.692673,101.250095,87.453102,2800.0,6600.0,4200.0
2,22,16,40.147646,30.440462,26.261993999999998,2800.0,6600.0,4200.0
2,22,17,36.079797,27.347951000000002,23.60107,2800.0,6600.0,4200.0
2,22,18,0.0,0.0,0.0,2800.0,6600.0,4200.0
2,22,19,0.0,0.0,0.0,2800.0,6600.0,4200.0
2,22,20,0.0,0.0,0.0,2800.0,6600.0,4200.0
2,22,21,0.0,0.0,0.0,2800.0,6600.0,4200.0
2,22,22,0.0,0.0,0.0,2800.0,6600.0,4200.0
2,22,23,0.0,0.0,0.0,2800.0,6600.0,4200.0
2,23,0,0.0,0.0,0.0,2800.0,6600.0,4200.0
2,23,1,0.0,0.0,0.0,2800.0,6600.0,4200.0
2,23,2,0.0,0.0,0.0,2800.0,6600.0,4200.0
2,23,3,0.0,0.0,0.0,2800.0,6600.0,4200.0
2,23,4,0.0,0.0,0.0,2800.0,6600.0,4200.0
2,23,5,0.0,0.0,0.0,2800.0,6600.0,4200.0
2,23,6,0.0,0.0,0.0,2800.0,6600.0,4200.0
2,23,7,5.761837000000001,4.355457,3.769022,2800.0,6600.0,4200.0
2,23,8,167.658128,126.739517,109.671106,2800.0,6600.0,4200.0
2,23,9,342.87394,259.724342,224.28596100000001,2800.0,6600.0,4200.0
2,23,10,464.448099,352.69629599999996,303.811915,2800.0,6600.0,4200.0
2,23,11,544.411882,414.08549,356.11905099999996,2800.0,6600.0,4200.0
2,23,12,554.166667,425.0,362.5,2800.0,6600.0,4200.0
2,23,13,554.166667,425.0,362.5,2800.0,6600.0,4200.0
2,23,14,510.99845899999997,388.741397,334.26215,2800.0,6600.0,4200.0
2,23,15,410.07926299999997,311.479138,268.247338,2800.0,6600.0,4200.0
2,23,16,264.953037,200.867083,173.315145,2800.0,6600.0,4200.0
2,23,17,85.420884,64.629636,55.876819000000005,2800.0,6600.0,4200.0
2,23,18,0.0,0.0,0.0,2800.0,6600.0,4200.0
2,23,19,0.0,0.0,0.0,2800.0,6600.0,4200.0
2,23,20,0.0,0.0,0.0,2800.0,6600.0,4200.0
2,23,21,0.0,0.0,0.0,2800.0,6600.0,4200.0
2,23,22,0.0,0.0,0.0,2800.0,6600.0,4200.0
2,23,23,0.0,0.0,0.0,2800.0,6600.0,4200.0
2,24,0,0.0,0.0,0.0,2800.0,6600.0,4200.0
2,24,1,0.0,0.0,0.0,2800.0,6600.0,4200.0
2,24,2,0.0,0.0,0.0,2800.0,6600.0,4200.0
2,24,3,0.0,0.0,0.0,2800.0,6600.0,4200.0
2,24,4,0.0,0.0,0.0,2800.0,6600.0,4200.0
2,24,5,0.0,0.0,0.0,2800.0,6600.0,4200.0
2,24,6,0.0,0.0,0.0,2800.0,6600.0,4200.0
2,24,7,5.468421,4.133767,3.577087,2800.0,6600.0,4200.0
2,24,8,158.587683,120.046737,103.737807,2800.0,6600.0,4200.0
2,24,9,328.850511,249.65861999999998,215.11274,2800.0,6600.0,4200.0
2,24,10,446.82765500000005,340.29474,292.28575900000004,2800.0,6600.0,4200.0
2,24,11,522.175964,398.217596,341.573751,2800.0,6600.0,4200.0
2,24,12,550.586504,420.220297,360.15808899999996,2800.0,6600.0,4200.0
2,24,13,541.6364719999999,413.15119300000003,354.30355699999996,2800.0,6600.0,4200.0
2,24,14,483.83115399999997,368.595332,316.491055,2800.0,6600.0,4200.0
2,24,15,376.394004,286.24498100000005,246.21261900000002,2800.0,6600.0,4200.0
2,24,16,83.371319,63.2179,54.536125999999996,2800.0,6600.0,4200.0
2,24,17,12.953165,9.837546,8.473123,2800.0,6600.0,4200.0
2,24,18,0.0,0.0,0.0,2800.0,6600.0,4200.0
2,24,19,0.0,0.0,0.0,2800.0,6600.0,4200.0
2,24,20,0.0,0.0,0.0,2800.0,6600.0,4200.0
2,24,21,0.0,0.0,0.0,2800.0,6600.0,4200.0
2,24,22,0.0,0.0,0.0,2800.0,6600.0,4200.0
2,24,23,0.0,0.0,0.0,2800.0,6600.0,4200.0
2,25,0,0.0,0.0,0.0,2800.0,6600.0,4200.0
2,25,1,0.0,0.0,0.0,2800.0,6600.0,4200.0
2,25,2,0.0,0.0,0.0,2800.0,6600.0,4200.0
2,25,3,0.0,0.0,0.0,2800.0,6600.0,4200.0
2,25,4,0.0,0.0,0.0,2800.0,6600.0,4200.0
2,25,5,0.0,0.0,0.0,2800.0,6600.0,4200.0
2,25,6,0.0,0.0,0.0,2800.0,6600.0,4200.0
2,25,7,0.961299,0.725382,0.62882,2800.0,6600.0,4200.0
2,25,8,88.97966199999999,67.453586,58.204741,2800.0,6600.0,4200.0
2,25,9,64.661174,49.052004999999994,42.297159,2800.0,6600.0,4200.0
2,25,10,359.132651,273.09806699999996,234.921358,2800.0,6600.0,4200.0
2,25,11,411.360411,313.201146,269.085382,2800.0,6600.0,4200.0
2,25,12,448.40416999999997,341.73004599999996,293.317013,2800.0,6600.0,4200.0
2,25,13,341.48475,259.922397,223.377242,2800.0,6600.0,4200.0
2,25,14,130.594838,99.218075,85.426698,2800.0,6600.0,4200.0
2,25,15,6.968674,5.313285,4.5584560000000005,2800.0,6600.0,4200.0
2,25,16,27.057558,20.584073,17.699305,2800.0,6600.0,4200.0
2,25,17,-0.0,-0.0,-0.0,2800.0,6600.0,4200.0
2,25,18,0.0,0.0,0.0,2800.0,6600.0,4200.0
2,25,19,0.0,0.0,0.0,2800.0,6600.0,4200.0
2,25,20,0.0,0.0,0.0,2800.0,6600.0,4200.0
2,25,21,0.0,0.0,0.0,2800.0,6600.0,4200.0
2,25,22,0.0,0.0,0.0,2800.0,6600.0,4200.0
2,25,23,0.0,0.0,0.0,2800.0,6600.0,4200.0
2,26,0,0.0,0.0,0.0,2800.0,6600.0,4200.0
2,26,1,0.0,0.0,0.0,2800.0,6600.0,4200.0
2,26,2,0.0,0.0,0.0,2800.0,6600.0,4200.0
2,26,3,0.0,0.0,0.0,2800.0,6600.0,4200.0
2,26,4,0.0,0.0,0.0,2800.0,6600.0,4200.0
2,26,5,0.0,0.0,0.0,2800.0,6600.0,4200.0
2,26,6,0.0,0.0,0.0,2800.0,6600.0,4200.0
2,26,7,7.155741,5.444795,4.680823,2800.0,6600.0,4200.0
2,26,8,154.428005,117.270883,101.016816,2800.0,6600.0,4200.0
2,26,9,250.662623,190.832235,163.96728,2800.0,6600.0,4200.0
2,26,10,420.167669,321.393913,274.84652,2800.0,6600.0,4200.0
2,26,11,433.763951,331.975087,283.74032900000003,2800.0,6600.0,4200.0
2,26,12,432.744957,331.112825,283.07376899999997,2800.0,6600.0,4200.0
2,26,13,211.326233,160.851323,138.23595699999998,2800.0,6600.0,4200.0
2,26,14,344.826213,262.981088,225.563011,2800.0,6600.0,4200.0
2,26,15,81.501407,61.943205,53.312949999999994,2800.0,6600.0,4200.0
2,26,16,23.582383,17.944032,15.42607,2800.0,6600.0,4200.0
2,26,17,5.1210510000000005,3.903111,3.3498609999999998,2800.0,6600.0,4200.0
2,26,18,0.0,0.0,0.0,2800.0,6600.0,4200.0
2,26,19,0.0,0.0,0.0,2800.0,6600.0,4200.0
2,26,20,0.0,0.0,0.0,2800.0,6600.0,4200.0
2,26,21,0.0,0.0,0.0,2800.0,6600.0,4200.0
2,26,22,0.0,0.0,0.0,2800.0,6600.0,4200.0
2,26,23,0.0,0.0,0.0,2800.0,6600.0,4200.0
2,27,0,0.0,0.0,0.0,2800.0,6600.0,4200.0
2,27,1,0.0,0.0,0.0,2800.0,6600.0,4200.0
2,27,2,0.0,0.0,0.0,2800.0,6600.0,4200.0
2,27,3,0.0,0.0,0.0,2800.0,6600.0,4200.0
2,27,4,0.0,0.0,0.0,2800.0,6600.0,4200.0
2,27,5,0.0,0.0,0.0,2800.0,6600.0,4200.0
2,27,6,0.0,0.0,0.0,2800.0,6600.0,4200.0
2,27,7,-0.0,-0.0,-0.0,2800.0,6600.0,4200.0
2,27,8,13.606958,10.349915000000001,8.900792,2800.0,6600.0,4200.0
2,27,9,4.18323,3.1859580000000003,2.7363980000000003,2800.0,6600.0,4200.0
2,27,10,14.648144,11.140674,9.581869000000001,2800.0,6600.0,4200.0
2,27,11,30.495826,23.153959999999998,19.948398,2800.0,6600.0,4200.0
2,27,12,28.128567999999998,21.359564,18.399891,2800.0,6600.0,4200.0
2,27,13,19.078305,14.496191999999999,12.479792999999999,2800.0,6600.0,4200.0
2,27,14,106.07181,80.412088,69.38531900000001,2800.0,6600.0,4200.0
2,27,15,39.094054,29.656830000000003,25.572802,2800.0,6600.0,4200.0
2,27,16,73.247512,55.468862,47.913786,2800.0,6600.0,4200.0
2,27,17,12.974204,9.840672,8.486885000000001,2800.0,6600.0,4200.0
2,27,18,0.0,0.0,0.0,2800.0,6600.0,4200.0
2,27,19,0.0,0.0,0.0,2800.0,6600.0,4200.0
2,27,20,0.0,0.0,0.0,2800.0,6600.0,4200.0
2,27,21,0.0,0.0,0.0,2800.0,5277.537873988738,4200.0
2,27,22,0.0,0.0,0.0,2800.0,6600.0,4200.0
2,27,23,0.0,0.0,0.0,2800.0,6600.0,4200.0
2,28,0,0.0,0.0,0.0,2800.0,6600.0,4200.0
2,28,1,0.0,0.0,0.0,2800.0,6600.0,4200.0
2,28,2,0.0,0.0,0.0,2800.0,6600.0,4200.0
2,28,3,0.0,0.0,0.0,2800.0,6600.0,4200.0
2,28,4,0.0,0.0,0.0,2800.0,6600.0,4200.0
2,28,5,0.0,0.0,0.0,2800.0,6600.0,4200.0
2,28,6,0.0,0.0,0.0,2800.0,6600.0,4200.0
2,28,7,11.985370999999999,9.075806,7.840055,2800.0,6600.0,4200.0
2,28,8,172.644141,130.587445,112.93263400000001,2800.0,6600.0,4200.0
2,28,9,339.103207,257.001667,221.819391,2800.0,6600.0,4200.0
2,28,10,456.625251,346.806528,298.694713,2800.0,6600.0,4200.0
2,28,11,532.790166,405.41974200000004,348.516875,2800.0,6600.0,4200.0
2,28,12,554.166667,425.0,362.5,2800.0,6600.0,4200.0
2,28,13,414.95190399999996,315.521349,271.434704,2800.0,6600.0,4200.0
2,28,14,486.614627,370.742547,318.311824,2800.0,6600.0,4200.0
2,28,15,391.47659000000004,297.84809,256.078672,2800.0,6600.0,4200.0
2,28,16,257.75964600000003,195.62143,168.609693,2800.0,6600.0,4200.0
2,28,17,88.541045,67.06956100000001,57.917826,2800.0,6600.0,4200.0
2,28,18,0.0,0.0,0.0,592.796019999516,723.4912055112203,700.1527795269874
2,28,19,0.0,0.0,0.0,629.4537376638762,768.2309396685104,743.4492964533971
2,28,20,0.0,0.0,0.0,2800.0,6600.0,4200.0
2,28,21,0.0,0.0,0.0,2800.0,6600.0,4200.0
2,28,22,0.0,0.0,0.0,2800.0,6600.0,4200.0
2,28,23,0.0,0.0,0.0,2800.0,6600.0,4200.0
3,1,0,0.0,0.0,0.0,2800.0,6600.0,4200.0
3,1,1,0.0,0.0,0.0,2800.0,6600.0,4200.0
3,1,2,0.0,0.0,0.0,2800.0,6600.0,4200.0
3,1,3,0.0,0.0,0.0,2800.0,6600.0,4200.0
3,1,4,0.0,0.0,0.0,2800.0,6600.0,4200.0
3,1,5,0.0,0.0,0.0,2800.0,6600.0,4200.0
3,1,6,0.0,0.0,0.0,2800.0,6600.0,4200.0
3,1,7,14.816265,11.218204,9.691842000000001,2800.0,6600.0,4200.0
3,1,8,170.81169200000002,129.453552,111.733964,2800.0,6600.0,4200.0
3,1,9,322.936885,245.62586100000001,211.24442800000003,2800.0,6600.0,4200.0
3,1,10,442.702544,337.965393,289.587378,2800.0,6600.0,4200.0
3,1,11,492.310837,376.536119,322.03791600000005,2800.0,6600.0,4200.0
3,1,12,513.56835,393.09475,335.943207,2800.0,4954.515830178791,4200.0
3,1,13,500.003712,382.635395,327.07009700000003,2409.744269793466,2941.0264710077745,2846.1546493623623
3,1,14,450.116461,343.881076,294.43708399999997,2800.0,5360.429636038867,4200.0
3,1,15,358.330698,273.069282,234.396772,2275.070137118247,2776.660403569514,2687.090713131788
3,1,16,186.584201,141.708848,122.051319,402.3068740231014,491.0044525478796,475.1655992398835
3,1,17,51.333214,38.948392999999996,33.57887,1281.237390674447,1563.7149256262935,1513.2725086706066
3,1,18,0.0,0.0,0.0,2800.0,6600.0,4200.0
3,1,19,0.0,0.0,0.0,2800.0,6600.0,4200.0
3,1,20,0.0,0.0,0.0,2800.0,6600.0,4200.0
3,1,21,0.0,0.0,0.0,2800.0,6600.0,4200.0
3,1,22,0.0,0.0,0.0,2800.0,6600.0,4200.0
3,1,23,0.0,0.0,0.0,2800.0,6600.0,4200.0
3,2,0,0.0,0.0,0.0,2800.0,6600.0,4200.0
3,2,1,0.0,0.0,0.0,2800.0,6600.0,4200.0
3,2,2,0.0,0.0,0.0,2800.0,6600.0,4200.0
3,2,3,0.0,0.0,0.0,2800.0,6600.0,4200.0
3,2,4,0.0,0.0,0.0,2800.0,6600.0,4200.0
3,2,5,0.0,0.0,0.0,2800.0,6600.0,4200.0
3,2,6,0.0,0.0,0.0,2800.0,6600.0,4200.0
3,2,7,3.826402,2.902587,2.5029850000000002,2800.0,6600.0,4200.0
3,2,8,68.738225,52.107625,44.964102,2800.0,6600.0,4200.0
3,2,9,228.657626,173.574423,149.573034,2800.0,6600.0,4200.0
3,2,10,444.998438,339.078785,291.08920400000005,2800.0,6600.0,4200.0
3,2,11,162.695695,123.46153699999999,106.425004,2800.0,6600.0,4200.0
3,2,12,117.403925,89.07791800000001,76.798056,2800.0,6600.0,4200.0
3,2,13,88.922493,67.471637,58.167345000000005,2800.0,6600.0,4200.0
3,2,14,113.77389699999999,86.303122,74.423527,2800.0,6600.0,4200.0
3,2,15,124.652219,94.52579399999999,81.539422,2800.0,6600.0,4200.0
3,2,16,84.48559200000001,64.060746,55.265012000000006,2800.0,6600.0,4200.0
3,2,17,22.706931,17.238232,14.853406000000001,2800.0,6600.0,4200.0
3,2,18,0.0,0.0,0.0,2800.0,6600.0,4200.0
3,2,19,0.0,0.0,0.0,2800.0,6600.0,4200.0
3,2,20,0.0,0.0,0.0,2800.0,6600.0,4200.0
3,2,21,0.0,0.0,0.0,2800.0,6600.0,4200.0
3,2,22,0.0,0.0,0.0,2800.0,6600.0,4200.0
3,2,23,0.0,0.0,0.0,2800.0,6600.0,4200.0
3,3,0,0.0,0.0,0.0,2800.0,6600.0,4200.0
3,3,1,0.0,0.0,0.0,2800.0,6600.0,4200.0
3,3,2,0.0,0.0,0.0,2800.0,6600.0,4200.0
3,3,3,0.0,0.0,0.0,2800.0,6600.0,4200.0
3,3,4,0.0,0.0,0.0,2800.0,6600.0,4200.0
3,3,5,0.0,0.0,0.0,2800.0,6600.0,4200.0
3,3,6,0.0,0.0,0.0,2800.0,6600.0,4200.0
3,3,7,10.943867000000001,8.297016,7.1587700000000005,2800.0,6600.0,4200.0
3,3,8,137.50482399999999,104.273849,89.946764,2800.0,6600.0,4200.0
3,3,9,167.59689799999998,127.189239,109.631054,2800.0,6600.0,4200.0
3,3,10,235.643732,179.014887,154.142892,2800.0,6600.0,4200.0
3,3,11,346.172618,263.494211,226.44374299999998,2800.0,6600.0,4200.0
3,3,12,360.678638,274.388668,235.932643,2800.0,6600.0,4200.0
3,3,13,368.924386,280.476332,241.326478,2800.0,6600.0,4200.0
3,3,14,276.79901,209.981277,181.064014,2800.0,6600.0,4200.0
3,3,15,217.694777,164.916661,142.40184599999998,2800.0,6600.0,4200.0
3,3,16,124.041,93.863889,81.139602,2800.0,6600.0,4200.0
3,3,17,59.772956,45.230315000000004,39.099603,2800.0,6600.0,4200.0
3,3,18,0.0,0.0,0.0,2800.0,6600.0,4200.0
3,3,19,0.0,0.0,0.0,2800.0,6600.0,4200.0
3,3,20,0.0,0.0,0.0,2800.0,6600.0,4200.0
3,3,21,0.0,0.0,0.0,2800.0,6600.0,4200.0
3,3,22,0.0,0.0,0.0,2800.0,6600.0,4200.0
3,3,23,0.0,0.0,0.0,2800.0,6600.0,4200.0
3,4,0,0.0,0.0,0.0,2800.0,6600.0,4200.0
3,4,1,0.0,0.0,0.0,2800.0,6600.0,4200.0
3,4,2,0.0,0.0,0.0,2800.0,6600.0,4200.0
3,4,3,0.0,0.0,0.0,2800.0,6600.0,4200.0
3,4,4,0.0,0.0,0.0,2800.0,6600.0,4200.0
3,4,5,0.0,0.0,0.0,2800.0,6600.0,4200.0
3,4,6,0.0,0.0,0.0,2800.0,6600.0,4200.0
3,4,7,21.831684000000003,16.47668,14.280876000000001,2800.0,6600.0,4200.0
3,4,8,185.42977199999999,139.97057500000003,121.296167,2800.0,6600.0,4200.0
3,4,9,382.595573,289.524292,250.26928400000003,2800.0,6600.0,4200.0
3,4,10,182.92838899999998,138.157847,119.65992299999999,2800.0,6600.0,4200.0
3,4,11,232.127239,175.404859,151.84263,2800.0,6600.0,4200.0
3,4,12,394.135625,298.322364,257.81804,2800.0,6600.0,4200.0
3,4,13,303.146664,229.158354,198.298946,2800.0,6600.0,4200.0
3,4,14,380.999662,288.169368,249.22534299999998,2800.0,6600.0,4200.0
3,4,15,357.087696,269.94295400000004,233.583681,2800.0,6600.0,4200.0
3,4,16,204.17482,154.098628,133.557965,2800.0,6600.0,4200.0
3,4,17,71.68142200000001,54.086382,46.889351000000005,2800.0,6600.0,4200.0
3,4,18,0.0,0.0,0.0,2800.0,6600.0,4200.0
3,4,19,0.0,0.0,0.0,2800.0,6600.0,4200.0
3,4,20,0.0,0.0,0.0,2800.0,6600.0,4200.0
3,4,21,0.0,0.0,0.0,2800.0,6600.0,4200.0
3,4,22,0.0,0.0,0.0,2800.0,6600.0,4200.0
3,4,23,0.0,0.0,0.0,2800.0,6600.0,4200.0
3,5,0,0.0,0.0,0.0,2800.0,6600.0,4200.0
3,5,1,0.0,0.0,0.0,2800.0,6600.0,4200.0
3,5,2,0.0,0.0,0.0,2800.0,6600.0,4200.0
3,5,3,0.0,0.0,0.0,2800.0,6600.0,4200.0
3,5,4,0.0,0.0,0.0,2800.0,6600.0,4200.0
3,5,5,0.0,0.0,0.0,2800.0,6600.0,4200.0
3,5,6,0.0,0.0,0.0,2800.0,6600.0,4200.0
3,5,7,17.989144,13.582101,11.767335,2800.0,6600.0,4200.0
3,5,8,148.305178,111.85646700000001,97.011658,2800.0,6600.0,4200.0
3,5,9,348.57673,263.36397700000003,228.016357,2800.0,6600.0,4200.0
3,5,10,489.828853,370.87010499999997,320.41436200000004,2800.0,6600.0,4200.0
3,5,11,515.838291,390.88701000000003,337.428055,2800.0,6600.0,4200.0
3,5,12,459.59468,348.105153,300.637122,2800.0,6600.0,4200.0
3,5,13,482.846926,365.895728,315.847237,2800.0,6600.0,4200.0
3,5,14,487.064723,369.158362,318.606247,2800.0,6600.0,4200.0
3,5,15,315.541061,238.636623,206.40655900000002,2800.0,6600.0,4200.0
3,5,16,200.309014,151.33008999999998,131.029205,2800.0,6600.0,4200.0
3,5,17,54.662144999999995,41.296324,35.756441,2800.0,6600.0,4200.0
3,5,18,0.0,0.0,0.0,2800.0,6600.0,4200.0
3,5,19,0.0,0.0,0.0,2800.0,6600.0,4200.0
3,5,20,0.0,0.0,0.0,2800.0,6600.0,4200.0
3,5,21,0.0,0.0,0.0,2800.0,6600.0,4200.0
3,5,22,0.0,0.0,0.0,2800.0,6600.0,4200.0
3,5,23,0.0,0.0,0.0,2800.0,6600.0,4200.0
3,6,0,0.0,0.0,0.0,2800.0,6600.0,4200.0
3,6,1,0.0,0.0,0.0,2800.0,6600.0,4200.0
3,6,2,0.0,0.0,0.0,2800.0,6600.0,4200.0
3,6,3,0.0,0.0,0.0,2800.0,6600.0,4200.0
3,6,4,0.0,0.0,0.0,2800.0,6600.0,4200.0
3,6,5,0.0,0.0,0.0,2800.0,6600.0,4200.0
3,6,6,0.0,0.0,0.0,2800.0,6600.0,4200.0
3,6,7,31.522973999999998,23.783859,20.620291,2800.0,6600.0,4200.0
3,6,8,198.667107,150.003813,129.955176,2800.0,6600.0,4200.0
3,6,9,375.795792,284.513142,245.821307,2800.0,6600.0,4200.0
3,6,10,459.116401,348.196108,300.324262,2800.0,6600.0,4200.0
3,6,11,351.060846,265.865904,229.641305,2800.0,6600.0,4200.0
3,6,12,281.132315,212.757917,183.898582,2800.0,6600.0,4200.0
3,6,13,474.877887,360.424577,310.634407,2800.0,6600.0,4200.0
3,6,14,373.704883,283.195199,244.45357,2800.0,6600.0,4200.0
3,6,15,225.739112,170.774495,147.66393100000002,2800.0,6600.0,4200.0
3,6,16,145.89833,110.312138,95.437253,2800.0,6600.0,4200.0
3,6,17,37.695063000000005,28.518451000000002,24.657673,2800.0,6600.0,4200.0
3,6,18,0.0,0.0,0.0,2800.0,6600.0,4200.0
3,6,19,0.0,0.0,0.0,2800.0,6600.0,4200.0
3,6,20,0.0,0.0,0.0,2800.0,6600.0,4200.0
3,6,21,0.0,0.0,0.0,2800.0,6600.0,4200.0
3,6,22,0.0,0.0,0.0,2800.0,6600.0,4200.0
3,6,23,0.0,0.0,0.0,2800.0,6600.0,4200.0
3,7,0,0.0,0.0,0.0,2800.0,6600.0,4200.0
3,7,1,0.0,0.0,0.0,2800.0,6600.0,4200.0
3,7,2,0.0,0.0,0.0,2800.0,6600.0,4200.0
3,7,3,0.0,0.0,0.0,2800.0,6600.0,4200.0
3,7,4,0.0,0.0,0.0,2800.0,6600.0,4200.0
3,7,5,0.0,0.0,0.0,2800.0,6600.0,4200.0
3,7,6,0.0,0.0,0.0,2800.0,6600.0,4200.0
3,7,7,33.333233,25.197463,21.804445,2800.0,6600.0,4200.0
3,7,8,213.487589,161.45214199999998,139.649777,2800.0,6600.0,4200.0
3,7,9,393.684919,298.657395,257.523218,2800.0,6600.0,4200.0
3,7,10,507.10594799999996,385.94278399999996,331.715921,2800.0,6600.0,4200.0
3,7,11,554.166667,425.0,362.5,2800.0,6600.0,4200.0
3,7,12,554.166667,425.0,362.5,2800.0,6600.0,4200.0
3,7,13,533.101256,406.841284,348.720371,2800.0,6600.0,4200.0
3,7,14,456.297543,347.65662699999996,298.480348,2800.0,6600.0,4200.0
3,7,15,334.44521399999996,254.205468,218.77243299999998,2800.0,6600.0,4200.0
3,7,16,149.78477600000002,113.526843,97.979515,2800.0,6600.0,4200.0
3,7,17,74.10721799999999,56.143205,48.476150000000004,2800.0,6600.0,4200.0
3,7,18,-0.0,-0.0,-0.0,2800.0,6600.0,4200.0
3,7,19,0.0,0.0,0.0,2800.0,6600.0,4200.0
3,7,20,0.0,0.0,0.0,2800.0,6600.0,4200.0
3,7,21,0.0,0.0,0.0,2800.0,6600.0,4200.0
3,7,22,0.0,0.0,0.0,2800.0,6600.0,4200.0
3,7,23,0.0,0.0,0.0,2800.0,6600.0,4200.0
3,8,0,0.0,0.0,0.0,2800.0,6600.0,4200.0
3,8,1,0.0,0.0,0.0,2800.0,6600.0,4200.0
3,8,2,0.0,0.0,0.0,2800.0,6600.0,4200.0
3,8,3,0.0,0.0,0.0,2800.0,6600.0,4200.0
3,8,4,0.0,0.0,0.0,2800.0,6600.0,4200.0
3,8,5,0.0,0.0,0.0,2800.0,6600.0,4200.0
3,8,6,0.0,0.0,0.0,2800.0,6600.0,4200.0
3,8,7,30.849885999999998,23.353925999999998,20.18,2800.0,6600.0,4200.0
3,8,8,171.95318799999998,130.27073,112.48065700000001,2800.0,6600.0,4200.0
3,8,9,354.637587,269.70092800000003,231.980978,2800.0,6600.0,4200.0
3,8,10,400.876191,305.707582,262.227283,2800.0,6600.0,4200.0
3,8,11,494.150201,378.643088,323.241109,2800.0,6600.0,4200.0
3,8,12,552.243915,424.700672,361.24226,2800.0,6600.0,4200.0
3,8,13,538.643078,414.15229899999997,352.34547200000003,2800.0,6600.0,4200.0
3,8,14,488.84596700000003,375.306547,319.77142200000003,2800.0,6600.0,4200.0
3,8,15,405.666388,310.56836599999997,265.36071999999996,2800.0,6600.0,4200.0
3,8,16,277.94190000000003,212.05640599999998,181.811619,2800.0,6600.0,4200.0
3,8,17,112.61451600000001,85.595146,73.66513400000001,2800.0,6600.0,4200.0
3,8,18,-0.0,-0.0,-0.0,2800.0,6600.0,4200.0
3,8,19,0.0,0.0,0.0,2800.0,6600.0,4200.0
3,8,20,0.0,0.0,0.0,2800.0,6600.0,4200.0
3,8,21,0.0,0.0,0.0,2800.0,6600.0,4200.0
3,8,22,0.0,0.0,0.0,2800.0,6600.0,4200.0
3,8,23,0.0,0.0,0.0,2800.0,6600.0,4200.0
3,9,0,0.0,0.0,0.0,2800.0,6600.0,4200.0
3,9,1,0.0,0.0,0.0,2800.0,6600.0,4200.0
3,9,2,0.0,0.0,0.0,2800.0,6600.0,4200.0
3,9,3,0.0,0.0,0.0,2800.0,6600.0,4200.0
3,9,4,0.0,0.0,0.0,2800.0,6600.0,4200.0
3,9,5,0.0,0.0,0.0,2800.0,6600.0,4200.0
3,9,6,0.0,0.0,0.0,2800.0,6600.0,4200.0
3,9,7,35.915510000000005,27.200772,23.493605,2800.0,6600.0,4200.0
3,9,8,176.31571599999998,133.58750700000002,115.334341,2800.0,6600.0,4200.0
3,9,9,343.068805,260.586951,224.413429,2800.0,6600.0,4200.0
3,9,10,444.37662800000004,338.232726,290.682456,2800.0,6600.0,4200.0
3,9,11,442.54136800000003,336.985356,289.481947,2800.0,6600.0,4200.0
3,9,12,468.811262,357.275674,306.66601299999996,2800.0,6600.0,4200.0
3,9,13,343.708893,261.353897,224.832133,2800.0,6600.0,4200.0
3,9,14,148.862446,112.968158,97.376187,2800.0,6600.0,4200.0
3,9,15,84.239272,63.927980000000005,55.103884,2800.0,6600.0,4200.0
3,9,16,50.717271999999994,38.499258000000005,33.175959999999996,2800.0,6600.0,4200.0
3,9,17,15.750447,11.975635,10.302924,2800.0,6600.0,4200.0
3,9,18,-0.0,-0.0,-0.0,2800.0,6600.0,4200.0
3,9,19,0.0,0.0,0.0,2800.0,6600.0,4200.0
3,9,20,0.0,0.0,0.0,2800.0,6600.0,4200.0
3,9,21,0.0,0.0,0.0,2800.0,6600.0,4200.0
3,9,22,0.0,0.0,0.0,2800.0,6600.0,4200.0
3,9,23,0.0,0.0,0.0,2800.0,6600.0,4200.0
3,10,0,0.0,0.0,0.0,2800.0,6600.0,4200.0
3,10,1,0.0,0.0,0.0,2800.0,6600.0,4200.0
3,10,2,0.0,0.0,0.0,2800.0,6600.0,4200.0
3,10,3,0.0,0.0,0.0,2800.0,6600.0,4200.0
3,10,4,0.0,0.0,0.0,2800.0,6600.0,4200.0
3,10,5,0.0,0.0,0.0,2800.0,6600.0,4200.0
3,10,6,0.0,0.0,0.0,2800.0,6600.0,4200.0
3,10,7,3.1965459999999997,2.437537,2.090974,2800.0,6600.0,4200.0
3,10,8,24.357361,18.527870999999998,15.933011,2800.0,6600.0,4200.0
3,10,9,37.260295,28.330435,24.373276,2800.0,6600.0,4200.0
3,10,10,51.092811999999995,38.833686,33.421614,2800.0,6600.0,4200.0
3,10,11,105.745537,80.30536199999999,69.171893,2800.0,6600.0,4200.0
3,10,12,76.885585,58.412801,50.293578000000004,2800.0,6600.0,4200.0
3,10,13,64.703264,49.165062,42.324692000000006,2800.0,6600.0,4200.0
3,10,14,63.840052,48.503199,41.760034,2800.0,6600.0,4200.0
3,10,15,37.113727,28.216656999999998,24.2774,2800.0,6600.0,4200.0
3,10,16,20.337072,15.474244,13.303197,2800.0,6600.0,4200.0
3,10,17,5.163194000000001,3.934896,3.377428,2800.0,6600.0,4200.0
3,10,18,-0.0,-0.0,-0.0,2800.0,6600.0,4200.0
3,10,19,0.0,0.0,0.0,2800.0,6600.0,4200.0
3,10,20,0.0,0.0,0.0,2800.0,6600.0,4200.0
3,10,21,0.0,0.0,0.0,2800.0,6600.0,4200.0
3,10,22,0.0,0.0,0.0,2800.0,6600.0,4200.0
3,10,23,0.0,0.0,0.0,2800.0,6600.0,4200.0
3,11,0,0.0,0.0,0.0,2800.0,6600.0,4200.0
3,11,1,0.0,0.0,0.0,2800.0,6600.0,4200.0
3,11,2,0.0,0.0,0.0,2800.0,6600.0,4200.0
3,11,3,0.0,0.0,0.0,2800.0,6600.0,4200.0
3,11,4,0.0,0.0,0.0,2800.0,6600.0,4200.0
3,11,5,0.0,0.0,0.0,2800.0,6600.0,4200.0
3,11,6,0.0,0.0,0.0,2800.0,6600.0,4200.0
3,11,7,50.890317,38.581479,33.289155,2800.0,6600.0,4200.0
3,11,8,216.88339499999998,164.462573,141.871093,2800.0,6600.0,4200.0
3,11,9,362.732559,275.65552,237.276185,2800.0,6600.0,4200.0
3,11,10,295.23083399999996,224.251056,193.12092199999998,2800.0,6600.0,4200.0
3,11,11,412.95818199999997,314.19312199999996,270.13054,2800.0,6600.0,4200.0
3,11,12,437.53326500000003,333.025498,286.20597,2800.0,6600.0,4200.0
3,11,13,554.166667,425.0,362.5,2800.0,6600.0,4200.0
3,11,14,521.959441,397.788686,341.432116,2800.0,6600.0,4200.0
3,11,15,426.846293,324.771053,279.215244,2800.0,6600.0,4200.0
3,11,16,293.97630599999997,223.236709,192.30029000000002,2800.0,6600.0,4200.0
3,11,17,120.4799,91.343564,78.81016000000001,2800.0,6600.0,4200.0
3,11,18,1.301414,0.9866079999999999,0.8513010000000001,2800.0,6600.0,4200.0
3,11,19,0.0,0.0,0.0,2800.0,6600.0,4200.0
3,11,20,0.0,0.0,0.0,2800.0,6600.0,4200.0
3,11,21,0.0,0.0,0.0,2800.0,6600.0,4200.0
3,11,22,0.0,0.0,0.0,2800.0,6600.0,4200.0
3,11,23,0.0,0.0,0.0,2800.0,6600.0,4200.0
3,12,0,0.0,0.0,0.0,2800.0,6600.0,4200.0
3,12,1,0.0,0.0,0.0,2800.0,6600.0,4200.0
3,12,2,0.0,0.0,0.0,2800.0,6600.0,4200.0
3,12,3,0.0,0.0,0.0,2800.0,6600.0,4200.0
3,12,4,0.0,0.0,0.0,2800.0,6600.0,4200.0
3,12,5,0.0,0.0,0.0,2800.0,6600.0,4200.0
3,12,6,0.0,0.0,0.0,2800.0,6600.0,4200.0
3,12,7,55.444674,42.012115,36.268321,2800.0,6600.0,4200.0
3,12,8,220.341054,167.51929199999998,144.13287,2800.0,6600.0,4200.0
3,12,9,366.97010700000004,279.939866,240.048115,2800.0,6600.0,4200.0
3,12,10,471.201178,360.41094,308.22934200000003,2800.0,6600.0,4200.0
3,12,11,535.505502,410.60091,350.293073,2800.0,5528.8079782263085,4200.0
3,12,12,554.166667,425.0,362.5,2800.0,3472.7785151730586,3360.753401780379
3,12,13,551.3136450000001,422.86056099999996,360.633737,2800.0,3663.3164546975977,3545.1449561589657
3,12,14,498.98253000000005,382.41907199999997,326.402106,2800.0,5114.326798854228,4200.0
3,12,15,409.461214,313.283191,267.84305,2502.4167786610287,3054.130714113854,2955.610368497278
3,12,16,288.369118,220.054003,188.63243100000003,1311.5016045329749,1600.651564587489,1549.017643149183
3,12,17,122.034137,92.744151,79.826841,2794.6277004301824,3410.766091076207,3300.741378460845
3,12,18,-0.0,-0.0,-0.0,2800.0,6600.0,4200.0
3,12,19,0.0,0.0,0.0,2800.0,6600.0,4200.0
3,12,20,0.0,0.0,0.0,2800.0,6600.0,4200.0
3,12,21,0.0,0.0,0.0,2800.0,6600.0,4200.0
3,12,22,0.0,0.0,0.0,2800.0,4875.874201202505,4200.0
3,12,23,0.0,0.0,0.0,2800.0,3794.137041985159,3671.7455245017663
3,13,0,0.0,0.0,0.0,2800.0,4569.628998473504,4200.0
3,13,1,0.0,0.0,0.0,2800.0,5965.099051003621,4200.0
3,13,2,0.0,0.0,0.0,2800.0,6600.0,4200.0
3,13,3,0.0,0.0,0.0,2800.0,5965.099051003621,4200.0
3,13,4,0.0,0.0,0.0,2800.0,4348.55720818164,4200.0
3,13,5,0.0,0.0,0.0,2319.3884514592746,2830.7496848518704,2739.435178888906
3,13,6,0.0,0.0,0.0,2231.3199984618277,2723.264565051836,2635.417321017906
3,13,7,5.470528,4.165706,3.5784659999999997,1003.7965929387176,1225.1060779960724,1185.5865270929733
3,13,8,15.320032,11.657219999999999,10.021374,978.4920029593812,1194.2225232968824,1155.6992160937573
3,13,9,51.928319,39.455253,33.968149,2231.3199984618277,2723.264565051836,2635.417321017906
3,13,10,56.322834,42.809523999999996,36.842756,2800.0,6423.759245222193,4200.0
3,13,11,151.82863,115.437402,99.316473,2800.0,6600.0,4200.0
3,13,12,236.220822,179.906044,154.520387,2800.0,6600.0,4200.0
3,13,13,124.876861,95.11842,81.686368,2800.0,6600.0,4200.0
3,13,14,128.800061,98.14434,84.252671,2800.0,6600.0,4200.0
3,13,15,300.674656,229.558291,196.681918,2800.0,6600.0,4200.0
3,13,16,168.693185,128.518698,110.348174,2800.0,6600.0,4200.0
3,13,17,59.801731,45.516934,39.118425,2800.0,6600.0,4200.0
3,13,18,-0.0,-0.0,-0.0,2800.0,6600.0,4200.0
3,13,19,0.0,0.0,0.0,2800.0,6600.0,4200.0
3,13,20,0.0,0.0,0.0,2800.0,6600.0,4200.0
3,13,21,0.0,0.0,0.0,2800.0,6600.0,4200.0
3,13,22,0.0,0.0,0.0,2800.0,6600.0,4200.0
3,13,23,0.0,0.0,0.0,2800.0,6600.0,4200.0
3,14,0,0.0,0.0,0.0,2800.0,6600.0,4200.0
3,14,1,0.0,0.0,0.0,2800.0,6600.0,4200.0
3,14,2,0.0,0.0,0.0,2800.0,6600.0,4200.0
3,14,3,0.0,0.0,0.0,2800.0,6600.0,4200.0
3,14,4,0.0,0.0,0.0,2800.0,6600.0,4200.0
3,14,5,0.0,0.0,0.0,2800.0,6600.0,4200.0
3,14,6,0.0,0.0,0.0,2800.0,6600.0,4200.0
3,14,7,0.680356,0.527729,0.445045,2800.0,6600.0,4200.0
3,14,8,7.117055000000001,5.453373,4.655517,2800.0,6600.0,4200.0
3,14,9,55.729436,42.520818,36.454593,2800.0,6600.0,4200.0
3,14,10,34.29642,26.208623,22.4345,2800.0,6600.0,4200.0
3,14,11,33.495508,25.603051,21.910596,2800.0,6600.0,4200.0
3,14,12,30.169994,23.066586,19.735259,2800.0,6600.0,4200.0
3,14,13,35.613156000000004,27.218704000000002,23.295824,2800.0,6600.0,4200.0
3,14,14,24.250433,18.56217,15.863065,2800.0,6600.0,4200.0
3,14,15,77.665341,59.33744600000001,50.803644,2800.0,6600.0,4200.0
3,14,16,152.647101,116.59024099999999,99.851863,2800.0,6600.0,4200.0
3,14,17,65.083946,49.768473,42.573709,2800.0,6600.0,4200.0
3,14,18,0.723349,0.5736509999999999,0.47316800000000003,2800.0,6600.0,4200.0
3,14,19,0.0,0.0,0.0,2800.0,6600.0,4200.0
3,14,20,0.0,0.0,0.0,2800.0,6600.0,4200.0
3,14,21,0.0,0.0,0.0,2800.0,6600.0,4200.0
3,14,22,0.0,0.0,0.0,2800.0,6600.0,4200.0
3,14,23,0.0,0.0,0.0,2800.0,6600.0,4200.0
3,15,0,0.0,0.0,0.0,2800.0,6600.0,4200.0
3,15,1,0.0,0.0,0.0,2800.0,6600.0,4200.0
3,15,2,0.0,0.0,0.0,2800.0,6600.0,4200.0
3,15,3,0.0,0.0,0.0,2800.0,6600.0,4200.0
3,15,4,0.0,0.0,0.0,2800.0,6600.0,4200.0
3,15,5,0.0,0.0,0.0,2800.0,6600.0,4200.0
3,15,6,0.0,0.0,0.0,2800.0,6600.0,4200.0
3,15,7,0.769937,0.589407,0.503643,2800.0,6600.0,4200.0
3,15,8,8.450192999999999,6.447556,5.52757,2800.0,4495.12565696385,4200.0
3,15,9,27.830128000000002,21.190625,18.204669999999997,2800.0,3535.5380679260493,3421.48845283166
3,15,10,36.544984,27.81301,23.905365000000003,2800.0,6600.0,4200.0
3,15,11,56.899588,43.26383,37.220031000000006,2800.0,6600.0,4200.0
3,15,12,48.200902,36.652037,31.529913,2800.0,6600.0,4200.0
3,15,13,55.791237,42.407328,36.49502,2800.0,6600.0,4200.0
3,15,14,79.002376,60.012972000000005,51.678246,2800.0,6600.0,4200.0
3,15,15,60.208864,45.747028,39.384746,2800.0,6600.0,4200.0
3,15,16,70.778382,53.751456,46.298641,2800.0,6600.0,4200.0
3,15,17,17.42614,13.258507999999999,11.399054,2800.0,6600.0,4200.0
3,15,18,-0.0,-0.0,-0.0,2800.0,6600.0,4200.0
3,15,19,0.0,0.0,0.0,2800.0,6600.0,4200.0
3,15,20,0.0,0.0,0.0,2800.0,6600.0,4200.0
3,15,21,0.0,0.0,0.0,2800.0,6600.0,4200.0
3,15,22,0.0,0.0,0.0,2800.0,6600.0,4200.0
3,15,23,0.0,0.0,0.0,2800.0,6600.0,4200.0
3,16,0,0.0,0.0,0.0,2800.0,6600.0,4200.0
3,16,1,0.0,0.0,0.0,2800.0,6600.0,4200.0
3,16,2,0.0,0.0,0.0,2800.0,6600.0,4200.0
3,16,3,0.0,0.0,0.0,2800.0,6600.0,4200.0
3,16,4,0.0,0.0,0.0,2800.0,6600.0,4200.0
3,16,5,0.0,0.0,0.0,2800.0,6600.0,4200.0
3,16,6,0.0,0.0,0.0,2800.0,6600.0,4200.0
3,16,7,50.88104,38.590657,33.283086000000004,2800.0,6600.0,4200.0
3,16,8,186.97937100000001,141.78489499999998,122.309814,2800.0,6600.0,4200.0
3,16,9,395.286289,300.43575699999997,258.57073,2800.0,6600.0,4200.0
3,16,10,460.140242,350.15168900000003,300.993993,2800.0,6600.0,4200.0
3,16,11,219.95862100000002,166.95644399999998,143.88270699999998,2800.0,6600.0,4200.0
3,16,12,158.998796,120.674788,104.006731,2800.0,6600.0,4200.0
3,16,13,234.00771,177.68785200000002,153.072713,2800.0,6600.0,4200.0
3,16,14,174.587899,132.509775,114.204114,2800.0,6600.0,4200.0
3,16,15,186.71583900000002,141.70322099999998,122.137429,2800.0,6600.0,4200.0
3,16,16,84.778852,64.329363,55.456843,2800.0,6600.0,4200.0
3,16,17,86.880996,65.896716,56.83193,2800.0,6600.0,4200.0
3,16,18,1.470165,1.11682,0.961687,2800.0,6600.0,4200.0
3,16,19,0.0,0.0,0.0,2800.0,6600.0,4200.0
3,16,20,0.0,0.0,0.0,2800.0,6600.0,4200.0
3,16,21,0.0,0.0,0.0,2800.0,6600.0,4200.0
3,16,22,0.0,0.0,0.0,2800.0,6600.0,4200.0
3,16,23,0.0,0.0,0.0,2800.0,6600.0,4200.0
3,17,0,0.0,0.0,0.0,2800.0,6600.0,4200.0
3,17,1,0.0,0.0,0.0,2800.0,6600.0,4200.0
3,17,2,0.0,0.0,0.0,2800.0,6600.0,4200.0
3,17,3,0.0,0.0,0.0,2800.0,6600.0,4200.0
3,17,4,0.0,0.0,0.0,2800.0,6600.0,4200.0
3,17,5,0.0,0.0,0.0,2800.0,6600.0,4200.0
3,17,6,0.0,0.0,0.0,2800.0,6600.0,4200.0
3,17,7,51.98398,39.410585,34.004559,2800.0,6600.0,4200.0
3,17,8,211.219449,160.338828,138.16610500000002,2800.0,6600.0,4200.0
3,17,9,319.069736,242.713112,208.71479000000002,2800.0,6600.0,4200.0
3,17,10,402.70587,306.94444500000003,263.424141,2800.0,6600.0,4200.0
3,17,11,451.50819,344.693129,295.347462,2800.0,6600.0,4200.0
3,17,12,548.865725,420.453707,359.032467,2800.0,6600.0,4200.0
3,17,13,377.417141,288.053063,246.881889,2800.0,6600.0,4200.0
3,17,14,242.48440900000003,184.55345499999999,158.617621,2800.0,6600.0,4200.0
3,17,15,227.341546,172.95671599999997,148.712139,2800.0,6600.0,4200.0
3,17,16,178.36954699999998,135.593816,116.67782399999999,2800.0,6600.0,4200.0
3,17,17,48.855393,37.100292,31.958039,2800.0,6600.0,4200.0
3,17,18,1.539344,1.169368,1.006939,2800.0,6600.0,4200.0
3,17,19,0.0,0.0,0.0,2800.0,6600.0,4200.0
3,17,20,0.0,0.0,0.0,2800.0,6600.0,4200.0
3,17,21,0.0,0.0,0.0,2800.0,6600.0,4200.0
3,17,22,0.0,0.0,0.0,2800.0,6600.0,4200.0
3,17,23,0.0,0.0,0.0,2800.0,6600.0,4200.0
3,18,0,0.0,0.0,0.0,2800.0,6600.0,4200.0
3,18,1,0.0,0.0,0.0,2800.0,6600.0,4200.0
3,18,2,0.0,0.0,0.0,2800.0,6600.0,4200.0
3,18,3,0.0,0.0,0.0,2800.0,6600.0,4200.0
3,18,4,0.0,0.0,0.0,2800.0,6600.0,4200.0
3,18,5,0.0,0.0,0.0,2800.0,6600.0,4200.0
3,18,6,0.0,0.0,0.0,2800.0,6600.0,4200.0
3,18,7,71.439184,54.184822,46.730895,2800.0,6600.0,4200.0
3,18,8,239.137575,181.749755,156.428339,2800.0,6600.0,4200.0
3,18,9,378.37179499999996,288.64155999999997,247.506362,2800.0,6600.0,4200.0
3,18,10,471.312028,360.73269799999997,308.301853,2800.0,6600.0,4200.0
3,18,11,527.300002,404.578415,344.925565,2800.0,6600.0,4200.0
3,18,12,298.833646,227.95889499999998,195.477648,2800.0,6600.0,4200.0
3,18,13,334.23911200000003,255.194414,218.63761499999998,2800.0,6600.0,4200.0
3,18,14,179.659824,136.73189499999998,117.52184,2800.0,6600.0,4200.0
3,18,15,88.202196,67.076197,57.696174,2800.0,6600.0,4200.0
3,18,16,127.758221,97.147072,83.571167,2800.0,6600.0,4200.0
3,18,17,62.261836,47.301643,40.727667000000004,2800.0,6600.0,4200.0
3,18,18,1.001729,0.761079,0.655266,2800.0,6600.0,4200.0
3,18,19,0.0,0.0,0.0,2800.0,6600.0,4200.0
3,18,20,0.0,0.0,0.0,2800.0,6600.0,4200.0
3,18,21,0.0,0.0,0.0,2800.0,6600.0,4200.0
3,18,22,0.0,0.0,0.0,2800.0,6600.0,4200.0
3,18,23,0.0,0.0,0.0,2800.0,6600.0,4200.0
3,19,0,0.0,0.0,0.0,2800.0,6600.0,4200.0
3,19,1,0.0,0.0,0.0,2800.0,6600.0,4200.0
3,19,2,0.0,0.0,0.0,2800.0,6600.0,4200.0
3,19,3,0.0,0.0,0.0,2800.0,6600.0,4200.0
3,19,4,0.0,0.0,0.0,2800.0,6600.0,4200.0
3,19,5,0.0,0.0,0.0,2800.0,6600.0,4200.0
3,19,6,0.0,0.0,0.0,2800.0,6600.0,4200.0
3,19,7,70.939531,53.834605,46.404053999999995,2800.0,6600.0,4200.0
3,19,8,235.25853400000003,178.98281400000002,153.890921,2800.0,6600.0,4200.0
3,19,9,369.996603,282.498114,242.027853,2800.0,6600.0,4200.0
3,19,10,467.361334,357.939649,305.71756400000004,2800.0,6600.0,4200.0
3,19,11,527.8393980000001,405.056906,345.27840299999997,2800.0,6600.0,4200.0
3,19,12,552.127615,423.9182,361.166184,2800.0,6600.0,4200.0
3,19,13,540.283749,414.635496,353.418693,2800.0,6600.0,4200.0
3,19,14,471.458016,361.044577,308.39734899999996,2800.0,6600.0,4200.0
3,19,15,382.241128,292.105357,250.037429,2800.0,6600.0,4200.0
3,19,16,181.869023,138.48183300000002,118.966955,2800.0,6600.0,4200.0
3,19,17,119.411403,90.80368700000001,78.11121899999999,2800.0,6600.0,4200.0
3,19,18,2.161011,1.648733,1.413594,2800.0,6600.0,4200.0
3,19,19,0.0,0.0,0.0,2800.0,6600.0,4200.0
3,19,20,0.0,0.0,0.0,2800.0,6600.0,4200.0
3,19,21,0.0,0.0,0.0,2800.0,6600.0,4200.0
3,19,22,0.0,0.0,0.0,2800.0,6600.0,4200.0
3,19,23,0.0,0.0,0.0,2800.0,6600.0,4200.0
3,20,0,0.0,0.0,0.0,2800.0,6600.0,4200.0
3,20,1,0.0,0.0,0.0,2800.0,6600.0,4200.0
3,20,2,0.0,0.0,0.0,2800.0,6600.0,4200.0
3,20,3,0.0,0.0,0.0,2800.0,6600.0,4200.0
3,20,4,0.0,0.0,0.0,2800.0,6600.0,4200.0
3,20,5,0.0,0.0,0.0,2800.0,6600.0,4200.0
3,20,6,0.0,0.0,0.0,2800.0,6600.0,4200.0
3,20,7,49.828932,37.842048000000005,32.594865,2800.0,6600.0,4200.0
3,20,8,99.47697199999999,75.573445,65.071403,2800.0,6600.0,4200.0
3,20,9,307.296147,234.026,201.013269,2800.0,6600.0,4200.0
3,20,10,212.83763000000002,161.994799,139.224615,2800.0,6600.0,4200.0
3,20,11,191.454247,145.72645699999998,125.23698900000001,2800.0,6600.0,4200.0
3,20,12,121.91536500000001,92.74969,79.749148,2800.0,6600.0,4200.0
3,20,13,142.381226,108.284275,93.136591,2800.0,6600.0,4200.0
3,20,14,57.991184999999994,44.103044000000004,37.934083,2800.0,6600.0,4200.0
3,20,15,29.449835,22.411602,19.264178,2800.0,6600.0,4200.0
3,20,16,20.753565,15.799373,13.57564,2800.0,6600.0,4200.0
3,20,17,7.366671999999999,5.6164309999999995,4.818801000000001,2800.0,6600.0,4200.0
3,20,18,-0.0,-0.0,-0.0,2800.0,6600.0,4200.0
3,20,19,0.0,0.0,0.0,2800.0,6600.0,4200.0
3,20,20,0.0,0.0,0.0,2800.0,6600.0,4200.0
3,20,21,0.0,0.0,0.0,2800.0,6600.0,4200.0
3,20,22,0.0,0.0,0.0,2800.0,6600.0,4200.0
3,20,23,0.0,0.0,0.0,2800.0,6600.0,4200.0
3,21,0,0.0,0.0,0.0,2800.0,6600.0,4200.0
3,21,1,0.0,0.0,0.0,2800.0,6600.0,4200.0
3,21,2,0.0,0.0,0.0,2800.0,6600.0,4200.0
3,21,3,0.0,0.0,0.0,2800.0,6600.0,4200.0
3,21,4,0.0,0.0,0.0,2800.0,6600.0,4200.0
3,21,5,0.0,0.0,0.0,2800.0,6600.0,4200.0
3,21,6,0.0,0.0,0.0,2800.0,6600.0,4200.0
3,21,7,3.45807,2.640027,2.262046,2800.0,6600.0,4200.0
3,21,8,28.588158,21.768781999999998,18.700524,2800.0,6600.0,4200.0
3,21,9,114.62834600000001,87.24506299999999,74.98245200000001,2800.0,6600.0,4200.0
3,21,10,108.971158,82.97903,71.28188499999999,2800.0,6600.0,4200.0
3,21,11,92.883345,70.75314200000001,60.758278,2800.0,6600.0,4200.0
3,21,12,83.909891,63.938763,54.888425000000005,2800.0,6600.0,4200.0
3,21,13,96.527113,73.55859699999999,63.141796,2800.0,6600.0,4200.0
3,21,14,76.257095,58.116574,49.88246,2800.0,6600.0,4200.0
3,21,15,55.250392999999995,42.108661,36.141234,2800.0,6600.0,4200.0
3,21,16,23.693881,18.074711999999998,15.499004999999999,2800.0,6600.0,4200.0
3,21,17,4.016176,3.0721640000000003,2.627123,2800.0,6600.0,4200.0
3,21,18,-0.0,-0.0,-0.0,2800.0,6600.0,4200.0
3,21,19,0.0,0.0,0.0,2800.0,6600.0,4200.0
3,21,20,0.0,0.0,0.0,2800.0,6600.0,4200.0
3,21,21,0.0,0.0,0.0,2800.0,6600.0,4200.0
3,21,22,0.0,0.0,0.0,2800.0,6600.0,4200.0
3,21,23,0.0,0.0,0.0,2800.0,6600.0,4200.0
3,22,0,0.0,0.0,0.0,2800.0,6600.0,4200.0
3,22,1,0.0,0.0,0.0,2800.0,6600.0,4200.0
3,22,2,0.0,0.0,0.0,2800.0,6600.0,4200.0
3,22,3,0.0,0.0,0.0,2800.0,6600.0,4200.0
3,22,4,0.0,0.0,0.0,2800.0,6600.0,4200.0
3,22,5,0.0,0.0,0.0,2800.0,6600.0,4200.0
3,22,6,0.0,0.0,0.0,2800.0,6600.0,4200.0
3,22,7,15.703049,11.937616,10.271919,2800.0,6600.0,4200.0
3,22,8,63.96452,48.562694,41.841453,2800.0,6600.0,4200.0
3,22,9,191.988081,145.778225,125.58618799999999,2800.0,6600.0,4200.0
3,22,10,309.258515,235.124604,202.29692300000002,2800.0,6600.0,4200.0
3,22,11,364.618806,277.439341,238.510046,2800.0,6600.0,4200.0
3,22,12,362.903818,276.15124099999997,237.388212,2800.0,6600.0,4200.0
3,22,13,154.357886,117.26969500000001,100.970948,2800.0,6600.0,4200.0
3,22,14,180.179301,136.88364199999998,117.861648,2800.0,6600.0,4200.0
3,22,15,306.97601299999997,233.401067,200.80385800000002,2800.0,6600.0,4200.0
3,22,16,209.544206,159.13200700000002,137.07027,2800.0,6600.0,4200.0
3,22,17,61.188496,46.456601,40.025557,2800.0,6600.0,4200.0
3,22,18,5.4884319999999995,4.179060000000001,3.590178,2800.0,6600.0,4200.0
3,22,19,0.0,0.0,0.0,2800.0,6600.0,4200.0
3,22,20,0.0,0.0,0.0,2800.0,6600.0,4200.0
3,22,21,0.0,0.0,0.0,2800.0,6600.0,4200.0
3,22,22,0.0,0.0,0.0,2800.0,6600.0,4200.0
3,22,23,0.0,0.0,0.0,2800.0,6600.0,4200.0
3,23,0,0.0,0.0,0.0,2800.0,6600.0,4200.0
3,23,1,0.0,0.0,0.0,2800.0,6600.0,4200.0
3,23,2,0.0,0.0,0.0,2800.0,6600.0,4200.0
3,23,3,0.0,0.0,0.0,2800.0,6600.0,4200.0
3,23,4,0.0,0.0,0.0,2800.0,6600.0,4200.0
3,23,5,0.0,0.0,0.0,2800.0,6600.0,4200.0
3,23,6,0.0,0.0,0.0,2800.0,6600.0,4200.0
3,23,7,90.93021300000001,68.867452,59.480666,2800.0,6600.0,4200.0
3,23,8,266.971184,202.64526999999998,174.63528599999998,2800.0,6600.0,4200.0
3,23,9,405.768915,309.08267,265.427787,2800.0,6600.0,4200.0
3,23,10,501.649804,383.416854,328.146864,2800.0,6600.0,4200.0
3,23,11,554.166667,425.0,362.5,2800.0,6600.0,4200.0
3,23,12,554.166667,425.0,362.5,2800.0,6600.0,4200.0
3,23,13,554.166667,425.0,362.5,2800.0,6600.0,4200.0
3,23,14,513.113927,393.34340100000003,335.64595199999997,2800.0,6600.0,4200.0
3,23,15,425.13072700000004,325.203455,278.093032,2800.0,6600.0,4200.0
3,23,16,301.984676,230.431299,197.538848,2800.0,6600.0,4200.0
3,23,17,137.38784099999998,104.48963,89.870242,2800.0,6600.0,4200.0
3,23,18,6.41932,4.890387,4.199104,2800.0,6600.0,4200.0
3,23,19,0.0,0.0,0.0,2800.0,6600.0,4200.0
3,23,20,0.0,0.0,0.0,2800.0,6600.0,4200.0
3,23,21,0.0,0.0,0.0,2800.0,6600.0,4200.0
3,23,22,0.0,0.0,0.0,2800.0,6600.0,4200.0
3,23,23,0.0,0.0,0.0,2800.0,6600.0,4200.0
3,24,0,0.0,0.0,0.0,2744.426018516277,3349.496321811205,3241.448053365682
3,24,1,0.0,0.0,0.0,2800.0,5195.505086201954,4200.0
3,24,2,0.0,0.0,0.0,2800.0,6600.0,4200.0
3,24,3,0.0,0.0,0.0,2800.0,6600.0,4200.0
3,24,4,0.0,0.0,0.0,2800.0,6600.0,4200.0
3,24,5,0.0,0.0,0.0,2800.0,6600.0,4200.0
3,24,6,-0.0,-0.0,-0.0,2800.0,6600.0,4200.0
3,24,7,9.781779,7.4468950000000005,6.398607,2800.0,6600.0,4200.0
3,24,8,86.913966,66.007249,56.853497000000004,2800.0,6600.0,4200.0
3,24,9,173.744276,132.097895,113.652271,2800.0,6600.0,4200.0
3,24,10,186.350607,141.90247,121.898518,2800.0,6600.0,4200.0
3,24,11,242.326953,184.871777,158.514624,2800.0,6600.0,4200.0
3,24,12,404.730415,309.779895,264.748467,2800.0,6600.0,4200.0
3,24,13,437.021478,334.831439,285.871192,2800.0,6600.0,4200.0
3,24,14,375.741804,287.586159,245.785992,2800.0,6600.0,4200.0
3,24,15,318.191321,243.341654,208.140187,2800.0,6600.0,4200.0
3,24,16,216.662424,165.438952,141.726548,2800.0,6600.0,4200.0
3,24,17,66.54058599999999,50.718041,43.526548999999996,2800.0,6600.0,4200.0
3,24,18,3.706922,2.83995,2.4248290000000003,2800.0,6600.0,4200.0
3,24,19,0.0,0.0,0.0,2800.0,6600.0,4200.0
3,24,20,0.0,0.0,0.0,2800.0,6600.0,4200.0
3,24,21,0.0,0.0,0.0,2800.0,6600.0,4200.0
3,24,22,0.0,0.0,0.0,2800.0,6600.0,4200.0
3,24,23,0.0,0.0,0.0,2800.0,6600.0,4200.0
3,25,0,0.0,0.0,0.0,2800.0,6600.0,4200.0
3,25,1,0.0,0.0,0.0,2800.0,6600.0,4200.0
3,25,2,0.0,0.0,0.0,2800.0,6600.0,4200.0
3,25,3,0.0,0.0,0.0,2800.0,6600.0,4200.0
3,25,4,0.0,0.0,0.0,2800.0,6600.0,4200.0
3,25,5,0.0,0.0,0.0,2800.0,6600.0,4200.0
3,25,6,-0.0,-0.0,-0.0,2800.0,6600.0,4200.0
3,25,7,96.381264,73.04412699999999,63.046391,2800.0,6600.0,4200.0
3,25,8,275.71017099999995,209.235188,180.351766,2800.0,6600.0,4200.0
3,25,9,420.198593,319.721473,274.866749,2800.0,6600.0,4200.0
3,25,10,522.5314149999999,398.70908000000003,341.806264,2800.0,6600.0,4200.0
3,25,11,554.166667,425.0,362.5,2800.0,6600.0,4200.0
3,25,12,554.166667,425.0,362.5,2800.0,6600.0,4200.0
3,25,13,554.166667,425.0,362.5,2800.0,6600.0,4200.0
3,25,14,535.163218,409.42615500000005,350.06917200000004,2800.0,6600.0,4200.0
3,25,15,440.76184,336.447462,288.317895,2800.0,6600.0,4200.0
3,25,16,317.540679,241.78095000000002,207.71457999999998,2800.0,6600.0,4200.0
3,25,17,148.10169399999998,112.46848,96.878552,2800.0,6600.0,4200.0
3,25,18,7.972753,6.066062,5.215259,2800.0,6600.0,4200.0
3,25,19,0.0,0.0,0.0,2800.0,6600.0,4200.0
3,25,20,0.0,0.0,0.0,2800.0,6600.0,4200.0
3,25,21,0.0,0.0,0.0,2800.0,6600.0,4200.0
3,25,22,0.0,0.0,0.0,2800.0,6600.0,4200.0
3,25,23,0.0,0.0,0.0,2800.0,6600.0,4200.0
3,26,0,0.0,0.0,0.0,2800.0,6600.0,4200.0
3,26,1,0.0,0.0,0.0,2800.0,6600.0,4200.0
3,26,2,0.0,0.0,0.0,2800.0,6600.0,4200.0
3,26,3,0.0,0.0,0.0,2800.0,6600.0,4200.0
3,26,4,0.0,0.0,0.0,2800.0,6600.0,4200.0
3,26,5,0.0,0.0,0.0,2800.0,6600.0,4200.0
3,26,6,0.970992,0.731893,0.63516,2800.0,6600.0,4200.0
3,26,7,100.926955,76.496193,66.01988800000001,2800.0,6600.0,4200.0
3,26,8,275.770429,209.494483,180.39118299999998,2800.0,6600.0,4200.0
3,26,9,414.768235,316.186601,271.31456,2800.0,6600.0,4200.0
3,26,10,511.849249,391.481669,334.81868199999997,2800.0,6600.0,4200.0
3,26,11,554.166667,425.0,362.5,2800.0,6600.0,4200.0
3,26,12,554.166667,425.0,362.5,2800.0,6600.0,4200.0
3,26,13,554.166667,425.0,362.5,2800.0,6600.0,4200.0
3,26,14,515.187782,395.526739,337.00253399999997,2800.0,6600.0,4200.0
3,26,15,428.464647,328.16010700000004,280.27386700000005,2800.0,6600.0,4200.0
3,26,16,307.532613,234.785592,201.16795000000002,2800.0,6600.0,4200.0
3,26,17,144.49060699999998,109.869192,94.516412,2794.6277004301824,3410.766091076207,3300.741378460845
3,26,18,8.255083,6.283272,5.399942,175.6432651850418,214.36776459591715,207.4526754154037
3,26,19,0.0,0.0,0.0,2800.0,4569.628998473504,4200.0
3,26,20,0.0,0.0,0.0,2800.0,6600.0,4200.0
3,26,21,0.0,0.0,0.0,2800.0,6600.0,4200.0
3,26,22,0.0,0.0,0.0,2800.0,6600.0,4200.0
3,26,23,0.0,0.0,0.0,2800.0,5528.8079782263085,4200.0
3,27,0,0.0,0.0,0.0,2800.0,6600.0,4200.0
3,27,1,0.0,0.0,0.0,2800.0,6600.0,4200.0
3,27,2,0.0,0.0,0.0,2800.0,6600.0,4200.0
3,27,3,0.0,0.0,0.0,2800.0,6600.0,4200.0
3,27,4,0.0,0.0,0.0,2800.0,6600.0,4200.0
3,27,5,0.0,0.0,0.0,2800.0,6600.0,4200.0
3,27,6,0.938832,0.7102480000000001,0.6141230000000001,2800.0,6600.0,4200.0
3,27,7,98.220908,74.548351,64.249767,2800.0,6600.0,4200.0
3,27,8,266.204107,202.523775,174.133514,2800.0,6600.0,4200.0
3,27,9,402.917794,307.609176,263.562768,2800.0,6600.0,4200.0
3,27,10,498.236614,381.566576,325.914176,2800.0,6600.0,4200.0
3,27,11,554.166667,425.0,362.5,2800.0,6600.0,4200.0
3,27,12,554.166667,425.0,362.5,2800.0,6600.0,4200.0
3,27,13,522.997234,401.04105200000004,342.110972,2800.0,6600.0,4200.0
3,27,14,407.982385,312.004055,266.875695,2800.0,6600.0,4200.0
3,27,15,317.75649300000003,242.554004,207.855751,2800.0,6600.0,4200.0
3,27,16,254.603724,194.130016,166.54529300000002,2800.0,6600.0,4200.0
3,27,17,110.446254,84.03217,72.246798,2800.0,6600.0,4200.0
3,27,18,8.071572,6.158321,5.2799,2800.0,6600.0,4200.0
3,27,19,0.0,0.0,0.0,2800.0,6600.0,4200.0
3,27,20,0.0,0.0,0.0,2800.0,6600.0,4200.0
3,27,21,0.0,0.0,0.0,2800.0,6600.0,4200.0
3,27,22,0.0,0.0,0.0,2800.0,6600.0,4200.0
3,27,23,0.0,0.0,0.0,2800.0,6600.0,4200.0
3,28,0,0.0,0.0,0.0,2800.0,6600.0,4200.0
3,28,1,0.0,0.0,0.0,2800.0,6600.0,4200.0
3,28,2,0.0,0.0,0.0,2800.0,6600.0,4200.0
3,28,3,0.0,0.0,0.0,2800.0,6600.0,4200.0
3,28,4,0.0,0.0,0.0,2800.0,6600.0,4200.0
3,28,5,0.0,0.0,0.0,2800.0,6600.0,4200.0
3,28,6,-0.0,-0.0,-0.0,2800.0,6600.0,4200.0
3,28,7,14.405807000000001,10.981599000000001,9.423347,2800.0,6600.0,4200.0
3,28,8,36.064546,27.465335,23.591094000000002,2800.0,6600.0,4200.0
3,28,9,261.642513,199.32163,171.149614,2800.0,6600.0,4200.0
3,28,10,397.610056,303.759435,260.090788,2800.0,6600.0,4200.0
3,28,11,513.134787,393.227624,335.659597,2800.0,6600.0,4200.0
3,28,12,484.808478,371.711191,317.130358,2800.0,6600.0,4200.0
3,28,13,445.373147,341.517385,291.334314,2800.0,6600.0,4200.0
3,28,14,410.162278,314.45808600000004,268.30164,2800.0,6600.0,4200.0
3,28,15,210.432632,160.85119500000002,137.651421,2800.0,6600.0,4200.0
3,28,16,37.205703,28.452517,24.337564999999998,2800.0,6600.0,4200.0
3,28,17,12.760011,9.779157999999999,8.346774,2800.0,6600.0,4200.0
3,28,18,1.651117,1.278158,1.080054,2800.0,6600.0,4200.0
3,28,19,0.0,0.0,0.0,2800.0,6600.0,4200.0
3,28,20,0.0,0.0,0.0,2800.0,6600.0,4200.0
3,28,21,0.0,0.0,0.0,2800.0,6600.0,4200.0
3,28,22,0.0,0.0,0.0,2800.0,6600.0,4200.0
3,28,23,0.0,0.0,0.0,2800.0,6600.0,4200.0
3,29,0,0.0,0.0,0.0,2800.0,6600.0,4200.0
3,29,1,0.0,0.0,0.0,2800.0,6600.0,4200.0
3,29,2,0.0,0.0,0.0,2800.0,6600.0,4200.0
3,29,3,0.0,0.0,0.0,2800.0,6600.0,4200.0
3,29,4,0.0,0.0,0.0,2800.0,6600.0,4200.0
3,29,5,0.0,0.0,0.0,2800.0,6600.0,4200.0
3,29,6,-0.0,-0.0,-0.0,2800.0,6600.0,4200.0
3,29,7,10.61232,8.089167,6.9418940000000005,2800.0,6600.0,4200.0
3,29,8,61.124369,46.497125999999994,39.98361,2800.0,6600.0,4200.0
3,29,9,121.589785,92.52050299999999,79.536175,2800.0,6600.0,4200.0
3,29,10,263.538379,200.96996900000002,172.389767,2800.0,6600.0,4200.0
3,29,11,279.825071,213.657324,183.043468,2800.0,6600.0,4200.0
3,29,12,462.10315399999996,354.748024,302.278003,2800.0,6600.0,4200.0
3,29,13,470.541973,361.938245,307.79813299999995,2800.0,6600.0,4200.0
3,29,14,433.692685,333.57045,283.693711,2800.0,6600.0,4200.0
3,29,15,384.906967,295.51095799999996,251.781249,2800.0,6600.0,4200.0
3,29,16,267.492096,204.558662,174.976033,2800.0,6600.0,4200.0
3,29,17,83.654947,63.763632,54.721657,2800.0,6600.0,4200.0
3,29,18,8.890083,6.7968720000000005,5.815317,2800.0,6600.0,4200.0
3,29,19,0.0,0.0,0.0,2800.0,6600.0,4200.0
3,29,20,0.0,0.0,0.0,2800.0,6600.0,4200.0
3,29,21,0.0,0.0,0.0,2800.0,6600.0,4200.0
3,29,22,0.0,0.0,0.0,2800.0,6600.0,4200.0
3,29,23,0.0,0.0,0.0,2800.0,6600.0,4200.0
3,30,0,0.0,0.0,0.0,2800.0,6600.0,4200.0
3,30,1,0.0,0.0,0.0,2800.0,6600.0,4200.0
3,30,2,0.0,0.0,0.0,2800.0,6600.0,4200.0
3,30,3,0.0,0.0,0.0,2800.0,6600.0,4200.0
3,30,4,0.0,0.0,0.0,2800.0,4644.951049827907,4200.0
3,30,5,0.0,0.0,0.0,2800.0,3728.344236364732,3608.075067449741
3,30,6,-0.0,-0.0,-0.0,2800.0,6600.0,4200.0
3,30,7,2.406273,1.843359,1.574029,2800.0,6600.0,4200.0
3,30,8,6.748698,5.154015,4.414562,2800.0,6600.0,4200.0
3,30,9,73.675159,56.010765,48.193525,2800.0,6600.0,4200.0
3,30,10,64.485853,49.030127,42.182475,2800.0,6600.0,4200.0
3,30,11,28.889104,21.99961,18.897384,2800.0,6600.0,4200.0
3,30,12,206.017233,156.693895,134.763152,2800.0,6600.0,4200.0
3,30,13,49.993649,38.045247,32.702613,2800.0,6600.0,4200.0
3,30,14,106.55225999999999,80.987035,69.699598,2800.0,6600.0,4200.0
3,30,15,40.721782,30.968358,26.637557,2800.0,6600.0,4200.0
3,30,16,14.638551,11.141554,9.575593999999999,2800.0,6600.0,4200.0
3,30,17,13.094696,9.961943999999999,8.565703,2800.0,6600.0,4200.0
3,30,18,0.530852,0.402804,0.34724900000000003,2800.0,6600.0,4200.0
3,30,19,0.0,0.0,0.0,2800.0,6600.0,4200.0
3,30,20,0.0,0.0,0.0,2800.0,6600.0,4200.0
3,30,21,0.0,0.0,0.0,2800.0,6600.0,4200.0
3,30,22,0.0,0.0,0.0,2800.0,6600.0,4200.0
3,30,23,0.0,0.0,0.0,2800.0,6600.0,4200.0
3,31,0,0.0,0.0,0.0,2800.0,6600.0,4200.0
3,31,1,0.0,0.0,0.0,2800.0,6600.0,4200.0
3,31,2,0.0,0.0,0.0,2800.0,6600.0,4200.0
3,31,3,0.0,0.0,0.0,2800.0,6600.0,4200.0
3,31,4,0.0,0.0,0.0,2800.0,6600.0,4200.0
3,31,5,0.0,0.0,0.0,2800.0,6600.0,4200.0
3,31,6,1.3930429999999998,1.049241,0.911239,2800.0,6600.0,4200.0
3,31,7,70.316742,53.220346,45.996666,2800.0,6600.0,4200.0
3,31,8,190.081804,143.90983,124.339225,2800.0,6600.0,4200.0
3,31,9,209.482277,158.680759,137.02976,2800.0,6600.0,4200.0
3,31,10,167.135458,126.624747,109.329209,2800.0,6600.0,4200.0
3,31,11,239.54286199999999,181.61854,156.693451,2800.0,6600.0,4200.0
3,31,12,309.91972100000004,235.216446,202.729442,2800.0,6600.0,4200.0
3,31,13,384.87019300000003,292.43438299999997,251.757194,2800.0,6600.0,4200.0
3,31,14,267.422785,202.93533100000002,174.930694,2800.0,6600.0,4200.0
3,31,15,188.66415,143.07771,123.411888,2800.0,6600.0,4200.0
3,31,16,180.51964,136.885506,118.084276,2800.0,6600.0,4200.0
3,31,17,69.196171,52.465042999999994,45.263661,2800.0,6600.0,4200.0
3,31,18,7.828303,5.949319999999999,5.12077,2800.0,6600.0,4200.0
3,31,19,0.0,0.0,0.0,2800.0,6600.0,4200.0
3,31,20,0.0,0.0,0.0,2800.0,6600.0,4200.0
3,31,21,0.0,0.0,0.0,2800.0,6600.0,4200.0
3,31,22,0.0,0.0,0.0,2800.0,6600.0,4200.0
3,31,23,0.0,0.0,0.0,2800.0,6600.0,4200.0
4,1,0,0.0,0.0,0.0,2800.0,6600.0,4200.0
4,1,1,0.0,0.0,0.0,2800.0,6600.0,4200.0
4,1,2,0.0,0.0,0.0,2800.0,6600.0,4200.0
4,1,3,0.0,0.0,0.0,2800.0,6600.0,4200.0
4,1,4,0.0,0.0,0.0,2800.0,6600.0,4200.0
4,1,5,0.0,0.0,0.0,2800.0,6600.0,4200.0
4,1,6,0.8952100000000001,0.680929,0.585588,2800.0,6600.0,4200.0
4,1,7,77.634929,58.999038,50.783750999999995,2800.0,6600.0,4200.0
4,1,8,200.024574,152.287689,130.843142,2800.0,6600.0,4200.0
4,1,9,296.858507,226.62241500000002,194.18564,2800.0,6600.0,4200.0
4,1,10,373.72765999999996,285.99978000000004,244.468469,2800.0,6600.0,4200.0
4,1,11,522.1912530000001,400.81555,341.583752,2800.0,6600.0,4200.0
4,1,12,412.187042,315.907511,269.62611,2800.0,6600.0,4200.0
4,1,13,387.321481,296.79890600000004,253.360668,2800.0,6600.0,4200.0
4,1,14,344.80118400000003,264.011142,225.546639,2800.0,6600.0,4200.0
4,1,15,271.576206,207.824638,177.647593,2800.0,6600.0,4200.0
4,1,16,180.889115,138.304935,118.325963,2800.0,6600.0,4200.0
4,1,17,86.469327,66.004773,56.562642999999994,2800.0,6600.0,4200.0
4,1,18,9.319784,7.137107,6.0964,2800.0,6600.0,4200.0
4,1,19,0.0,0.0,0.0,2800.0,6600.0,4200.0
4,1,20,0.0,0.0,0.0,2800.0,6600.0,4200.0
4,1,21,0.0,0.0,0.0,2800.0,6600.0,4200.0
4,1,22,0.0,0.0,0.0,2800.0,6600.0,4200.0
4,1,23,0.0,0.0,0.0,2800.0,6600.0,4200.0
4,2,0,0.0,0.0,0.0,2800.0,6600.0,4200.0
4,2,1,0.0,0.0,0.0,2800.0,6600.0,4200.0
4,2,2,0.0,0.0,0.0,2800.0,6600.0,4200.0
4,2,3,0.0,0.0,0.0,2800.0,6600.0,4200.0
4,2,4,0.0,0.0,0.0,2800.0,6330.21083371745,4200.0
4,2,5,0.0,0.0,0.0,2020.963642713616,2466.530430083547,2386.964932338916
4,2,6,1.8216690000000002,1.3912200000000001,1.1916179999999998,2800.0,5277.537873988738,4200.0
4,2,7,22.349942,17.0203,14.619887,2800.0,6600.0,4200.0
4,2,8,52.243892,39.783971,34.174576,2800.0,6600.0,4200.0
4,2,9,173.674339,132.58048399999998,113.606523,2800.0,6600.0,4200.0
4,2,10,379.86091700000003,291.873658,248.480449,2800.0,6600.0,4200.0
4,2,11,430.00830099999996,330.60507,281.283625,2800.0,6600.0,4200.0
4,2,12,450.294215,346.32955,294.553359,2800.0,6600.0,4200.0
4,2,13,455.940725,350.876354,298.24694,2800.0,6600.0,4200.0
4,2,14,405.046273,311.412877,264.955081,2800.0,6600.0,4200.0
4,2,15,327.076485,250.81403899999998,213.952287,2800.0,6600.0,4200.0
4,2,16,228.93177400000002,174.966277,149.752363,2800.0,6600.0,4200.0
4,2,17,83.280845,63.502962,54.476944,2800.0,6600.0,4200.0
4,2,18,9.570046,7.3173379999999995,6.260104999999999,2800.0,6600.0,4200.0
4,2,19,0.0,0.0,0.0,2800.0,6600.0,4200.0
4,2,20,0.0,0.0,0.0,2800.0,6600.0,4200.0
4,2,21,0.0,0.0,0.0,2800.0,6600.0,4200.0
4,2,22,0.0,0.0,0.0,2800.0,6600.0,4200.0
4,2,23,0.0,0.0,0.0,2800.0,6600.0,4200.0
4,3,0,0.0,0.0,0.0,2800.0,6600.0,4200.0
4,3,1,0.0,0.0,0.0,2800.0,6600.0,4200.0
4,3,2,0.0,0.0,0.0,2800.0,6600.0,4200.0
4,3,3,0.0,0.0,0.0,2800.0,6600.0,4200.0
4,3,4,0.0,0.0,0.0,2800.0,6600.0,4200.0
4,3,5,0.0,0.0,0.0,2800.0,6600.0,4200.0
4,3,6,-0.0,-0.0,-0.0,2800.0,6600.0,4200.0
4,3,7,21.480330000000002,16.337527,14.051043,2800.0,6600.0,4200.0
4,3,8,48.059105,36.505098,31.437159,2800.0,6600.0,4200.0
4,3,9,38.617771999999995,29.357978,25.261249,2800.0,6600.0,4200.0
4,3,10,120.867893,91.829762,79.06396000000001,2800.0,6600.0,4200.0
4,3,11,123.00926700000001,93.511935,80.464709,2800.0,6600.0,4200.0
4,3,12,96.621859,73.45694400000001,63.203772,2800.0,6600.0,4200.0
4,3,13,58.282332000000004,44.30601,38.124533,2800.0,6600.0,4200.0
4,3,14,88.084591,66.936196,57.619244,2800.0,6600.0,4200.0
4,3,15,14.29934,10.89661,9.353704,2800.0,6600.0,4200.0
4,3,16,34.930413,26.561353999999998,22.849217,2800.0,6600.0,4200.0
4,3,17,1.993103,1.519885,1.3037590000000001,2800.0,6600.0,4200.0
4,3,18,7.016629,5.342003,4.589824999999999,2800.0,6600.0,4200.0
4,3,19,0.0,0.0,0.0,2800.0,6600.0,4200.0
4,3,20,0.0,0.0,0.0,2800.0,6600.0,4200.0
4,3,21,0.0,0.0,0.0,2800.0,6600.0,4200.0
4,3,22,0.0,0.0,0.0,2800.0,6600.0,4200.0
4,3,23,0.0,0.0,0.0,2800.0,6600.0,4200.0
4,4,0,0.0,0.0,0.0,2800.0,6600.0,4200.0
4,4,1,0.0,0.0,0.0,2800.0,6600.0,4200.0
4,4,2,0.0,0.0,0.0,2800.0,6600.0,4200.0
4,4,3,0.0,0.0,0.0,2800.0,6600.0,4200.0
4,4,4,0.0,0.0,0.0,2800.0,6600.0,4200.0
4,4,5,0.0,0.0,0.0,2800.0,6600.0,4200.0
4,4,6,-0.0,-0.0,-0.0,2800.0,6600.0,4200.0
4,4,7,8.076085,6.143558,5.282852,2800.0,6600.0,4200.0
4,4,8,15.940322,12.115786,10.427128,2800.0,6600.0,4200.0
4,4,9,36.809782,27.941936000000002,24.078579,2800.0,6600.0,4200.0
4,4,10,125.902688,95.45006,82.35739699999999,2800.0,6600.0,4200.0
4,4,11,121.043766,91.813141,79.179005,2800.0,6600.0,4200.0
4,4,12,152.749404,115.873841,99.91878299999999,2800.0,6600.0,4200.0
4,4,13,14.891694,11.326336,9.741183999999999,2800.0,6600.0,4200.0
4,4,14,127.621542,96.810779,83.48176,2800.0,6600.0,4200.0
4,4,15,67.678531,51.335504,44.270919,2800.0,6600.0,4200.0
4,4,16,14.203348,10.797305,9.290912,2800.0,6600.0,4200.0
4,4,17,60.729662,46.070381000000005,39.725418,2800.0,6600.0,4200.0
4,4,18,7.5089120000000005,5.7124,4.9118450000000005,2800.0,6600.0,4200.0
4,4,19,0.0,0.0,0.0,2800.0,6600.0,4200.0
4,4,20,0.0,0.0,0.0,2800.0,6600.0,4200.0
4,4,21,0.0,0.0,0.0,2800.0,6600.0,4200.0
4,4,22,0.0,0.0,0.0,2800.0,6600.0,4200.0
4,4,23,0.0,0.0,0.0,2800.0,6600.0,4200.0
4,5,0,0.0,0.0,0.0,2800.0,6600.0,4200.0
4,5,1,0.0,0.0,0.0,2800.0,6600.0,4200.0
4,5,2,0.0,0.0,0.0,2800.0,6600.0,4200.0
4,5,3,0.0,0.0,0.0,2800.0,6600.0,4200.0
4,5,4,0.0,0.0,0.0,2800.0,6600.0,4200.0
4,5,5,0.0,0.0,0.0,2800.0,6600.0,4200.0
4,5,6,3.0849789999999997,2.3430500000000003,2.017993,2800.0,6600.0,4200.0
4,5,7,99.95029099999999,75.727116,65.381017,2800.0,6600.0,4200.0
4,5,8,20.01635,15.200135,13.093402,2800.0,6600.0,4200.0
4,5,9,54.446538999999994,41.285523999999995,35.615404999999996,2800.0,6600.0,4200.0
4,5,10,95.679164,72.542024,62.587122,2800.0,6600.0,4200.0
4,5,11,113.767689,86.247471,74.419466,2800.0,6600.0,4200.0
4,5,12,119.759408,90.786256,78.33886100000001,2800.0,6600.0,4200.0
4,5,13,38.594801,29.293319,25.246223,2800.0,6600.0,4200.0
4,5,14,50.794166,38.536779,33.226259,2800.0,6600.0,4200.0
4,5,15,39.781479,30.177729,26.022471000000003,2800.0,6600.0,4200.0
4,5,16,185.855234,140.854707,121.57447599999999,2800.0,6600.0,4200.0
4,5,17,27.772423999999997,21.069491000000003,18.166923999999998,2800.0,6600.0,4200.0
4,5,18,18.71348,14.197736,12.241147999999999,2800.0,6600.0,4200.0
4,5,19,0.0,0.0,0.0,2800.0,6600.0,4200.0
4,5,20,0.0,0.0,0.0,2800.0,6600.0,4200.0
4,5,21,0.0,0.0,0.0,2800.0,6600.0,4200.0
4,5,22,0.0,0.0,0.0,2800.0,6600.0,4200.0
4,5,23,0.0,0.0,0.0,2800.0,6600.0,4200.0
4,6,0,0.0,0.0,0.0,2800.0,6600.0,4200.0
4,6,1,0.0,0.0,0.0,2800.0,6600.0,4200.0
4,6,2,0.0,0.0,0.0,2800.0,6600.0,4200.0
4,6,3,0.0,0.0,0.0,2800.0,6600.0,4200.0
4,6,4,0.0,0.0,0.0,2800.0,6600.0,4200.0
4,6,5,0.0,0.0,0.0,2800.0,6600.0,4200.0
4,6,6,4.77897,3.603297,3.126093,2800.0,6600.0,4200.0
4,6,7,93.36,70.54599,61.070074999999996,2800.0,6600.0,4200.0
4,6,8,203.345835,154.023559,133.015696,2800.0,6600.0,4200.0
4,6,9,344.60446399999995,261.852639,225.41795800000003,2800.0,6600.0,4200.0
4,6,10,359.799077,273.756141,235.357291,2800.0,6600.0,4200.0
4,6,11,441.491702,336.735675,288.79532400000005,2800.0,6600.0,4200.0
4,6,12,375.754276,286.10873499999997,245.794151,2800.0,6600.0,4200.0
4,6,13,159.522745,121.026939,104.349465,2800.0,6600.0,4200.0
4,6,14,282.208082,214.35752,184.602279,2800.0,6600.0,4200.0
4,6,15,249.381688,189.27855,163.129375,2800.0,6600.0,4200.0
4,6,16,185.511723,140.705337,121.349773,2800.0,6600.0,4200.0
4,6,17,79.111941,59.978718,51.749916,2800.0,6600.0,4200.0
4,6,18,13.614107,10.338823,8.905468,2800.0,6600.0,4200.0
4,6,19,0.0,0.0,0.0,2800.0,6600.0,4200.0
4,6,20,0.0,0.0,0.0,2800.0,6600.0,4200.0
4,6,21,0.0,0.0,0.0,2800.0,6600.0,4200.0
4,6,22,0.0,0.0,0.0,2800.0,6600.0,4200.0
4,6,23,0.0,0.0,0.0,2800.0,6600.0,4200.0
4,7,0,0.0,0.0,0.0,2800.0,6600.0,4200.0
4,7,1,0.0,0.0,0.0,2800.0,6600.0,4200.0
4,7,2,0.0,0.0,0.0,2800.0,6600.0,4200.0
4,7,3,0.0,0.0,0.0,2800.0,6600.0,4200.0
4,7,4,0.0,0.0,0.0,2800.0,6600.0,4200.0
4,7,5,0.0,0.0,0.0,2800.0,6600.0,4200.0
4,7,6,-0.0,-0.0,-0.0,2800.0,6600.0,4200.0
4,7,7,74.214556,56.223286,48.546364000000004,2800.0,6600.0,4200.0
4,7,8,27.423465,20.813667000000002,17.938658,2800.0,6600.0,4200.0
4,7,9,54.583189,41.403983999999994,35.704792999999995,2800.0,6600.0,4200.0
4,7,10,47.637228,36.142408,31.161195,2800.0,6600.0,4200.0
4,7,11,219.379474,166.301264,143.50386699999999,2800.0,6600.0,4200.0
4,7,12,60.914982,46.200063,39.846642,2800.0,6600.0,4200.0
4,7,13,83.669737,63.434551,54.731332,2800.0,6600.0,4200.0
4,7,14,103.768749,78.660576,67.878806,2800.0,6600.0,4200.0
4,7,15,54.444088,41.301321,35.61380200000001,2800.0,6600.0,4200.0
4,7,16,296.979269,225.36433300000002,194.264634,2800.0,6600.0,4200.0
4,7,17,143.67910500000002,108.930302,93.98558,2800.0,6600.0,4200.0
4,7,18,21.766105,16.536196,14.237979,2800.0,6600.0,4200.0
4,7,19,0.0,0.0,0.0,2800.0,6600.0,4200.0
4,7,20,0.0,0.0,0.0,2800.0,6600.0,4200.0
4,7,21,0.0,0.0,0.0,2800.0,6600.0,4200.0
4,7,22,0.0,0.0,0.0,2800.0,6600.0,4200.0
4,7,23,0.0,0.0,0.0,2800.0,6600.0,4200.0
4,8,0,0.0,0.0,0.0,2800.0,6600.0,4200.0
4,8,1,0.0,0.0,0.0,2800.0,6600.0,4200.0
4,8,2,0.0,0.0,0.0,2800.0,6600.0,4200.0
4,8,3,0.0,0.0,0.0,2800.0,6600.0,4200.0
4,8,4,0.0,0.0,0.0,2800.0,6600.0,4200.0
4,8,5,0.0,0.0,0.0,2800.0,6600.0,4200.0
4,8,6,-0.0,-0.0,-0.0,2800.0,6600.0,4200.0
4,8,7,3.7996779999999997,2.888987,2.4855039999999997,2800.0,6600.0,4200.0
4,8,8,100.10791099999999,75.91989500000001,65.484122,2800.0,6600.0,4200.0
4,8,9,150.316601,114.004347,98.327401,2800.0,6600.0,4200.0
4,8,10,123.643867,93.77011900000001,80.879823,2800.0,6600.0,4200.0
4,8,11,167.02004300000002,126.693751,109.253713,2800.0,6600.0,4200.0
4,8,12,117.448696,89.071715,76.827343,2800.0,6600.0,4200.0
4,8,13,188.436735,142.949556,123.263128,2319.3884514592746,2830.7496848518704,2739.435178888906
4,8,14,189.342788,143.62427100000002,123.855809,592.796019999516,723.4912055112203,700.1527795269874
4,8,15,125.339151,95.043985,81.988768,278.9149998077284,340.4080706314795,329.42716512723825
4,8,16,64.74228500000001,49.112031,42.350216999999994,929.1658003530496,1134.0212523993912,1097.4399216768302
4,8,17,48.358669,36.698828,31.633114000000003,2800.0,4798.06917736812,4200.0
4,8,18,11.317514,8.606734000000001,7.403186,2800.0,6600.0,4200.0
4,8,19,0.0,0.0,0.0,2800.0,6600.0,4200.0
4,8,20,0.0,0.0,0.0,2800.0,6600.0,4200.0
4,8,21,0.0,0.0,0.0,2800.0,6600.0,4200.0
4,8,22,0.0,0.0,0.0,2800.0,6600.0,4200.0
4,8,23,0.0,0.0,0.0,2800.0,6600.0,4200.0
4,9,0,0.0,0.0,0.0,2800.0,4348.55720818164,4200.0
4,9,1,0.0,0.0,0.0,2409.744269793466,2941.0264710077745,2846.1546493623623
4,9,2,0.0,0.0,0.0,1940.6700324713545,2368.5342915988967,2292.129959611836
4,9,3,0.0,0.0,0.0,2364.2786071344885,2885.536882723194,2792.4550477966395
4,9,4,0.0,0.0,0.0,2800.0,4134.733013236745,4001.3545289387857
4,9,5,0.0,0.0,0.0,2800.0,5700.675903358588,4200.0
4,9,6,11.981156,9.094247,7.837298,2800.0,6600.0,4200.0
4,9,7,138.001201,104.608861,90.271463,2800.0,6600.0,4200.0
4,9,8,264.40076899999997,200.678269,172.953886,2800.0,6600.0,4200.0
4,9,9,454.504121,345.973419,297.307207,2800.0,6600.0,4200.0
4,9,10,553.0529799999999,422.142312,361.771498,2800.0,6600.0,4200.0
4,9,11,554.166667,425.0,362.5,2800.0,5876.06920203001,4200.0
4,9,12,554.166667,425.0,362.5,2800.0,4495.12565696385,4200.0
4,9,13,554.166667,425.0,362.5,2800.0,3728.344236364732,3608.075067449741
4,9,14,554.166667,425.0,362.5,2597.435303258585,3170.098204764415,3067.83697235266
4,9,15,462.871118,353.63358,302.780355,2800.0,3599.0492231594667,3482.9508611220645
4,9,16,335.903062,255.870525,219.72606299999998,2800.0,6330.21083371745,4200.0
4,9,17,167.23971,127.046151,109.397404,2800.0,6600.0,4200.0
4,9,18,23.698381,18.006351,15.501948,2800.0,6600.0,4200.0
4,9,19,0.0,0.0,0.0,2800.0,6600.0,4200.0
4,9,20,0.0,0.0,0.0,2800.0,6600.0,4200.0
4,9,21,0.0,0.0,0.0,2800.0,6600.0,4200.0
4,9,22,0.0,0.0,0.0,2800.0,6600.0,4200.0
4,9,23,0.0,0.0,0.0,2800.0,6600.0,4200.0
4,10,0,0.0,0.0,0.0,2800.0,6600.0,4200.0
4,10,1,0.0,0.0,0.0,2800.0,6600.0,4200.0
4,10,2,0.0,0.0,0.0,2800.0,6600.0,4200.0
4,10,3,0.0,0.0,0.0,2800.0,6600.0,4200.0
4,10,4,0.0,0.0,0.0,2800.0,6600.0,4200.0
4,10,5,0.0,0.0,0.0,2800.0,6600.0,4200.0
4,10,6,11.046066000000001,8.39592,7.225622,2800.0,6600.0,4200.0
4,10,7,133.328196,101.21124800000001,87.214685,2800.0,6600.0,4200.0
4,10,8,295.457914,224.89206,193.269462,2800.0,6600.0,4200.0
4,10,9,417.846309,319.047526,273.328037,2800.0,6600.0,4200.0
4,10,10,507.238051,388.544012,331.802334,2800.0,6600.0,4200.0
4,10,11,554.166667,425.0,362.5,2800.0,6600.0,4200.0
4,10,12,554.166667,425.0,362.5,2800.0,6600.0,4200.0
4,10,13,554.166667,425.0,362.5,2800.0,6600.0,4200.0
4,10,14,504.573989,387.400321,330.059677,2800.0,6600.0,4200.0
4,10,15,418.77670400000005,320.898207,273.936641,2800.0,6600.0,4200.0
4,10,16,300.18649200000004,229.43846,196.362593,2800.0,6600.0,4200.0
4,10,17,148.00904,112.81093399999999,96.817944,2800.0,6600.0,4200.0
4,10,18,21.487512,16.366127,14.055741,2800.0,6600.0,4200.0
4,10,19,0.0,0.0,0.0,2800.0,6600.0,4200.0
4,10,20,0.0,0.0,0.0,2800.0,6600.0,4200.0
4,10,21,0.0,0.0,0.0,2800.0,6600.0,4200.0
4,10,22,0.0,0.0,0.0,2800.0,6600.0,4200.0
4,10,23,0.0,0.0,0.0,2800.0,6600.0,4200.0
4,11,0,0.0,0.0,0.0,2800.0,6600.0,4200.0
4,11,1,0.0,0.0,0.0,2800.0,6600.0,4200.0
4,11,2,0.0,0.0,0.0,2800.0,6600.0,4200.0
4,11,3,0.0,0.0,0.0,2800.0,6600.0,4200.0
4,11,4,0.0,0.0,0.0,2800.0,6600.0,4200.0
4,11,5,0.0,0.0,0.0,2800.0,6600.0,4200.0
4,11,6,12.386178,9.425345,8.102237,2800.0,6600.0,4200.0
4,11,7,130.561915,99.242928,85.40516199999999,2800.0,6600.0,4200.0
4,11,8,284.649495,217.16764600000002,186.19929399999998,2800.0,6600.0,4200.0
4,11,9,401.485041,307.753237,262.625553,2800.0,6600.0,4200.0
4,11,10,482.50969799999996,371.339193,315.626644,2800.0,6600.0,4200.0
4,11,11,468.491889,360.625362,306.457101,2800.0,6600.0,4200.0
4,11,12,549.4212739999999,424.13024099999996,359.395871,2800.0,6600.0,4200.0
4,11,13,530.223563,409.18883600000004,346.83797,2800.0,6600.0,4200.0
4,11,14,476.948583,367.499249,311.988923,2800.0,6600.0,4200.0
4,11,15,392.297374,301.494171,256.615576,2800.0,6600.0,4200.0
4,11,16,277.800424,212.903894,181.719074,2800.0,6600.0,4200.0
4,11,17,135.825926,103.771349,88.848538,2800.0,6600.0,4200.0
4,11,18,22.13049,16.902346,14.476334999999999,2800.0,6600.0,4200.0
4,11,19,0.0,0.0,0.0,2800.0,6600.0,4200.0
4,11,20,0.0,0.0,0.0,2800.0,6600.0,4200.0
4,11,21,0.0,0.0,0.0,2800.0,6600.0,4200.0
4,11,22,0.0,0.0,0.0,2800.0,6600.0,4200.0
4,11,23,0.0,0.0,0.0,2800.0,6600.0,4200.0
4,12,0,0.0,0.0,0.0,2800.0,6600.0,4200.0
4,12,1,0.0,0.0,0.0,2800.0,6600.0,4200.0
4,12,2,0.0,0.0,0.0,2800.0,6600.0,4200.0
4,12,3,0.0,0.0,0.0,2800.0,6600.0,4200.0
4,12,4,0.0,0.0,0.0,2800.0,6600.0,4200.0
4,12,5,0.0,0.0,0.0,2800.0,6600.0,4200.0
4,12,6,14.396944,10.950908,9.417549999999999,2800.0,6600.0,4200.0
4,12,7,132.766725,100.802638,86.847407,2800.0,6600.0,4200.0
4,12,8,290.819534,221.33292300000002,190.235335,2800.0,6600.0,4200.0
4,12,9,416.89090899999997,318.130076,272.703076,2800.0,6600.0,4200.0
4,12,10,508.838485,389.098032,332.84923499999996,2800.0,6600.0,4200.0
4,12,11,554.166667,425.0,362.5,2800.0,6600.0,4200.0
4,12,12,554.166667,425.0,362.5,2800.0,6600.0,4200.0
4,12,13,552.75619,423.499413,361.577357,2800.0,6600.0,4200.0
4,12,14,470.186525,359.522999,307.56562099999996,2800.0,6600.0,4200.0
4,12,15,418.755925,319.792853,273.923048,2800.0,6600.0,4200.0
4,12,16,303.116737,230.992307,198.27937,2800.0,6600.0,4200.0
4,12,17,152.08397399999998,115.711909,99.48350199999999,2800.0,6600.0,4200.0
4,12,18,24.054921,18.314019000000002,15.735174,2800.0,6600.0,4200.0
4,12,19,0.0,0.0,0.0,2800.0,6600.0,4200.0
4,12,20,0.0,0.0,0.0,2800.0,6600.0,4200.0
4,12,21,0.0,0.0,0.0,2800.0,6600.0,4200.0
4,12,22,0.0,0.0,0.0,2800.0,6600.0,4200.0
4,12,23,0.0,0.0,0.0,2800.0,6600.0,4200.0
4,13,0,0.0,0.0,0.0,2800.0,6600.0,4200.0
4,13,1,0.0,0.0,0.0,2800.0,6600.0,4200.0
4,13,2,0.0,0.0,0.0,2800.0,6600.0,4200.0
4,13,3,0.0,0.0,0.0,2800.0,6600.0,4200.0
4,13,4,0.0,0.0,0.0,2800.0,6600.0,4200.0
4,13,5,0.0,0.0,0.0,2800.0,6600.0,4200.0
4,13,6,15.855206,12.053790999999999,10.371450000000001,2800.0,6600.0,4200.0
4,13,7,136.889591,104.00264299999999,89.544319,2800.0,6600.0,4200.0
4,13,8,288.391367,220.01113800000002,188.646984,2800.0,6600.0,4200.0
4,13,9,401.58125,307.614141,262.688487,2800.0,6600.0,4200.0
4,13,10,477.05983899999995,366.86672999999996,312.06169900000003,2800.0,6600.0,4200.0
4,13,11,524.230554,404.582219,342.917731,2800.0,6600.0,4200.0
4,13,12,533.073956,412.429594,348.702512,2800.0,6600.0,4200.0
4,13,13,512.0627029999999,396.68181500000003,334.95831,2800.0,6600.0,4200.0
4,13,14,457.47081099999997,354.216657,299.24782400000004,2800.0,6600.0,4200.0
4,13,15,382.37690399999997,294.92172700000003,250.126246,2800.0,6600.0,4200.0
4,13,16,280.218504,214.909728,183.300826,2800.0,6600.0,4200.0
4,13,17,141.66082600000001,108.131591,92.665353,2800.0,6600.0,4200.0
4,13,18,24.566741,18.739218,16.069973,2800.0,6600.0,4200.0
4,13,19,0.0,0.0,0.0,2800.0,6600.0,4200.0
4,13,20,0.0,0.0,0.0,2800.0,6600.0,4200.0
4,13,21,0.0,0.0,0.0,2800.0,6600.0,4200.0
4,13,22,0.0,0.0,0.0,2800.0,6600.0,4200.0
4,13,23,0.0,0.0,0.0,2800.0,6600.0,4200.0
4,14,0,0.0,0.0,0.0,2800.0,6600.0,4200.0
4,14,1,0.0,0.0,0.0,2800.0,6600.0,4200.0
4,14,2,0.0,0.0,0.0,2800.0,6600.0,4200.0
4,14,3,0.0,0.0,0.0,2800.0,6600.0,4200.0
4,14,4,0.0,0.0,0.0,2800.0,6600.0,4200.0
4,14,5,0.0,0.0,0.0,2800.0,6600.0,4200.0
4,14,6,18.653897,14.184256999999999,12.202174000000001,2744.426018516277,3349.496321811205,3241.448053365682
4,14,7,127.951493,97.179955,83.697593,610.9415963527902,745.6373813754526,721.5845626214057
4,14,8,276.58972600000004,210.630807,180.927114,0.0006109415963527,0.0007456373813754,0.0007215845626214
4,14,9,400.178867,305.870824,261.771139,30.94602468005788,37.7687702788108,36.55042285046206
4,14,10,489.715169,375.51681199999996,320.33999800000004,257.74098596133337,314.56577026776904,304.4184873559055
4,14,11,543.535485,417.76789,355.54576899999995,929.1658003530496,1134.0212523993912,1097.4399216768302
4,14,12,554.166667,425.0,362.5,2455.7891050857875,2997.2229235298983,2900.5383130934497
4,14,13,537.4235620000001,413.661027,351.547743,2800.0,4421.436551474658,4200.0
4,14,14,483.975494,372.123753,316.585473,2800.0,4065.047980485539,3933.917400469876
4,14,15,397.26712,305.016303,259.866462,2145.5095856044995,2618.5353210133653,2534.066439690353
4,14,16,283.91995299999996,217.55691099999999,185.72207500000002,2275.070137118247,2776.660403569514,2687.090713131788
4,14,17,123.389903,94.359115,80.713696,2800.0,5033.998538121269,4200.0
4,14,18,23.25164,17.814376,15.209719,2800.0,6600.0,4200.0
4,14,19,0.0,0.0,0.0,2800.0,6600.0,4200.0
4,14,20,0.0,0.0,0.0,2800.0,6600.0,4200.0
4,14,21,0.0,0.0,0.0,2800.0,6600.0,4200.0
4,14,22,0.0,0.0,0.0,2800.0,6600.0,4200.0
4,14,23,0.0,0.0,0.0,2800.0,6600.0,4200.0
4,15,0,0.0,0.0,0.0,2800.0,6600.0,4200.0
4,15,1,0.0,0.0,0.0,2800.0,5528.8079782263085,4200.0
4,15,2,0.0,0.0,0.0,2800.0,3663.3164546975977,3545.1449561589657
4,15,3,0.0,0.0,0.0,1469.9890187508342,1794.0810858770024,1736.2075024616151
4,15,4,0.0,0.0,0.0,540.5220241907821,659.6922342485923,638.4118395954118
4,15,5,0.0,0.0,0.0,145.60448877556777,177.70626582844886,171.97380564043436
4,15,6,14.104565000000001,10.801019,9.226295,36.240444554051166,44.23046382581048,42.803674670139166
4,15,7,82.47260700000001,62.971732,53.948247,5.6579301238231885,6.905347788918065,6.682594634436836
4,15,8,249.924997,191.14947099999998,163.484772,96.20130752809575,117.41104462090426,113.62359156861704
4,15,9,369.258108,283.20461,241.544777,388.5930680097703,474.2671302481448,458.9681905627208
4,15,10,466.53378100000003,358.69196500000004,305.176233,592.796019999516,723.4912055112203,700.1527795269874
4,15,11,520.149175,400.527466,340.247957,2744.426018516277,3349.496321811205,3241.448053365682
4,15,12,478.753692,368.559166,313.16970799999996,2800.0,6600.0,4200.0
4,15,13,481.01021399999996,370.502112,314.645779,2800.0,6600.0,4200.0
4,15,14,443.48657199999997,341.200966,290.100239,2800.0,6600.0,4200.0
4,15,15,365.18846,280.652549,238.882677,2800.0,6600.0,4200.0
4,15,16,248.15437100000003,190.364903,162.32654399999998,2800.0,6600.0,4200.0
4,15,17,102.25094100000001,78.34050500000001,66.885954,2800.0,6518.224790706034,4200.0
4,15,18,20.126824,15.453987,13.165667,2800.0,6600.0,4200.0
4,15,19,0.0,0.0,0.0,2800.0,6145.847517348083,4200.0
4,15,20,0.0,0.0,0.0,2319.3884514592746,2830.7496848518704,2739.435178888906
4,15,21,0.0,0.0,0.0,1940.6700324713545,2368.5342915988967,2292.129959611836
4,15,22,0.0,0.0,0.0,2800.0,6600.0,4200.0
4,15,23,0.0,0.0,0.0,2800.0,6600.0,4200.0
4,16,0,0.0,0.0,0.0,2800.0,6600.0,4200.0
4,16,1,0.0,0.0,0.0,2800.0,6600.0,4200.0
4,16,2,0.0,0.0,0.0,2800.0,6600.0,4200.0
4,16,3,0.0,0.0,0.0,2800.0,6600.0,4200.0
4,16,4,0.0,0.0,0.0,2800.0,6600.0,4200.0
4,16,5,0.0,0.0,0.0,2800.0,6600.0,4200.0
4,16,6,7.596948,5.82151,4.969431999999999,2800.0,6600.0,4200.0
4,16,7,89.707943,68.417765,58.681135999999995,2800.0,6600.0,4200.0
4,16,8,222.768801,170.015339,145.720945,2800.0,6600.0,4200.0
4,16,9,351.041341,268.310804,229.628546,2800.0,6600.0,4200.0
4,16,10,407.681819,311.737318,266.67908500000004,2800.0,6600.0,4200.0
4,16,11,409.53118900000004,313.049009,267.888823,2800.0,6600.0,4200.0
4,16,12,311.954744,238.098828,204.060622,2800.0,6600.0,4200.0
4,16,13,305.814553,233.250033,200.044106,2800.0,6600.0,4200.0
4,16,14,368.956837,281.54815399999995,241.34770600000002,2800.0,6600.0,4200.0
4,16,15,266.977131,203.304811,174.63917600000002,2800.0,6600.0,4200.0
4,16,16,147.35468,112.014655,96.389904,2800.0,6600.0,4200.0
4,16,17,45.34608,34.495579,29.662473000000002,2800.0,6600.0,4200.0
4,16,18,18.173852,13.841472,11.888159,2800.0,6600.0,4200.0
4,16,19,0.0,0.0,0.0,2800.0,6600.0,4200.0
4,16,20,0.0,0.0,0.0,2800.0,6600.0,4200.0
4,16,21,0.0,0.0,0.0,2800.0,6600.0,4200.0
4,16,22,0.0,0.0,0.0,2800.0,6600.0,4200.0
4,16,23,0.0,0.0,0.0,2800.0,6600.0,4200.0
4,17,0,0.0,0.0,0.0,2800.0,6600.0,4200.0
4,17,1,0.0,0.0,0.0,2800.0,6600.0,4200.0
4,17,2,0.0,0.0,0.0,2800.0,6600.0,4200.0
4,17,3,0.0,0.0,0.0,2800.0,6600.0,4200.0
4,17,4,0.0,0.0,0.0,2800.0,6600.0,4200.0
4,17,5,0.0,0.0,0.0,2800.0,6600.0,4200.0
4,17,6,0.786989,0.596875,0.5147970000000001,2800.0,6600.0,4200.0
4,17,7,92.054959,69.821799,60.216402,2800.0,6600.0,4200.0
4,17,8,37.949256999999996,28.832074000000002,24.82395,2800.0,6600.0,4200.0
4,17,9,87.011268,66.09336400000001,56.917145,2800.0,6600.0,4200.0
4,17,10,77.85938800000001,59.177588,50.930577,2800.0,6600.0,4200.0
4,17,11,474.726859,362.21643900000004,310.535615,2800.0,6600.0,4200.0
4,17,12,423.03952899999996,322.70188900000005,276.725105,2800.0,6600.0,4200.0
4,17,13,375.980615,286.785158,245.942207,2800.0,6600.0,4200.0
4,17,14,441.204826,336.91648200000003,288.607668,2800.0,6600.0,4200.0
4,17,15,298.521165,227.545369,195.27324299999998,2800.0,6600.0,4200.0
4,17,16,168.996819,128.626724,110.546791,2800.0,6600.0,4200.0
4,17,17,83.762191,63.767768,54.791809,2800.0,6600.0,4200.0
4,17,18,17.451207999999998,13.316047000000001,11.415452,2800.0,6600.0,4200.0
4,17,19,0.0,0.0,0.0,2800.0,6600.0,4200.0
4,17,20,0.0,0.0,0.0,2800.0,6600.0,4200.0
4,17,21,0.0,0.0,0.0,2800.0,6600.0,4200.0
4,17,22,0.0,0.0,0.0,2800.0,6600.0,4200.0
4,17,23,0.0,0.0,0.0,2800.0,6600.0,4200.0
4,18,0,0.0,0.0,0.0,2800.0,6600.0,4200.0
4,18,1,0.0,0.0,0.0,2800.0,6600.0,4200.0
4,18,2,0.0,0.0,0.0,2800.0,6600.0,4200.0
4,18,3,0.0,0.0,0.0,2800.0,6600.0,4200.0
4,18,4,0.0,0.0,0.0,2800.0,6600.0,4200.0
4,18,5,0.0,0.0,0.0,2800.0,6600.0,4200.0
4,18,6,13.176465,10.054525,8.619191,2800.0,6600.0,4200.0
4,18,7,109.118047,83.036863,71.377971,2800.0,6600.0,4200.0
4,18,8,28.635013,21.828051,18.731174,2800.0,6600.0,4200.0
4,18,9,28.05881,21.412791000000002,18.354259,2800.0,6600.0,4200.0
4,18,10,30.848281999999998,23.562394,20.178951,2800.0,6600.0,4200.0
4,18,11,66.789119,50.96737400000001,43.689123,2800.0,6600.0,4200.0
4,18,12,72.518102,55.364065000000004,47.436653,2800.0,6600.0,4200.0
4,18,13,39.390572999999996,30.122463,25.766766,2800.0,6600.0,4200.0
4,18,14,27.052457999999998,20.718383999999997,17.695969,2800.0,6600.0,4200.0
4,18,15,79.305984,60.614307999999994,51.876847000000005,2800.0,6600.0,4200.0
4,18,16,120.739686,92.22358100000001,78.980095,2800.0,6600.0,4200.0
4,18,17,53.15259,40.60745,34.768987,2800.0,6600.0,4200.0
4,18,18,28.710456999999998,21.949462,18.780524,2800.0,6600.0,4200.0
4,18,19,0.0,0.0,0.0,2800.0,6600.0,4200.0
4,18,20,0.0,0.0,0.0,2800.0,6600.0,4200.0
4,18,21,0.0,0.0,0.0,2800.0,6600.0,4200.0
4,18,22,0.0,0.0,0.0,2800.0,6600.0,4200.0
4,18,23,0.0,0.0,0.0,2800.0,6600.0,4200.0
4,19,0,0.0,0.0,0.0,2800.0,6600.0,4200.0
4,19,1,0.0,0.0,0.0,2800.0,6600.0,4200.0
4,19,2,0.0,0.0,0.0,2800.0,6600.0,4200.0
4,19,3,0.0,0.0,0.0,2800.0,6600.0,4200.0
4,19,4,0.0,0.0,0.0,2800.0,6600.0,4200.0
4,19,5,0.0,0.0,0.0,2800.0,6600.0,4200.0
4,19,6,24.649731,18.807005,16.12426,2800.0,6600.0,4200.0
4,19,7,83.695875,63.785650000000004,54.748428999999994,2800.0,6600.0,4200.0
4,19,8,247.91571900000002,189.24705600000001,162.170432,2800.0,6600.0,4200.0
4,19,9,336.40487,257.28769,220.054313,2800.0,4276.483153260508,4138.532083800491
4,19,10,333.189502,254.90809,217.95102799999998,2800.0,6600.0,4200.0
4,19,11,412.618712,316.004298,269.90848100000005,2800.0,6600.0,4200.0
4,19,12,538.779108,414.12068,352.434454,2800.0,6600.0,4200.0
4,19,13,420.707435,322.791111,275.1996,2800.0,6600.0,4200.0
4,19,14,349.821223,268.259592,228.830424,2800.0,6600.0,4200.0
4,19,15,228.64990799999998,174.966212,149.567985,2800.0,6600.0,4200.0
4,19,16,209.699807,160.469505,137.172054,2800.0,6600.0,4200.0
4,19,17,43.833914,33.533260999999996,28.673312000000003,2800.0,6600.0,4200.0
4,19,18,24.545342,18.78228,16.055976,2800.0,6600.0,4200.0
4,19,19,0.0,0.0,0.0,2800.0,6600.0,4200.0
4,19,20,0.0,0.0,0.0,2800.0,6600.0,4200.0
4,19,21,0.0,0.0,0.0,2800.0,6600.0,4200.0
4,19,22,0.0,0.0,0.0,2800.0,6600.0,4200.0
4,19,23,0.0,0.0,0.0,2800.0,6600.0,4200.0
4,20,0,0.0,0.0,0.0,2800.0,6600.0,4200.0
4,20,1,0.0,0.0,0.0,2800.0,6600.0,4200.0
4,20,2,0.0,0.0,0.0,2800.0,6600.0,4200.0
4,20,3,0.0,0.0,0.0,2800.0,6600.0,4200.0
4,20,4,0.0,0.0,0.0,2800.0,6600.0,4200.0
4,20,5,0.0,0.0,0.0,2800.0,6600.0,4200.0
4,20,6,7.750051999999999,5.941988,5.069583,2800.0,6600.0,4200.0
4,20,7,97.61582700000001,74.497344,63.853962,2800.0,6600.0,4200.0
4,20,8,79.890233,61.071572,52.259025,2800.0,6600.0,4200.0
4,20,9,173.97831,133.159527,113.805361,2800.0,6600.0,4200.0
4,20,10,231.39247500000002,177.278279,151.361995,2800.0,6600.0,4200.0
4,20,11,107.32740799999999,82.23049800000001,70.206651,2800.0,6600.0,4200.0
4,20,12,242.396603,185.71346,158.56018400000002,2800.0,6600.0,4200.0
4,20,13,159.63655,122.204245,104.423909,2800.0,6600.0,4200.0
4,20,14,160.906079,123.220356,105.254352,2800.0,6600.0,4200.0
4,20,15,378.407828,290.288621,247.529933,2800.0,6600.0,4200.0
4,20,16,96.192055,73.623126,62.922622000000004,2800.0,6600.0,4200.0
4,20,17,89.27607300000001,68.314984,58.398634,2800.0,6600.0,4200.0
4,20,18,11.708295,8.995876,7.658809,2800.0,6600.0,4200.0
4,20,19,0.0,0.0,0.0,2800.0,6600.0,4200.0
4,20,20,0.0,0.0,0.0,2800.0,6600.0,4200.0
4,20,21,0.0,0.0,0.0,2800.0,6600.0,4200.0
4,20,22,0.0,0.0,0.0,2800.0,6600.0,4200.0
4,20,23,0.0,0.0,0.0,2800.0,6600.0,4200.0
4,21,0,0.0,0.0,0.0,2800.0,6600.0,4200.0
4,21,1,0.0,0.0,0.0,2800.0,6600.0,4200.0
4,21,2,0.0,0.0,0.0,2800.0,6600.0,4200.0
4,21,3,0.0,0.0,0.0,2800.0,6600.0,4200.0
4,21,4,0.0,0.0,0.0,2800.0,6600.0,4200.0
4,21,5,0.0,0.0,0.0,2800.0,6600.0,4200.0
4,21,6,5.86879,4.489663999999999,3.8389830000000003,2800.0,6600.0,4200.0
4,21,7,29.794999,22.73441,19.489962,2800.0,6600.0,4200.0
4,21,8,42.529537,32.460681,27.820073,2800.0,6600.0,4200.0
4,21,9,133.008704,101.42183800000001,87.005694,2800.0,6600.0,4200.0
4,21,10,216.787113,165.35880799999998,141.808112,2800.0,6600.0,4200.0
4,21,11,35.30506,26.985170999999998,23.094287,2800.0,6600.0,4200.0
4,21,12,338.588228,258.88189900000003,221.48252499999998,2800.0,6600.0,4200.0
4,21,13,103.211317,78.782494,67.51417,2800.0,6600.0,4200.0
4,21,14,35.433023,27.082583,23.177992999999997,2800.0,6600.0,4200.0
4,21,15,34.201855,26.12959,22.372642,2800.0,6600.0,4200.0
4,21,16,36.391081,27.783823,23.804692,2744.426018516277,3349.496321811205,3241.448053365682
4,21,17,17.525773,13.38854,11.464227999999999,55.67205296764801,67.94620637783812,65.7543932688756
4,21,18,32.409341,24.713229,21.200095,2800.0,4205.209912886971,4069.5579802131983
4,21,19,0.0,0.0,0.0,2800.0,6600.0,4200.0
4,21,20,0.0,0.0,0.0,2800.0,6600.0,4200.0
4,21,21,0.0,0.0,0.0,2800.0,6600.0,4200.0
4,21,22,0.0,0.0,0.0,2800.0,6600.0,4200.0
4,21,23,0.0,0.0,0.0,2103.4419801044355,2567.192967843996,2484.3802914619314
4,22,0,0.0,0.0,0.0,1824.2618316438895,2226.4612905889994,2154.639958634516
4,22,1,0.0,0.0,0.0,1222.1129067458091,1491.5551224063024,1443.4404410383572
4,22,2,0.0,0.0,0.0,523.8060511729734,639.2908498567786,618.6685643775277
4,22,3,0.0,0.0,0.0,1676.4237403920558,2046.0289744942413,1980.0280398331363
4,22,4,0.0,0.0,0.0,2800.0,6600.0,4200.0
4,22,5,0.0,0.0,0.0,2800.0,6600.0,4200.0
4,22,6,4.5179920000000005,3.440974,2.955378,2800.0,6600.0,4200.0
4,22,7,38.256478,29.068875,25.024914,2800.0,6600.0,4200.0
4,22,8,96.85988,73.548026,63.35947,2800.0,6600.0,4200.0
4,22,9,76.737142,58.3063,50.196477,2800.0,6600.0,4200.0
4,22,10,86.751284,65.939842,56.747080000000004,2800.0,6600.0,4200.0
4,22,11,79.636193,60.538762999999996,52.092848,2800.0,6600.0,4200.0
4,22,12,105.61542600000001,80.273058,69.086782,2800.0,6600.0,4200.0
4,22,13,71.283385,54.223869,46.628981,2800.0,6600.0,4200.0
4,22,14,110.487048,84.057277,72.273483,2800.0,6600.0,4200.0
4,22,15,87.672071,66.71122100000001,57.3494,2800.0,6600.0,4200.0
4,22,16,64.39137099999999,49.013469,42.120672,2800.0,6600.0,4200.0
4,22,17,38.715076,29.479416,25.324899000000002,2800.0,6600.0,4200.0
4,22,18,32.08141,24.415862,20.985584,2800.0,6600.0,4200.0
4,22,19,0.0,0.0,0.0,2800.0,6600.0,4200.0
4,22,20,0.0,0.0,0.0,2800.0,6600.0,4200.0
4,22,21,0.0,0.0,0.0,2800.0,6600.0,4200.0
4,22,22,0.0,0.0,0.0,2800.0,6600.0,4200.0
4,22,23,0.0,0.0,0.0,2800.0,6600.0,4200.0
4,23,0,0.0,0.0,0.0,2800.0,6600.0,4200.0
4,23,1,0.0,0.0,0.0,2800.0,6600.0,4200.0
4,23,2,0.0,0.0,0.0,2800.0,6600.0,4200.0
4,23,3,0.0,0.0,0.0,2800.0,6600.0,4200.0
4,23,4,0.0,0.0,0.0,2800.0,6600.0,4200.0
4,23,5,0.0,0.0,0.0,2800.0,6600.0,4200.0
4,23,6,30.715902999999997,23.313965,20.092358,2800.0,6600.0,4200.0
4,23,7,164.234308,124.62420200000001,107.431465,2800.0,6600.0,4200.0
4,23,8,321.15924099999995,244.299096,210.081609,2800.0,6600.0,4200.0
4,23,9,441.72156199999995,336.998237,288.94568300000003,2800.0,6600.0,4200.0
4,23,10,527.86928,403.885404,345.29795,2800.0,6600.0,4200.0
4,23,11,554.166667,425.0,362.5,2800.0,6600.0,4200.0
4,23,12,554.166667,425.0,362.5,2800.0,6600.0,4200.0
4,23,13,554.166667,425.0,362.5,2800.0,6600.0,4200.0
4,23,14,511.81584499999997,393.033522,334.796831,2800.0,6600.0,4200.0
4,23,15,429.254599,329.070418,280.79060200000004,2800.0,6600.0,4200.0
4,23,16,301.564441,230.530093,197.263958,2800.0,6600.0,4200.0
4,23,17,157.736022,120.279591,103.180706,2800.0,6600.0,4200.0
4,23,18,33.66505,25.65146,22.021499,2800.0,6600.0,4200.0
4,23,19,0.0,0.0,0.0,2800.0,6600.0,4200.0
4,23,20,0.0,0.0,0.0,2800.0,6600.0,4200.0
4,23,21,0.0,0.0,0.0,2800.0,6600.0,4200.0
4,23,22,0.0,0.0,0.0,2800.0,6600.0,4200.0
4,23,23,0.0,0.0,0.0,2800.0,6600.0,4200.0
4,24,0,0.0,0.0,0.0,2800.0,6600.0,4200.0
4,24,1,0.0,0.0,0.0,2800.0,6600.0,4200.0
4,24,2,0.0,0.0,0.0,2800.0,6600.0,4200.0
4,24,3,0.0,0.0,0.0,2800.0,6600.0,4200.0
4,24,4,0.0,0.0,0.0,2800.0,6600.0,4200.0
4,24,5,0.0,0.0,0.0,2800.0,6600.0,4200.0
4,24,6,30.063222000000003,22.865699,19.665416,2800.0,6600.0,4200.0
4,24,7,160.373302,122.08622199999999,104.905844,2800.0,6600.0,4200.0
4,24,8,305.56969,233.68621100000001,199.88393299999998,2800.0,6600.0,4200.0
4,24,9,353.337463,271.04781099999997,231.13052100000002,2800.0,6600.0,4200.0
4,24,10,447.279918,344.53959999999995,292.58160100000003,2800.0,6600.0,4200.0
4,24,11,498.13231199999996,384.347044,325.845949,2800.0,6600.0,4200.0
4,24,12,484.95773599999995,374.002293,317.227993,2800.0,6600.0,4200.0
4,24,13,460.403615,354.651025,301.166274,2800.0,6600.0,4200.0
4,24,14,440.74984600000005,339.556275,288.31005,2800.0,6600.0,4200.0
4,24,15,374.966638,288.196756,245.278929,2800.0,6600.0,4200.0
4,24,16,242.262222,185.49847200000002,158.47228099999998,2800.0,6600.0,4200.0
4,24,17,149.43080300000003,114.194317,97.747969,2800.0,6600.0,4200.0
4,24,18,33.721098,25.737038000000002,22.058162,2800.0,3728.344236364732,3608.075067449741
4,24,19,0.0,0.0,0.0,2549.630956168769,3111.754316583931,3011.3751450812238
4,24,20,0.0,0.0,0.0,2800.0,4495.12565696385,4200.0
4,24,21,0.0,0.0,0.0,2800.0,6600.0,4200.0
4,24,22,0.0,0.0,0.0,2800.0,6600.0,4200.0
4,24,23,0.0,0.0,0.0,2800.0,6600.0,4200.0
4,25,0,0.0,0.0,0.0,2800.0,6600.0,4200.0
4,25,1,0.0,0.0,0.0,2800.0,6600.0,4200.0
4,25,2,0.0,0.0,0.0,2800.0,6600.0,4200.0
4,25,3,0.0,0.0,0.0,2800.0,6600.0,4200.0
4,25,4,0.0,0.0,0.0,2800.0,6600.0,4200.0
4,25,5,0.0,0.0,0.0,2800.0,6600.0,4200.0
4,25,6,33.039945,25.144864000000002,21.612595000000002,2800.0,6600.0,4200.0
4,25,7,152.371325,116.004603,99.67146799999999,2800.0,4065.047980485539,3933.917400469876
4,25,8,293.724955,224.313788,192.135873,2800.0,6600.0,4200.0
4,25,9,365.57792099999995,280.113403,239.137437,2800.0,6600.0,4200.0
4,25,10,451.880966,347.446754,295.591309,2800.0,6600.0,4200.0
4,25,11,483.74435,372.393244,316.43427399999996,2800.0,6600.0,4200.0
4,25,12,411.217034,316.00190399999997,268.99159299999997,2800.0,6600.0,4200.0
4,25,13,419.421182,322.235922,274.358217,2800.0,6600.0,4200.0
4,25,14,191.996523,146.83513699999997,125.59171099999999,2800.0,4798.06917736812,4200.0
4,25,15,123.47872500000001,94.32914500000001,80.771797,1109.377075854021,1353.9641476958525,1310.287884866954
4,25,16,104.041151,79.439081,68.056994,247.56819744046305,302.1501622304864,292.4033828036965
4,25,17,102.356557,78.10849,66.955041,101.6454080931955,124.05541932634095,120.0536316061364
4,25,18,27.415909,20.924575,17.933715,63.42978935813572,77.4143098465436,74.91707404504218
4,25,19,0.0,0.0,0.0,71.8766678693094,87.7234922814406,84.89370220784575
4,25,20,0.0,0.0,0.0,18.20056109694597,22.213283228556108,21.496725705054292
4,25,21,0.0,0.0,0.0,24.01244850305007,29.306531637580797,28.36115964927173
4,25,22,0.0,0.0,0.0,727.6412163217148,888.0660514162661,859.4187594350961
4,25,23,0.0,0.0,0.0,2800.0,4276.483153260508,4138.532083800491
4,26,0,0.0,0.0,0.0,2800.0,6600.0,4200.0
4,26,1,0.0,0.0,0.0,2800.0,6600.0,4200.0
4,26,2,0.0,0.0,0.0,2800.0,6600.0,4200.0
4,26,3,0.0,0.0,0.0,2800.0,6600.0,4200.0
4,26,4,0.0,0.0,0.0,2800.0,6600.0,4200.0
4,26,5,0.0,0.0,0.0,2800.0,6600.0,4200.0
4,26,6,34.013596,25.838822,22.249495,2800.0,6600.0,4200.0
4,26,7,167.482665,127.25551399999999,109.55633,2800.0,6600.0,4200.0
4,26,8,321.87293,245.260629,210.548458,2800.0,6600.0,4200.0
4,26,9,441.980902,337.94531900000004,289.115327,2800.0,6600.0,4200.0
4,26,10,529.6003919999999,405.912391,346.430332,2800.0,5114.326798854228,4200.0
4,26,11,554.166667,425.0,362.5,2800.0,3794.137041985159,3671.7455245017663
4,26,12,554.166667,425.0,362.5,2800.0,4954.515830178791,4200.0
4,26,13,554.166667,425.0,362.5,2800.0,6600.0,4200.0
4,26,14,516.721494,396.99449200000004,338.005789,2800.0,6600.0,4200.0
4,26,15,433.290771,332.15636800000004,283.430805,2800.0,5787.929644089762,4200.0
4,26,16,317.38014799999996,242.63818700000002,207.60957000000002,2597.435303258585,3170.098204764415,3067.83697235266
4,26,17,166.906924,127.333378,109.17971700000001,575.0133429544752,701.7879382515248,679.149617662766
4,26,18,35.268481,26.896002,23.07036,67.56525302384776,82.46152928107404,79.80147994942648
4,26,19,0.0,0.0,0.0,289.9235564324093,353.8437106064838,342.42939736111333
4,26,20,0.0,0.0,0.0,1193.2453053765432,1456.323010498931,1409.344848869933
4,26,21,0.0,0.0,0.0,2800.0,5033.998538121269,4200.0
4,26,22,0.0,0.0,0.0,2800.0,6600.0,4200.0
4,26,23,0.0,0.0,0.0,2800.0,6600.0,4200.0
4,27,0,0.0,0.0,0.0,2800.0,6600.0,4200.0
4,27,1,0.0,0.0,0.0,2800.0,6600.0,4200.0
4,27,2,0.0,0.0,0.0,2800.0,6600.0,4200.0
4,27,3,0.0,0.0,0.0,2800.0,6600.0,4200.0
4,27,4,0.0,0.0,0.0,2800.0,6600.0,4200.0
4,27,5,0.0,0.0,0.0,2800.0,6600.0,4200.0
4,27,6,35.124394,26.702559,22.976107,2800.0,6600.0,4200.0
4,27,7,160.480367,122.09257799999999,104.975879,2800.0,6600.0,4200.0
4,27,8,304.41525,232.482824,199.128772,2800.0,6600.0,4200.0
4,27,9,415.08081599999997,318.17661599999997,271.51903000000004,2800.0,6600.0,4200.0
4,27,10,492.895704,379.19291200000004,322.420498,2800.0,6600.0,4200.0
4,27,11,541.8803419999999,417.660257,354.463081,2800.0,6600.0,4200.0
4,27,12,554.166667,425.0,362.5,2800.0,6600.0,4200.0
4,27,13,536.50053,413.607741,350.943956,2800.0,6600.0,4200.0
4,27,14,483.700778,372.52684600000003,316.405772,2800.0,6600.0,4200.0
4,27,15,401.484052,308.518019,262.624906,2800.0,6600.0,4200.0
4,27,16,293.20862300000005,224.74005300000002,191.798122,2800.0,6600.0,4200.0
4,27,17,155.611861,119.000123,101.791217,2800.0,6600.0,4200.0
4,27,18,34.680444,26.519157,22.685704,2800.0,6600.0,4200.0
4,27,19,0.0,0.0,0.0,2800.0,6600.0,4200.0
4,27,20,0.0,0.0,0.0,2800.0,6600.0,4200.0
4,27,21,0.0,0.0,0.0,2800.0,6600.0,4200.0
4,27,22,0.0,0.0,0.0,2800.0,6600.0,4200.0
4,27,23,0.0,0.0,0.0,2800.0,6600.0,4200.0
4,28,0,0.0,0.0,0.0,2800.0,6600.0,4200.0
4,28,1,0.0,0.0,0.0,2800.0,6600.0,4200.0
4,28,2,0.0,0.0,0.0,2800.0,6600.0,4200.0
4,28,3,0.0,0.0,0.0,2800.0,6600.0,4200.0
4,28,4,0.0,0.0,0.0,2800.0,6600.0,4200.0
4,28,5,0.0,0.0,0.0,2800.0,6600.0,4200.0
4,28,6,35.188921,26.827752,23.018317,2800.0,6600.0,4200.0
4,28,7,152.38878400000002,116.129853,99.68288899999999,2800.0,6600.0,4200.0
4,28,8,287.61243099999996,219.892152,188.137455,2800.0,6600.0,4200.0
4,28,9,394.562858,302.54481599999997,258.097508,2800.0,6600.0,4200.0
4,28,10,471.854072,362.844459,308.656423,2800.0,6600.0,4200.0
4,28,11,449.494617,345.697059,294.03031300000004,2800.0,6600.0,4200.0
4,28,12,471.080453,362.69793400000003,308.150371,2800.0,6600.0,4200.0
4,28,13,432.730705,332.92629700000003,283.064446,2800.0,6600.0,4200.0
4,28,14,249.50881099999998,191.292075,163.21253099999998,2800.0,6600.0,4200.0
4,28,15,214.548663,164.37951500000003,140.343862,2800.0,6600.0,4200.0
4,28,16,188.634016,144.47460800000002,123.392176,2800.0,6600.0,4200.0
4,28,17,37.151047,28.481876,24.301813,2800.0,6600.0,4200.0
4,28,18,25.662968,19.671315999999997,16.787054,2800.0,6600.0,4200.0
4,28,19,-0.0,-0.0,-0.0,2800.0,6600.0,4200.0
4,28,20,0.0,0.0,0.0,2800.0,6600.0,4200.0
4,28,21,0.0,0.0,0.0,2800.0,6600.0,4200.0
4,28,22,0.0,0.0,0.0,2800.0,6600.0,4200.0
4,28,23,0.0,0.0,0.0,2800.0,6600.0,4200.0
4,29,0,0.0,0.0,0.0,2800.0,6600.0,4200.0
4,29,1,0.0,0.0,0.0,2800.0,6600.0,4200.0
4,29,2,0.0,0.0,0.0,2800.0,6600.0,4200.0
4,29,3,0.0,0.0,0.0,2800.0,6600.0,4200.0
4,29,4,0.0,0.0,0.0,2800.0,6600.0,4200.0
4,29,5,0.0,0.0,0.0,2800.0,6600.0,4200.0
4,29,6,36.674918,27.903131000000002,23.99036,2800.0,6600.0,4200.0
4,29,7,165.59371900000002,125.997922,108.32070399999999,2800.0,6600.0,4200.0
4,29,8,259.253213,197.817048,169.58668799999998,2800.0,6600.0,4200.0
4,29,9,414.62242599999996,317.737659,271.219181,2800.0,6600.0,4200.0
4,29,10,488.153974,375.718826,319.31876500000004,2800.0,6600.0,4200.0
4,29,11,522.369026,403.849229,341.70004,2800.0,6600.0,4200.0
4,29,12,526.613044,408.438447,344.476202,2800.0,6600.0,4200.0
4,29,13,511.196501,396.23393400000003,334.391696,2800.0,6600.0,4200.0
4,29,14,468.40535600000004,362.262431,306.400496,2800.0,6600.0,4200.0
4,29,15,362.45917,279.312026,237.097352,2800.0,6600.0,4200.0
4,29,16,179.26933499999998,137.426564,117.266407,2800.0,6600.0,4200.0
4,29,17,136.872264,104.824984,89.532985,2800.0,6600.0,4200.0
4,29,18,35.563226,27.205651999999997,23.263163,2800.0,6600.0,4200.0
4,29,19,-0.0,-0.0,-0.0,2800.0,6600.0,4200.0
4,29,20,0.0,0.0,0.0,2800.0,6600.0,4200.0
4,29,21,0.0,0.0,0.0,2800.0,6600.0,4200.0
4,29,22,0.0,0.0,0.0,2800.0,6600.0,4200.0
4,29,23,0.0,0.0,0.0,2800.0,6600.0,4200.0
4,30,0,0.0,0.0,0.0,2231.3199984618277,2723.264565051836,2635.417321017906
4,30,1,0.0,0.0,0.0,1640.756359055384,2002.4979185321613,1937.9012114827367
4,30,2,0.0,0.0,0.0,2800.0,5114.326798854228,4200.0
4,30,3,0.0,0.0,0.0,2800.0,6600.0,4200.0
4,30,4,0.0,0.0,0.0,2800.0,6600.0,4200.0
4,30,5,-0.0,-0.0,-0.0,2800.0,6600.0,4200.0
4,30,6,8.196512,6.260906,5.361628,2800.0,6600.0,4200.0
4,30,7,58.724831,44.730769,38.413987,2800.0,6600.0,4200.0
4,30,8,69.96382399999999,53.356671,45.765809000000004,2800.0,6600.0,4200.0
4,30,9,128.457319,98.060943,84.028472,2800.0,6600.0,4200.0
4,30,10,86.402473,66.00715600000001,56.518911,2800.0,6600.0,4200.0
4,30,11,76.54277099999999,58.517579,50.069332,2800.0,6600.0,4200.0
4,30,12,143.474256,109.670702,93.85158100000001,2800.0,6600.0,4200.0
4,30,13,233.832789,178.942278,152.958291,2800.0,6600.0,4200.0
4,30,14,371.594342,285.192385,243.07299,2800.0,6600.0,4200.0
4,30,15,204.717188,156.721967,133.912747,2800.0,6600.0,4200.0
4,30,16,259.24787200000003,198.543518,169.58319500000002,2800.0,6600.0,4200.0
4,30,17,32.881257,25.157798,21.508792,2800.0,6600.0,4200.0
4,30,18,34.122521,26.077164,22.320747,2800.0,6600.0,4200.0
4,30,19,-0.0,-0.0,-0.0,2800.0,6600.0,4200.0
4,30,20,0.0,0.0,0.0,2800.0,6600.0,4200.0
4,30,21,0.0,0.0,0.0,2800.0,6600.0,4200.0
4,30,22,0.0,0.0,0.0,2800.0,6600.0,4200.0
4,30,23,0.0,0.0,0.0,2800.0,6600.0,4200.0
5,1,0,0.0,0.0,0.0,2800.0,6600.0,4200.0
5,1,1,0.0,0.0,0.0,2800.0,6600.0,4200.0
5,1,2,0.0,0.0,0.0,2800.0,6600.0,4200.0
5,1,3,0.0,0.0,0.0,2800.0,6600.0,4200.0
5,1,4,0.0,0.0,0.0,2800.0,6600.0,4200.0
5,1,5,-0.0,-0.0,-0.0,2800.0,6600.0,4200.0
5,1,6,29.057243999999997,22.186039,19.007369999999998,2800.0,6600.0,4200.0
5,1,7,90.043754,68.683103,58.900802000000006,2800.0,6600.0,4200.0
5,1,8,145.504817,111.00734200000001,95.17984299999999,2800.0,6600.0,4200.0
5,1,9,336.162228,257.151749,219.895593,2800.0,6600.0,4200.0
5,1,10,385.02479,294.886918,251.858322,2800.0,6600.0,4200.0
5,1,11,383.74147899999997,294.088481,251.01886199999998,2800.0,6600.0,4200.0
5,1,12,458.661953,352.24950900000005,300.026992,2800.0,6600.0,4200.0
5,1,13,470.92687900000004,362.042905,308.049913,2800.0,6600.0,4200.0
5,1,14,426.44442300000003,327.610157,278.95236700000004,2800.0,6600.0,4200.0
5,1,15,119.535205,91.491756,78.19220200000001,2800.0,6600.0,4200.0
5,1,16,242.332445,185.588285,158.518216,2800.0,6600.0,4200.0
5,1,17,106.57457799999999,81.530947,69.714197,2800.0,6600.0,4200.0
5,1,18,14.676365,11.253859,9.600329,2800.0,6600.0,4200.0
5,1,19,-0.0,-0.0,-0.0,2800.0,6600.0,4200.0
5,1,20,0.0,0.0,0.0,2800.0,6600.0,4200.0
5,1,21,0.0,0.0,0.0,2800.0,6600.0,4200.0
5,1,22,0.0,0.0,0.0,2800.0,6600.0,4200.0
5,1,23,0.0,0.0,0.0,2800.0,6600.0,4200.0
5,2,0,0.0,0.0,0.0,2800.0,6600.0,4200.0
5,2,1,0.0,0.0,0.0,2800.0,6600.0,4200.0
5,2,2,0.0,0.0,0.0,2800.0,6600.0,4200.0
5,2,3,0.0,0.0,0.0,2800.0,6600.0,4200.0
5,2,4,0.0,0.0,0.0,2800.0,6600.0,4200.0
5,2,5,-0.0,-0.0,-0.0,2800.0,6600.0,4200.0
5,2,6,24.92443,19.050165,16.30395,2800.0,6600.0,4200.0
5,2,7,89.65980499999999,68.426329,58.649646999999995,2800.0,6600.0,4200.0
5,2,8,178.91939499999998,136.74371100000002,117.037499,2800.0,6600.0,4200.0
5,2,9,105.370277,80.523668,68.926422,2800.0,6600.0,4200.0
5,2,10,103.769678,79.33289599999999,67.879413,2800.0,6600.0,4200.0
5,2,11,102.729376,78.538152,67.198915,2800.0,6600.0,4200.0
5,2,12,165.716239,126.677312,108.400848,2800.0,6600.0,4200.0
5,2,13,158.445979,121.150098,103.645114,2800.0,6600.0,4200.0
5,2,14,121.03361500000001,92.545467,79.172365,2800.0,6600.0,4200.0
5,2,15,106.692092,81.596734,69.791068,2800.0,6600.0,4200.0
5,2,16,15.132305,11.611355,9.898575000000001,2800.0,6600.0,4200.0
5,2,17,6.903002000000001,5.308035,4.515498,2800.0,6600.0,4200.0
5,2,18,-0.0,-0.0,-0.0,2800.0,6600.0,4200.0
5,2,19,-0.0,-0.0,-0.0,2800.0,6600.0,4200.0
5,2,20,0.0,0.0,0.0,2800.0,6600.0,4200.0
5,2,21,0.0,0.0,0.0,2800.0,6600.0,4200.0
5,2,22,0.0,0.0,0.0,2800.0,6600.0,4200.0
5,2,23,0.0,0.0,0.0,2800.0,6600.0,4200.0
5,3,0,0.0,0.0,0.0,2800.0,6600.0,4200.0
5,3,1,0.0,0.0,0.0,2800.0,6600.0,4200.0
5,3,2,0.0,0.0,0.0,2800.0,6600.0,4200.0
5,3,3,0.0,0.0,0.0,2800.0,6600.0,4200.0
5,3,4,0.0,0.0,0.0,2800.0,6600.0,4200.0
5,3,5,-0.0,-0.0,-0.0,2800.0,6600.0,4200.0
5,3,6,40.419974,30.847009,26.440133000000003,2800.0,6600.0,4200.0
5,3,7,163.525215,124.84331900000001,106.967622,2800.0,6600.0,4200.0
5,3,8,297.61512,228.09273499999998,194.680567,2800.0,6600.0,4200.0
5,3,9,399.28519,307.45752000000005,261.186553,2800.0,6600.0,4200.0
5,3,10,466.799658,361.086612,305.350152,2800.0,6600.0,4200.0
5,3,11,506.861303,393.340758,331.55589000000003,2800.0,6600.0,4200.0
5,3,12,525.669439,407.773946,343.858956,2800.0,6600.0,4200.0
5,3,13,509.824724,394.586808,333.494368,2800.0,6600.0,4200.0
5,3,14,463.423244,357.959531,303.14152,2800.0,6600.0,4200.0
5,3,15,383.301625,295.503364,250.73113800000002,2800.0,6600.0,4200.0
5,3,16,226.82153,174.281456,148.371978,2800.0,6600.0,4200.0
5,3,17,147.335881,113.075292,96.377606,2800.0,6600.0,4200.0
5,3,18,38.551889,29.564068,25.218152999999997,2800.0,6600.0,4200.0
5,3,19,-0.0,-0.0,-0.0,2800.0,6600.0,4200.0
5,3,20,0.0,0.0,0.0,2800.0,6600.0,4200.0
5,3,21,0.0,0.0,0.0,2800.0,6600.0,4200.0
5,3,22,0.0,0.0,0.0,2800.0,6600.0,4200.0
5,3,23,0.0,0.0,0.0,2800.0,6600.0,4200.0
5,4,0,0.0,0.0,0.0,2800.0,6600.0,4200.0
5,4,1,0.0,0.0,0.0,2800.0,6600.0,4200.0
5,4,2,0.0,0.0,0.0,2800.0,6600.0,4200.0
5,4,3,0.0,0.0,0.0,2800.0,6600.0,4200.0
5,4,4,0.0,0.0,0.0,2800.0,6600.0,4200.0
5,4,5,-0.0,-0.0,-0.0,2800.0,6600.0,4200.0
5,4,6,14.723355,11.289219999999998,9.631067,2800.0,6600.0,4200.0
5,4,7,57.743624000000004,44.174848,37.772144999999995,2800.0,6600.0,4200.0
5,4,8,244.36698,187.074428,159.849077,2800.0,6600.0,4200.0
5,4,9,399.893749,307.061433,261.584633,2800.0,6600.0,4200.0
5,4,10,489.36786700000005,376.564297,320.112815,2800.0,6600.0,4200.0
5,4,11,540.804844,416.829511,353.75956,2800.0,6600.0,4200.0
5,4,12,554.166667,425.0,362.5,2800.0,6600.0,4200.0
5,4,13,538.140905,414.750579,352.016983,2800.0,6600.0,4200.0
5,4,14,491.80411599999996,378.605613,321.706452,2800.0,6600.0,4200.0
5,4,15,411.73995299999996,316.231007,269.33365399999997,2800.0,6600.0,4200.0
5,4,16,302.15986,231.498604,197.653442,2800.0,4798.06917736812,4200.0
5,4,17,164.720581,125.970632,107.749553,1824.2618316438895,2226.4612905889994,2154.639958634516
5,4,18,41.21033,31.513719000000002,26.957133000000002,2800.0,5876.06920203001,4200.0
5,4,19,-0.0,-0.0,-0.0,2800.0,6600.0,4200.0
5,4,20,0.0,0.0,0.0,2800.0,6600.0,4200.0
5,4,21,0.0,0.0,0.0,2800.0,6600.0,4200.0
5,4,22,0.0,0.0,0.0,2800.0,6600.0,4200.0
5,4,23,0.0,0.0,0.0,2800.0,6600.0,4200.0
5,5,0,0.0,0.0,0.0,2800.0,6600.0,4200.0
5,5,1,0.0,0.0,0.0,2800.0,6600.0,4200.0
5,5,2,0.0,0.0,0.0,2800.0,6600.0,4200.0
5,5,3,0.0,0.0,0.0,2800.0,6600.0,4200.0
5,5,4,0.0,0.0,0.0,2800.0,6600.0,4200.0
5,5,5,-0.0,-0.0,-0.0,2800.0,5614.303506012198,4200.0
5,5,6,42.317668,32.284582,27.681482,2800.0,5700.675903358588,4200.0
5,5,7,168.483943,128.688493,110.211301,2800.0,5876.06920203001,4200.0
5,5,8,299.732406,229.977529,196.065559,2800.0,6600.0,4200.0
5,5,9,263.52663299999995,202.000329,172.38208300000002,2800.0,6600.0,4200.0
5,5,10,276.284175,211.804201,180.727242,2800.0,6600.0,4200.0
5,5,11,154.55931700000002,118.276848,101.102711,2800.0,6600.0,4200.0
5,5,12,449.51132900000005,346.193093,294.041245,2800.0,6600.0,4200.0
5,5,13,398.43415500000003,306.383619,260.629861,2800.0,6600.0,4200.0
5,5,14,239.87807800000002,183.729668,156.91272800000002,2800.0,6600.0,4200.0
5,5,15,212.720366,162.772111,139.14790900000003,2800.0,6600.0,4200.0
5,5,16,101.400931,77.483609,66.329932,2800.0,6600.0,4200.0
5,5,17,3.26679,2.5212849999999998,2.136923,2800.0,6600.0,4200.0
5,5,18,31.308274,23.941989000000003,20.479848999999998,2800.0,6600.0,4200.0
5,5,19,-0.0,-0.0,-0.0,2800.0,6600.0,4200.0
5,5,20,0.0,0.0,0.0,2800.0,6600.0,4200.0
5,5,21,0.0,0.0,0.0,2800.0,6600.0,4200.0
5,5,22,0.0,0.0,0.0,2800.0,6600.0,4200.0
5,5,23,0.0,0.0,0.0,2800.0,6600.0,4200.0
5,6,0,0.0,0.0,0.0,2800.0,6600.0,4200.0
5,6,1,0.0,0.0,0.0,2800.0,6600.0,4200.0
5,6,2,0.0,0.0,0.0,2800.0,6600.0,4200.0
5,6,3,0.0,0.0,0.0,2800.0,6600.0,4200.0
5,6,4,0.0,0.0,0.0,2800.0,6600.0,4200.0
5,6,5,-0.0,-0.0,-0.0,2800.0,6600.0,4200.0
5,6,6,44.807612999999996,34.076494,29.310243,2800.0,6600.0,4200.0
5,6,7,183.442968,139.544418,119.99652800000001,2800.0,6600.0,4200.0
5,6,8,331.10672,252.57789799999998,216.588606,2800.0,6600.0,4200.0
5,6,9,442.96187,338.88221500000003,289.757013,2800.0,6600.0,4200.0
5,6,10,521.220656,399.850634,340.94885,2800.0,6600.0,4200.0
5,6,11,554.166667,425.0,362.5,2800.0,6600.0,4200.0
5,6,12,554.166667,425.0,362.5,2800.0,6600.0,4200.0
5,6,13,554.166667,425.0,362.5,2800.0,6600.0,4200.0
5,6,14,504.09148999999996,388.060261,329.744058,2800.0,6600.0,4200.0
5,6,15,422.02167099999997,324.37417,276.059288,2800.0,6600.0,4200.0
5,6,16,311.411857,238.84068599999998,203.705501,2800.0,6600.0,4200.0
5,6,17,112.633417,86.021057,73.677499,2800.0,6600.0,4200.0
5,6,18,41.148173,31.413573,26.916473999999997,2800.0,6600.0,4200.0
5,6,19,-0.0,-0.0,-0.0,2800.0,6600.0,4200.0
5,6,20,0.0,0.0,0.0,2800.0,6600.0,4200.0
5,6,21,0.0,0.0,0.0,2800.0,6600.0,4200.0
5,6,22,0.0,0.0,0.0,2800.0,6600.0,4200.0
5,6,23,0.0,0.0,0.0,2800.0,6600.0,4200.0
5,7,0,0.0,0.0,0.0,2800.0,6600.0,4200.0
5,7,1,0.0,0.0,0.0,2800.0,6600.0,4200.0
5,7,2,0.0,0.0,0.0,2800.0,6600.0,4200.0
5,7,3,0.0,0.0,0.0,2800.0,6600.0,4200.0
5,7,4,0.0,0.0,0.0,2800.0,6600.0,4200.0
5,7,5,-0.0,-0.0,-0.0,2800.0,6600.0,4200.0
5,7,6,45.221436000000004,34.448198,29.580938999999997,2800.0,6600.0,4200.0
5,7,7,176.36078700000002,134.437348,115.36382300000001,2800.0,6600.0,4200.0
5,7,8,317.11548700000003,242.402127,207.436446,2800.0,6600.0,4200.0
5,7,9,424.758114,325.80139199999996,277.849292,2800.0,6600.0,4200.0
5,7,10,500.176945,384.698216,327.18341499999997,2800.0,6600.0,4200.0
5,7,11,545.6790110000001,420.638751,356.947925,2800.0,6600.0,4200.0
5,7,12,554.166667,425.0,362.5,2800.0,6600.0,4200.0
5,7,13,540.8574540000001,417.35450699999996,353.793974,2800.0,6600.0,4200.0
5,7,14,489.630333,377.427578,320.284504,2800.0,6600.0,4200.0
5,7,15,410.84015999999997,316.05249599999996,268.745067,2800.0,6600.0,4200.0
5,7,16,303.489565,232.90823600000002,198.52324900000002,2800.0,6600.0,4200.0
5,7,17,167.54277,128.233205,109.595647,2800.0,6600.0,4200.0
5,7,18,43.3195,33.118061000000004,28.336816,2800.0,6600.0,4200.0
5,7,19,-0.0,-0.0,-0.0,2800.0,6600.0,4200.0
5,7,20,0.0,0.0,0.0,2800.0,6600.0,4200.0
5,7,21,0.0,0.0,0.0,2800.0,6600.0,4200.0
5,7,22,0.0,0.0,0.0,2800.0,6600.0,4200.0
5,7,23,0.0,0.0,0.0,2800.0,6600.0,4200.0
5,8,0,0.0,0.0,0.0,2800.0,6600.0,4200.0
5,8,1,0.0,0.0,0.0,2800.0,6600.0,4200.0
5,8,2,0.0,0.0,0.0,2800.0,6600.0,4200.0
5,8,3,0.0,0.0,0.0,2800.0,6600.0,4200.0
5,8,4,0.0,0.0,0.0,2800.0,6600.0,4200.0
5,8,5,0.435546,0.33842500000000003,0.284906,2800.0,6600.0,4200.0
5,8,6,45.395016000000005,34.631150999999996,29.694484,2800.0,6600.0,4200.0
5,8,7,174.303064,133.133036,114.017794,2800.0,6600.0,4200.0
5,8,8,309.283068,237.127898,202.312984,2800.0,6600.0,4200.0
5,8,9,413.673407,318.25804999999997,270.598394,2800.0,6600.0,4200.0
5,8,10,494.761006,381.39214000000004,323.640658,2800.0,6600.0,4200.0
5,8,11,540.090457,416.807169,353.292254,2800.0,6600.0,4200.0
5,8,12,554.166667,425.0,362.5,2800.0,6600.0,4200.0
5,8,13,538.087256,415.29317,351.981889,2800.0,4276.483153260508,4138.532083800491
5,8,14,491.358212,378.778084,321.41477000000003,2800.0,6600.0,4200.0
5,8,15,412.412269,317.160806,269.773439,2800.0,6600.0,4200.0
5,8,16,305.499718,234.321351,199.838162,2800.0,6600.0,4200.0
5,8,17,168.94585,129.31495,110.513451,2800.0,6600.0,4200.0
5,8,18,39.23847,30.016305,25.667270000000002,2800.0,6600.0,4200.0
5,8,19,-0.0,-0.0,-0.0,2800.0,6600.0,4200.0
5,8,20,0.0,0.0,0.0,2800.0,6600.0,4200.0
5,8,21,0.0,0.0,0.0,2800.0,6600.0,4200.0
5,8,22,0.0,0.0,0.0,2800.0,6600.0,4200.0
5,8,23,0.0,0.0,0.0,2800.0,6600.0,4200.0
5,9,0,0.0,0.0,0.0,2800.0,6600.0,4200.0
5,9,1,0.0,0.0,0.0,2800.0,6600.0,4200.0
5,9,2,0.0,0.0,0.0,2800.0,6600.0,4200.0
5,9,3,0.0,0.0,0.0,2800.0,6600.0,4200.0
5,9,4,0.0,0.0,0.0,2800.0,6600.0,4200.0
5,9,5,0.421482,0.328972,0.275706,2800.0,6600.0,4200.0
5,9,6,47.059803,35.92176799999999,30.78348,2800.0,6600.0,4200.0
5,9,7,173.152031,132.22401399999998,113.264862,2800.0,6600.0,4200.0
5,9,8,307.105863,235.20301999999998,200.88879699999998,2800.0,6600.0,4200.0
5,9,9,414.963326,318.604408,271.44217499999996,2800.0,6600.0,4200.0
5,9,10,495.315867,381.097053,324.00361200000003,2800.0,6600.0,4200.0
5,9,11,542.7116629999999,418.17606800000004,355.006877,2800.0,6600.0,4200.0
5,9,12,554.166667,425.0,362.5,2800.0,6600.0,4200.0
5,9,13,539.39725,415.67625,352.83880300000004,2800.0,6600.0,4200.0
5,9,14,487.308584,375.119772,318.765766,2800.0,6600.0,4200.0
5,9,15,373.929622,287.154388,244.60057999999998,2800.0,6600.0,4200.0
5,9,16,253.90993,194.590169,166.09145800000002,2800.0,6600.0,4200.0
5,9,17,121.606004,93.062977,79.546785,2800.0,6600.0,4200.0
5,9,18,38.28665,29.318315,25.044651,2800.0,6600.0,4200.0
5,9,19,-0.0,-0.0,-0.0,2800.0,6600.0,4200.0
5,9,20,0.0,0.0,0.0,2800.0,6600.0,4200.0
5,9,21,0.0,0.0,0.0,2800.0,6600.0,4200.0
5,9,22,0.0,0.0,0.0,2800.0,6600.0,4200.0
5,9,23,0.0,0.0,0.0,2800.0,6600.0,4200.0
5,10,0,0.0,0.0,0.0,2800.0,5033.998538121269,4200.0
5,10,1,0.0,0.0,0.0,2800.0,4276.483153260508,4138.532083800491
5,10,2,0.0,0.0,0.0,2800.0,4205.209912886971,4069.5579802131983
5,10,3,0.0,0.0,0.0,2694.829168782761,3288.9647335537634,3182.869096987513
5,10,4,0.0,0.0,0.0,1570.9465066065366,1917.296917511915,1855.44862985024
5,10,5,-0.0,-0.0,-0.0,629.4537376638762,768.2309396685104,743.4492964533971
5,10,6,39.580108,30.2548,25.890748,769.610460224766,939.288356967234,908.9887325489362
5,10,7,75.86612099999999,57.961088000000004,49.626711,1712.6043126696648,2090.186365856677,2022.7609992161392
5,10,8,211.490598,161.834063,138.343474,2800.0,6600.0,4200.0
5,10,9,272.10317200000003,208.750071,177.9923,2800.0,3472.7785151730586,3360.753401780379
5,10,10,381.91652,293.849712,249.825092,2231.3199984618277,2723.264565051836,2635.417321017906
5,10,11,262.757638,201.724412,171.87905600000002,2455.7891050857875,2997.2229235298983,2900.5383130934497
5,10,12,166.580421,127.715421,108.96614,2744.426018516277,3349.496321811205,3241.448053365682
5,10,13,184.69165700000002,141.634287,120.81334,2800.0,3663.3164546975977,3545.1449561589657
5,10,14,219.802657,168.659828,143.780685,2800.0,4276.483153260508,4138.532083800491
5,10,15,217.04546599999998,166.47956200000002,141.97710999999998,2800.0,4954.515830178791,4200.0
5,10,16,106.45125900000001,81.548352,69.63353,2800.0,3996.150340809066,3867.242265299096
5,10,17,67.878802,51.998387,44.401923000000004,2275.070137118247,2776.660403569514,2687.090713131788
5,10,18,19.307448,14.822063,12.629684,2800.0,6237.575082367505,4200.0
5,10,19,-0.0,-0.0,-0.0,2800.0,6600.0,4200.0
5,10,20,0.0,0.0,0.0,2800.0,6600.0,4200.0
5,10,21,0.0,0.0,0.0,2800.0,6600.0,4200.0
5,10,22,0.0,0.0,0.0,2800.0,6600.0,4200.0
5,10,23,0.0,0.0,0.0,2800.0,6600.0,4200.0
5,11,0,0.0,0.0,0.0,2800.0,6600.0,4200.0
5,11,1,0.0,0.0,0.0,2800.0,6600.0,4200.0
5,11,2,0.0,0.0,0.0,2800.0,6600.0,4200.0
5,11,3,0.0,0.0,0.0,2800.0,6600.0,4200.0
5,11,4,0.0,0.0,0.0,2800.0,6600.0,4200.0
5,11,5,-0.0,-0.0,-0.0,2800.0,5876.06920203001,4200.0
5,11,6,47.202842,36.092042,30.877046999999997,2800.0,6600.0,4200.0
5,11,7,87.677302,66.92473799999999,57.352822,2800.0,6055.023664834879,4200.0
5,11,8,13.716327999999999,10.510529,8.972335,2800.0,6600.0,4200.0
5,11,9,25.316913,19.365249,16.560687,2800.0,6600.0,4200.0
5,11,10,185.73057500000002,141.634185,121.492932,2800.0,6600.0,4200.0
5,11,11,59.338117,45.297299,38.815159,2800.0,6600.0,4200.0
5,11,12,164.728405,125.679833,107.754671,2800.0,6600.0,4200.0
5,11,13,232.14061999999998,177.17303,151.851383,2800.0,6600.0,4200.0
5,11,14,95.08150599999999,72.570212,62.196173,2800.0,6600.0,4200.0
5,11,15,116.544262,88.892822,76.23572,2800.0,6600.0,4200.0
5,11,16,74.660994,56.949057999999994,48.838394,2800.0,6600.0,4200.0
5,11,17,61.61415,47.013499,40.303993000000006,2800.0,6600.0,4200.0
5,11,18,42.86,32.711475,28.036241,2800.0,6600.0,4200.0
5,11,19,1.100388,0.852078,0.719803,2800.0,6600.0,4200.0
5,11,20,0.0,0.0,0.0,2800.0,6600.0,4200.0
5,11,21,0.0,0.0,0.0,2800.0,6600.0,4200.0
5,11,22,0.0,0.0,0.0,2800.0,6600.0,4200.0
5,11,23,0.0,0.0,0.0,2800.0,6600.0,4200.0
5,12,0,0.0,0.0,0.0,2800.0,6600.0,4200.0
5,12,1,0.0,0.0,0.0,2800.0,6600.0,4200.0
5,12,2,0.0,0.0,0.0,2800.0,6600.0,4200.0
5,12,3,0.0,0.0,0.0,2800.0,6600.0,4200.0
5,12,4,0.0,0.0,0.0,2800.0,6600.0,4200.0
5,12,5,1.1917339999999998,0.9135979999999999,0.779556,2800.0,5277.537873988738,4200.0
5,12,6,42.112643,32.043071,27.547368,1712.6043126696648,2090.186365856677,2022.7609992161392
5,12,7,56.49295,42.963041,36.954035000000005,228.03272895548625,278.3076613236249,269.32999482931444
5,12,8,138.062367,104.967168,90.31147299999999,953.6162939806846,1163.862406039418,1126.3184574575014
5,12,9,105.470167,80.18975400000001,68.99176399999999,2694.829168782761,3288.9647335537634,3182.869096987513
5,12,10,207.68537899999998,157.996336,135.854346,2800.0,6600.0,4200.0
5,12,11,308.073472,234.693071,201.52174499999998,2800.0,6600.0,4200.0
5,12,12,136.903541,104.121363,89.553444,2800.0,6600.0,4200.0
5,12,13,181.151214,137.795071,118.49741,2800.0,6600.0,4200.0
5,12,14,154.649128,117.686646,101.16146,2800.0,4276.483153260508,4138.532083800491
5,12,15,91.48154600000001,69.664919,59.841311999999995,2103.4419801044355,2567.192967843996,2484.3802914619314
5,12,16,117.072318,89.142229,76.581141,813.163264745564,992.4433546107276,960.4290528490912
5,12,17,98.29613499999999,74.823802,64.298975,905.1368564268978,1104.694588552513,1069.0592792443674
5,12,18,6.056542,4.636493000000001,3.961798,905.1368564268978,1104.694588552513,1069.0592792443674
5,12,19,-0.0,-0.0,-0.0,881.5257965526516,1075.877940674496,1041.1722006527382
5,12,20,0.0,0.0,0.0,1193.2453053765432,1456.323010498931,1409.344848869933
5,12,21,0.0,0.0,0.0,2800.0,3860.699345383164,3736.160656822416
5,12,22,0.0,0.0,0.0,2800.0,6600.0,4200.0
5,12,23,0.0,0.0,0.0,2800.0,6600.0,4200.0
5,13,0,0.0,0.0,0.0,2800.0,6600.0,4200.0
5,13,1,0.0,0.0,0.0,2800.0,6600.0,4200.0
5,13,2,0.0,0.0,0.0,2800.0,6600.0,4200.0
5,13,3,0.0,0.0,0.0,2800.0,6600.0,4200.0
5,13,4,0.0,0.0,0.0,2800.0,6600.0,4200.0
5,13,5,-0.0,-0.0,-0.0,2800.0,6600.0,4200.0
5,13,6,11.462121,8.760475,7.497779,2800.0,6600.0,4200.0
5,13,7,66.160936,50.411457,43.278206,2800.0,6600.0,4200.0
5,13,8,41.376243,31.566163,27.065662,2800.0,6600.0,4200.0
5,13,9,206.54446900000002,157.49526600000002,135.108036,2800.0,6600.0,4200.0
5,13,10,247.927031,189.12628,162.177832,2800.0,6600.0,4200.0
5,13,11,144.40006599999998,110.074471,94.45718600000001,2800.0,6600.0,4200.0
5,13,12,264.924915,202.18928400000001,173.296749,2800.0,6600.0,4200.0
5,13,13,277.10261099999997,211.64693400000002,181.26261,2800.0,6600.0,4200.0
5,13,14,45.791582999999996,34.965938,29.953893,2800.0,6600.0,4200.0
5,13,15,202.27005,154.33232500000003,132.311987,2800.0,6600.0,4200.0
5,13,16,24.137726999999998,18.447184,15.78934,2800.0,6600.0,4200.0
5,13,17,99.54727700000001,75.89595600000001,65.117392,2800.0,6600.0,4200.0
5,13,18,0.7687419999999999,0.59792,0.502862,2800.0,6600.0,4200.0
5,13,19,-0.0,-0.0,-0.0,2800.0,6600.0,4200.0
5,13,20,0.0,0.0,0.0,2800.0,6600.0,4200.0
5,13,21,0.0,0.0,0.0,2800.0,6600.0,4200.0
5,13,22,0.0,0.0,0.0,2800.0,6600.0,4200.0
5,13,23,0.0,0.0,0.0,2800.0,6600.0,4200.0
5,14,0,0.0,0.0,0.0,2800.0,6600.0,4200.0
5,14,1,0.0,0.0,0.0,2800.0,6600.0,4200.0
5,14,2,0.0,0.0,0.0,2800.0,6600.0,4200.0
5,14,3,0.0,0.0,0.0,2800.0,6600.0,4200.0
5,14,4,0.0,0.0,0.0,2800.0,6600.0,4200.0
5,14,5,-0.0,-0.0,-0.0,2800.0,6600.0,4200.0
5,14,6,7.576366,5.805651,4.9559679999999995,2800.0,6600.0,4200.0
5,14,7,42.108276,32.151117,27.544511,2800.0,6600.0,4200.0
5,14,8,42.549703,32.50346,27.833264,2800.0,6600.0,4200.0
5,14,9,100.28465700000001,76.56961,65.599738,2800.0,6600.0,4200.0
5,14,10,62.677686,47.898015,40.999689,2800.0,6600.0,4200.0
5,14,11,59.022079,45.131394,38.608427999999996,2800.0,6600.0,4200.0
5,14,12,169.435387,129.539071,110.833674,2800.0,6600.0,4200.0
5,14,13,235.328883,180.057954,153.936938,2800.0,6600.0,4200.0
5,14,14,45.139559999999996,34.529071,29.527381000000002,2800.0,6600.0,4200.0
5,14,15,99.19386,75.792705,64.88620900000001,2800.0,6600.0,4200.0
5,14,16,177.223311,135.439907,115.928031,2800.0,6600.0,4200.0
5,14,17,14.341831,10.996889,9.381499,2800.0,6600.0,4200.0
5,14,18,3.267946,2.519476,2.137679,2800.0,6600.0,4200.0
5,14,19,-0.0,-0.0,-0.0,2800.0,6600.0,4200.0
5,14,20,0.0,0.0,0.0,2800.0,6600.0,4200.0
5,14,21,0.0,0.0,0.0,2800.0,6600.0,4200.0
5,14,22,0.0,0.0,0.0,2800.0,6600.0,4200.0
5,14,23,0.0,0.0,0.0,2800.0,6600.0,4200.0
5,15,0,0.0,0.0,0.0,2800.0,6600.0,4200.0
5,15,1,0.0,0.0,0.0,2800.0,6600.0,4200.0
5,15,2,0.0,0.0,0.0,2800.0,6600.0,4200.0
5,15,3,0.0,0.0,0.0,2800.0,6600.0,4200.0
5,15,4,0.0,0.0,0.0,2800.0,6600.0,4200.0
5,15,5,-0.0,-0.0,-0.0,2800.0,6600.0,4200.0
5,15,6,9.193608,7.040246,6.013864,2800.0,6600.0,4200.0
5,15,7,31.61456,24.14843,20.680201,2275.070137118247,2776.660403569514,2687.090713131788
5,15,8,31.616776,24.163842,20.681651000000002,131.96338481220266,161.05767437709773,155.86226552622358
5,15,9,47.956928999999995,36.642360000000004,31.370322,0.445376423741184,0.5435696510227049,0.5260351461510048
5,15,10,93.262396,71.237939,61.006229,402.3068740231014,491.0044525478796,475.1655992398835
5,15,11,180.439549,137.89049400000002,118.031886,2103.4419801044355,2567.192967843996,2484.3802914619314
5,15,12,177.019892,135.35718400000002,115.794967,2800.0,6423.759245222193,4200.0
5,15,13,270.11137099999996,206.87240400000002,176.68939300000002,2800.0,6600.0,4200.0
5,15,14,80.271212,61.359871,52.508237,2800.0,6600.0,4200.0
5,15,15,98.317971,75.148386,64.313259,2800.0,6600.0,4200.0
5,15,16,43.807627999999994,33.499483,28.656117,2800.0,6600.0,4200.0
5,15,17,61.419188000000005,46.924102,40.176461,2800.0,6600.0,4200.0
5,15,18,3.813115,2.934688,2.4942930000000003,2800.0,6600.0,4200.0
5,15,19,-0.0,-0.0,-0.0,2800.0,6600.0,4200.0
5,15,20,0.0,0.0,0.0,2800.0,6600.0,4200.0
5,15,21,0.0,0.0,0.0,2800.0,6600.0,4200.0
5,15,22,0.0,0.0,0.0,2800.0,6600.0,4200.0
5,15,23,0.0,0.0,0.0,2800.0,6600.0,4200.0
5,16,0,0.0,0.0,0.0,2800.0,6600.0,4200.0
5,16,1,0.0,0.0,0.0,2800.0,6600.0,4200.0
5,16,2,0.0,0.0,0.0,2800.0,6600.0,4200.0
5,16,3,0.0,0.0,0.0,2800.0,6600.0,4200.0
5,16,4,0.0,0.0,0.0,2800.0,6600.0,4200.0
5,16,5,-0.0,-0.0,-0.0,2800.0,6600.0,4200.0
5,16,6,-0.0,-0.0,-0.0,2800.0,6600.0,4200.0
5,16,7,99.96561100000001,76.227951,65.39103899999999,2800.0,6600.0,4200.0
5,16,8,133.711402,101.999013,87.46535300000001,2800.0,6600.0,4200.0
5,16,9,170.080267,129.829005,111.25551300000001,2800.0,6600.0,4200.0
5,16,10,388.771724,297.950209,254.309324,2800.0,6600.0,4200.0
5,16,11,368.01820799999996,282.105772,240.733715,2800.0,6600.0,4200.0
5,16,12,233.309057,178.33597500000002,152.615699,2800.0,6600.0,4200.0
5,16,13,241.343685,184.509038,157.871433,2800.0,6600.0,4200.0
5,16,14,312.36985100000004,239.112468,204.332158,2800.0,6600.0,4200.0
5,16,15,313.202378,239.893382,204.876744,2800.0,6600.0,4200.0
5,16,16,261.583184,200.190309,171.110805,2800.0,6600.0,4200.0
5,16,17,45.39824900000001,34.712680999999996,29.696599,2800.0,6600.0,4200.0
5,16,18,29.256948,22.381874,19.138003,2800.0,6600.0,4200.0
5,16,19,3.5660920000000003,2.742913,2.332707,2800.0,6600.0,4200.0
5,16,20,0.0,0.0,0.0,2800.0,6600.0,4200.0
5,16,21,0.0,0.0,0.0,2800.0,6600.0,4200.0
5,16,22,0.0,0.0,0.0,2800.0,6600.0,4200.0
5,16,23,0.0,0.0,0.0,2800.0,6600.0,4200.0
5,17,0,0.0,0.0,0.0,2800.0,6600.0,4200.0
5,17,1,0.0,0.0,0.0,2800.0,6600.0,4200.0
5,17,2,0.0,0.0,0.0,2800.0,6600.0,4200.0
5,17,3,0.0,0.0,0.0,2800.0,6600.0,4200.0
5,17,4,0.0,0.0,0.0,2800.0,6600.0,4200.0
5,17,5,2.079016,1.599677,1.359958,2800.0,6600.0,4200.0
5,17,6,-0.0,-0.0,-0.0,2800.0,6600.0,4200.0
5,17,7,132.220879,100.955663,86.49035,2800.0,6600.0,4200.0
5,17,8,310.34651299999996,237.89167600000002,203.008621,2800.0,6600.0,4200.0
5,17,9,291.880552,223.877981,190.929384,2800.0,6600.0,4200.0
5,17,10,365.96616700000004,281.254929,239.391402,2800.0,6600.0,4200.0
5,17,11,237.667231,182.212959,155.46653400000002,2800.0,6600.0,4200.0
5,17,12,404.173321,310.904026,264.384052,2800.0,6600.0,4200.0
5,17,13,521.921464,402.70729100000005,341.407273,2800.0,6600.0,4200.0
5,17,14,475.46540600000003,366.257063,311.01872399999996,2800.0,6600.0,4200.0
5,17,15,398.444386,306.148087,260.636553,2800.0,6600.0,4200.0
5,17,16,214.306913,164.041788,140.18572500000002,2800.0,6600.0,4200.0
5,17,17,137.798783,105.38075199999999,90.139054,2800.0,6600.0,4200.0
5,17,18,42.296755,32.349293,27.667802,2800.0,6600.0,4200.0
5,17,19,0.958346,0.746675,0.626888,2800.0,6600.0,4200.0
5,17,20,0.0,0.0,0.0,2800.0,6600.0,4200.0
5,17,21,0.0,0.0,0.0,2800.0,6600.0,4200.0
5,17,22,0.0,0.0,0.0,2800.0,6600.0,4200.0
5,17,23,0.0,0.0,0.0,2800.0,6600.0,4200.0
5,18,0,0.0,0.0,0.0,2800.0,6600.0,4200.0
5,18,1,0.0,0.0,0.0,2800.0,6600.0,4200.0
5,18,2,0.0,0.0,0.0,2800.0,6600.0,4200.0
5,18,3,0.0,0.0,0.0,2800.0,6600.0,4200.0
5,18,4,0.0,0.0,0.0,2800.0,6600.0,4200.0
5,18,5,1.049218,0.8079149999999999,0.686331,2800.0,6600.0,4200.0
5,18,6,20.982185,16.003162,13.725189,2800.0,6600.0,4200.0
5,18,7,188.23468599999998,143.323106,123.13096,2800.0,6600.0,4200.0
5,18,8,330.947036,252.538174,216.48415100000003,2800.0,6600.0,4200.0
5,18,9,349.041202,266.550823,228.320185,2800.0,6600.0,4200.0
5,18,10,389.49557799999997,297.812897,254.78282099999998,2800.0,6600.0,4200.0
5,18,11,443.39765500000004,339.36557400000004,290.042075,2800.0,6600.0,4200.0
5,18,12,131.898147,100.66635000000001,86.279239,2800.0,6600.0,4200.0
5,18,13,193.03254,147.28385999999998,126.269406,2800.0,6600.0,4200.0
5,18,14,117.436576,89.590383,76.81941400000001,2800.0,6600.0,4200.0
5,18,15,280.880294,214.38809,183.733726,2800.0,6600.0,4200.0
5,18,16,157.604994,120.118843,103.094996,2800.0,6600.0,4200.0
5,18,17,100.863215,76.84734399999999,65.978193,2800.0,6600.0,4200.0
5,18,18,47.576977,36.251313,31.121782,2800.0,6600.0,4200.0
5,18,19,2.4655650000000002,1.890947,1.612813,2800.0,6600.0,4200.0
5,18,20,0.0,0.0,0.0,2800.0,6600.0,4200.0
5,18,21,0.0,0.0,0.0,2800.0,6600.0,4200.0
5,18,22,0.0,0.0,0.0,2800.0,6600.0,4200.0
5,18,23,0.0,0.0,0.0,2800.0,6600.0,4200.0
5,19,0,0.0,0.0,0.0,2800.0,6600.0,4200.0
5,19,1,0.0,0.0,0.0,2800.0,6600.0,4200.0
5,19,2,0.0,0.0,0.0,2800.0,6600.0,4200.0
5,19,3,0.0,0.0,0.0,2800.0,6600.0,4200.0
5,19,4,0.0,0.0,0.0,2800.0,6600.0,4200.0
5,19,5,0.015115,0.015210000000000001,0.009887,2800.0,6600.0,4200.0
5,19,6,0.311791,0.243565,0.203954,2800.0,6600.0,4200.0
5,19,7,4.519158999999999,3.4595010000000004,2.956142,2800.0,6600.0,4200.0
5,19,8,19.501659,14.885800999999999,12.756724,2800.0,6600.0,4200.0
5,19,9,33.396452,25.475973000000003,21.845799,2800.0,6600.0,4200.0
5,19,10,195.39575399999998,148.927369,127.815267,2800.0,6600.0,4200.0
5,19,11,94.51875199999999,72.027198,61.828056,2800.0,6600.0,4200.0
5,19,12,115.514281,88.065787,75.561974,2800.0,6600.0,4200.0
5,19,13,228.675433,174.578176,149.584682,2800.0,6600.0,4200.0
5,19,14,172.076826,131.36624,112.561533,2800.0,6600.0,4200.0
5,19,15,106.378705,81.24514,69.58607,2800.0,6600.0,4200.0
5,19,16,61.032762999999996,46.619703,39.923687,2800.0,6600.0,4200.0
5,19,17,138.104359,105.455905,90.33894199999999,1824.2618316438895,2226.4612905889994,2154.639958634516
5,19,18,48.460024,37.004235,31.699414,1373.4523042863404,1676.2606863337226,1622.1877609681185
5,19,19,5.442652,4.175348,3.5602310000000004,2800.0,6600.0,4200.0
5,19,20,0.0,0.0,0.0,2800.0,6600.0,4200.0
5,19,21,0.0,0.0,0.0,2800.0,6600.0,4200.0
5,19,22,0.0,0.0,0.0,2800.0,6600.0,4200.0
5,19,23,0.0,0.0,0.0,2800.0,6600.0,4200.0
5,20,0,0.0,0.0,0.0,2800.0,6600.0,4200.0
5,20,1,0.0,0.0,0.0,2800.0,6600.0,4200.0
5,20,2,0.0,0.0,0.0,2800.0,6600.0,4200.0
5,20,3,0.0,0.0,0.0,2800.0,6600.0,4200.0
5,20,4,0.0,0.0,0.0,2800.0,6600.0,4200.0
5,20,5,2.838712,2.169159,1.856902,2800.0,6600.0,4200.0
5,20,6,54.180662,41.238698,35.441486,2800.0,6600.0,4200.0
5,20,7,195.62224600000002,149.066984,127.963424,2800.0,6600.0,4200.0
5,20,8,335.577321,256.380544,219.512985,2800.0,6600.0,4200.0
5,20,9,441.687418,338.409834,288.923349,2800.0,6600.0,4200.0
5,20,10,520.2825349999999,399.546724,340.335192,2800.0,6600.0,4200.0
5,20,11,554.166667,425.0,362.5,2800.0,6600.0,4200.0
5,20,12,554.166667,425.0,362.5,2800.0,6600.0,4200.0
5,20,13,554.166667,425.0,362.5,2800.0,6600.0,4200.0
5,20,14,507.18970299999995,390.25940399999996,331.77070799999996,2800.0,6600.0,4200.0
5,20,15,429.057692,329.491854,280.661799,2800.0,6600.0,4200.0
5,20,16,322.717946,247.344415,211.101213,2800.0,6600.0,4200.0
5,20,17,186.402729,142.59075399999998,121.93261199999999,2800.0,6600.0,4200.0
5,20,18,50.236919,38.404174,32.861744,2800.0,6600.0,4200.0
5,20,19,2.296326,1.772556,1.502108,2800.0,6600.0,4200.0
5,20,20,0.0,0.0,0.0,2800.0,6600.0,4200.0
5,20,21,0.0,0.0,0.0,2800.0,6600.0,4200.0
5,20,22,0.0,0.0,0.0,2800.0,6600.0,4200.0
5,20,23,0.0,0.0,0.0,2800.0,6600.0,4200.0
5,21,0,0.0,0.0,0.0,2800.0,6600.0,4200.0
5,21,1,0.0,0.0,0.0,2800.0,6600.0,4200.0
5,21,2,0.0,0.0,0.0,2800.0,6600.0,4200.0
5,21,3,0.0,0.0,0.0,2800.0,6600.0,4200.0
5,21,4,0.0,0.0,0.0,2800.0,6600.0,4200.0
5,21,5,3.544121,2.707203,2.3183350000000003,2800.0,6600.0,4200.0
5,21,6,56.381023,42.901321,36.88082,2800.0,6600.0,4200.0
5,21,7,201.85559099999998,153.541719,132.040875,2800.0,6600.0,4200.0
5,21,8,346.687641,264.153701,226.78063699999998,2800.0,6600.0,4200.0
5,21,9,457.659217,349.398052,299.371067,2800.0,6600.0,4200.0
5,21,10,540.002066,413.080333,353.234434,2800.0,6600.0,4200.0
5,21,11,554.166667,425.0,362.5,2800.0,6600.0,4200.0
5,21,12,362.05980999999997,276.55244799999997,236.836116,2800.0,6600.0,4200.0
5,21,13,469.394064,359.36812,307.047245,2800.0,6600.0,4200.0
5,21,14,371.150745,283.731922,242.782818,2800.0,6600.0,4200.0
5,21,15,222.595216,169.871633,145.607397,2800.0,6600.0,4200.0
5,21,16,336.119543,256.739482,219.867671,2800.0,6600.0,4200.0
5,21,17,193.66302100000001,147.64330999999999,126.681826,2800.0,6600.0,4200.0
5,21,18,52.713101,40.201496,34.481502,2800.0,6600.0,4200.0
5,21,19,3.066603,2.352728,2.005974,2800.0,6600.0,4200.0
5,21,20,0.0,0.0,0.0,2800.0,6600.0,4200.0
5,21,21,0.0,0.0,0.0,2800.0,6600.0,4200.0
5,21,22,0.0,0.0,0.0,2800.0,6600.0,4200.0
5,21,23,0.0,0.0,0.0,2800.0,6600.0,4200.0
5,22,0,0.0,0.0,0.0,2800.0,6600.0,4200.0
5,22,1,0.0,0.0,0.0,2800.0,6600.0,4200.0
5,22,2,0.0,0.0,0.0,2800.0,6600.0,4200.0
5,22,3,0.0,0.0,0.0,2800.0,6600.0,4200.0
5,22,4,0.0,0.0,0.0,2800.0,6600.0,4200.0
5,22,5,3.555117,2.710541,2.325528,2800.0,6600.0,4200.0
5,22,6,57.46385,43.688834,37.589135,2800.0,6600.0,4200.0
5,22,7,201.828361,153.570023,132.023063,2800.0,6600.0,4200.0
5,22,8,344.51017099999996,262.862153,225.356277,2800.0,6600.0,4200.0
5,22,9,451.700095,345.68769,295.472994,2800.0,6600.0,4200.0
5,22,10,530.305485,406.970993,346.89155800000003,2800.0,6600.0,4200.0
5,22,11,554.166667,425.0,362.5,2800.0,6600.0,4200.0
5,22,12,554.166667,425.0,362.5,2800.0,6600.0,4200.0
5,22,13,554.166667,425.0,362.5,2800.0,6600.0,4200.0
5,22,14,522.857752,401.81920299999996,342.01973300000003,2800.0,6600.0,4200.0
5,22,15,441.069512,338.41919199999995,288.51915399999996,2800.0,6600.0,4200.0
5,22,16,333.598556,255.343112,218.218604,2800.0,6600.0,4200.0
5,22,17,193.429214,147.741644,126.528884,2800.0,6600.0,4200.0
5,22,18,53.59366000000001,40.912375,35.057507,2800.0,6600.0,4200.0
5,22,19,2.989607,2.296564,1.955608,2800.0,6600.0,4200.0
5,22,20,0.0,0.0,0.0,2800.0,6600.0,4200.0
5,22,21,0.0,0.0,0.0,2800.0,6600.0,4200.0
5,22,22,0.0,0.0,0.0,2800.0,6600.0,4200.0
5,22,23,0.0,0.0,0.0,2800.0,6600.0,4200.0
5,23,0,0.0,0.0,0.0,2800.0,6600.0,4200.0
5,23,1,0.0,0.0,0.0,2800.0,6600.0,4200.0
5,23,2,0.0,0.0,0.0,2800.0,6600.0,4200.0
5,23,3,0.0,0.0,0.0,2800.0,6600.0,4200.0
5,23,4,0.0,0.0,0.0,2800.0,6600.0,4200.0
5,23,5,3.455183,2.639602,2.260157,2800.0,6600.0,4200.0
5,23,6,56.146729,42.765693,36.72756,2800.0,6600.0,4200.0
5,23,7,195.64959,149.20341200000001,127.981311,2800.0,5965.099051003621,4200.0
5,23,8,332.043476,254.124091,217.20137100000002,2800.0,5033.998538121269,4200.0
5,23,9,434.702545,333.799339,284.354296,2549.630956168769,3111.754316583931,3011.3751450812238
5,23,10,507.50757699999997,390.880609,331.978641,2800.0,4421.436551474658,4200.0
5,23,11,549.4276090000001,424.307779,359.400015,2800.0,6518.224790706034,4200.0
5,23,12,554.166667,425.0,362.5,2800.0,6600.0,4200.0
5,23,13,536.841532,415.648479,351.167017,2800.0,6600.0,4200.0
5,23,14,491.42026400000003,379.89996399999995,321.455361,2800.0,6600.0,4200.0
5,23,15,417.558786,321.923081,273.139958,2800.0,6600.0,4200.0
5,23,16,317.512287,244.033499,207.696007,2800.0,3860.699345383164,3736.160656822416
5,23,17,185.396451,142.081249,121.27436999999999,1786.5196926460033,2180.398050079768,2110.0626291094527
5,23,18,52.807849000000004,40.440036,34.54348,2364.2786071344885,2885.536882723194,2792.4550477966395
5,23,19,3.1317779999999997,2.4210030000000002,2.0486060000000004,2800.0,4798.06917736812,4200.0
5,23,20,0.0,0.0,0.0,2800.0,6600.0,4200.0
5,23,21,0.0,0.0,0.0,2800.0,6600.0,4200.0
5,23,22,0.0,0.0,0.0,2800.0,6600.0,4200.0
5,23,23,0.0,0.0,0.0,2800.0,6600.0,4200.0
5,24,0,0.0,0.0,0.0,2800.0,6600.0,4200.0
5,24,1,0.0,0.0,0.0,2800.0,6600.0,4200.0
5,24,2,0.0,0.0,0.0,2800.0,6600.0,4200.0
5,24,3,0.0,0.0,0.0,2800.0,6600.0,4200.0
5,24,4,0.0,0.0,0.0,2800.0,6600.0,4200.0
5,24,5,3.641114,2.794822,2.381781,2800.0,6600.0,4200.0
5,24,6,54.337153,41.504515,35.543852,2800.0,6600.0,4200.0
5,24,7,184.741269,141.309112,120.845793,2800.0,6600.0,4200.0
5,24,8,312.966647,240.37544699999998,204.722543,2800.0,6600.0,4200.0
5,24,9,352.22841,270.931444,230.40505,2800.0,6600.0,4200.0
5,24,10,473.36105599999996,365.522586,309.642195,2800.0,6600.0,4200.0
5,24,11,515.905455,398.86234,337.471989,2800.0,6600.0,4200.0
5,24,12,471.968125,364.30969500000003,308.731029,2800.0,6600.0,4200.0
5,24,13,460.524455,355.205929,301.24532,2800.0,6600.0,4200.0
5,24,14,346.25163,266.29631900000004,226.495427,2800.0,6600.0,4200.0
5,24,15,262.684648,201.604459,171.831311,2800.0,6600.0,4200.0
5,24,16,132.650002,101.639021,86.771054,2800.0,6600.0,4200.0
5,24,17,83.093864,63.621311999999996,54.354633,2800.0,6600.0,4200.0
5,24,18,48.969527,37.501951,32.032698,2800.0,6600.0,4200.0
5,24,19,2.9587,2.2877359999999998,1.9353900000000002,2800.0,6600.0,4200.0
5,24,20,0.0,0.0,0.0,2800.0,6600.0,4200.0
5,24,21,0.0,0.0,0.0,2800.0,6600.0,4200.0
5,24,22,0.0,0.0,0.0,2800.0,6600.0,4200.0
5,24,23,0.0,0.0,0.0,2800.0,6600.0,4200.0
5,25,0,0.0,0.0,0.0,2800.0,6600.0,4200.0
5,25,1,0.0,0.0,0.0,2800.0,6600.0,4200.0
5,25,2,0.0,0.0,0.0,2800.0,6600.0,4200.0
5,25,3,0.0,0.0,0.0,2800.0,6600.0,4200.0
5,25,4,0.0,0.0,0.0,2800.0,6600.0,4200.0
5,25,5,2.98467,2.30518,1.952378,2800.0,6600.0,4200.0
5,25,6,49.447914,37.825151,32.345628,2800.0,6600.0,4200.0
5,25,7,172.045802,131.613381,112.541239,2800.0,6600.0,4200.0
5,25,8,296.471643,227.46203,193.932578,2800.0,6600.0,4200.0
5,25,9,302.38000900000003,232.246759,197.797449,2800.0,6600.0,4200.0
5,25,10,334.78582900000004,257.445185,218.995242,2800.0,6600.0,4200.0
5,25,11,366.126847,281.825126,239.496509,2800.0,6600.0,4200.0
5,25,12,238.66795199999999,183.319238,156.121141,2800.0,6600.0,4200.0
5,25,13,505.266074,390.74001400000003,330.512394,2800.0,6600.0,4200.0
5,25,14,461.785118,356.509006,302.06996399999997,2800.0,6600.0,4200.0
5,25,15,388.951934,299.433406,254.427205,2800.0,6600.0,4200.0
5,25,16,60.970431,46.784902,39.882913,2800.0,6600.0,4200.0
5,25,17,145.17200200000002,111.27817900000001,94.962137,2800.0,6600.0,4200.0
5,25,18,2.0909299999999997,1.632846,1.367751,2800.0,6600.0,4200.0
5,25,19,-0.0,-0.0,-0.0,2800.0,6600.0,4200.0
5,25,20,0.0,0.0,0.0,2800.0,6600.0,4200.0
5,25,21,0.0,0.0,0.0,2800.0,6600.0,4200.0
5,25,22,0.0,0.0,0.0,2800.0,6600.0,4200.0
5,25,23,0.0,0.0,0.0,2800.0,6600.0,4200.0
5,26,0,0.0,0.0,0.0,2800.0,6600.0,4200.0
5,26,1,0.0,0.0,0.0,2800.0,6600.0,4200.0
5,26,2,0.0,0.0,0.0,2800.0,6600.0,4200.0
5,26,3,0.0,0.0,0.0,2800.0,6600.0,4200.0
5,26,4,0.0,0.0,0.0,2800.0,6600.0,4200.0
5,26,5,-0.0,-0.0,-0.0,2800.0,6600.0,4200.0
5,26,6,6.802052,5.239177,4.449463,2800.0,6600.0,4200.0
5,26,7,50.995884,39.067172,33.35821,2800.0,6600.0,4200.0
5,26,8,105.585633,80.85424499999999,69.06729399999999,2800.0,6600.0,4200.0
5,26,9,133.829691,102.50418499999999,87.542731,2800.0,6600.0,4200.0
5,26,10,251.871048,193.237372,164.757753,2800.0,6600.0,4200.0
5,26,11,218.754567,167.80155100000002,143.095093,2800.0,6600.0,4200.0
5,26,12,430.225365,331.57541399999997,281.425615,2800.0,6600.0,4200.0
5,26,13,16.708444,12.879902,10.929584,2800.0,6600.0,4200.0
5,26,14,345.09947999999997,265.507429,225.74176500000002,2800.0,6600.0,4200.0
5,26,15,218.18047099999998,167.49983300000002,142.719556,2800.0,6600.0,4200.0
5,26,16,290.339674,223.171468,189.921441,2800.0,6600.0,4200.0
5,26,17,171.01909899999998,131.220749,111.869636,2800.0,6600.0,4200.0
5,26,18,56.753135,43.529537,37.124231,2800.0,6600.0,4200.0
5,26,19,5.021166,3.880241,3.284522,2800.0,6600.0,4200.0
5,26,20,0.0,0.0,0.0,2800.0,6600.0,4200.0
5,26,21,0.0,0.0,0.0,2800.0,6600.0,4200.0
5,26,22,0.0,0.0,0.0,2800.0,6600.0,4200.0
5,26,23,0.0,0.0,0.0,2800.0,6600.0,4200.0
5,27,0,0.0,0.0,0.0,2800.0,6600.0,4200.0
5,27,1,0.0,0.0,0.0,2800.0,6600.0,4200.0
5,27,2,0.0,0.0,0.0,2800.0,6600.0,4200.0
5,27,3,0.0,0.0,0.0,2800.0,6600.0,4200.0
5,27,4,0.0,0.0,0.0,2800.0,6600.0,4200.0
5,27,5,5.089353,3.9152579999999997,3.329126,2800.0,6600.0,4200.0
5,27,6,59.694500999999995,45.662465,39.048283000000005,2800.0,6600.0,4200.0
5,27,7,170.658761,130.846791,111.633926,2800.0,6600.0,4200.0
5,27,8,284.22054499999996,218.991536,185.918702,2800.0,6600.0,4200.0
5,27,9,373.28929,288.862927,244.181716,2800.0,6600.0,4200.0
5,27,10,435.100752,338.170078,284.614777,2800.0,6600.0,4200.0
5,27,11,413.801262,322.010124,270.682028,2800.0,6600.0,4200.0
5,27,12,415.535004,323.825043,271.81613,2800.0,6600.0,4200.0
5,27,13,379.378862,294.378027,248.16512,2800.0,6600.0,4200.0
5,27,14,315.726478,243.963752,206.52784599999998,2800.0,6600.0,4200.0
5,27,15,351.892147,271.767985,230.185089,2800.0,6600.0,4200.0
5,27,16,245.683324,189.149533,160.710144,2800.0,6600.0,4200.0
5,27,17,134.611028,103.408993,88.05383,2800.0,6518.224790706034,4200.0
5,27,18,51.492749,39.547988,33.683227,2800.0,6600.0,4200.0
5,27,19,5.46294,4.226865,3.573502,2800.0,6600.0,4200.0
5,27,20,0.0,0.0,0.0,2800.0,6600.0,4200.0
5,27,21,0.0,0.0,0.0,2800.0,6600.0,4200.0
5,27,22,0.0,0.0,0.0,2800.0,6600.0,4200.0
5,27,23,0.0,0.0,0.0,2800.0,6600.0,4200.0
5,28,0,0.0,0.0,0.0,2800.0,6600.0,4200.0
5,28,1,0.0,0.0,0.0,2800.0,6600.0,4200.0
5,28,2,0.0,0.0,0.0,2800.0,6600.0,4200.0
5,28,3,0.0,0.0,0.0,2800.0,6600.0,4200.0
5,28,4,0.0,0.0,0.0,2800.0,6600.0,4200.0
5,28,5,5.1954780000000005,4.006665,3.3985459999999996,2800.0,6600.0,4200.0
5,28,6,51.31632,39.312366000000004,33.567819,2800.0,6600.0,4200.0
5,28,7,167.54626000000002,128.406161,109.59792999999999,2800.0,6600.0,4200.0
5,28,8,187.165417,143.59173800000002,122.43151300000001,2800.0,6600.0,4200.0
5,28,9,378.746097,291.76006900000004,247.751207,2800.0,6600.0,4200.0
5,28,10,281.993209,217.04138500000002,184.461723,2800.0,6600.0,4200.0
5,28,11,429.186451,331.59507900000006,280.746024,2800.0,6600.0,4200.0
5,28,12,318.592983,245.52612,208.402929,2800.0,6600.0,4200.0
5,28,13,479.95707,371.556076,313.95688,2800.0,6600.0,4200.0
5,28,14,440.468145,340.48235,288.12577899999997,2800.0,6600.0,4200.0
5,28,15,370.89498599999996,286.249801,242.61551699999998,2800.0,6600.0,4200.0
5,28,16,278.284825,214.34418599999998,182.035938,2800.0,6600.0,4200.0
5,28,17,165.460451,127.21247500000001,108.233528,2800.0,6600.0,4200.0
5,28,18,58.264489999999995,44.790309,38.112862,2800.0,6600.0,4200.0
5,28,19,5.91431,4.581644,3.868759,2800.0,6600.0,4200.0
5,28,20,0.0,0.0,0.0,2800.0,6600.0,4200.0
5,28,21,0.0,0.0,0.0,2800.0,6600.0,4200.0
5,28,22,0.0,0.0,0.0,2800.0,6600.0,4200.0
5,28,23,0.0,0.0,0.0,2800.0,6600.0,4200.0
5,29,0,0.0,0.0,0.0,2800.0,6600.0,4200.0
5,29,1,0.0,0.0,0.0,2800.0,6600.0,4200.0
5,29,2,0.0,0.0,0.0,2800.0,6600.0,4200.0
5,29,3,0.0,0.0,0.0,2800.0,6600.0,4200.0
5,29,4,0.0,0.0,0.0,2800.0,6600.0,4200.0
5,29,5,5.358478,4.146407,3.50517,2800.0,6600.0,4200.0
5,29,6,55.73804,42.773728999999996,36.460222,2800.0,6600.0,4200.0
5,29,7,168.225592,129.25277,110.042305,2800.0,6600.0,4200.0
5,29,8,283.20615399999997,218.416892,185.25515299999998,2800.0,6600.0,4200.0
5,29,9,373.39045,289.184709,244.247889,2800.0,6600.0,4200.0
5,29,10,436.01534200000003,339.11787699999996,285.213043,2800.0,6600.0,4200.0
5,29,11,472.010133,368.200956,308.75850799999995,2800.0,6600.0,4200.0
5,29,12,486.97870400000005,379.950365,318.549979,2800.0,6600.0,4200.0
5,29,13,474.26114399999994,369.25629399999997,310.230974,2800.0,6600.0,4200.0
5,29,14,438.020749,340.008043,286.524851,2800.0,6600.0,4200.0
5,29,15,367.631617,284.660245,240.480832,2800.0,6600.0,4200.0
5,29,16,276.750733,213.65105799999998,181.032435,2800.0,6600.0,4200.0
5,29,17,164.346343,126.559509,107.504751,2800.0,6600.0,4200.0
5,29,18,58.741738,45.217455,38.425047,2800.0,6600.0,4200.0
5,29,19,6.109535,4.740326,3.9964630000000003,2800.0,6600.0,4200.0
5,29,20,0.0,0.0,0.0,2800.0,6600.0,4200.0
5,29,21,0.0,0.0,0.0,2800.0,6600.0,4200.0
5,29,22,0.0,0.0,0.0,2800.0,6600.0,4200.0
5,29,23,0.0,0.0,0.0,2800.0,6600.0,4200.0
5,30,0,0.0,0.0,0.0,2800.0,6600.0,4200.0
5,30,1,0.0,0.0,0.0,2800.0,6600.0,4200.0
5,30,2,0.0,0.0,0.0,2800.0,6600.0,4200.0
5,30,3,0.0,0.0,0.0,2800.0,6600.0,4200.0
5,30,4,0.0,0.0,0.0,2800.0,6600.0,4200.0
5,30,5,5.556022,4.2987709999999995,3.63439,2800.0,6600.0,4200.0
5,30,6,59.041801,45.336538,38.621328,2800.0,6600.0,4200.0
5,30,7,161.922228,124.49888800000001,105.91905100000001,2800.0,6600.0,4200.0
5,30,8,269.91200699999996,208.24144,176.558982,2800.0,6600.0,4200.0
5,30,9,228.87212899999997,176.379693,149.713347,2800.0,6237.575082367505,4200.0
5,30,10,307.089439,237.17727299999999,200.878054,2800.0,6600.0,4200.0
5,30,11,331.07948200000004,255.867296,216.570789,2800.0,6600.0,4200.0
5,30,12,404.65236,313.34944199999995,264.697408,2800.0,6600.0,4200.0
5,30,13,356.10924,275.37352000000004,232.943638,2800.0,6600.0,4200.0
5,30,14,294.92645,227.619502,192.921813,2800.0,6600.0,4200.0
5,30,15,325.21126899999996,251.303336,212.732183,2800.0,6600.0,4200.0
5,30,16,212.631865,163.836524,139.090017,2800.0,6600.0,4200.0
5,30,17,51.335980000000006,39.498904,33.580678,2800.0,6600.0,4200.0
5,30,18,53.158894000000004,40.884065,34.773111,2800.0,6600.0,4200.0
5,30,19,6.613796000000001,5.120037999999999,4.3263180000000006,2800.0,6600.0,4200.0
5,30,20,0.0,0.0,0.0,2800.0,6600.0,4200.0
5,30,21,0.0,0.0,0.0,2800.0,6600.0,4200.0
5,30,22,0.0,0.0,0.0,2800.0,6600.0,4200.0
5,30,23,0.0,0.0,0.0,2800.0,6600.0,4200.0
5,31,0,0.0,0.0,0.0,2800.0,6600.0,4200.0
5,31,1,0.0,0.0,0.0,2800.0,6600.0,4200.0
5,31,2,0.0,0.0,0.0,2800.0,6600.0,4200.0
5,31,3,0.0,0.0,0.0,2800.0,6600.0,4200.0
5,31,4,0.0,0.0,0.0,2800.0,6600.0,4200.0
5,31,5,6.250519000000001,4.83235,4.088685,2800.0,6600.0,4200.0
5,31,6,51.764585,39.737413999999994,33.861044,2800.0,6600.0,4200.0
5,31,7,164.679415,126.461716,107.722625,2800.0,6600.0,4200.0
5,31,8,276.799905,213.156553,181.064599,2800.0,6600.0,4200.0
5,31,9,326.323087,251.76791699999998,213.459463,2800.0,6600.0,4200.0
5,31,10,382.555536,295.701525,250.243095,2800.0,6600.0,4200.0
5,31,11,436.225957,338.171783,285.350814,2800.0,6600.0,4200.0
5,31,12,417.120549,323.312227,272.853291,2800.0,6600.0,4200.0
5,31,13,424.591826,329.416731,277.740518,2800.0,6600.0,4200.0
5,31,14,324.388985,250.593966,212.194298,2800.0,6600.0,4200.0
5,31,15,202.986016,156.238827,132.780327,2800.0,6600.0,4200.0
5,31,16,33.381347,25.69468,21.835919,2800.0,6600.0,4200.0
5,31,17,94.81945,72.827152,62.024753,2800.0,6600.0,4200.0
5,31,18,21.573349999999998,16.608425,14.111889999999999,2800.0,6600.0,4200.0
5,31,19,0.038058999999999996,0.053533000000000004,0.024896,2800.0,6600.0,4200.0
5,31,20,0.0,0.0,0.0,2800.0,6600.0,4200.0
5,31,21,0.0,0.0,0.0,2800.0,6600.0,4200.0
5,31,22,0.0,0.0,0.0,2800.0,6600.0,4200.0
5,31,23,0.0,0.0,0.0,2800.0,6600.0,4200.0
6,1,0,0.0,0.0,0.0,2800.0,6600.0,4200.0
6,1,1,0.0,0.0,0.0,2800.0,6600.0,4200.0
6,1,2,0.0,0.0,0.0,2800.0,6600.0,4200.0
6,1,3,0.0,0.0,0.0,2800.0,6600.0,4200.0
6,1,4,0.0,0.0,0.0,2800.0,6600.0,4200.0
6,1,5,-0.0,-0.0,-0.0,2800.0,3535.5380679260493,3421.48845283166
6,1,6,0.172738,0.15038900000000002,0.112994,2800.0,5876.06920203001,4200.0
6,1,7,45.436271999999995,34.835315,29.721471,2800.0,6600.0,4200.0
6,1,8,61.064053,46.841412,39.944155,2800.0,6600.0,4200.0
6,1,9,98.471916,75.53612,64.41396,2800.0,6600.0,4200.0
6,1,10,248.897247,191.30553899999998,162.81248499999998,2800.0,6600.0,4200.0
6,1,11,356.761231,275.002566,233.370129,2800.0,6600.0,4200.0
6,1,12,438.77984499999997,338.939119,287.021402,2800.0,6600.0,4200.0
6,1,13,432.03846999999996,333.867377,282.611631,2800.0,6600.0,4200.0
6,1,14,410.81027,317.115044,268.72551500000003,2800.0,6600.0,4200.0
6,1,15,278.58514,214.286124,182.23238500000002,2800.0,4954.515830178791,4200.0
6,1,16,125.981217,96.657151,82.408766,2800.0,3535.5380679260493,3421.48845283166
6,1,17,63.450699,48.681707,41.505345,2800.0,3472.7785151730586,3360.753401780379
6,1,18,21.81284,16.76958,14.26855,2597.435303258585,3170.098204764415,3067.83697235266
6,1,19,1.413689,1.107412,0.924744,2800.0,4798.06917736812,4200.0
6,1,20,0.0,0.0,0.0,2800.0,6600.0,4200.0
6,1,21,0.0,0.0,0.0,2800.0,6600.0,4200.0
6,1,22,0.0,0.0,0.0,2800.0,6600.0,4200.0
6,1,23,0.0,0.0,0.0,2800.0,6600.0,4200.0
6,2,0,0.0,0.0,0.0,2800.0,6600.0,4200.0
6,2,1,0.0,0.0,0.0,2800.0,6600.0,4200.0
6,2,2,0.0,0.0,0.0,2800.0,6600.0,4200.0
6,2,3,0.0,0.0,0.0,2800.0,6600.0,4200.0
6,2,4,0.0,0.0,0.0,2800.0,6600.0,4200.0
6,2,5,1.26323,0.984169,0.826323,2800.0,6600.0,4200.0
6,2,6,19.655229,15.068007,12.85718,2800.0,6600.0,4200.0
6,2,7,33.519862,25.676258,21.926526000000003,2800.0,6600.0,4200.0
6,2,8,61.940572,47.423838,40.517517,2800.0,6600.0,4200.0
6,2,9,156.826758,120.240693,102.585924,2800.0,6600.0,4200.0
6,2,10,249.593159,191.818927,163.267706,2800.0,6600.0,4200.0
6,2,11,268.037312,206.12949799999998,175.33267800000002,2800.0,6600.0,4200.0
6,2,12,337.44021100000003,260.265517,220.731567,2800.0,6600.0,4200.0
6,2,13,283.860885,218.521858,185.683436,2800.0,6600.0,4200.0
6,2,14,304.303497,234.351781,199.055671,2800.0,6600.0,4200.0
6,2,15,338.36330300000003,260.78709200000003,221.335394,2800.0,6600.0,4200.0
6,2,16,208.44164,160.099867,136.349042,2800.0,6600.0,4200.0
6,2,17,160.06035200000002,122.781404,104.701133,2800.0,6600.0,4200.0
6,2,18,49.990701,38.33444,32.700684,2800.0,6600.0,4200.0
6,2,19,8.006065,6.166496,5.23705,2800.0,6600.0,4200.0
6,2,20,0.0,0.0,0.0,2800.0,6600.0,4200.0
6,2,21,0.0,0.0,0.0,2800.0,6600.0,4200.0
6,2,22,0.0,0.0,0.0,2800.0,6600.0,4200.0
6,2,23,0.0,0.0,0.0,2800.0,6600.0,4200.0
6,3,0,0.0,0.0,0.0,2800.0,6600.0,4200.0
6,3,1,0.0,0.0,0.0,2800.0,6600.0,4200.0
6,3,2,0.0,0.0,0.0,2800.0,6600.0,4200.0
6,3,3,0.0,0.0,0.0,2800.0,6600.0,4200.0
6,3,4,0.0,0.0,0.0,2800.0,6600.0,4200.0
6,3,5,6.520292,5.010222,4.265153000000001,2800.0,6600.0,4200.0
6,3,6,57.120682,43.676866000000004,37.364656000000004,2800.0,6600.0,4200.0
6,3,7,182.09016699999998,139.290803,119.11161299999999,2800.0,6600.0,4200.0
6,3,8,309.61475,237.338065,202.529949,2800.0,6600.0,4200.0
6,3,9,408.699007,314.058782,267.34446299999996,2800.0,6600.0,4200.0
6,3,10,481.34088299999996,370.77430599999997,314.862081,2800.0,6600.0,4200.0
6,3,11,382.869766,294.259389,250.448644,2800.0,6600.0,4200.0
6,3,12,215.101392,164.84421,140.705422,2800.0,6600.0,4200.0
6,3,13,279.30740299999997,214.244101,182.70484299999998,2800.0,6600.0,4200.0
6,3,14,336.904461,258.705991,220.381114,2800.0,6600.0,4200.0
6,3,15,19.710476999999997,15.154755999999999,12.893319,2800.0,6600.0,4200.0
6,3,16,286.321657,219.646841,187.293114,2800.0,6600.0,4200.0
6,3,17,150.635818,115.326022,98.536212,2800.0,6600.0,4200.0
6,3,18,57.788451,44.234762,37.801468,2800.0,6600.0,4200.0
6,3,19,7.830068,6.02149,5.121924,2800.0,6600.0,4200.0
6,3,20,0.0,0.0,0.0,2800.0,6600.0,4200.0
6,3,21,0.0,0.0,0.0,2800.0,6600.0,4200.0
6,3,22,0.0,0.0,0.0,2800.0,6600.0,4200.0
6,3,23,0.0,0.0,0.0,2800.0,6600.0,4200.0
6,4,0,0.0,0.0,0.0,2800.0,6600.0,4200.0
6,4,1,0.0,0.0,0.0,2800.0,6600.0,4200.0
6,4,2,0.0,0.0,0.0,2800.0,6600.0,4200.0
6,4,3,0.0,0.0,0.0,2800.0,6600.0,4200.0
6,4,4,0.0,0.0,0.0,2800.0,6600.0,4200.0
6,4,5,0.989727,0.769057,0.6474160000000001,2800.0,6600.0,4200.0
6,4,6,23.24568,17.780378,15.205821,2800.0,6600.0,4200.0
6,4,7,41.718601,31.884848,27.289611,2800.0,6600.0,4200.0
6,4,8,246.51778,188.62841500000002,161.25599100000002,2800.0,6600.0,4200.0
6,4,9,376.01257699999996,288.82830099999995,245.963114,2800.0,6600.0,4200.0
6,4,10,438.638426,337.724129,286.928895,2800.0,6600.0,4200.0
6,4,11,475.567715,366.641571,311.085648,2800.0,6600.0,4200.0
6,4,12,552.767914,425.0,361.585026,2800.0,6600.0,4200.0
6,4,13,537.625402,415.204757,351.67977399999995,2800.0,6600.0,4200.0
6,4,14,494.19064299999997,381.15819799999997,323.267564,2800.0,6600.0,4200.0
6,4,15,422.477287,325.082836,276.35732299999995,2800.0,6600.0,4200.0
6,4,16,322.76211700000005,247.859612,211.13010699999998,2800.0,6600.0,4200.0
6,4,17,194.39065100000002,148.963835,127.157794,2800.0,6600.0,4200.0
6,4,18,62.312144,47.700374000000004,40.760576,2800.0,6600.0,4200.0
6,4,19,7.2352229999999995,5.566198,4.7328149999999996,2800.0,6600.0,4200.0
6,4,20,0.0,0.0,0.0,2800.0,6600.0,4200.0
6,4,21,0.0,0.0,0.0,2800.0,6600.0,4200.0
6,4,22,0.0,0.0,0.0,2800.0,6600.0,4200.0
6,4,23,0.0,0.0,0.0,2800.0,6600.0,4200.0
6,5,0,0.0,0.0,0.0,2800.0,6600.0,4200.0
6,5,1,0.0,0.0,0.0,2800.0,6055.023664834879,4200.0
6,5,2,0.0,0.0,0.0,2794.6277004301824,3410.766091076207,3300.741378460845
6,5,3,0.0,0.0,0.0,648.3361095823518,791.2763542146813,765.7513105303368
6,5,4,0.0,0.0,0.0,10.73790949749664,13.105322615054956,12.682570272633829
6,5,5,6.918769,5.315455,4.525812,71.8766678693094,87.7234922814406,84.89370220784575
6,5,6,58.310123,44.590961,38.142712,791.1870845831577,965.6220323652713,934.4729345470366
6,5,7,187.47061300000001,143.46703,122.63115300000001,1003.7965929387176,1225.1060779960724,1185.5865270929733
6,5,8,316.41618,242.860309,206.979005,1373.4523042863404,1676.2606863337226,1622.1877609681185
6,5,9,415.15934100000004,319.628081,271.570396,2061.927887690667,2516.5261621421523,2435.347898847244
6,5,10,437.11076199999997,336.929125,285.929597,2800.0,3663.3164546975977,3545.1449561589657
6,5,11,529.865547,409.811891,346.603779,2800.0,4134.733013236745,4001.3545289387857
6,5,12,541.950792,419.746185,354.509164,2800.0,3860.699345383164,3736.160656822416
6,5,13,522.235127,404.448202,341.61245199999996,2800.0,3728.344236364732,3608.075067449741
6,5,14,475.58146899999997,367.95756300000005,311.094645,2364.2786071344885,2885.536882723194,2792.4550477966395
6,5,15,402.805138,311.095381,263.489075,1786.5196926460033,2180.398050079768,2110.0626291094527
6,5,16,306.02561599999996,235.874351,200.18217,905.1368564268978,1104.694588552513,1069.0592792443674
6,5,17,183.32692600000001,140.935307,119.92062,96.20130752809575,117.41104462090426,113.62359156861704
6,5,18,59.851208,45.976144999999995,39.15079,96.20130752809575,117.41104462090426,113.62359156861704
6,5,19,7.444262,5.75439,4.869555,1570.9465066065366,1917.296917511915,1855.44862985024
6,5,20,0.0,0.0,0.0,2800.0,3728.344236364732,3608.075067449741
6,5,21,0.0,0.0,0.0,2694.829168782761,3288.9647335537634,3182.869096987513
6,5,22,0.0,0.0,0.0,1570.9465066065366,1917.296917511915,1855.44862985024
6,5,23,0.0,0.0,0.0,648.3361095823518,791.2763542146813,765.7513105303368
6,6,0,0.0,0.0,0.0,101.6454080931955,124.05541932634095,120.0536316061364
6,6,1,0.0,0.0,0.0,183.74862734385428,224.2601357346253,217.0259378077019
6,6,2,0.0,0.0,0.0,1940.6700324713545,2368.5342915988967,2292.129959611836
6,6,3,0.0,0.0,0.0,2800.0,6600.0,4200.0
6,6,4,0.0,0.0,0.0,2800.0,6600.0,4200.0
6,6,5,6.413942,4.937702,4.1955860000000005,2800.0,6600.0,4200.0
6,6,6,56.199659,43.068425000000005,36.762183,2800.0,6600.0,4200.0
6,6,7,177.835002,136.63615900000002,116.328159,2800.0,6600.0,4200.0
6,6,8,297.280527,229.41017300000001,194.461698,2800.0,6600.0,4200.0
6,6,9,389.67925,301.744124,254.902968,2800.0,6600.0,4200.0
6,6,10,456.41799699999996,354.31763,298.559141,2800.0,6600.0,4200.0
6,6,11,502.511848,390.360177,328.710758,2800.0,6600.0,4200.0
6,6,12,517.73632,402.22387699999996,338.669623,2800.0,6600.0,4200.0
6,6,13,463.55962300000004,359.06863,303.23073100000005,2800.0,6600.0,4200.0
6,6,14,427.419625,330.46529200000003,279.590281,2800.0,6600.0,4200.0
6,6,15,361.792581,279.258914,236.661312,2800.0,6600.0,4200.0
6,6,16,278.28153299999997,214.281917,182.033785,2800.0,6600.0,4200.0
6,6,17,81.283641,62.415706,53.170502,2800.0,6600.0,4200.0
6,6,18,39.161358,30.07536,25.616828,2800.0,6600.0,4200.0
6,6,19,5.731649,4.429323999999999,3.7492739999999998,2800.0,6600.0,4200.0
6,6,20,0.0,0.0,0.0,2800.0,6600.0,4200.0
6,6,21,0.0,0.0,0.0,2800.0,6600.0,4200.0
6,6,22,0.0,0.0,0.0,2800.0,6600.0,4200.0
6,6,23,0.0,0.0,0.0,2800.0,6600.0,4200.0
6,7,0,0.0,0.0,0.0,2800.0,6600.0,4200.0
6,7,1,0.0,0.0,0.0,2800.0,6600.0,4200.0
6,7,2,0.0,0.0,0.0,2800.0,6600.0,4200.0
6,7,3,0.0,0.0,0.0,2800.0,6600.0,4200.0
6,7,4,0.0,0.0,0.0,2800.0,6600.0,4200.0
6,7,5,8.297203999999999,6.3798829999999995,5.4274949999999995,2800.0,6600.0,4200.0
6,7,6,51.711746,39.585784,33.826480000000004,2800.0,6600.0,4200.0
6,7,7,110.420211,84.54369,72.22976200000001,2800.0,6600.0,4200.0
6,7,8,97.642064,74.78686,63.871124,2800.0,6600.0,4200.0
6,7,9,187.298203,143.63512899999998,122.518374,2800.0,6600.0,4200.0
6,7,10,156.088525,119.68267200000001,102.10302,2800.0,6600.0,4200.0
6,7,11,111.495548,85.453254,72.933178,2800.0,6600.0,4200.0
6,7,12,155.96331099999998,119.571432,102.021113,2800.0,6600.0,4200.0
6,7,13,90.101535,69.061883,58.938598,2800.0,6600.0,4200.0
6,7,14,233.034641,178.913791,152.436194,2800.0,6600.0,4200.0
6,7,15,268.531792,206.290659,175.656135,2800.0,6600.0,4200.0
6,7,16,250.34135,192.30203,163.757124,2800.0,6600.0,4200.0
6,7,17,94.751118,72.624124,61.980053999999996,2800.0,6600.0,4200.0
6,7,18,58.959612,45.223108,38.567566,2800.0,6600.0,4200.0
6,7,19,9.996919,7.699224,6.539338,2800.0,6600.0,4200.0
6,7,20,0.0,0.0,0.0,2800.0,6600.0,4200.0
6,7,21,0.0,0.0,0.0,2800.0,6600.0,4200.0
6,7,22,0.0,0.0,0.0,2800.0,6600.0,4200.0
6,7,23,0.0,0.0,0.0,2800.0,6600.0,4200.0
6,8,0,0.0,0.0,0.0,2800.0,6600.0,4200.0
6,8,1,0.0,0.0,0.0,2800.0,6600.0,4200.0
6,8,2,0.0,0.0,0.0,2800.0,6600.0,4200.0
6,8,3,0.0,0.0,0.0,2800.0,6600.0,4200.0
6,8,4,0.0,0.0,0.0,2800.0,6600.0,4200.0
6,8,5,8.579932000000001,6.590845,5.612437,2800.0,6600.0,4200.0
6,8,6,62.449283,47.771296,40.850283000000005,2800.0,6600.0,4200.0
6,8,7,173.62071,132.916151,113.57144199999999,2800.0,6600.0,4200.0
6,8,8,290.548772,223.139792,190.058219,2800.0,6600.0,4200.0
6,8,9,386.451029,297.527684,252.79127400000002,2800.0,6600.0,4200.0
6,8,10,452.89756,349.59529499999996,296.256299,2800.0,6600.0,4200.0
6,8,11,496.98564600000003,384.50837,325.09587400000004,2800.0,6600.0,4200.0
6,8,12,511.56568400000003,396.392781,334.633192,2800.0,6600.0,4200.0
6,8,13,497.791467,385.614731,325.62299,2800.0,6600.0,4200.0
6,8,14,323.736618,249.54307,211.767562,2800.0,6600.0,4200.0
6,8,15,92.895443,71.34175900000001,60.766192000000004,2800.0,6600.0,4200.0
6,8,16,44.069989,33.869476000000006,28.827737000000003,2800.0,6600.0,4200.0
6,8,17,177.015722,135.924121,115.792239,2800.0,6600.0,4200.0
6,8,18,67.53962200000001,51.830222,44.180054,2800.0,6600.0,4200.0
6,8,19,11.171876000000001,8.605041,7.307919,2800.0,6600.0,4200.0
6,8,20,0.0,0.0,0.0,2800.0,6600.0,4200.0
6,8,21,0.0,0.0,0.0,2800.0,6600.0,4200.0
6,8,22,0.0,0.0,0.0,2800.0,6600.0,4200.0
6,8,23,0.0,0.0,0.0,2800.0,6600.0,4200.0
6,9,0,0.0,0.0,0.0,2800.0,6600.0,4200.0
6,9,1,0.0,0.0,0.0,2800.0,6600.0,4200.0
6,9,2,0.0,0.0,0.0,2800.0,6600.0,4200.0
6,9,3,0.0,0.0,0.0,2800.0,6600.0,4200.0
6,9,4,0.0,0.0,0.0,2800.0,6600.0,4200.0
6,9,5,8.288772999999999,6.358555,5.421979,2800.0,6600.0,4200.0
6,9,6,12.226538,9.379736999999999,7.99781,2800.0,6600.0,4200.0
6,9,7,185.03229199999998,141.456447,121.03616099999999,2800.0,6600.0,4200.0
6,9,8,73.949154,56.597574,48.372755,2800.0,6600.0,4200.0
6,9,9,84.132378,64.41346300000001,55.033962,2800.0,6600.0,4200.0
6,9,10,382.53405300000003,293.873305,250.229042,2800.0,6600.0,4200.0
6,9,11,368.436066,282.990444,241.00705,2800.0,6600.0,4200.0
6,9,12,363.550555,279.212938,237.81126500000002,2800.0,6600.0,4200.0
6,9,13,387.890261,298.07390000000004,253.732727,2800.0,6600.0,4200.0
6,9,14,225.374872,172.622746,147.425668,2800.0,6600.0,4200.0
6,9,15,422.862076,325.014189,276.609027,2800.0,6600.0,4200.0
6,9,16,280.954765,215.268472,183.78244,2800.0,6600.0,4200.0
6,9,17,181.766256,139.046657,118.899732,2800.0,6600.0,4200.0
6,9,18,61.693708,47.193951,40.356035000000006,2800.0,6600.0,4200.0
6,9,19,9.528521000000001,7.31666,6.232942,2800.0,6600.0,4200.0
6,9,20,0.0,0.0,0.0,2800.0,6600.0,4200.0
6,9,21,0.0,0.0,0.0,2800.0,6600.0,4200.0
6,9,22,0.0,0.0,0.0,2800.0,6600.0,4200.0
6,9,23,0.0,0.0,0.0,2800.0,6600.0,4200.0
6,10,0,0.0,0.0,0.0,2800.0,6600.0,4200.0
6,10,1,0.0,0.0,0.0,2800.0,6600.0,4200.0
6,10,2,0.0,0.0,0.0,2800.0,6600.0,4200.0
6,10,3,0.0,0.0,0.0,2800.0,6600.0,4200.0
6,10,4,0.0,0.0,0.0,2800.0,6600.0,4200.0
6,10,5,7.012307,5.374407,4.5869979999999995,2800.0,6600.0,4200.0
6,10,6,55.0921,42.060777,36.037689,2800.0,6600.0,4200.0
6,10,7,172.562514,131.75424900000002,112.879238,2800.0,6600.0,4200.0
6,10,8,248.902534,190.322511,162.815943,2800.0,6600.0,4200.0
6,10,9,361.448723,277.151616,236.436383,2800.0,6600.0,4200.0
6,10,10,428.377759,329.192271,280.217031,2800.0,6600.0,4200.0
6,10,11,551.781669,425.0,360.93988900000005,2800.0,6600.0,4200.0
6,10,12,554.166667,425.0,362.5,2800.0,6600.0,4200.0
6,10,13,549.9274379999999,424.575904,359.726971,2800.0,6600.0,4200.0
6,10,14,503.07979700000004,388.072805,329.082274,2800.0,6600.0,4200.0
6,10,15,430.303826,331.09409999999997,281.476939,2800.0,6600.0,4200.0
6,10,16,329.91408,253.27721400000001,215.808458,2800.0,6600.0,4200.0
6,10,17,201.443492,154.264864,131.771307,2800.0,6600.0,4200.0
6,10,18,66.907648,51.172522,43.766657,2800.0,6600.0,4200.0
6,10,19,8.92624,6.85149,5.838969,2800.0,6600.0,4200.0
6,10,20,0.0,0.0,0.0,2800.0,5965.099051003621,4200.0
6,10,21,0.0,0.0,0.0,2744.426018516277,3349.496321811205,3241.448053365682
6,10,22,0.0,0.0,0.0,1281.237390674447,1563.7149256262935,1513.2725086706066
6,10,23,0.0,0.0,0.0,362.10752792468406,441.94225849075616,427.6860566039575
6,11,0,0.0,0.0,0.0,96.20130752809575,117.41104462090426,113.62359156861704
6,11,1,0.0,0.0,0.0,145.60448877556777,177.70626582844886,171.97380564043436
6,11,2,0.0,0.0,0.0,1082.3203053763452,1320.942104986878,1278.3310693421402
6,11,3,0.0,0.0,0.0,2800.0,6600.0,4200.0
6,11,4,0.0,0.0,0.0,2800.0,6600.0,4200.0
6,11,5,8.404157999999999,6.433446,5.497457000000001,2800.0,6600.0,4200.0
6,11,6,50.435143,38.493964,32.991409,2800.0,6600.0,4200.0
6,11,7,162.478158,124.089379,106.282705,2800.0,6600.0,4200.0
6,11,8,307.25260499999996,235.405671,200.98478599999999,2800.0,6600.0,4200.0
6,11,9,417.728224,321.278324,273.250793,2800.0,6600.0,4200.0
6,11,10,490.187814,378.239763,320.649172,2800.0,6600.0,4200.0
6,11,11,533.8122020000001,412.851321,349.185425,2800.0,6600.0,4200.0
6,11,12,548.1166539999999,424.30634000000003,358.542473,2800.0,6600.0,4200.0
6,11,13,535.222169,413.98891399999997,350.107735,2800.0,6600.0,4200.0
6,11,14,490.966863,379.27694099999997,321.15877500000005,2800.0,6600.0,4200.0
6,11,15,345.015701,265.375538,225.686962,2800.0,6600.0,4200.0
6,11,16,191.698552,146.953387,125.396797,2800.0,6600.0,4200.0
6,11,17,172.69134400000002,132.27003,112.963511,2800.0,6600.0,4200.0
6,11,18,57.690407,44.142720000000004,37.737334000000004,2800.0,6600.0,4200.0
6,11,19,11.266351,8.646171,7.369718,2800.0,6600.0,4200.0
6,11,20,0.0,0.0,0.0,2800.0,6600.0,4200.0
6,11,21,0.0,0.0,0.0,2800.0,6600.0,4200.0
6,11,22,0.0,0.0,0.0,2800.0,6600.0,4200.0
6,11,23,0.0,0.0,0.0,2800.0,6600.0,4200.0
6,12,0,0.0,0.0,0.0,2800.0,6600.0,4200.0
6,12,1,0.0,0.0,0.0,2800.0,6600.0,4200.0
6,12,2,0.0,0.0,0.0,2800.0,6600.0,4200.0
6,12,3,0.0,0.0,0.0,2800.0,6600.0,4200.0
6,12,4,0.0,0.0,0.0,2800.0,6600.0,4200.0
6,12,5,7.242534,5.550325,4.737598,2800.0,6600.0,4200.0
6,12,6,56.374884,43.040828000000005,36.876804,2800.0,6600.0,4200.0
6,12,7,123.13853399999999,94.03238800000001,80.549267,2800.0,6600.0,4200.0
6,12,8,234.97974,179.80332199999998,153.708551,2800.0,6600.0,4200.0
6,12,9,408.701761,314.075769,267.346265,2800.0,6600.0,4200.0
6,12,10,478.934437,369.087088,313.28794,2800.0,6600.0,4200.0
6,12,11,520.285747,401.55037599999997,340.337293,2800.0,6600.0,4200.0
6,12,12,281.256717,215.883159,183.97995699999998,2800.0,6600.0,4200.0
6,12,13,218.665381,167.654923,143.036753,2800.0,6600.0,4200.0
6,12,14,81.053335,62.122538999999996,53.019851,2800.0,6600.0,4200.0
6,12,15,108.933941,83.436974,71.25753999999999,2800.0,6600.0,4200.0
6,12,16,167.132135,128.060804,109.32703599999999,2800.0,6600.0,4200.0
6,12,17,192.132468,147.190834,125.680637,2800.0,6600.0,4200.0
6,12,18,38.956944,29.848356,25.483114,2800.0,6600.0,4200.0
6,12,19,7.122421999999999,5.479917,4.659028,2800.0,6600.0,4200.0
6,12,20,0.0,0.0,0.0,2800.0,6600.0,4200.0
6,12,21,0.0,0.0,0.0,2800.0,6600.0,4200.0
6,12,22,0.0,0.0,0.0,2800.0,6600.0,4200.0
6,12,23,0.0,0.0,0.0,2800.0,6600.0,4200.0
6,13,0,0.0,0.0,0.0,2800.0,6600.0,4200.0
6,13,1,0.0,0.0,0.0,2800.0,6600.0,4200.0
6,13,2,0.0,0.0,0.0,2800.0,6600.0,4200.0
6,13,3,0.0,0.0,0.0,2800.0,6600.0,4200.0
6,13,4,0.0,0.0,0.0,2800.0,6600.0,4200.0
6,13,5,8.793705,6.740569000000001,5.752274000000001,2800.0,6600.0,4200.0
6,13,6,50.226084,38.380838000000004,32.854656000000006,2800.0,6600.0,4200.0
6,13,7,92.286437,70.54900599999999,60.36782,2800.0,6600.0,4200.0
6,13,8,160.168279,122.60856299999999,104.771732,2800.0,6600.0,4200.0
6,13,9,403.043184,310.452669,263.64479,2800.0,6600.0,4200.0
6,13,10,467.851426,361.69503000000003,306.038151,2800.0,6600.0,4200.0
6,13,11,503.212055,390.450082,329.168788,2800.0,6600.0,4200.0
6,13,12,208.669877,160.441668,136.49834099999998,2800.0,6600.0,4200.0
6,13,13,390.276337,302.21891999999997,255.293543,2800.0,6600.0,4200.0
6,13,14,276.72014399999995,213.34966599999998,181.01242499999998,2800.0,6600.0,4200.0
6,13,15,98.311579,75.455343,64.309078,2800.0,6600.0,4200.0
6,13,16,95.09973299999999,72.942288,62.208096,2800.0,6600.0,4200.0
6,13,17,61.076080999999995,46.826457000000005,39.952023000000004,2800.0,6600.0,4200.0
6,13,18,40.226442999999996,30.844186,26.313538,2800.0,4495.12565696385,4200.0
6,13,19,6.573781,5.068001000000001,4.300142,1536.7967041952045,1875.6180248051708,1815.114217553391
6,13,20,0.0,0.0,0.0,953.6162939806846,1163.862406039418,1126.3184574575014
6,13,21,0.0,0.0,0.0,2455.7891050857875,2997.2229235298983,2900.5383130934497
6,13,22,0.0,0.0,0.0,2800.0,6600.0,4200.0
6,13,23,0.0,0.0,0.0,2800.0,6600.0,4200.0
6,14,0,0.0,0.0,0.0,2800.0,6600.0,4200.0
6,14,1,0.0,0.0,0.0,2800.0,6600.0,4200.0
6,14,2,0.0,0.0,0.0,2800.0,6600.0,4200.0
6,14,3,0.0,0.0,0.0,2800.0,6600.0,4200.0
6,14,4,0.0,0.0,0.0,2800.0,6600.0,4200.0
6,14,5,7.104814999999999,5.457776,4.6475100000000005,2800.0,6600.0,4200.0
6,14,6,55.474934000000005,42.427201000000004,36.288114,2800.0,6600.0,4200.0
6,14,7,185.446435,141.94691500000002,121.307066,2800.0,6600.0,4200.0
6,14,8,313.41053700000003,240.60390900000002,205.012907,2800.0,6600.0,4200.0
6,14,9,411.37471500000004,316.78076,269.094739,2800.0,6600.0,4200.0
6,14,10,482.732307,372.80132000000003,315.772261,2800.0,6600.0,4200.0
6,14,11,527.471807,408.04868,345.037949,2800.0,6600.0,4200.0
6,14,12,540.511609,418.603772,353.567744,2800.0,6600.0,4200.0
6,14,13,526.227575,407.332283,344.22405200000003,2800.0,6600.0,4200.0
6,14,14,483.886711,373.940608,316.527398,2800.0,6600.0,4200.0
6,14,15,413.912529,319.134544,270.75481199999996,2800.0,6600.0,4200.0
6,14,16,265.362714,203.752146,173.58312899999999,2800.0,6600.0,4200.0
6,14,17,197.246894,151.25026300000002,129.026163,2800.0,6600.0,4200.0
6,14,18,66.793445,51.164113,43.691953,2800.0,3794.137041985159,3671.7455245017663
6,14,19,9.266493,7.127038,6.06154,1786.5196926460033,2180.398050079768,2110.0626291094527
6,14,20,0.0,0.0,0.0,881.5257965526516,1075.877940674496,1041.1722006527382
6,14,21,0.0,0.0,0.0,610.9415963527902,745.6373813754526,721.5845626214057
6,14,22,0.0,0.0,0.0,1536.7967041952045,1875.6180248051708,1815.114217553391
6,14,23,0.0,0.0,0.0,2800.0,4569.628998473504,4200.0
6,15,0,0.0,0.0,0.0,2800.0,5965.099051003621,4200.0
6,15,1,0.0,0.0,0.0,2800.0,6330.21083371745,4200.0
6,15,2,0.0,0.0,0.0,2800.0,6600.0,4200.0
6,15,3,0.0,0.0,0.0,2800.0,6600.0,4200.0
6,15,4,0.0,0.0,0.0,2800.0,6600.0,4200.0
6,15,5,7.1910739999999995,5.515486,4.703936,2800.0,6600.0,4200.0
6,15,6,56.363341999999996,43.089821,36.869254,2800.0,6600.0,4200.0
6,15,7,186.217218,142.579296,121.81126300000001,2800.0,6600.0,4200.0
6,15,8,310.448308,238.861966,203.075209,2800.0,6600.0,4200.0
6,15,9,401.358673,310.33321500000005,262.542891,2800.0,6600.0,4200.0
6,15,10,465.881586,361.796501,304.749609,2800.0,6600.0,4200.0
6,15,11,503.324946,392.154439,329.242634,2800.0,6600.0,4200.0
6,15,12,510.455039,398.699085,333.90668,2800.0,6600.0,4200.0
6,15,13,492.805025,385.02412,322.361182,2800.0,6600.0,4200.0
6,15,14,452.33726299999995,352.970692,295.889789,2800.0,6600.0,4200.0
6,15,15,387.638976,301.643327,253.568353,2800.0,6600.0,4200.0
6,15,16,302.66048700000005,234.512918,197.98092000000003,2800.0,6600.0,4200.0
6,15,17,191.088979,147.213033,124.99805400000001,2800.0,6600.0,4200.0
6,15,18,62.26418,47.836584,40.729201,2597.435303258585,3170.098204764415,3067.83697235266
6,15,19,10.628032,8.18805,6.952171,63.42978935813572,77.4143098465436,74.91707404504218
6,15,20,0.0,0.0,0.0,90.95515204021434,111.00825642703326,107.42734492938702
6,15,21,0.0,0.0,0.0,2800.0,6600.0,4200.0
6,15,22,0.0,0.0,0.0,2800.0,6600.0,4200.0
6,15,23,0.0,0.0,0.0,2800.0,6600.0,4200.0
6,16,0,0.0,0.0,0.0,2800.0,6600.0,4200.0
6,16,1,0.0,0.0,0.0,2800.0,6600.0,4200.0
6,16,2,0.0,0.0,0.0,2800.0,6600.0,4200.0
6,16,3,0.0,0.0,0.0,2800.0,6600.0,4200.0
6,16,4,0.0,0.0,0.0,2800.0,6600.0,4200.0
6,16,5,8.985437,6.906044,5.877692,2800.0,6600.0,4200.0
6,16,6,52.762054,40.370363,34.513524,2800.0,6600.0,4200.0
6,16,7,75.886241,58.063838000000004,49.639872000000004,2800.0,6600.0,4200.0
6,16,8,125.852409,96.32658599999999,82.32450800000001,2800.0,6600.0,4200.0
6,16,9,274.961504,211.018537,179.86203700000002,2800.0,6600.0,4200.0
6,16,10,405.307017,312.34774300000004,265.12564299999997,2800.0,6600.0,4200.0
6,16,11,480.01157,371.00690000000003,313.99253100000004,2800.0,6600.0,4200.0
6,16,12,498.679098,385.94309100000004,326.203621,2800.0,6600.0,4200.0
6,16,13,479.279021,371.060629,313.51334499999996,2800.0,6600.0,4200.0
6,16,14,435.392731,336.69400199999995,284.805772,2800.0,6600.0,4200.0
6,16,15,366.825889,283.08418,239.953777,2800.0,6600.0,4200.0
6,16,16,275.920621,212.36098,180.489429,2800.0,6600.0,4200.0
6,16,17,138.01166,105.998531,90.278304,2800.0,6600.0,4200.0
6,16,18,61.557418,47.296887999999996,40.266883,2800.0,6600.0,4200.0
6,16,19,12.942718000000001,9.982094,8.466289000000002,2800.0,6600.0,4200.0
6,16,20,0.0,0.0,0.0,2800.0,5195.505086201954,4200.0
6,16,21,0.0,0.0,0.0,2597.435303258585,3170.098204764415,3067.83697235266
6,16,22,0.0,0.0,0.0,2800.0,6600.0,4200.0
6,16,23,0.0,0.0,0.0,2800.0,6600.0,4200.0
6,17,0,0.0,0.0,0.0,2800.0,6600.0,4200.0
6,17,1,0.0,0.0,0.0,2800.0,6600.0,4200.0
6,17,2,0.0,0.0,0.0,2800.0,6600.0,4200.0
6,17,3,0.0,0.0,0.0,2800.0,6600.0,4200.0
6,17,4,0.0,0.0,0.0,2800.0,6600.0,4200.0
6,17,5,8.223188,6.332008,5.379078000000001,2800.0,6600.0,4200.0
6,17,6,51.915807,39.789483,33.959964,2800.0,6600.0,4200.0
6,17,7,136.92845499999999,104.963291,89.569741,2800.0,6600.0,4200.0
6,17,8,237.043049,182.166266,155.058235,2800.0,6600.0,4200.0
6,17,9,319.93890899999997,246.49695300000002,209.28334700000002,2800.0,6600.0,4200.0
6,17,10,450.550381,348.56219300000004,294.72092599999996,2800.0,6600.0,4200.0
6,17,11,493.92868699999997,382.87869,323.096209,2800.0,6600.0,4200.0
6,17,12,510.512972,396.070203,333.944576,2800.0,6600.0,4200.0
6,17,13,502.541565,389.65703,328.730197,2800.0,6600.0,4200.0
6,17,14,463.742665,359.007571,303.35046500000004,2800.0,6600.0,4200.0
6,17,15,398.206279,307.522027,260.480799,2800.0,6600.0,4200.0
6,17,16,306.58465500000005,236.17524600000002,200.547857,2800.0,6600.0,4200.0
6,17,17,189.23116399999998,145.48609299999998,123.782791,2800.0,6600.0,4200.0
6,17,18,69.334322,53.264668,45.35403,2800.0,6600.0,4200.0
6,17,19,12.214165999999999,9.422393,7.989718,2800.0,6600.0,4200.0
6,17,20,0.0,0.0,0.0,2800.0,6600.0,4200.0
6,17,21,0.0,0.0,0.0,2800.0,6600.0,4200.0
6,17,22,0.0,0.0,0.0,2800.0,6600.0,4200.0
6,17,23,0.0,0.0,0.0,2800.0,6600.0,4200.0
6,18,0,0.0,0.0,0.0,2800.0,6600.0,4200.0
6,18,1,0.0,0.0,0.0,2800.0,6600.0,4200.0
6,18,2,0.0,0.0,0.0,2800.0,5787.929644089762,4200.0
6,18,3,0.0,0.0,0.0,2800.0,5787.929644089762,4200.0
6,18,4,0.0,0.0,0.0,2800.0,5528.8079782263085,4200.0
6,18,5,7.235419,5.592493,4.732943000000001,2800.0,4875.874201202505,4200.0
6,18,6,54.86714,42.113726,35.89053500000001,2800.0,4644.951049827907,4200.0
6,18,7,166.666537,127.837198,109.02247100000001,2800.0,4205.209912886971,4069.5579802131983
6,18,8,286.37350799999996,219.97822299999999,187.327032,1437.3238044186396,1754.214092007001,1697.6265406519365
6,18,9,343.627902,264.30875799999995,224.779154,1469.9890187508342,1794.0810858770024,1736.2075024616151
6,18,10,258.709981,198.85275099999998,169.231341,2800.0,4134.733013236745,4001.3545289387857
6,18,11,292.666364,225.16232699999998,191.443411,2800.0,6600.0,4200.0
6,18,12,243.483725,187.195579,159.271309,2800.0,6600.0,4200.0
6,18,13,222.889984,171.308074,145.800215,2800.0,6600.0,4200.0
6,18,14,150.400981,115.54829799999999,98.38259699999999,2800.0,6600.0,4200.0
6,18,15,320.004298,246.05200200000002,209.32612,2800.0,6600.0,4200.0
6,18,16,174.74916000000002,134.116838,114.309601,2800.0,6600.0,4200.0
6,18,17,43.111067999999996,33.12023000000001,28.200473000000002,2800.0,6600.0,4200.0
6,18,18,49.140385,37.721187,32.144462,2800.0,6600.0,4200.0
6,18,19,7.469068,5.771813,4.885781,2800.0,6600.0,4200.0
6,18,20,0.0,0.0,0.0,2800.0,6600.0,4200.0
6,18,21,0.0,0.0,0.0,2800.0,6600.0,4200.0
6,18,22,0.0,0.0,0.0,2800.0,6600.0,4200.0
6,18,23,0.0,0.0,0.0,2800.0,6600.0,4200.0
6,19,0,0.0,0.0,0.0,2800.0,6600.0,4200.0
6,19,1,0.0,0.0,0.0,2800.0,6600.0,4200.0
6,19,2,0.0,0.0,0.0,2800.0,6600.0,4200.0
6,19,3,0.0,0.0,0.0,2800.0,6600.0,4200.0
6,19,4,0.0,0.0,0.0,2800.0,6600.0,4200.0
6,19,5,6.588037999999999,5.08249,4.309468,2800.0,6600.0,4200.0
6,19,6,49.285153,37.778027,32.23916,2800.0,6600.0,4200.0
6,19,7,105.054287,80.525476,68.719721,2800.0,6600.0,4200.0
6,19,8,185.664059,142.50741699999998,121.44942200000001,2800.0,6600.0,4200.0
6,19,9,204.769902,157.305956,133.947229,2800.0,6600.0,4200.0
6,19,10,461.804642,356.992463,302.082735,2800.0,6600.0,4200.0
6,19,11,508.674617,393.913779,332.742043,2800.0,6600.0,4200.0
6,19,12,45.178587,34.792464,29.55291,2800.0,6600.0,4200.0
6,19,13,159.45486400000001,122.595096,104.305062,2800.0,6600.0,4200.0
6,19,14,373.047958,287.771028,244.023852,2800.0,6600.0,4200.0
6,19,15,63.971154000000006,49.192925,41.845792,2800.0,6600.0,4200.0
6,19,16,295.217151,227.197137,193.11197099999998,2800.0,6600.0,4200.0
6,19,17,150.997872,115.96061599999999,98.773044,2800.0,6600.0,4200.0
6,19,18,63.460777,48.740461,41.511936999999996,2800.0,6600.0,4200.0
6,19,19,12.996152,10.016651,8.501242,2800.0,6600.0,4200.0
6,19,20,0.0,0.0,0.0,2800.0,6600.0,4200.0
6,19,21,0.0,0.0,0.0,2800.0,6600.0,4200.0
6,19,22,0.0,0.0,0.0,2800.0,6600.0,4200.0
6,19,23,0.0,0.0,0.0,2800.0,6600.0,4200.0
6,20,0,0.0,0.0,0.0,2800.0,6600.0,4200.0
6,20,1,0.0,0.0,0.0,2800.0,6600.0,4200.0
6,20,2,0.0,0.0,0.0,2800.0,6600.0,4200.0
6,20,3,0.0,0.0,0.0,2800.0,6600.0,4200.0
6,20,4,0.0,0.0,0.0,2800.0,6600.0,4200.0
6,20,5,6.006055,4.624205,3.928773,2800.0,6600.0,4200.0
6,20,6,52.848019,40.438084,34.569756999999996,2800.0,6600.0,4200.0
6,20,7,183.401589,140.327143,119.96946000000001,2800.0,6600.0,4200.0
6,20,8,314.67152899999996,241.471673,205.83776699999999,2800.0,6600.0,4200.0
6,20,9,414.853595,319.27953499999995,271.370396,2800.0,6600.0,4200.0
6,20,10,487.000209,376.009793,318.564047,2800.0,6600.0,4200.0
6,20,11,526.4443719999999,407.694134,344.36586700000004,2800.0,6600.0,4200.0
6,20,12,535.219148,415.37046999999995,350.10575900000003,2800.0,6600.0,4200.0
6,20,13,520.189477,403.57912300000004,340.27432,2800.0,6600.0,4200.0
6,20,14,426.974718,330.39351400000004,279.29925199999997,2800.0,6600.0,4200.0
6,20,15,359.25259,277.235076,234.999815,2800.0,6600.0,4200.0
6,20,16,268.75091,206.948492,175.799467,2800.0,6600.0,4200.0
6,20,17,147.56434099999998,113.31734900000001,96.52705,2800.0,6600.0,4200.0
6,20,18,60.537104,46.463671999999995,39.599459,2800.0,6600.0,4200.0
6,20,19,13.160249,10.129558999999999,8.608584,2800.0,6600.0,4200.0
6,20,20,0.0,0.0,0.0,2800.0,6600.0,4200.0
6,20,21,0.0,0.0,0.0,2800.0,6600.0,4200.0
6,20,22,0.0,0.0,0.0,2800.0,6600.0,4200.0
6,20,23,0.0,0.0,0.0,2800.0,6600.0,4200.0
6,21,0,0.0,0.0,0.0,2800.0,6600.0,4200.0
6,21,1,0.0,0.0,0.0,2800.0,6600.0,4200.0
6,21,2,0.0,0.0,0.0,2800.0,6600.0,4200.0
6,21,3,0.0,0.0,0.0,2800.0,6600.0,4200.0
6,21,4,0.0,0.0,0.0,2800.0,6600.0,4200.0
6,21,5,-0.0,-0.0,-0.0,2800.0,6600.0,4200.0
6,21,6,2.167502,1.684793,1.4178389999999998,2800.0,6600.0,4200.0
6,21,7,10.398703,7.998567,6.802159,2800.0,6600.0,4200.0
6,21,8,90.775632,69.426157,59.379549,2800.0,6600.0,4200.0
6,21,9,15.232412,11.707349,9.964058999999999,2800.0,6600.0,4200.0
6,21,10,45.205985,34.671285000000005,29.570832,2800.0,6600.0,4200.0
6,21,11,113.36667200000001,86.91712600000001,74.157146,2800.0,6600.0,4200.0
6,21,12,318.515647,244.92887,208.352341,2800.0,6600.0,4200.0
6,21,13,92.170465,70.76235799999999,60.291958,2800.0,6600.0,4200.0
6,21,14,316.846028,243.926803,207.26018299999998,2800.0,6600.0,4200.0
6,21,15,258.206249,198.527349,168.90183199999998,2800.0,6600.0,4200.0
6,21,16,50.248521000000004,38.616718,32.869333,2800.0,6600.0,4200.0
6,21,17,36.675122,28.194119999999998,23.990493999999998,2800.0,6600.0,4200.0
6,21,18,16.919062999999998,13.033095999999999,11.067357,2800.0,6600.0,4200.0
6,21,19,-0.0,-0.0,-0.0,2800.0,6600.0,4200.0
6,21,20,0.0,0.0,0.0,2800.0,6600.0,4200.0
6,21,21,0.0,0.0,0.0,2800.0,6600.0,4200.0
6,21,22,0.0,0.0,0.0,2800.0,6600.0,4200.0
6,21,23,0.0,0.0,0.0,2800.0,6600.0,4200.0
6,22,0,0.0,0.0,0.0,2800.0,6600.0,4200.0
6,22,1,0.0,0.0,0.0,2800.0,6600.0,4200.0
6,22,2,0.0,0.0,0.0,2800.0,6600.0,4200.0
6,22,3,0.0,0.0,0.0,2800.0,6600.0,4200.0
6,22,4,0.0,0.0,0.0,2800.0,6600.0,4200.0
6,22,5,7.345287,5.672823999999999,4.804812,2800.0,6600.0,4200.0
6,22,6,54.407807999999996,41.753623,35.59007,2800.0,6600.0,4200.0
6,22,7,162.757422,124.993398,106.46538199999999,2800.0,6600.0,4200.0
6,22,8,245.93111100000002,189.194082,160.87223,2800.0,6600.0,4200.0
6,22,9,369.82465,285.312674,241.915372,2800.0,6600.0,4200.0
6,22,10,380.978342,293.738242,249.211397,2800.0,6600.0,4200.0
6,22,11,319.575247,246.086839,209.045462,2800.0,6600.0,4200.0
6,22,12,424.017517,327.364438,277.364842,2800.0,6600.0,4200.0
6,22,13,410.43350799999996,316.874974,268.479062,2800.0,6600.0,4200.0
6,22,14,311.32903899999997,239.734834,203.651326,2800.0,6600.0,4200.0
6,22,15,132.607455,101.879113,86.74322199999999,2800.0,6600.0,4200.0
6,22,16,199.49003,153.351255,130.493478,2800.0,6600.0,4200.0
6,22,17,44.428031000000004,34.150937,29.061945,2800.0,6600.0,4200.0
6,22,18,46.628046000000005,35.823298,30.501052,2800.0,6600.0,4200.0
6,22,19,14.009553,10.788472,9.164144,2800.0,6600.0,4200.0
6,22,20,0.0,0.0,0.0,2800.0,6600.0,4200.0
6,22,21,0.0,0.0,0.0,2800.0,6600.0,4200.0
6,22,22,0.0,0.0,0.0,2800.0,5033.998538121269,4200.0
6,22,23,0.0,0.0,0.0,2800.0,3996.150340809066,3867.242265299096
6,23,0,0.0,0.0,0.0,2694.829168782761,3288.9647335537634,3182.869096987513
6,23,1,0.0,0.0,0.0,2275.070137118247,2776.660403569514,2687.090713131788
6,23,2,0.0,0.0,0.0,2502.4167786610287,3054.130714113854,2955.610368497278
6,23,3,0.0,0.0,0.0,2694.829168782761,3288.9647335537634,3182.869096987513
6,23,4,0.0,0.0,0.0,2455.7891050857875,2997.2229235298983,2900.5383130934497
6,23,5,-0.0,-0.0,-0.0,2800.0,6600.0,4200.0
6,23,6,51.730691,39.564715,33.838873,2800.0,6600.0,4200.0
6,23,7,167.899921,128.42325599999998,109.829272,2800.0,6600.0,4200.0
6,23,8,220.32326500000002,168.82988200000003,144.12123300000002,2800.0,6600.0,4200.0
6,23,9,334.045922,256.934287,218.511242,2800.0,6600.0,4200.0
6,23,10,408.83683299999996,315.566612,267.43462,2800.0,6600.0,4200.0
6,23,11,449.805904,347.965909,294.23393699999997,2800.0,6600.0,4200.0
6,23,12,429.146932,331.961608,280.720173,2800.0,6600.0,4200.0
6,23,13,430.151403,332.603972,281.377233,2800.0,6600.0,4200.0
6,23,14,415.615638,321.08261200000004,271.868876,2800.0,6600.0,4200.0
6,23,15,346.803577,267.15461200000004,226.85647500000002,2800.0,6600.0,4200.0
6,23,16,272.218394,209.19463000000002,178.067671,2800.0,6600.0,4200.0
6,23,17,166.313648,127.532876,108.791635,2800.0,6600.0,4200.0
6,23,18,22.929627,17.622668,14.999079,1311.5016045329749,1600.651564587489,1549.017643149183
6,23,19,13.073741,10.048298,8.551995999999999,1193.2453053765432,1456.323010498931,1409.344848869933
6,23,20,0.0,0.0,0.0,1222.1129067458091,1491.5551224063024,1443.4404410383572
6,23,21,0.0,0.0,0.0,2103.4419801044355,2567.192967843996,2484.3802914619314
6,23,22,0.0,0.0,0.0,2800.0,4721.09628485135,4200.0
6,23,23,0.0,0.0,0.0,2800.0,6600.0,4200.0
6,24,0,0.0,0.0,0.0,2800.0,6600.0,4200.0
6,24,1,0.0,0.0,0.0,2800.0,6600.0,4200.0
6,24,2,0.0,0.0,0.0,2800.0,6600.0,4200.0
6,24,3,0.0,0.0,0.0,2800.0,6600.0,4200.0
6,24,4,0.0,0.0,0.0,2800.0,6237.575082367505,4200.0
6,24,5,5.932472,4.556861,3.88064,2800.0,6600.0,4200.0
6,24,6,52.821909,40.382353,34.552678,2800.0,6600.0,4200.0
6,24,7,183.733595,140.595854,120.186637,2800.0,6600.0,4200.0
6,24,8,314.566919,241.414238,205.76933799999998,2800.0,6600.0,4200.0
6,24,9,410.585562,316.39788400000003,268.578525,2800.0,6600.0,4200.0
6,24,10,479.011176,370.50030699999996,313.33813699999996,2800.0,6600.0,4200.0
6,24,11,518.366393,402.12346,339.081776,2800.0,6600.0,4200.0
6,24,12,531.510992,412.854265,347.68012300000004,2800.0,6600.0,4200.0
6,24,13,516.473726,401.176824,337.84371600000003,2800.0,6600.0,4200.0
6,24,14,474.955052,368.376031,310.684884,2800.0,6600.0,4200.0
6,24,15,408.503851,315.982035,267.216804,2800.0,6600.0,4200.0
6,24,16,317.300064,244.666112,207.557185,2800.0,6600.0,4200.0
6,24,17,198.85901800000002,152.836263,130.080711,2800.0,6600.0,4200.0
6,24,18,70.415346,54.013118999999996,46.061166,2800.0,5277.537873988738,4200.0
6,24,19,10.590641,8.153283,6.927713,2800.0,6600.0,4200.0
6,24,20,0.0,0.0,0.0,2800.0,6600.0,4200.0
6,24,21,0.0,0.0,0.0,2800.0,6600.0,4200.0
6,24,22,0.0,0.0,0.0,2800.0,6600.0,4200.0
6,24,23,0.0,0.0,0.0,2800.0,6055.023664834879,4200.0
6,25,0,0.0,0.0,0.0,2800.0,5444.184846176627,4200.0
6,25,1,0.0,0.0,0.0,2800.0,5965.099051003621,4200.0
6,25,2,0.0,0.0,0.0,2800.0,6237.575082367505,4200.0
6,25,3,0.0,0.0,0.0,2800.0,6518.224790706034,4200.0
6,25,4,0.0,0.0,0.0,2800.0,6600.0,4200.0
6,25,5,6.673176000000001,5.127585,4.3651599999999995,2800.0,6600.0,4200.0
6,25,6,52.2675,40.004068,34.190019,2800.0,6600.0,4200.0
6,25,7,176.4105,135.139352,115.396342,2800.0,6600.0,4200.0
6,25,8,301.956657,232.08320600000002,197.52051999999998,2800.0,6600.0,4200.0
6,25,9,397.425492,306.627272,259.970059,2800.0,6600.0,4200.0
6,25,10,462.5121,358.112254,302.54550900000004,2800.0,6600.0,4200.0
6,25,11,456.593673,353.675279,298.67405699999995,2800.0,6600.0,4200.0
6,25,12,517.2452959999999,401.929226,338.348427,2800.0,6600.0,4200.0
6,25,13,502.75433799999996,390.68726899999996,328.86937900000004,2800.0,6600.0,4200.0
6,25,14,465.692097,361.30730800000003,304.625658,2800.0,6600.0,4200.0
6,25,15,399.420327,308.947344,261.274951,2800.0,6600.0,4200.0
6,25,16,308.29787300000004,237.711991,201.66853400000002,2800.0,6600.0,4200.0
6,25,17,192.396528,147.884911,125.853368,2800.0,6600.0,4200.0
6,25,18,72.59111999999999,55.684137,47.484417,2800.0,6600.0,4200.0
6,25,19,13.348257,10.272692999999999,8.731566999999998,2800.0,6600.0,4200.0
6,25,20,0.0,0.0,0.0,2800.0,6600.0,4200.0
6,25,21,0.0,0.0,0.0,2800.0,6600.0,4200.0
6,25,22,0.0,0.0,0.0,2800.0,6600.0,4200.0
6,25,23,0.0,0.0,0.0,2800.0,6600.0,4200.0
6,26,0,0.0,0.0,0.0,2800.0,6600.0,4200.0
6,26,1,0.0,0.0,0.0,2800.0,6600.0,4200.0
6,26,2,0.0,0.0,0.0,2800.0,6600.0,4200.0
6,26,3,0.0,0.0,0.0,2800.0,6600.0,4200.0
6,26,4,0.0,0.0,0.0,2800.0,6600.0,4200.0
6,26,5,6.919102,5.3280460000000005,4.526029,2800.0,6600.0,4200.0
6,26,6,59.488821,45.538542,38.91374,2800.0,6600.0,4200.0
6,26,7,161.090401,123.40498299999999,105.374924,2800.0,6600.0,4200.0
6,26,8,259.111551,198.851713,169.494022,2800.0,6600.0,4200.0
6,26,9,332.094725,255.377841,217.23489600000002,2800.0,6600.0,4200.0
6,26,10,352.742323,271.522967,230.741219,2800.0,6600.0,4200.0
6,26,11,265.276613,203.830658,173.526807,2800.0,6600.0,4200.0
6,26,12,393.470218,303.324489,257.382774,2800.0,6600.0,4200.0
6,26,13,247.498426,190.06772800000002,161.897467,2800.0,6600.0,4200.0
6,26,14,165.717378,127.123257,108.40159299999999,2800.0,6600.0,4200.0
6,26,15,242.56629,186.348028,158.671182,2800.0,6600.0,4200.0
6,26,16,148.747164,114.11844,97.300776,2800.0,6600.0,4200.0
6,26,17,95.61839900000001,73.351022,62.547374000000005,2800.0,6600.0,4200.0
6,26,18,50.423911999999994,38.690158000000004,32.984063,2800.0,6600.0,4200.0
6,26,19,7.617504,5.87765,4.9828779999999995,2800.0,6600.0,4200.0
6,26,20,0.0,0.0,0.0,2800.0,6600.0,4200.0
6,26,21,0.0,0.0,0.0,2800.0,6600.0,4200.0
6,26,22,0.0,0.0,0.0,2800.0,6600.0,4200.0
6,26,23,0.0,0.0,0.0,2800.0,6600.0,4200.0
6,27,0,0.0,0.0,0.0,2800.0,6600.0,4200.0
6,27,1,0.0,0.0,0.0,2800.0,6600.0,4200.0
6,27,2,0.0,0.0,0.0,2800.0,6600.0,4200.0
6,27,3,0.0,0.0,0.0,2800.0,6600.0,4200.0
6,27,4,0.0,0.0,0.0,2800.0,6600.0,4200.0
6,27,5,6.561906,5.058694999999999,4.292375,2800.0,6600.0,4200.0
6,27,6,47.77026,36.628962,31.248215000000002,2800.0,6600.0,4200.0
6,27,7,162.03687599999998,124.37155800000001,105.99404700000001,2800.0,6600.0,4200.0
6,27,8,236.060214,181.52272299999998,154.41532800000002,2800.0,6600.0,4200.0
6,27,9,225.747407,173.735368,147.669357,2800.0,6600.0,4200.0
6,27,10,312.959711,241.518529,204.718006,2800.0,6600.0,4200.0
6,27,11,408.587871,316.24602600000003,267.271765,2800.0,6600.0,4200.0
6,27,12,381.005997,294.559371,249.229487,2800.0,6600.0,4200.0
6,27,13,27.439589,21.156948,17.949205000000003,2800.0,6600.0,4200.0
6,27,14,98.00636999999999,75.370571,64.10943,2800.0,6600.0,4200.0
6,27,15,216.612291,166.72930100000002,141.69375399999998,2800.0,6600.0,4200.0
6,27,16,269.106353,207.403212,176.03197500000002,2800.0,6600.0,4200.0
6,27,17,169.546069,130.37676,110.906075,2800.0,6600.0,4200.0
6,27,18,61.906759,47.572032,40.495399,2800.0,6600.0,4200.0
6,27,19,12.698315000000001,9.789653,8.306415999999999,2800.0,6600.0,4200.0
6,27,20,0.0,0.0,0.0,2800.0,6600.0,4200.0
6,27,21,0.0,0.0,0.0,2800.0,6600.0,4200.0
6,27,22,0.0,0.0,0.0,2800.0,6600.0,4200.0
6,27,23,0.0,0.0,0.0,2800.0,6600.0,4200.0
6,28,0,0.0,0.0,0.0,2800.0,6600.0,4200.0
6,28,1,0.0,0.0,0.0,2800.0,6600.0,4200.0
6,28,2,0.0,0.0,0.0,2800.0,6600.0,4200.0
6,28,3,0.0,0.0,0.0,2800.0,6600.0,4200.0
6,28,4,0.0,0.0,0.0,2800.0,6600.0,4200.0
6,28,5,5.893122999999999,4.541953,3.8549,2800.0,6600.0,4200.0
6,28,6,53.251603,40.806732000000004,34.833755,2800.0,6600.0,4200.0
6,28,7,165.27860800000002,126.81029799999999,108.114578,2800.0,6600.0,4200.0
6,28,8,283.04166,217.906056,185.147552,2800.0,6600.0,4200.0
6,28,9,378.527351,292.221229,247.608117,2800.0,6600.0,4200.0
6,28,10,452.583727,350.113125,296.05101,2800.0,6600.0,4200.0
6,28,11,498.80410700000004,386.489789,326.285394,2800.0,5195.505086201954,4200.0
6,28,12,457.940011,354.163546,299.554744,2800.0,4205.209912886971,4069.5579802131983
6,28,13,261.143599,200.81322,170.823257,2800.0,4421.436551474658,4200.0
6,28,14,464.167152,358.68356900000003,303.628137,2800.0,5195.505086201954,4200.0
6,28,15,80.416098,61.723663,52.603012,2800.0,4798.06917736812,4200.0
6,28,16,145.095524,111.312863,94.91211,1901.3333359069868,2320.524937524275,2245.6692943783305
6,28,17,47.532659,36.486299,31.092792000000003,445.37642374118406,543.569651022705,526.0351461510048
6,28,18,55.408682999999996,42.504351,36.244778,667.5923777577954,814.7780988382542,788.4949343596008
6,28,19,14.132232,10.867614999999999,9.244392,2800.0,3663.3164546975977,3545.1449561589657
6,28,20,0.0,0.0,0.0,2800.0,6600.0,4200.0
6,28,21,0.0,0.0,0.0,2800.0,6600.0,4200.0
6,28,22,0.0,0.0,0.0,2800.0,6600.0,4200.0
6,28,23,0.0,0.0,0.0,2800.0,6600.0,4200.0
6,29,0,0.0,0.0,0.0,2800.0,6600.0,4200.0
6,29,1,0.0,0.0,0.0,2800.0,6600.0,4200.0
6,29,2,0.0,0.0,0.0,2800.0,6600.0,4200.0
6,29,3,0.0,0.0,0.0,2800.0,6600.0,4200.0
6,29,4,0.0,0.0,0.0,2800.0,6600.0,4200.0
6,29,5,4.522119,3.480437,2.958078,2800.0,6600.0,4200.0
6,29,6,58.958811000000004,45.078689,38.567042,2800.0,6600.0,4200.0
6,29,7,161.21906099999998,123.31815700000001,105.459085,2800.0,6600.0,4200.0
6,29,8,281.222618,215.60125299999999,183.957653,2800.0,6600.0,4200.0
6,29,9,386.159603,296.737766,252.600642,2800.0,6600.0,4200.0
6,29,10,472.255993,363.784917,308.919334,2800.0,6600.0,4200.0
6,29,11,421.271727,324.13933899999995,275.568723,2800.0,6600.0,4200.0
6,29,12,536.163684,413.756439,350.723613,2800.0,6600.0,4200.0
6,29,13,522.814054,403.603388,341.991148,2800.0,6600.0,4200.0
6,29,14,404.962933,311.76785600000005,264.90056500000003,2800.0,6600.0,4200.0
6,29,15,410.718956,316.361114,268.665783,2800.0,6600.0,4200.0
6,29,16,314.595857,241.902414,205.788267,2800.0,6600.0,4200.0
6,29,17,109.331896,83.879076,71.517856,2800.0,6600.0,4200.0
6,29,18,72.85910700000001,55.912803999999994,47.65971699999999,2800.0,6600.0,4200.0
6,29,19,13.752025999999999,10.584069,8.995686,2800.0,6600.0,4200.0
6,29,20,0.0,0.0,0.0,2800.0,6600.0,4200.0
6,29,21,0.0,0.0,0.0,2800.0,6600.0,4200.0
6,29,22,0.0,0.0,0.0,2800.0,6600.0,4200.0
6,29,23,0.0,0.0,0.0,2800.0,6600.0,4200.0
6,30,0,0.0,0.0,0.0,2800.0,6600.0,4200.0
6,30,1,0.0,0.0,0.0,2800.0,6600.0,4200.0
6,30,2,0.0,0.0,0.0,2800.0,6237.575082367505,4200.0
6,30,3,0.0,0.0,0.0,2800.0,5277.537873988738,4200.0
6,30,4,0.0,0.0,0.0,2800.0,3860.699345383164,3736.160656822416
6,30,5,4.184491,3.224942,2.7372229999999997,2800.0,6600.0,4200.0
6,30,6,18.482214,14.179021,12.089870000000001,2800.0,5787.929644089762,4200.0
6,30,7,67.010007,51.31263,43.833614000000004,2800.0,4065.047980485539,3933.917400469876
6,30,8,162.921631,124.926327,106.572796,1676.4237403920558,2046.0289744942413,1980.0280398331363
6,30,9,181.858386,139.612962,118.959997,1222.1129067458091,1491.5551224063024,1443.4404410383572
6,30,10,138.488698,106.347506,90.590352,2409.744269793466,2941.0264710077745,2846.1546493623623
6,30,11,482.545436,373.61351,315.650022,2800.0,6600.0,4200.0
6,30,12,500.33477,387.707718,327.286654,2800.0,6600.0,4200.0
6,30,13,484.87487699999997,375.606101,317.17379100000005,2800.0,5033.998538121269,4200.0
6,30,14,446.187546,345.39230499999996,291.86704100000003,2800.0,3472.7785151730586,3360.753401780379
6,30,15,381.183365,294.549593,249.34551000000002,2744.426018516277,3349.496321811205,3241.448053365682
6,30,16,292.02512199999995,225.13585,191.02395199999998,2800.0,3472.7785151730586,3360.753401780379
6,30,17,184.330609,141.74027299999997,120.577165,2800.0,4495.12565696385,4200.0
6,30,18,73.887976,56.731574,48.332736,2800.0,5277.537873988738,4200.0
6,30,19,0.870663,0.69456,0.5695309999999999,2800.0,6600.0,4200.0
6,30,20,0.0,0.0,0.0,2800.0,6600.0,4200.0
6,30,21,0.0,0.0,0.0,2800.0,6600.0,4200.0
6,30,22,0.0,0.0,0.0,2800.0,6600.0,4200.0
6,30,23,0.0,0.0,0.0,2800.0,6600.0,4200.0
7,1,0,0.0,0.0,0.0,2800.0,6600.0,4200.0
7,1,1,0.0,0.0,0.0,2800.0,6600.0,4200.0
7,1,2,0.0,0.0,0.0,2800.0,5965.099051003621,4200.0
7,1,3,0.0,0.0,0.0,2103.4419801044355,2567.192967843996,2484.3802914619314
7,1,4,0.0,0.0,0.0,416.3395915497286,508.1309975606924,491.7396750587345
7,1,5,5.021171000000001,3.883509,3.284525,152.76411334322614,186.4443903007878,180.43005512979465
7,1,6,52.885436999999996,40.560486,34.594233,167.779835898385,204.7706658602337,198.16516050990356
7,1,7,61.974921,47.537519,40.539986,2020.963642713616,2466.530430083547,2386.964932338916
7,1,8,195.385622,149.94629500000002,127.80864,2103.4419801044355,2567.192967843996,2484.3802914619314
7,1,9,304.395865,234.088369,199.116092,1251.4423799619176,1527.350936173994,1478.0815511361232
7,1,10,370.626098,285.439316,242.439628,1251.4423799619176,1527.350936173994,1478.0815511361232
7,1,11,503.473709,389.130479,329.339945,1405.1461214803344,1714.9421167673372,1659.6214033232295
7,1,12,265.168583,203.862427,173.456141,1940.6700324713545,2368.5342915988967,2292.129959611836
7,1,13,514.218692,397.452353,336.368618,2794.6277004301824,3410.766091076207,3300.741378460845
7,1,14,475.709699,367.392414,311.17852500000004,2800.0,3599.0492231594667,3482.9508611220645
7,1,15,237.568587,182.593998,155.402008,2800.0,3860.699345383164,3736.160656822416
7,1,16,314.49663400000003,242.086129,205.72336199999998,2800.0,5876.06920203001,4200.0
7,1,17,110.366848,84.742072,72.19485499999999,2800.0,6145.847517348083,4200.0
7,1,18,69.651226,53.46584,45.561329,2800.0,4798.06917736812,4200.0
7,1,19,9.982403,7.6978029999999995,6.5298419999999995,2800.0,3860.699345383164,3736.160656822416
7,1,20,0.0,0.0,0.0,2231.3199984618277,2723.264565051836,2635.417321017906
7,1,21,0.0,0.0,0.0,1570.9465066065366,1917.296917511915,1855.44862985024
7,1,22,0.0,0.0,0.0,629.4537376638762,768.2309396685104,743.4492964533971
7,1,23,0.0,0.0,0.0,388.5930680097703,474.2671302481448,458.9681905627208
7,2,0,0.0,0.0,0.0,835.542666361563,1019.7567975278918,986.8614169624758
7,2,1,0.0,0.0,0.0,257.74098596133337,314.56577026776904,304.4184873559055
7,2,2,0.0,0.0,0.0,402.3068740231014,491.0044525478796,475.1655992398835
7,2,3,0.0,0.0,0.0,475.7328897807615,580.6188812284884,561.8892398985372
7,2,4,0.0,0.0,0.0,85.90327597997313,104.84258092043964,101.4605621810706
7,2,5,3.896914,3.010405,2.549109,90.95515204021434,111.00825642703326,107.42734492938702
7,2,6,46.676711000000005,35.765511,30.532885999999998,324.6794129073232,396.2622755955519,383.4796215440825
7,2,7,170.113112,130.348976,111.276998,1.6764237403920568,2.0460289744942424,1.9800280398331376
7,2,8,299.638075,230.162422,196.003854,1342.23868718708,1638.1653268818693,1585.3212840792282
7,2,9,399.847174,307.89219199999997,261.554167,2744.426018516277,3349.496321811205,3241.448053365682
7,2,10,469.496803,362.398685,307.11445000000003,2800.0,4495.12565696385,4200.0
7,2,11,512.6554160000001,396.542322,335.346024,2800.0,5787.929644089762,4200.0
7,2,12,527.694801,408.490275,345.183817,2800.0,5444.184846176627,4200.0
7,2,13,509.673087,394.838456,333.39517700000005,2231.3199984618277,2723.264565051836,2635.417321017906
7,2,14,399.797109,308.682896,261.521417,592.796019999516,723.4912055112203,700.1527795269874
7,2,15,130.57566599999998,100.28406600000001,85.414158,131.96338481220266,161.05767437709773,155.86226552622358
7,2,16,243.919048,187.425016,159.55606899999998,101.6454080931955,124.05541932634095,120.0536316061364
7,2,17,140.48277,107.804351,91.894744,592.796019999516,723.4912055112203,700.1527795269874
7,2,18,63.334298000000004,48.612002000000004,41.429203,1055.7070784976213,1288.4613950167818,1246.8981242097886
7,2,19,13.270431,10.220011000000001,8.680658,2502.4167786610287,3054.130714113854,2955.610368497278
7,2,20,0.0,0.0,0.0,2800.0,4644.951049827907,4200.0
7,2,21,0.0,0.0,0.0,2800.0,4205.209912886971,4069.5579802131983
7,2,22,0.0,0.0,0.0,2645.8334855800563,3229.1668524795964,3125.000179818964
7,2,23,0.0,0.0,0.0,2319.3884514592746,2830.7496848518704,2739.435178888906
7,3,0,0.0,0.0,0.0,2800.0,3996.150340809066,3867.242265299096
7,3,1,0.0,0.0,0.0,2800.0,6600.0,4200.0
7,3,2,0.0,0.0,0.0,2800.0,6600.0,4200.0
7,3,3,0.0,0.0,0.0,2800.0,6600.0,4200.0
7,3,4,0.0,0.0,0.0,2800.0,6600.0,4200.0
7,3,5,4.346889,3.355957,2.8434540000000004,2800.0,6600.0,4200.0
7,3,6,50.468091,38.675939,33.012962,2800.0,6600.0,4200.0
7,3,7,50.976898,39.104621,33.345791,2800.0,6600.0,4200.0
7,3,8,55.616514,42.681485,36.380727,2800.0,6600.0,4200.0
7,3,9,173.819837,133.49913,113.70169800000001,2800.0,6600.0,4200.0
7,3,10,380.44464600000003,293.970149,248.862287,2800.0,6600.0,4200.0
7,3,11,485.75843,377.280752,317.751755,2800.0,6600.0,4200.0
7,3,12,502.442566,391.035145,328.66543800000005,2800.0,6600.0,4200.0
7,3,13,494.891757,385.28087300000004,323.726187,2800.0,6600.0,4200.0
7,3,14,388.823903,301.400788,254.343456,2800.0,6600.0,4200.0
7,3,15,399.184828,309.42993,261.120902,2800.0,6600.0,4200.0
7,3,16,313.55854100000005,242.045764,205.109722,2800.0,6600.0,4200.0
7,3,17,198.186841,152.402318,129.641017,2800.0,6600.0,4200.0
7,3,18,70.449607,54.089016,46.083577,2800.0,6600.0,4200.0
7,3,19,10.057784,7.749772,6.579152,2800.0,6600.0,4200.0
7,3,20,0.0,0.0,0.0,2800.0,6600.0,4200.0
7,3,21,0.0,0.0,0.0,2800.0,6600.0,4200.0
7,3,22,0.0,0.0,0.0,2800.0,6600.0,4200.0
7,3,23,0.0,0.0,0.0,2800.0,4644.951049827907,4200.0
7,4,0,0.0,0.0,0.0,2694.829168782761,3288.9647335537634,3182.869096987513
7,4,1,0.0,0.0,0.0,2319.3884514592746,2830.7496848518704,2739.435178888906
7,4,2,0.0,0.0,0.0,2744.426018516277,3349.496321811205,3241.448053365682
7,4,3,0.0,0.0,0.0,2800.0,4569.628998473504,4200.0
7,4,4,0.0,0.0,0.0,2800.0,4798.06917736812,4200.0
7,4,5,3.0888079999999998,2.387626,2.020498,2800.0,6600.0,4200.0
7,4,6,45.359947,34.743142999999996,29.671544,2800.0,4798.06917736812,4200.0
7,4,7,172.188785,131.919218,112.634769,2800.0,4205.209912886971,4069.5579802131983
7,4,8,302.066241,232.095384,197.592203,1469.9890187508342,1794.0810858770024,1736.2075024616151
7,4,9,402.04609600000003,309.797057,262.992559,575.0133429544752,701.7879382515248,679.149617662766
7,4,10,474.503579,366.737756,310.389559,460.3878697051685,561.8907071204812,543.7652004391754
7,4,11,516.749367,400.47285899999997,338.024022,707.2412654778989,863.1684736147585,835.3243293046049
7,4,12,531.439511,412.41083299999997,347.63336499999997,1373.4523042863404,1676.2606863337226,1622.1877609681185
7,4,13,514.450616,399.577124,336.520327,1862.5318241810248,2273.168761795739,2199.840737221683
7,4,14,472.621985,366.672591,309.158742,2020.963642713616,2466.530430083547,2386.964932338916
7,4,15,330.070582,254.844449,215.910832,1862.5318241810248,2273.168761795739,2199.840737221683
7,4,16,316.44084000000004,244.05409400000002,206.995136,1712.6043126696648,2090.186365856677,2022.7609992161392
7,4,17,160.152256,123.041532,104.76125,2061.927887690667,2516.5261621421523,2435.347898847244
7,4,18,67.810374,52.038720999999995,44.357161999999995,1786.5196926460033,2180.398050079768,2110.0626291094527
7,4,19,11.057689,8.517393,7.233225,2800.0,4134.733013236745,4001.3545289387857
7,4,20,0.0,0.0,0.0,2800.0,6600.0,4200.0
7,4,21,0.0,0.0,0.0,2800.0,6600.0,4200.0
7,4,22,0.0,0.0,0.0,2800.0,6600.0,4200.0
7,4,23,0.0,0.0,0.0,2800.0,6600.0,4200.0
7,5,0,0.0,0.0,0.0,2800.0,6600.0,4200.0
7,5,1,0.0,0.0,0.0,2800.0,6600.0,4200.0
7,5,2,0.0,0.0,0.0,2800.0,6600.0,4200.0
7,5,3,0.0,0.0,0.0,2800.0,6600.0,4200.0
7,5,4,0.0,0.0,0.0,2800.0,6600.0,4200.0
7,5,5,3.0874430000000004,2.389327,2.019606,2800.0,6600.0,4200.0
7,5,6,45.756739,35.072480999999996,29.931099999999997,2800.0,5195.505086201954,4200.0
7,5,7,168.246546,129.06068,110.056012,2694.829168782761,3288.9647335537634,3182.869096987513
7,5,8,292.51489799999996,225.349907,191.344332,2800.0,6600.0,4200.0
7,5,9,387.255419,299.424441,253.317455,2800.0,6600.0,4200.0
7,5,10,458.104725,355.17623499999996,299.662489,2800.0,6600.0,4200.0
7,5,11,497.780279,387.013461,325.61567099999996,2800.0,6600.0,4200.0
7,5,12,507.664963,395.505521,332.081593,2800.0,6600.0,4200.0
7,5,13,495.594209,386.035785,324.185686,2800.0,6600.0,4200.0
7,5,14,453.669598,353.098966,296.76131599999997,2800.0,6600.0,4200.0
7,5,15,390.614968,303.20245,255.515054,2800.0,6600.0,4200.0
7,5,16,304.365504,235.45844200000002,199.096232,2800.0,6600.0,4200.0
7,5,17,191.797852,147.785155,125.461753,2800.0,6600.0,4200.0
7,5,18,70.277682,54.048946,45.971115,2800.0,6600.0,4200.0
7,5,19,10.505977999999999,8.112382,6.872331,2800.0,6600.0,4200.0
7,5,20,0.0,0.0,0.0,2800.0,6600.0,4200.0
7,5,21,0.0,0.0,0.0,2800.0,6600.0,4200.0
7,5,22,0.0,0.0,0.0,2800.0,6600.0,4200.0
7,5,23,0.0,0.0,0.0,2800.0,6600.0,4200.0
7,6,0,0.0,0.0,0.0,2800.0,6600.0,4200.0
7,6,1,0.0,0.0,0.0,2800.0,6600.0,4200.0
7,6,2,0.0,0.0,0.0,2800.0,6600.0,4200.0
7,6,3,0.0,0.0,0.0,2800.0,6600.0,4200.0
7,6,4,0.0,0.0,0.0,2800.0,6600.0,4200.0
7,6,5,1.184024,0.930674,0.774512,2800.0,6600.0,4200.0
7,6,6,33.047253,25.361299,21.617376,2800.0,6600.0,4200.0
7,6,7,97.89483,75.06111299999999,64.036468,2800.0,6600.0,4200.0
7,6,8,208.86405100000002,160.594505,136.62535699999998,2800.0,6600.0,4200.0
7,6,9,269.402834,207.69183999999998,176.225914,2800.0,6600.0,4200.0
7,6,10,359.58083799999997,278.160721,235.214533,2800.0,6600.0,4200.0
7,6,11,483.910684,376.399975,316.54307900000003,2800.0,6600.0,4200.0
7,6,12,503.269686,391.649536,329.206486,2800.0,6600.0,4200.0
7,6,13,494.35333399999996,384.443961,323.373986,2800.0,6600.0,4200.0
7,6,14,408.786122,316.783811,267.40144799999996,2800.0,6600.0,4200.0
7,6,15,396.803799,307.09040899999997,259.56338800000003,2800.0,6600.0,4200.0
7,6,16,305.96158399999996,236.210152,200.140284,2800.0,6600.0,4200.0
7,6,17,190.85111799999999,146.924059,124.842461,2800.0,6600.0,4200.0
7,6,18,69.275877,53.248283,45.315799,2800.0,6600.0,4200.0
7,6,19,10.093886000000001,7.794726,6.602768,2800.0,6600.0,4200.0
7,6,20,0.0,0.0,0.0,2800.0,6600.0,4200.0
7,6,21,0.0,0.0,0.0,2800.0,6600.0,4200.0
7,6,22,0.0,0.0,0.0,2800.0,6600.0,4200.0
7,6,23,0.0,0.0,0.0,2800.0,6600.0,4200.0
7,7,0,0.0,0.0,0.0,2800.0,6600.0,4200.0
7,7,1,0.0,0.0,0.0,2800.0,6600.0,4200.0
7,7,2,0.0,0.0,0.0,2800.0,6600.0,4200.0
7,7,3,0.0,0.0,0.0,2800.0,6600.0,4200.0
7,7,4,0.0,0.0,0.0,2800.0,6600.0,4200.0
7,7,5,3.410337,2.648295,2.2308220000000003,2800.0,6600.0,4200.0
7,7,6,46.593784,35.743598,30.478641,2800.0,6600.0,4200.0
7,7,7,134.491678,103.127315,87.97575900000001,2800.0,6600.0,4200.0
7,7,8,279.695472,215.031924,182.958692,2800.0,6600.0,4200.0
7,7,9,377.589162,291.09488500000003,246.99441399999998,2800.0,6600.0,4200.0
7,7,10,449.80420000000004,347.817313,294.232822,2800.0,6600.0,4200.0
7,7,11,427.875941,330.813519,279.88877399999996,2800.0,6600.0,4200.0
7,7,12,408.369302,315.512719,267.12879200000003,2800.0,6600.0,4200.0
7,7,13,380.11017499999997,293.628648,248.643498,2800.0,6600.0,4200.0
7,7,14,392.795168,303.56552899999997,256.94120000000004,2800.0,6600.0,4200.0
7,7,15,314.550256,242.51288399999999,205.75843799999998,2800.0,6600.0,4200.0
7,7,16,195.929527,150.738766,128.164428,2800.0,6600.0,4200.0
7,7,17,176.13677299999998,135.449052,115.217288,2800.0,6600.0,4200.0
7,7,18,68.728823,52.819599000000004,44.957952,2800.0,6600.0,4200.0
7,7,19,12.598918,9.718424,8.241397999999998,2800.0,6600.0,4200.0
7,7,20,0.0,0.0,0.0,2800.0,6600.0,4200.0
7,7,21,0.0,0.0,0.0,2800.0,6600.0,4200.0
7,7,22,0.0,0.0,0.0,2800.0,6600.0,4200.0
7,7,23,0.0,0.0,0.0,2800.0,6600.0,4200.0
7,8,0,0.0,0.0,0.0,2800.0,6600.0,4200.0
7,8,1,0.0,0.0,0.0,2800.0,6600.0,4200.0
7,8,2,0.0,0.0,0.0,2800.0,6600.0,4200.0
7,8,3,0.0,0.0,0.0,2800.0,6600.0,4200.0
7,8,4,0.0,0.0,0.0,2800.0,6600.0,4200.0
7,8,5,3.056503,2.365323,1.999367,2800.0,6600.0,4200.0
7,8,6,44.96092,34.433125,29.410527,2800.0,6600.0,4200.0
7,8,7,164.716731,126.09261599999999,107.747035,2800.0,6600.0,4200.0
7,8,8,294.607186,226.204757,192.71297099999998,2800.0,6600.0,4200.0
7,8,9,317.800224,244.233816,207.884357,2800.0,6600.0,4200.0
7,8,10,357.414713,274.872083,233.797594,2800.0,6600.0,4200.0
7,8,11,522.302992,403.614385,341.656844,2800.0,6600.0,4200.0
7,8,12,542.356849,419.448614,354.774781,2800.0,6600.0,4200.0
7,8,13,293.15547999999995,225.40488,191.763359,2800.0,6600.0,4200.0
7,8,14,487.240331,376.53599699999995,318.721119,2800.0,6600.0,4200.0
7,8,15,417.345421,322.00494699999996,273.000388,2800.0,5444.184846176627,4200.0
7,8,16,323.674738,249.09739499999998,211.727084,2800.0,6600.0,4200.0
7,8,17,201.071599,154.444642,131.52803899999998,2800.0,6600.0,4200.0
7,8,18,70.971042,54.466281,46.424667,2800.0,4569.628998473504,4200.0
7,8,19,10.077136000000001,7.765309,6.591810000000001,2800.0,6600.0,4200.0
7,8,20,0.0,0.0,0.0,2800.0,6600.0,4200.0
7,8,21,0.0,0.0,0.0,2800.0,6600.0,4200.0
7,8,22,0.0,0.0,0.0,2800.0,6600.0,4200.0
7,8,23,0.0,0.0,0.0,2800.0,6600.0,4200.0
7,9,0,0.0,0.0,0.0,2800.0,6600.0,4200.0
7,9,1,0.0,0.0,0.0,2800.0,6600.0,4200.0
7,9,2,0.0,0.0,0.0,2800.0,6600.0,4200.0
7,9,3,0.0,0.0,0.0,2800.0,6600.0,4200.0
7,9,4,0.0,0.0,0.0,2800.0,6600.0,4200.0
7,9,5,2.222778,1.720622,1.4539980000000001,2800.0,6600.0,4200.0
7,9,6,42.076816,32.213169,27.523932000000002,2800.0,6600.0,4200.0
7,9,7,166.691911,127.613621,109.03907000000001,2800.0,6600.0,4200.0
7,9,8,295.811734,227.182445,193.500909,2800.0,6600.0,4200.0
7,9,9,394.426289,303.896221,258.008174,2800.0,6600.0,4200.0
7,9,10,465.63525500000003,359.71540600000003,304.58847499999996,2800.0,6600.0,4200.0
7,9,11,511.242074,395.747105,334.42150699999996,2800.0,6600.0,4200.0
7,9,12,530.350696,410.720006,346.921132,2800.0,6600.0,4200.0
7,9,13,516.7697860000001,400.09809499999994,338.037379,2800.0,6600.0,4200.0
7,9,14,352.95505099999997,272.199528,230.880372,2800.0,6600.0,4200.0
7,9,15,331.32369,255.258177,216.730534,2800.0,6600.0,4200.0
7,9,16,214.770085,165.129741,140.488702,2800.0,6600.0,4200.0
7,9,17,122.510418,94.081661,80.138394,2800.0,6600.0,4200.0
7,9,18,57.490198,44.137293,37.606370000000005,2800.0,5360.429636038867,4200.0
7,9,19,12.094102999999999,9.317688,7.91118,2549.630956168769,3111.754316583931,3011.3751450812238
7,9,20,0.0,0.0,0.0,929.1658003530496,1134.0212523993912,1097.4399216768302
7,9,21,0.0,0.0,0.0,257.74098596133337,314.56577026776904,304.4184873559055
7,9,22,0.0,0.0,0.0,362.10752792468406,441.94225849075616,427.6860566039575
7,9,23,0.0,0.0,0.0,1082.3203053763452,1320.942104986878,1278.3310693421402
7,10,0,0.0,0.0,0.0,2455.7891050857875,2997.2229235298983,2900.5383130934497
7,10,1,0.0,0.0,0.0,2800.0,5787.929644089762,4200.0
7,10,2,0.0,0.0,0.0,2800.0,6600.0,4200.0
7,10,3,0.0,0.0,0.0,2800.0,6600.0,4200.0
7,10,4,0.0,0.0,0.0,2800.0,6600.0,4200.0
7,10,5,-0.0,-0.0,-0.0,2800.0,6600.0,4200.0
7,10,6,2.6063989999999997,2.027092,1.704938,2800.0,5787.929644089762,4200.0
7,10,7,55.892360999999994,42.857843,36.561169,2800.0,6600.0,4200.0
7,10,8,66.164539,50.777736,43.280563,2800.0,6600.0,4200.0
7,10,9,36.959854,28.418419,24.176745999999998,2800.0,6600.0,4200.0
7,10,10,68.040048,52.252142,44.507400000000004,2800.0,6330.21083371745,4200.0
7,10,11,56.865868999999996,43.684743000000005,37.197974,2800.0,5528.8079782263085,4200.0
7,10,12,160.493602,123.251694,104.98453599999999,2800.0,6600.0,4200.0
7,10,13,152.002446,116.71194100000001,99.430171,2800.0,6600.0,4200.0
7,10,14,137.314843,105.42613,89.822491,2800.0,6600.0,4200.0
7,10,15,284.10265100000004,218.742235,185.841584,2800.0,6600.0,4200.0
7,10,16,296.191488,228.210751,193.74931899999999,2800.0,6600.0,4200.0
7,10,17,186.68544599999998,143.522873,122.117547,2800.0,6600.0,4200.0
7,10,18,70.152466,53.862104,45.889207,2800.0,6600.0,4200.0
7,10,19,10.909932000000001,8.41586,7.136572,2800.0,6600.0,4200.0
7,10,20,0.0,0.0,0.0,2800.0,6600.0,4200.0
7,10,21,0.0,0.0,0.0,2800.0,6600.0,4200.0
7,10,22,0.0,0.0,0.0,2800.0,6600.0,4200.0
7,10,23,0.0,0.0,0.0,2800.0,6600.0,4200.0
7,11,0,0.0,0.0,0.0,2800.0,6600.0,4200.0
7,11,1,0.0,0.0,0.0,2800.0,6600.0,4200.0
7,11,2,0.0,0.0,0.0,2800.0,6600.0,4200.0
7,11,3,0.0,0.0,0.0,2800.0,6600.0,4200.0
7,11,4,0.0,0.0,0.0,2800.0,6600.0,4200.0
7,11,5,2.4116060000000004,1.8775950000000001,1.577517,2800.0,6600.0,4200.0
7,11,6,43.344097000000005,33.271055999999994,28.352905,2800.0,6600.0,4200.0
7,11,7,92.17136900000001,70.763273,60.292549,2800.0,6600.0,4200.0
7,11,8,139.32982,107.08158900000001,91.140559,2800.0,6600.0,4200.0
7,11,9,275.27666600000003,212.434443,180.068195,2800.0,6600.0,4200.0
7,11,10,312.302914,241.511461,204.288372,2800.0,6600.0,4200.0
7,11,11,384.87656699999997,298.502489,251.76136400000001,2800.0,6600.0,4200.0
7,11,12,241.324146,186.382666,157.858652,2800.0,6600.0,4200.0
7,11,13,374.854346,291.20261800000003,245.20547399999998,2800.0,6600.0,4200.0
7,11,14,323.533025,251.097597,211.634385,2800.0,6600.0,4200.0
7,11,15,341.44282799999996,264.913034,223.34982,2800.0,6600.0,4200.0
7,11,16,143.253241,110.419549,93.707007,2800.0,6600.0,4200.0
7,11,17,114.03742,87.822259,74.59590700000001,2800.0,6600.0,4200.0
7,11,18,54.236214,41.765294000000004,35.477824,2800.0,6600.0,4200.0
7,11,19,11.468195,8.871678,7.501752000000001,2800.0,6600.0,4200.0
7,11,20,0.0,0.0,0.0,2800.0,6600.0,4200.0
7,11,21,0.0,0.0,0.0,2800.0,6600.0,4200.0
7,11,22,0.0,0.0,0.0,2800.0,6600.0,4200.0
7,11,23,0.0,0.0,0.0,2800.0,6600.0,4200.0
7,12,0,0.0,0.0,0.0,2800.0,6600.0,4200.0
7,12,1,0.0,0.0,0.0,2800.0,6600.0,4200.0
7,12,2,0.0,0.0,0.0,2800.0,6600.0,4200.0
7,12,3,0.0,0.0,0.0,2800.0,6600.0,4200.0
7,12,4,0.0,0.0,0.0,2800.0,6600.0,4200.0
7,12,5,-0.0,-0.0,-0.0,2800.0,6600.0,4200.0
7,12,6,30.482758999999998,23.439069,19.93985,2800.0,6600.0,4200.0
7,12,7,84.905834,65.18472,55.539906,2800.0,6600.0,4200.0
7,12,8,134.38031400000003,103.136155,87.902912,1193.2453053765432,1456.323010498931,1409.344848869933
7,12,9,214.30342800000003,164.580849,140.183445,192.09958802440056,234.45225310064637,226.88927719417387
7,12,10,36.603653,28.157550999999998,23.943742999999998,101.6454080931955,124.05541932634095,120.0536316061364
7,12,11,53.127447000000004,40.828086000000006,34.75254,3.0015560628812588,3.663316454697599,3.5451449561589667
7,12,12,179.138327,137.61328899999998,117.18071,90.95515204021434,111.00825642703326,107.42734492938702
7,12,13,211.93937,162.934554,138.637032,575.0133429544752,701.7879382515248,679.149617662766
7,12,14,376.086987,290.18890600000003,246.011789,1469.9890187508342,1794.0810858770024,1736.2075024616151
7,12,15,261.677327,201.498605,171.172387,2800.0,6600.0,4200.0
7,12,16,196.855031,151.373984,128.769833,2800.0,6600.0,4200.0
7,12,17,174.93984099999997,134.46061300000002,114.434332,2800.0,6600.0,4200.0
7,12,18,69.72572199999999,53.571470999999995,45.610059,2800.0,6600.0,4200.0
7,12,19,11.521274,8.897102,7.536473,2800.0,6600.0,4200.0
7,12,20,0.0,0.0,0.0,2800.0,6600.0,4200.0
7,12,21,0.0,0.0,0.0,2800.0,6600.0,4200.0
7,12,22,0.0,0.0,0.0,2800.0,6600.0,4200.0
7,12,23,0.0,0.0,0.0,2800.0,6600.0,4200.0
7,13,0,0.0,0.0,0.0,2800.0,6600.0,4200.0
7,13,1,0.0,0.0,0.0,2800.0,6600.0,4200.0
7,13,2,0.0,0.0,0.0,2800.0,6600.0,4200.0
7,13,3,0.0,0.0,0.0,2800.0,6600.0,4200.0
7,13,4,0.0,0.0,0.0,2800.0,6600.0,4200.0
7,13,5,-0.0,-0.0,-0.0,2800.0,6600.0,4200.0
7,13,6,23.566034,18.132461,15.415376,2800.0,6600.0,4200.0
7,13,7,93.860967,72.032995,61.397775,2800.0,6600.0,4200.0
7,13,8,148.34314600000002,113.89298600000001,97.036494,2800.0,6600.0,4200.0
7,13,9,175.494247,134.824457,114.796988,2800.0,6600.0,4200.0
7,13,10,194.18465,149.20677799999999,127.023042,2800.0,6600.0,4200.0
7,13,11,257.345357,198.01502299999999,168.338692,2800.0,6600.0,4200.0
7,13,12,210.11903,161.54742800000002,137.446283,2800.0,6600.0,4200.0
7,13,13,203.885688,156.837712,133.36883300000002,2800.0,6600.0,4200.0
7,13,14,286.395276,220.604249,187.341271,2800.0,6600.0,4200.0
7,13,15,214.018667,164.676829,139.997173,2800.0,6600.0,4200.0
7,13,16,173.173644,133.209844,113.279,2800.0,6600.0,4200.0
7,13,17,152.459449,117.21325999999999,99.729113,2800.0,5277.537873988738,4200.0
7,13,18,67.97544,52.263243,44.465137999999996,2103.4419801044355,2567.192967843996,2484.3802914619314
7,13,19,9.462616,7.315162,6.189832,2020.963642713616,2466.530430083547,2386.964932338916
7,13,20,0.0,0.0,0.0,2020.963642713616,2466.530430083547,2386.964932338916
7,13,21,0.0,0.0,0.0,1605.5985030100696,1959.588724146148,1896.3761846575624
7,13,22,0.0,0.0,0.0,1251.4423799619176,1527.350936173994,1478.0815511361232
7,13,23,0.0,0.0,0.0,1136.8810555802274,1387.531996967994,1342.7729002916071
7,14,0,0.0,0.0,0.0,1437.3238044186396,1754.214092007001,1697.6265406519365
7,14,1,0.0,0.0,0.0,1824.2618316438895,2226.4612905889994,2154.639958634516
7,14,2,0.0,0.0,0.0,1055.7070784976213,1288.4613950167818,1246.8981242097886
7,14,3,0.0,0.0,0.0,113.14210705336222,138.08682356906414,133.63240990554593
7,14,4,0.0,0.0,0.0,48.57413350122129,59.283391281018105,57.3710238203401
7,14,5,4.544582,3.51063,2.9727710000000003,1605.5985030100696,1959.588724146148,1896.3761846575624
7,14,6,39.137645,30.01706,25.601316999999998,2800.0,6600.0,4200.0
7,14,7,160.713316,123.14316099999999,105.12826,2800.0,6600.0,4200.0
7,14,8,220.388717,169.14003,144.164048,2800.0,6600.0,4200.0
7,14,9,392.848371,302.702619,256.976002,2800.0,6600.0,4200.0
7,14,10,469.353946,362.571414,307.02100199999995,2800.0,6600.0,4200.0
7,14,11,518.013868,400.748396,338.851177,2800.0,6600.0,4200.0
7,14,12,189.98117499999998,145.993771,124.2734,2800.0,6600.0,4200.0
7,14,13,255.81798,196.793547,167.339581,2800.0,6600.0,4200.0
7,14,14,358.381884,276.190038,234.43025500000002,2800.0,6600.0,4200.0
7,14,15,196.839082,151.224927,128.759399,2800.0,6600.0,4200.0
7,14,16,205.304731,157.66667,134.29708,2800.0,6600.0,4200.0
7,14,17,191.856242,147.333222,125.499948,2800.0,6600.0,4200.0
7,14,18,68.67139,52.708902,44.920383,2800.0,6600.0,4200.0
7,14,19,8.783826999999999,6.777425,5.745812,2800.0,6600.0,4200.0
7,14,20,0.0,0.0,0.0,2800.0,6600.0,4200.0
7,14,21,0.0,0.0,0.0,2800.0,6600.0,4200.0
7,14,22,0.0,0.0,0.0,2800.0,6600.0,4200.0
7,14,23,0.0,0.0,0.0,2800.0,6600.0,4200.0
7,15,0,0.0,0.0,0.0,2800.0,6600.0,4200.0
7,15,1,0.0,0.0,0.0,2800.0,6600.0,4200.0
7,15,2,0.0,0.0,0.0,2800.0,6600.0,4200.0
7,15,3,0.0,0.0,0.0,2800.0,6600.0,4200.0
7,15,4,0.0,0.0,0.0,2800.0,6600.0,4200.0
7,15,5,3.990707,3.082511,2.610463,2800.0,6600.0,4200.0
7,15,6,41.96287,32.163389,27.449396,2800.0,5787.929644089762,4200.0
7,15,7,160.19870600000002,122.731921,104.791635,2800.0,6600.0,4200.0
7,15,8,290.781659,223.407488,190.21055900000002,2800.0,6600.0,4200.0
7,15,9,307.516814,236.601771,201.157615,2800.0,6600.0,4200.0
7,15,10,365.460726,281.815878,239.060775,2800.0,6600.0,4200.0
7,15,11,347.057958,267.694363,227.022875,2800.0,6600.0,4200.0
7,15,12,386.68055200000003,299.17204,252.94141399999998,2800.0,6600.0,4200.0
7,15,13,500.90308500000003,389.65254200000004,327.658409,2800.0,6600.0,4200.0
7,15,14,413.42776000000003,320.118217,270.437708,2800.0,6600.0,4200.0
7,15,15,400.96900300000004,310.22927500000003,262.287995,2800.0,5195.505086201954,4200.0
7,15,16,311.973258,240.498367,204.072733,2794.6277004301824,3410.766091076207,3300.741378460845
7,15,17,192.880566,148.25601999999998,126.169994,2800.0,6423.759245222193,4200.0
7,15,18,68.613713,52.690226,44.882654,1901.3333359069868,2320.524937524275,2245.6692943783305
7,15,19,9.076616,7.00833,5.937335,2597.435303258585,3170.098204764415,3067.83697235266
7,15,20,0.0,0.0,0.0,2800.0,3860.699345383164,3736.160656822416
7,15,21,0.0,0.0,0.0,2800.0,3728.344236364732,3608.075067449741
7,15,22,0.0,0.0,0.0,2794.6277004301824,3410.766091076207,3300.741378460845
7,15,23,0.0,0.0,0.0,2409.744269793466,2941.0264710077745,2846.1546493623623
7,16,0,0.0,0.0,0.0,2800.0,4798.06917736812,4200.0
7,16,1,0.0,0.0,0.0,2800.0,6600.0,4200.0
7,16,2,0.0,0.0,0.0,2800.0,6600.0,4200.0
7,16,3,0.0,0.0,0.0,2800.0,6600.0,4200.0
7,16,4,0.0,0.0,0.0,2800.0,6600.0,4200.0
7,16,5,1.3401990000000001,1.048884,0.8766710000000001,2800.0,6600.0,4200.0
7,16,6,41.043811,31.477448,26.848207,2800.0,6600.0,4200.0
7,16,7,142.293246,109.101034,93.079041,2800.0,6600.0,4200.0
7,16,8,204.717094,157.136811,133.91268599999998,2800.0,6600.0,4200.0
7,16,9,214.996959,165.148539,140.637108,2800.0,6600.0,4200.0
7,16,10,349.27833799999996,269.243924,228.475304,2800.0,6600.0,4200.0
7,16,11,88.44311400000001,67.961246,57.853766,2800.0,6600.0,4200.0
7,16,12,209.40705499999999,161.12621299999998,136.98055499999998,2800.0,6600.0,4200.0
7,16,13,151.65182000000001,116.601427,99.200815,2800.0,6600.0,4200.0
7,16,14,202.88362,155.98026800000002,132.713345,2800.0,6600.0,4200.0
7,16,15,304.883556,234.62021,199.435108,2800.0,6600.0,4200.0
7,16,16,307.008865,236.00566800000001,200.825348,2800.0,6600.0,4200.0
7,16,17,190.877777,146.382347,124.859899,2800.0,6600.0,4200.0
7,16,18,69.703939,53.416936,45.59581,2800.0,6600.0,4200.0
7,16,19,9.61073,7.400533,6.286718,2800.0,6600.0,4200.0
7,16,20,0.0,0.0,0.0,2800.0,6600.0,4200.0
7,16,21,0.0,0.0,0.0,2800.0,6600.0,4200.0
7,16,22,0.0,0.0,0.0,2800.0,6600.0,4200.0
7,16,23,0.0,0.0,0.0,2800.0,6600.0,4200.0
7,17,0,0.0,0.0,0.0,2800.0,6600.0,4200.0
7,17,1,0.0,0.0,0.0,2800.0,6600.0,4200.0
7,17,2,0.0,0.0,0.0,2800.0,6600.0,4200.0
7,17,3,0.0,0.0,0.0,2800.0,6600.0,4200.0
7,17,4,0.0,0.0,0.0,2800.0,6600.0,4200.0
7,17,5,2.054532,1.5937260000000002,1.343942,2800.0,6600.0,4200.0
7,17,6,37.853993,29.004053,24.761633999999997,2800.0,6600.0,4200.0
7,17,7,161.85123199999998,123.928292,105.87261,2800.0,6600.0,4200.0
7,17,8,294.04947999999996,225.90852999999998,192.348156,2800.0,6600.0,4200.0
7,17,9,394.233341,304.004028,257.88196,2800.0,6600.0,4200.0
7,17,10,461.65736200000003,357.300041,301.986395,2800.0,6600.0,4200.0
7,17,11,503.29565,390.850105,329.22346999999996,2800.0,6600.0,4200.0
7,17,12,516.330502,401.842043,337.750028,2800.0,6600.0,4200.0
7,17,13,504.040469,392.39327399999996,329.710683,2800.0,6600.0,4200.0
7,17,14,461.85108299999996,359.35616100000004,302.113114,2800.0,6600.0,4200.0
7,17,15,397.95264299999997,308.79071899999997,260.314887,2800.0,6600.0,4200.0
7,17,16,311.34076699999997,240.615332,203.658998,2800.0,6600.0,4200.0
7,17,17,193.76985399999998,149.280781,126.751709,2800.0,6600.0,4200.0
7,17,18,66.66540300000001,51.251729,43.60819600000001,2800.0,6600.0,4200.0
7,17,19,7.937189999999999,6.133234000000001,5.1919960000000005,2800.0,6600.0,4200.0
7,17,20,0.0,0.0,0.0,2800.0,6600.0,4200.0
7,17,21,0.0,0.0,0.0,2800.0,6600.0,4200.0
7,17,22,0.0,0.0,0.0,2800.0,6600.0,4200.0
7,17,23,0.0,0.0,0.0,2800.0,6600.0,4200.0
7,18,0,0.0,0.0,0.0,2800.0,6600.0,4200.0
7,18,1,0.0,0.0,0.0,2800.0,6600.0,4200.0
7,18,2,0.0,0.0,0.0,2800.0,6600.0,4200.0
7,18,3,0.0,0.0,0.0,2800.0,6600.0,4200.0
7,18,4,0.0,0.0,0.0,2800.0,6600.0,4200.0
7,18,5,2.006078,1.5610160000000002,1.3122470000000002,2800.0,6600.0,4200.0
7,18,6,37.981612,29.159503,24.845115,2800.0,6600.0,4200.0
7,18,7,154.528617,118.644925,101.082629,2800.0,6600.0,4200.0
7,18,8,282.89793199999997,217.84945199999999,185.053534,2800.0,6600.0,4200.0
7,18,9,379.796879,293.579196,248.43856,2800.0,6600.0,4200.0
7,18,10,445.148735,345.180011,291.18751799999995,2800.0,6600.0,4200.0
7,18,11,488.43120500000003,379.711063,319.50011099999995,2800.0,6600.0,4200.0
7,18,12,503.815336,392.230072,329.56341499999996,2800.0,5444.184846176627,4200.0
7,18,13,492.036469,382.848906,321.85844199999997,2275.070137118247,2776.660403569514,2687.090713131788
7,18,14,452.760854,351.801101,296.166874,1342.23868718708,1638.1653268818693,1585.3212840792282
7,18,15,388.903778,301.222448,254.395704,858.3289550807331,1047.566834941052,1013.7743563945666
7,18,16,299.710131,231.45396100000002,196.05098800000002,125.47457411733969,153.13825974950905,148.19831588662166
7,18,17,185.359614,142.696089,121.250274,71.8766678693094,87.7234922814406,84.89370220784575
7,18,18,66.950891,51.462644,43.794942999999996,152.76411334322614,186.4443903007878,180.43005512979465
7,18,19,8.412564,6.50273,5.502955,362.10752792468406,441.94225849075616,427.6860566039575
7,18,20,0.0,0.0,0.0,507.4383148650858,619.3144787723488,599.3365923603375
7,18,21,0.0,0.0,0.0,324.6794129073232,396.2622755955519,383.4796215440825
7,18,22,0.0,0.0,0.0,183.74862734385428,224.2601357346253,217.0259378077019
7,18,23,0.0,0.0,0.0,460.3878697051685,561.8907071204812,543.7652004391754
7,19,0,0.0,0.0,0.0,727.6412163217148,888.0660514162661,859.4187594350961
7,19,1,0.0,0.0,0.0,791.1870845831577,965.6220323652713,934.4729345470366
7,19,2,0.0,0.0,0.0,707.2412654778989,863.1684736147585,835.3243293046049
7,19,3,0.0,0.0,0.0,629.4537376638762,768.2309396685104,743.4492964533971
7,19,4,0.0,0.0,0.0,727.6412163217148,888.0660514162661,859.4187594350961
7,19,5,-0.0,-0.0,-0.0,858.3289550807331,1047.566834941052,1013.7743563945666
7,19,6,30.435776999999998,23.387059,19.909118,858.3289550807331,1047.566834941052,1013.7743563945666
7,19,7,95.133798,73.04865,62.230379,507.4383148650858,619.3144787723488,599.3365923603375
7,19,8,139.062443,106.927267,90.96565799999999,416.3395915497286,508.1309975606924,491.7396750587345
7,19,9,290.19468199999994,224.135369,189.826596,55.67205296764801,67.94620637783812,65.7543932688756
7,19,10,427.522446,332.147444,279.65754,81.04201369779398,98.90954427683516,95.7189138162921
7,19,11,468.486703,364.916799,306.453708,475.7328897807615,580.6188812284884,561.8892398985372
7,19,12,484.543014,377.57265,316.956708,978.4920029593812,1194.2225232968824,1155.6992160937573
7,19,13,475.151875,369.951699,310.813633,2188.134369840437,2670.5576954745493,2584.4106730398867
7,19,14,433.435212,337.187565,283.525289,1469.9890187508342,1794.0810858770024,1736.2075024616151
7,19,15,244.155512,188.563086,159.71074900000002,175.6432651850418,214.36776459591715,207.4526754154037
7,19,16,288.72794,223.21074299999998,188.867149,445.37642374118406,543.569651022705,526.0351461510048
7,19,17,178.255697,137.41092,116.60335099999999,1029.5337295682716,1256.5175439612765,1215.984719962525
7,19,18,64.225241,49.47336,42.012,1570.9465066065366,1917.296917511915,1855.44862985024
7,19,19,7.373381999999999,5.718625,4.823189999999999,2800.0,5277.537873988738,4200.0
7,19,20,0.0,0.0,0.0,2800.0,6600.0,4200.0
7,19,21,0.0,0.0,0.0,2800.0,6600.0,4200.0
7,19,22,0.0,0.0,0.0,2800.0,6600.0,4200.0
7,19,23,0.0,0.0,0.0,2800.0,6600.0,4200.0
7,20,0,0.0,0.0,0.0,2800.0,6600.0,4200.0
7,20,1,0.0,0.0,0.0,2800.0,6600.0,4200.0
7,20,2,0.0,0.0,0.0,2800.0,6600.0,4200.0
7,20,3,0.0,0.0,0.0,2800.0,6600.0,4200.0
7,20,4,0.0,0.0,0.0,2800.0,6600.0,4200.0
7,20,5,-0.0,-0.0,-0.0,2800.0,6600.0,4200.0
7,20,6,34.06523,26.195914000000002,22.28327,2800.0,6600.0,4200.0
7,20,7,109.69847299999999,84.21644500000001,71.757648,2800.0,6600.0,4200.0
7,20,8,188.44595800000002,144.789349,123.269161,2800.0,6600.0,4200.0
7,20,9,264.451946,203.527409,172.98736300000002,2800.0,6600.0,4200.0
7,20,10,353.203391,272.465268,231.04282,2800.0,6600.0,4200.0
7,20,11,400.080337,309.066805,261.706687,2800.0,6600.0,4200.0
7,20,12,515.42737,399.5482,337.15925699999997,2800.0,6600.0,4200.0
7,20,13,138.660607,106.762422,90.702803,2800.0,6600.0,4200.0
7,20,14,199.42751800000002,153.694818,130.452587,2800.0,6600.0,4200.0
7,20,15,396.33140000000003,306.879792,259.254374,2800.0,6600.0,4200.0
7,20,16,218.42057,168.29468599999998,142.87661300000002,2800.0,6600.0,4200.0
7,20,17,148.257535,114.10454,96.980493,2800.0,6600.0,4200.0
7,20,18,64.867231,49.930021999999994,42.431948,2800.0,6600.0,4200.0
7,20,19,7.310466,5.665278,4.7820339999999995,2800.0,6600.0,4200.0
7,20,20,0.0,0.0,0.0,2800.0,6600.0,4200.0
7,20,21,0.0,0.0,0.0,2800.0,6600.0,4200.0
7,20,22,0.0,0.0,0.0,2800.0,6600.0,4200.0
7,20,23,0.0,0.0,0.0,2800.0,6600.0,4200.0
7,21,0,0.0,0.0,0.0,2800.0,6600.0,4200.0
7,21,1,0.0,0.0,0.0,2800.0,6600.0,4200.0
7,21,2,0.0,0.0,0.0,2800.0,6600.0,4200.0
7,21,3,0.0,0.0,0.0,2800.0,6600.0,4200.0
7,21,4,0.0,0.0,0.0,2800.0,6600.0,4200.0
7,21,5,1.617461,1.266202,1.058039,2800.0,6600.0,4200.0
7,21,6,37.201941,28.572723000000003,24.335105,2800.0,6600.0,4200.0
7,21,7,122.574439,94.10043300000001,80.180272,2800.0,6600.0,4200.0
7,21,8,230.643249,177.53083900000001,150.87189999999998,2800.0,6600.0,4200.0
7,21,9,325.05606300000005,251.17637200000001,212.63065799999998,2800.0,6600.0,4200.0
7,21,10,433.153533,336.73567599999996,283.341033,2800.0,6600.0,4200.0
7,21,11,467.181511,364.614012,305.599936,2800.0,6600.0,4200.0
7,21,12,399.91743099999997,311.872993,261.600124,2800.0,6600.0,4200.0
7,21,13,290.597967,225.543297,190.0904,2800.0,6600.0,4200.0
7,21,14,262.577635,203.529864,171.76131,2800.0,6600.0,4200.0
7,21,15,275.06739899999997,213.240631,179.931306,2800.0,6600.0,4200.0
7,21,16,189.845831,146.80415900000003,124.184867,2800.0,6600.0,4200.0
7,21,17,126.872329,97.886731,82.991674,2800.0,6600.0,4200.0
7,21,18,54.703576,42.164736,35.783542000000004,2800.0,5700.675903358588,4200.0
7,21,19,7.067407,5.48778,4.623041,2645.8334855800563,3229.1668524795964,3125.000179818964
7,21,20,0.0,0.0,0.0,610.9415963527902,745.6373813754526,721.5845626214057
7,21,21,0.0,0.0,0.0,101.6454080931955,124.05541932634095,120.0536316061364
7,21,22,0.0,0.0,0.0,491.4151496175413,599.758647171015,580.4115940364661
7,21,23,0.0,0.0,0.0,2409.744269793466,2941.0264710077745,2846.1546493623623
7,22,0,0.0,0.0,0.0,2800.0,6600.0,4200.0
7,22,1,0.0,0.0,0.0,2800.0,6600.0,4200.0
7,22,2,0.0,0.0,0.0,2800.0,6600.0,4200.0
7,22,3,0.0,0.0,0.0,2800.0,6600.0,4200.0
7,22,4,0.0,0.0,0.0,2800.0,6600.0,4200.0
7,22,5,-0.0,-0.0,-0.0,2800.0,6600.0,4200.0
7,22,6,10.556633,8.149445,6.905467,2800.0,6600.0,4200.0
7,22,7,72.820014,55.882124000000005,47.634144,2800.0,6600.0,4200.0
7,22,8,87.725235,67.342929,57.384176,2800.0,6600.0,4200.0
7,22,9,28.063315,21.606372,18.357205999999998,2800.0,6600.0,4200.0
7,22,10,187.77017600000002,144.217827,122.827108,2800.0,6600.0,4200.0
7,22,11,220.30659,169.461129,144.11032600000001,2800.0,6600.0,4200.0
7,22,12,369.829699,286.246962,241.91867499999998,2800.0,6600.0,4200.0
7,22,13,338.637676,262.313052,221.51487100000003,2800.0,6600.0,4200.0
7,22,14,330.658701,256.044981,216.295541,2800.0,6600.0,4200.0
7,22,15,310.465469,240.153351,203.086434,2800.0,6600.0,4200.0
7,22,16,278.414633,214.98185500000002,182.12085000000002,2800.0,6600.0,4200.0
7,22,17,166.427345,128.192075,108.86600800000001,2800.0,6600.0,4200.0
7,22,18,66.129565,50.882941,43.257686,2800.0,3663.3164546975977,3545.1449561589657
7,22,19,7.835902,6.065296,5.1257399999999995,1469.9890187508342,1794.0810858770024,1736.2075024616151
7,22,20,0.0,0.0,0.0,125.47457411733969,153.13825974950905,148.19831588662166
7,22,21,0.0,0.0,0.0,24.01244850305007,29.306531637580797,28.36115964927173
7,22,22,0.0,0.0,0.0,1193.2453053765432,1456.323010498931,1409.344848869933
7,22,23,0.0,0.0,0.0,2800.0,5277.537873988738,4200.0
7,23,0,0.0,0.0,0.0,2800.0,6600.0,4200.0
7,23,1,0.0,0.0,0.0,2800.0,6600.0,4200.0
7,23,2,0.0,0.0,0.0,2800.0,6600.0,4200.0
7,23,3,0.0,0.0,0.0,2800.0,6600.0,4200.0
7,23,4,0.0,0.0,0.0,2800.0,6600.0,4200.0
7,23,5,-0.0,-0.0,-0.0,2800.0,6145.847517348083,4200.0
7,23,6,30.759812999999998,23.63736,20.121080000000003,2800.0,4276.483153260508,4138.532083800491
7,23,7,88.638821,68.03558500000001,57.981785,2800.0,6600.0,4200.0
7,23,8,253.109309,195.014861,165.56774299999998,2800.0,6600.0,4200.0
7,23,9,203.570843,156.7865,133.16288200000002,2800.0,6600.0,4200.0
7,23,10,84.63937399999999,65.097046,55.365606,2800.0,6600.0,4200.0
7,23,11,250.764441,193.52913800000002,164.033882,2800.0,6600.0,4200.0
7,23,12,333.503259,258.083685,218.15626699999999,2800.0,6600.0,4200.0
7,23,13,407.929814,316.39064,266.841307,2800.0,6600.0,4200.0
7,23,14,356.413141,275.710864,233.14243100000002,2800.0,6600.0,4200.0
7,23,15,320.50610600000005,247.44941,209.65437,2800.0,6600.0,4200.0
7,23,16,291.541763,224.958618,190.70776999999998,2800.0,6600.0,4200.0
7,23,17,178.532094,137.387837,116.784152,2800.0,6600.0,4200.0
7,23,18,62.80622,48.291470000000004,41.083768,2800.0,4348.55720818164,4200.0
7,23,19,5.738986,4.451002000000001,3.754073,2800.0,4134.733013236745,4001.3545289387857
7,23,20,0.0,0.0,0.0,2800.0,4134.733013236745,4001.3545289387857
7,23,21,0.0,0.0,0.0,2800.0,5876.06920203001,4200.0
7,23,22,0.0,0.0,0.0,2800.0,6600.0,4200.0
7,23,23,0.0,0.0,0.0,2800.0,6600.0,4200.0
7,24,0,0.0,0.0,0.0,2800.0,6600.0,4200.0
7,24,1,0.0,0.0,0.0,2800.0,6600.0,4200.0
7,24,2,0.0,0.0,0.0,2800.0,6600.0,4200.0
7,24,3,0.0,0.0,0.0,2800.0,6600.0,4200.0
7,24,4,0.0,0.0,0.0,2800.0,6600.0,4200.0
7,24,5,-0.0,-0.0,-0.0,2800.0,6600.0,4200.0
7,24,6,38.510232,29.482268,25.190904,2800.0,6423.759245222193,4200.0
7,24,7,48.21325,36.908199,31.53799,2800.0,6600.0,4200.0
7,24,8,181.763296,139.047036,118.897795,2800.0,6600.0,4200.0
7,24,9,128.40963,98.267962,83.997277,2800.0,5614.303506012198,4200.0
7,24,10,73.144116,56.037597999999996,47.846151,2800.0,6145.847517348083,4200.0
7,24,11,131.69004199999998,100.886575,86.14311000000001,2800.0,6600.0,4200.0
7,24,12,66.202713,50.756349,43.305534,2800.0,6600.0,4200.0
7,24,13,105.259175,80.690433,68.853746,2800.0,6600.0,4200.0
7,24,14,357.394468,274.638034,233.784351,2800.0,6600.0,4200.0
7,24,15,318.595573,244.533068,208.404623,2800.0,6600.0,4200.0
7,24,16,327.87940999999995,251.578585,214.477509,2800.0,5444.184846176627,4200.0
7,24,17,199.426617,152.715496,130.451997,1980.545579523704,2417.201297843891,2339.227062429572
7,24,18,65.52134199999999,50.172182,42.859826,324.6794129073232,396.2622755955519,383.4796215440825
7,24,19,5.553025,4.2845770000000005,3.63243,257.74098596133337,314.56577026776904,304.4184873559055
7,24,20,0.0,0.0,0.0,953.6162939806846,1163.862406039418,1126.3184574575014
7,24,21,0.0,0.0,0.0,2597.435303258585,3170.098204764415,3067.83697235266
7,24,22,0.0,0.0,0.0,2800.0,4875.874201202505,4200.0
7,24,23,0.0,0.0,0.0,2800.0,5528.8079782263085,4200.0
7,25,0,0.0,0.0,0.0,2800.0,5700.675903358588,4200.0
7,25,1,0.0,0.0,0.0,2800.0,5787.929644089762,4200.0
7,25,2,0.0,0.0,0.0,2800.0,6600.0,4200.0
7,25,3,0.0,0.0,0.0,2800.0,6600.0,4200.0
7,25,4,0.0,0.0,0.0,2800.0,6600.0,4200.0
7,25,5,0.345808,0.277934,0.22620500000000002,2800.0,6600.0,4200.0
7,25,6,32.676126000000004,25.031061,21.374609,2800.0,6600.0,4200.0
7,25,7,157.006328,120.195543,102.703388,2800.0,6600.0,4200.0
7,25,8,292.325784,224.421402,191.22062599999998,2800.0,6600.0,4200.0
7,25,9,393.35532900000004,303.017805,257.30762100000004,2800.0,6600.0,4200.0
7,25,10,465.972675,360.24846399999996,304.809194,2800.0,6600.0,4200.0
7,25,11,508.443137,394.39230200000003,332.590623,2800.0,6600.0,4200.0
7,25,12,519.470972,404.00132900000006,339.80432,2800.0,6600.0,4200.0
7,25,13,433.172704,336.079782,283.353573,2800.0,6600.0,4200.0
7,25,14,367.96414,284.81256099999996,240.698347,2800.0,5876.06920203001,4200.0
7,25,15,318.667083,246.20299799999998,208.4514,2800.0,4721.09628485135,4200.0
7,25,16,312.689865,241.314556,204.541491,2364.2786071344885,2885.536882723194,2792.4550477966395
7,25,17,175.864708,135.191,115.03932,1712.6043126696648,2090.186365856677,2022.7609992161392
7,25,18,62.963343,48.331573,41.186548,2364.2786071344885,2885.536882723194,2792.4550477966395
7,25,19,4.800314999999999,3.714091,3.140056,2800.0,6600.0,4200.0
7,25,20,0.0,0.0,0.0,2800.0,6600.0,4200.0
7,25,21,0.0,0.0,0.0,2800.0,6600.0,4200.0
7,25,22,0.0,0.0,0.0,2800.0,6600.0,4200.0
7,25,23,0.0,0.0,0.0,2800.0,6600.0,4200.0
7,26,0,0.0,0.0,0.0,2800.0,6600.0,4200.0
7,26,1,0.0,0.0,0.0,2800.0,6600.0,4200.0
7,26,2,0.0,0.0,0.0,2800.0,6600.0,4200.0
7,26,3,0.0,0.0,0.0,2800.0,6600.0,4200.0
7,26,4,0.0,0.0,0.0,2800.0,6600.0,4200.0
7,26,5,-0.0,-0.0,-0.0,2800.0,6600.0,4200.0
7,26,6,30.12365,23.111575000000002,19.704944,2800.0,6600.0,4200.0
7,26,7,92.962884,71.211414,60.810308,2800.0,6600.0,4200.0
7,26,8,223.836272,171.674787,146.41921599999998,2800.0,6600.0,4200.0
7,26,9,295.441257,227.11243599999997,193.258567,2800.0,6600.0,4200.0
7,26,10,317.54222,244.390691,207.715588,2800.0,6600.0,4200.0
7,26,11,333.02250699999996,256.46414,217.841791,2800.0,6600.0,4200.0
7,26,12,442.695079,341.904277,289.582495,2800.0,6600.0,4200.0
7,26,13,292.396484,225.045647,191.266873,2800.0,6600.0,4200.0
7,26,14,376.80204200000003,290.76601,246.47953099999998,2800.0,6600.0,4200.0
7,26,15,290.923629,224.22260500000002,190.303426,2800.0,6600.0,4200.0
7,26,16,244.452818,188.197565,159.90522700000002,2800.0,6600.0,4200.0
7,26,17,147.168818,113.118602,96.26832399999999,2800.0,6600.0,4200.0
7,26,18,57.706898,44.318343999999996,37.748121,2800.0,6600.0,4200.0
7,26,19,4.860338,3.7672350000000003,3.179319,2800.0,6600.0,4200.0
7,26,20,0.0,0.0,0.0,2800.0,6600.0,4200.0
7,26,21,0.0,0.0,0.0,2800.0,6600.0,4200.0
7,26,22,0.0,0.0,0.0,2800.0,6600.0,4200.0
7,26,23,0.0,0.0,0.0,2800.0,6600.0,4200.0
7,27,0,0.0,0.0,0.0,2800.0,6600.0,4200.0
7,27,1,0.0,0.0,0.0,2800.0,6600.0,4200.0
7,27,2,0.0,0.0,0.0,2800.0,6600.0,4200.0
7,27,3,0.0,0.0,0.0,2800.0,6600.0,4200.0
7,27,4,0.0,0.0,0.0,2800.0,6600.0,4200.0
7,27,5,-0.0,-0.0,-0.0,2800.0,6600.0,4200.0
7,27,6,9.09141,7.013986,5.947013,2800.0,6600.0,4200.0
7,27,7,81.006527,62.200919,52.989232,2800.0,6600.0,4200.0
7,27,8,191.13398800000002,147.28733300000002,125.027496,2800.0,6600.0,4200.0
7,27,9,351.647815,272.778933,230.025262,2800.0,6600.0,4200.0
7,27,10,420.76431099999996,327.468742,275.236805,2800.0,6600.0,4200.0
7,27,11,372.694823,289.189122,243.792854,2800.0,6600.0,4200.0
7,27,12,485.515827,378.726458,317.59306,2800.0,6600.0,4200.0
7,27,13,478.37867700000004,372.68359999999996,312.924398,2800.0,4644.951049827907,4200.0
7,27,14,445.435016,345.769252,291.374785,1940.6700324713545,2368.5342915988967,2292.129959611836
7,27,15,384.00498200000004,296.87780499999997,251.191229,1222.1129067458091,1491.5551224063024,1443.4404410383572
7,27,16,291.154938,224.18937400000002,190.454734,475.7328897807615,580.6188812284884,561.8892398985372
7,27,17,176.342797,135.422277,115.352055,540.5220241907821,659.6922342485923,638.4118395954118
7,27,18,63.055797,48.41809,41.247025,858.3289550807331,1047.566834941052,1013.7743563945666
7,27,19,4.522031,3.506522,2.95802,1373.4523042863404,1676.2606863337226,1622.1877609681185
7,27,20,0.0,0.0,0.0,2800.0,3860.699345383164,3736.160656822416
7,27,21,0.0,0.0,0.0,2800.0,6600.0,4200.0
7,27,22,0.0,0.0,0.0,2800.0,6600.0,4200.0
7,27,23,0.0,0.0,0.0,2800.0,6600.0,4200.0
7,28,0,0.0,0.0,0.0,2800.0,6600.0,4200.0
7,28,1,0.0,0.0,0.0,2800.0,6600.0,4200.0
7,28,2,0.0,0.0,0.0,2800.0,6600.0,4200.0
7,28,3,0.0,0.0,0.0,2800.0,6600.0,4200.0
7,28,4,0.0,0.0,0.0,2800.0,6600.0,4200.0
7,28,5,-0.0,-0.0,-0.0,2800.0,6600.0,4200.0
7,28,6,33.832186,25.92743,22.130828,2800.0,6600.0,4200.0
7,28,7,125.967461,96.40664,82.399768,2800.0,6600.0,4200.0
7,28,8,214.67231,164.56253099999998,140.424744,2800.0,6600.0,4200.0
7,28,9,318.171784,244.51042999999999,208.127407,2800.0,6600.0,4200.0
7,28,10,297.529668,228.603591,194.62467,2800.0,6600.0,4200.0
7,28,11,226.073304,173.571555,147.882537,2800.0,6600.0,4200.0
7,28,12,89.491174,68.688614,58.539339,2800.0,6600.0,4200.0
7,28,13,247.12270999999998,189.647557,161.651698,2800.0,6600.0,4200.0
7,28,14,105.87216000000001,81.19917600000001,69.254721,2800.0,6600.0,4200.0
7,28,15,200.894,154.09592999999998,131.41186499999998,2800.0,6600.0,4200.0
7,28,16,316.279249,242.804358,206.889434,2800.0,6600.0,4200.0
7,28,17,192.195401,147.26697700000003,125.721803,2800.0,6600.0,4200.0
7,28,18,61.346907,46.995013,40.12918,2800.0,6423.759245222193,4200.0
7,28,19,3.395923,2.628568,2.221393,2800.0,6600.0,4200.0
7,28,20,0.0,0.0,0.0,2800.0,6600.0,4200.0
7,28,21,0.0,0.0,0.0,2800.0,5528.8079782263085,4200.0
7,28,22,0.0,0.0,0.0,2275.070137118247,2776.660403569514,2687.090713131788
7,28,23,0.0,0.0,0.0,2794.6277004301824,3410.766091076207,3300.741378460845
7,29,0,0.0,0.0,0.0,2800.0,3535.5380679260493,3421.48845283166
7,29,1,0.0,0.0,0.0,2800.0,3535.5380679260493,3421.48845283166
7,29,2,0.0,0.0,0.0,2800.0,4798.06917736812,4200.0
7,29,3,0.0,0.0,0.0,2188.134369840437,2670.5576954745493,2584.4106730398867
7,29,4,0.0,0.0,0.0,557.58989956809,680.5231057720783,658.5707475213661
7,29,5,-0.0,-0.0,-0.0,2800.0,6600.0,4200.0
7,29,6,29.848269000000002,22.880562,19.524807,2800.0,6600.0,4200.0
7,29,7,154.525645,118.308647,101.080685,2800.0,6600.0,4200.0
7,29,8,293.780461,225.471932,192.17218100000002,2800.0,6600.0,4200.0
7,29,9,397.633037,306.08863199999996,260.105821,2800.0,6600.0,4200.0
7,29,10,474.35602500000005,366.025167,310.29303899999996,2800.0,6600.0,4200.0
7,29,11,520.67044,402.660019,340.588934,2800.0,6600.0,4200.0
7,29,12,384.13708299999996,296.173054,251.27764100000002,2800.0,6600.0,4200.0
7,29,13,523.783012,405.87624,342.624977,2800.0,6600.0,4200.0
7,29,14,481.746132,372.925317,315.127169,2800.0,6600.0,4200.0
7,29,15,411.609954,317.964281,269.248617,2800.0,6600.0,4200.0
7,29,16,239.580374,184.250798,156.717989,2800.0,6600.0,4200.0
7,29,17,190.76463,146.55598999999998,124.785886,2800.0,6600.0,4200.0
7,29,18,59.043476999999996,45.304852,38.622425,2800.0,6600.0,4200.0
7,29,19,2.696284,2.096385,1.7637349999999998,2800.0,6600.0,4200.0
7,29,20,0.0,0.0,0.0,2800.0,6600.0,4200.0
7,29,21,0.0,0.0,0.0,2800.0,6600.0,4200.0
7,29,22,0.0,0.0,0.0,2800.0,6600.0,4200.0
7,29,23,0.0,0.0,0.0,2800.0,6600.0,4200.0
7,30,0,0.0,0.0,0.0,2800.0,4721.09628485135,4200.0
7,30,1,0.0,0.0,0.0,268.18869820056244,327.31691512667066,316.7583049612942
7,30,2,0.0,0.0,0.0,1373.4523042863404,1676.2606863337226,1622.1877609681185
7,30,3,0.0,0.0,0.0,2800.0,6600.0,4200.0
7,30,4,0.0,0.0,0.0,2800.0,6600.0,4200.0
7,30,5,-0.0,-0.0,-0.0,2800.0,6600.0,4200.0
7,30,6,28.845233,22.130015,18.868686,2800.0,6600.0,4200.0
7,30,7,147.48255600000002,113.057497,96.473552,2800.0,6600.0,4200.0
7,30,8,279.539215,215.100551,182.85647899999998,2800.0,6600.0,4200.0
7,30,9,378.17515299999997,292.182668,247.37773199999998,2800.0,6600.0,4200.0
7,30,10,448.583302,348.012651,293.43419,2800.0,6600.0,4200.0
7,30,11,490.253556,381.56097700000004,320.69217599999996,2800.0,6600.0,4200.0
7,30,12,507.707451,395.480565,332.10938500000003,2800.0,6600.0,4200.0
7,30,13,491.889174,383.142991,321.762091,2800.0,6600.0,4200.0
7,30,14,453.198788,352.370156,296.453342,2800.0,6600.0,4200.0
7,30,15,388.025581,300.87604,253.821245,2800.0,6600.0,4200.0
7,30,16,241.269027,186.113965,157.822596,2800.0,6600.0,4200.0
7,30,17,150.851297,116.107768,98.677164,2800.0,6600.0,4200.0
7,30,18,57.315484,44.07845,37.492083,2800.0,6600.0,4200.0
7,30,19,2.5927779999999996,2.024556,1.696028,2800.0,6600.0,4200.0
7,30,20,0.0,0.0,0.0,2800.0,5528.8079782263085,4200.0
7,30,21,0.0,0.0,0.0,2800.0,3794.137041985159,3671.7455245017663
7,30,22,0.0,0.0,0.0,2800.0,4875.874201202505,4200.0
7,30,23,0.0,0.0,0.0,2800.0,6600.0,4200.0
7,31,0,0.0,0.0,0.0,2800.0,6600.0,4200.0
7,31,1,0.0,0.0,0.0,2800.0,6600.0,4200.0
7,31,2,0.0,0.0,0.0,2800.0,6600.0,4200.0
7,31,3,0.0,0.0,0.0,2800.0,6600.0,4200.0
7,31,4,0.0,0.0,0.0,2800.0,6600.0,4200.0
7,31,5,-0.0,-0.0,-0.0,2800.0,6600.0,4200.0
7,31,6,28.919594,22.187196,18.917328,2800.0,6600.0,4200.0
7,31,7,144.045009,110.43197500000001,94.224931,2800.0,6600.0,4200.0
7,31,8,274.176379,211.02612100000002,179.34845800000002,2800.0,6600.0,4200.0
7,31,9,372.913489,288.18133,243.935891,2800.0,6600.0,4200.0
7,31,10,444.646603,344.71497,290.859056,2800.0,6600.0,4200.0
7,31,11,489.223788,380.217663,320.018568,2800.0,6600.0,4200.0
7,31,12,503.84616600000004,392.240919,329.583582,2800.0,6600.0,4200.0
7,31,13,488.829977,380.69506199999995,319.760962,2800.0,6600.0,4200.0
7,31,14,448.604259,348.969278,293.44789899999995,2800.0,6600.0,4200.0
7,31,15,383.777954,297.89628999999996,251.042722,2800.0,6600.0,4200.0
7,31,16,293.407094,226.941809,191.92794800000001,2800.0,6600.0,4200.0
7,31,17,175.875291,135.57925500000002,115.046243,2800.0,6600.0,4200.0
7,31,18,54.896414,42.276982000000004,35.909684999999996,2800.0,4569.628998473504,4200.0
7,31,19,2.122343,1.6595199999999999,1.3882999999999999,1940.6700324713545,2368.5342915988967,2292.129959611836
7,31,20,0.0,0.0,0.0,687.226207839785,838.7406473635172,811.6844974485649
7,31,21,0.0,0.0,0.0,507.4383148650858,619.3144787723488,599.3365923603375
7,31,22,0.0,0.0,0.0,727.6412163217148,888.0660514162661,859.4187594350961
7,31,23,0.0,0.0,0.0,1055.7070784976213,1288.4613950167818,1246.8981242097886
8,1,0,0.0,0.0,0.0,1311.5016045329749,1600.651564587489,1549.017643149183
8,1,1,0.0,0.0,0.0,1570.9465066065366,1917.296917511915,1855.44862985024
8,1,2,0.0,0.0,0.0,1605.5985030100696,1959.588724146148,1896.3761846575624
8,1,3,0.0,0.0,0.0,929.1658003530496,1134.0212523993912,1097.4399216768302
8,1,4,0.0,0.0,0.0,540.5220241907821,659.6922342485923,638.4118395954118
8,1,5,-0.0,-0.0,-0.0,667.5923777577954,814.7780988382542,788.4949343596008
8,1,6,11.111415000000001,8.563267,7.26837,858.3289550807331,1047.566834941052,1013.7743563945666
8,1,7,53.19597,40.81249,34.797364,20.019334229288237,24.43304571291084,23.64488294797823
8,1,8,89.26764200000001,68.463035,58.393119,491.4151496175413,599.758647171015,580.4115940364661
8,1,9,129.20084,99.063507,84.514835,2794.6277004301824,3410.766091076207,3300.741378460845
8,1,10,290.727438,223.284261,190.17509099999998,2800.0,5277.537873988738,4200.0
8,1,11,153.644905,117.875107,100.504562,2800.0,5195.505086201954,4200.0
8,1,12,202.668586,155.649247,132.572684,2800.0,5965.099051003621,4200.0
8,1,13,245.010876,188.417428,160.270272,2800.0,6600.0,4200.0
8,1,14,138.958281,106.748141,90.897522,2800.0,6600.0,4200.0
8,1,15,123.583478,94.943589,80.84032,2800.0,5700.675903358588,4200.0
8,1,16,162.485559,124.876633,106.287546,2800.0,3860.699345383164,3736.160656822416
8,1,17,149.959711,115.215985,98.093947,1311.5016045329749,1600.651564587489,1549.017643149183
8,1,18,48.427870999999996,37.219474999999996,31.678382000000003,1281.237390674447,1563.7149256262935,1513.2725086706066
8,1,19,2.12344,1.660336,1.389017,2800.0,3599.0492231594667,3482.9508611220645
8,1,20,0.0,0.0,0.0,2800.0,6600.0,4200.0
8,1,21,0.0,0.0,0.0,2800.0,6600.0,4200.0
8,1,22,0.0,0.0,0.0,2800.0,6600.0,4200.0
8,1,23,0.0,0.0,0.0,2800.0,6600.0,4200.0
8,2,0,0.0,0.0,0.0,2800.0,6600.0,4200.0
8,2,1,0.0,0.0,0.0,2800.0,6600.0,4200.0
8,2,2,0.0,0.0,0.0,2800.0,6600.0,4200.0
8,2,3,0.0,0.0,0.0,2800.0,6600.0,4200.0
8,2,4,0.0,0.0,0.0,2800.0,6600.0,4200.0
8,2,5,-0.0,-0.0,-0.0,2800.0,6600.0,4200.0
8,2,6,34.401326999999995,26.408679,22.503124,2800.0,6600.0,4200.0
8,2,7,131.89222700000002,101.16179,86.275367,2800.0,6600.0,4200.0
8,2,8,142.330414,109.264343,93.103353,2800.0,6600.0,4200.0
8,2,9,79.375945,60.983016000000006,51.92261,2800.0,6600.0,4200.0
8,2,10,212.958009,163.717434,139.303359,2800.0,6600.0,4200.0
8,2,11,334.804825,257.853386,219.007668,2800.0,6600.0,4200.0
8,2,12,151.14928,116.129417,98.872086,2800.0,6600.0,4200.0
8,2,13,412.203803,318.047267,269.63707400000004,2800.0,6600.0,4200.0
8,2,14,430.10181300000005,332.175884,281.344795,2800.0,6600.0,4200.0
8,2,15,328.690174,253.263883,215.007858,2800.0,6600.0,4200.0
8,2,16,261.13953,201.05173499999998,170.820595,2800.0,6600.0,4200.0
8,2,17,155.152113,119.247356,101.49047999999999,2800.0,6600.0,4200.0
8,2,18,42.818966999999994,32.920407,28.009400000000003,2800.0,6600.0,4200.0
8,2,19,-0.0,-0.0,-0.0,2800.0,6600.0,4200.0
8,2,20,0.0,0.0,0.0,2800.0,6600.0,4200.0
8,2,21,0.0,0.0,0.0,2800.0,6600.0,4200.0
8,2,22,0.0,0.0,0.0,2800.0,6600.0,4200.0
8,2,23,0.0,0.0,0.0,2800.0,6600.0,4200.0
8,3,0,0.0,0.0,0.0,2800.0,6600.0,4200.0
8,3,1,0.0,0.0,0.0,2800.0,6600.0,4200.0
8,3,2,0.0,0.0,0.0,2800.0,6600.0,4200.0
8,3,3,0.0,0.0,0.0,2800.0,6600.0,4200.0
8,3,4,0.0,0.0,0.0,2800.0,6600.0,4200.0
8,3,5,-0.0,-0.0,-0.0,2800.0,6600.0,4200.0
8,3,6,6.252641,4.809009,4.090073,2800.0,6600.0,4200.0
8,3,7,102.215273,78.094486,66.862622,2800.0,6600.0,4200.0
8,3,8,280.757601,215.06570000000002,183.653468,2800.0,6600.0,4200.0
8,3,9,284.870358,218.38960699999998,186.343768,2800.0,6600.0,4200.0
8,3,10,301.395597,231.299736,197.153511,2800.0,6600.0,4200.0
8,3,11,273.760597,210.132903,179.076481,2800.0,6600.0,4200.0
8,3,12,549.049206,424.960375,359.152488,2800.0,6600.0,4200.0
8,3,13,379.443513,292.222596,248.20741099999998,2800.0,6600.0,4200.0
8,3,14,489.557507,378.62057,320.23686499999997,2800.0,6600.0,4200.0
8,3,15,418.251914,322.58531,273.593358,2800.0,6600.0,4200.0
8,3,16,319.036734,245.312348,208.69320199999999,2800.0,6600.0,4200.0
8,3,17,189.085332,144.985011,123.687398,2800.0,6600.0,4200.0
8,3,18,57.252986,43.872209000000005,37.451201,2800.0,6600.0,4200.0
8,3,19,4.838205,3.732928,3.164841,2800.0,6600.0,4200.0
8,3,20,0.0,0.0,0.0,2800.0,6600.0,4200.0
8,3,21,0.0,0.0,0.0,2800.0,6600.0,4200.0
8,3,22,0.0,0.0,0.0,2800.0,6600.0,4200.0
8,3,23,0.0,0.0,0.0,2800.0,6600.0,4200.0
8,4,0,0.0,0.0,0.0,2800.0,6600.0,4200.0
8,4,1,0.0,0.0,0.0,2800.0,6600.0,4200.0
8,4,2,0.0,0.0,0.0,2800.0,6600.0,4200.0
8,4,3,0.0,0.0,0.0,2800.0,6600.0,4200.0
8,4,4,0.0,0.0,0.0,2800.0,6600.0,4200.0
8,4,5,-0.0,-0.0,-0.0,2800.0,6600.0,4200.0
8,4,6,14.515846,11.140956000000001,9.495327999999999,2800.0,6600.0,4200.0
8,4,7,121.55528,93.065888,79.513604,2800.0,6600.0,4200.0
8,4,8,215.162465,165.13746,140.745372,2800.0,6600.0,4200.0
8,4,9,286.219244,220.160651,187.226122,2800.0,6600.0,4200.0
8,4,10,306.856638,236.148115,200.725771,2800.0,6600.0,4200.0
8,4,11,408.883758,315.986046,267.465315,2800.0,6600.0,4200.0
8,4,12,473.119088,366.71810800000003,309.48391499999997,2800.0,6600.0,4200.0
8,4,13,507.33484899999996,394.268408,331.865653,2800.0,6600.0,4200.0
8,4,14,467.335324,362.632183,305.70054999999996,2800.0,6600.0,4200.0
8,4,15,398.958479,308.94399,260.97284,2800.0,6600.0,4200.0
8,4,16,255.562674,196.807806,167.172576,2800.0,6600.0,4200.0
8,4,17,180.860017,139.08064499999998,118.306928,2800.0,6600.0,4200.0
8,4,18,47.369171,36.383262,30.985848999999998,2800.0,6600.0,4200.0
8,4,19,1.590889,1.245963,1.040657,2800.0,6600.0,4200.0
8,4,20,0.0,0.0,0.0,2800.0,6600.0,4200.0
8,4,21,0.0,0.0,0.0,2800.0,6600.0,4200.0
8,4,22,0.0,0.0,0.0,2800.0,6600.0,4200.0
8,4,23,0.0,0.0,0.0,2800.0,6600.0,4200.0
8,5,0,0.0,0.0,0.0,2800.0,6600.0,4200.0
8,5,1,0.0,0.0,0.0,2800.0,6600.0,4200.0
8,5,2,0.0,0.0,0.0,2800.0,6600.0,4200.0
8,5,3,0.0,0.0,0.0,2800.0,6600.0,4200.0
8,5,4,0.0,0.0,0.0,2800.0,6600.0,4200.0
8,5,5,-0.0,-0.0,-0.0,2800.0,6600.0,4200.0
8,5,6,29.194329000000003,22.371073,19.097042000000002,2800.0,6600.0,4200.0
8,5,7,142.04507,108.77382700000001,92.91669999999999,2800.0,6600.0,4200.0
8,5,8,207.27983600000002,159.019601,135.589066,2800.0,6600.0,4200.0
8,5,9,374.96216,288.927049,245.275999,2800.0,6600.0,4200.0
8,5,10,448.224502,346.32383600000003,293.199486,2800.0,6600.0,4200.0
8,5,11,497.545038,385.256067,325.461792,2800.0,6600.0,4200.0
8,5,12,512.368344,397.117292,335.15824,2800.0,6600.0,4200.0
8,5,13,386.71149699999995,298.500867,252.96165599999998,2800.0,6600.0,4200.0
8,5,14,411.154743,317.58772100000004,268.950847,2800.0,6600.0,4200.0
8,5,15,340.96756400000004,262.685109,223.038933,2800.0,6600.0,4200.0
8,5,16,196.933083,151.210662,128.820889,2800.0,6600.0,4200.0
8,5,17,108.269685,83.030614,70.823027,2800.0,6600.0,4200.0
8,5,18,33.486115,25.709404,21.904451,2800.0,6600.0,4200.0
8,5,19,-0.0,-0.0,-0.0,2800.0,6600.0,4200.0
8,5,20,0.0,0.0,0.0,2800.0,6600.0,4200.0
8,5,21,0.0,0.0,0.0,2800.0,6600.0,4200.0
8,5,22,0.0,0.0,0.0,2800.0,6600.0,4200.0
8,5,23,0.0,0.0,0.0,2800.0,6600.0,4200.0
8,6,0,0.0,0.0,0.0,2800.0,6600.0,4200.0
8,6,1,0.0,0.0,0.0,2800.0,6600.0,4200.0
8,6,2,0.0,0.0,0.0,2800.0,6600.0,4200.0
8,6,3,0.0,0.0,0.0,2800.0,6600.0,4200.0
8,6,4,0.0,0.0,0.0,2800.0,6600.0,4200.0
8,6,5,0.0,0.0,0.0,2800.0,6600.0,4200.0
8,6,6,-0.0,-0.0,-0.0,2800.0,6600.0,4200.0
8,6,7,52.016926,39.873568,34.026109,2800.0,6600.0,4200.0
8,6,8,55.510993,42.59266,36.311702,2800.0,6600.0,4200.0
8,6,9,102.206187,78.447406,66.856679,2800.0,6600.0,4200.0
8,6,10,156.873604,120.46875800000001,102.616568,2800.0,6600.0,4200.0
8,6,11,138.519147,106.449173,90.610269,2800.0,6600.0,4200.0
8,6,12,219.213738,168.627003,143.395453,2800.0,6600.0,4200.0
8,6,13,247.520232,190.454551,161.911731,2800.0,6600.0,4200.0
8,6,14,232.177528,178.72762,151.875526,2800.0,6600.0,4200.0
8,6,15,360.897212,278.35908,236.07562,2800.0,6600.0,4200.0
8,6,16,156.04294099999998,119.95873399999999,102.07320200000001,2800.0,6600.0,4200.0
8,6,17,156.326962,120.192223,102.25899000000001,2800.0,5444.184846176627,4200.0
8,6,18,52.924679,40.694179,34.619903,2409.744269793466,2941.0264710077745,2846.1546493623623
8,6,19,0.8585900000000001,0.688881,0.561634,2145.5095856044995,2618.5353210133653,2534.066439690353
8,6,20,0.0,0.0,0.0,1136.8810555802274,1387.531996967994,1342.7729002916071
8,6,21,0.0,0.0,0.0,648.3361095823518,791.2763542146813,765.7513105303368
8,6,22,0.0,0.0,0.0,769.610460224766,939.288356967234,908.9887325489362
8,6,23,0.0,0.0,0.0,1570.9465066065366,1917.296917511915,1855.44862985024
8,7,0,0.0,0.0,0.0,2800.0,6600.0,4200.0
8,7,1,0.0,0.0,0.0,2800.0,6600.0,4200.0
8,7,2,0.0,0.0,0.0,2800.0,6600.0,4200.0
8,7,3,0.0,0.0,0.0,2800.0,6600.0,4200.0
8,7,4,0.0,0.0,0.0,2800.0,6600.0,4200.0
8,7,5,0.0,0.0,0.0,2800.0,6600.0,4200.0
8,7,6,29.083663,22.334592,19.024651000000002,2800.0,6600.0,4200.0
8,7,7,137.523033,105.387627,89.95867600000001,2800.0,6600.0,4200.0
8,7,8,276.1875,212.01252100000002,180.66400399999998,2800.0,6600.0,4200.0
8,7,9,384.696529,296.025167,251.643594,2800.0,6600.0,4200.0
8,7,10,464.11389299999996,357.957441,303.593298,2800.0,6600.0,4200.0
8,7,11,513.925599,397.075683,336.176896,2800.0,6600.0,4200.0
8,7,12,533.1171629999999,412.324028,348.73077500000005,2800.0,6600.0,4200.0
8,7,13,521.384876,403.121991,341.056272,2800.0,6600.0,4200.0
8,7,14,478.698254,369.745506,313.133444,2800.0,6600.0,4200.0
8,7,15,405.48154999999997,312.701436,265.239811,2800.0,6600.0,4200.0
8,7,16,302.404798,232.670544,197.81366500000001,2800.0,6600.0,4200.0
8,7,17,175.584881,134.841393,114.856276,2800.0,6600.0,4200.0
8,7,18,48.992873,37.646052000000005,32.04797,2800.0,6600.0,4200.0
8,7,19,1.234558,0.975204,0.807568,2800.0,6600.0,4200.0
8,7,20,0.0,0.0,0.0,2800.0,6600.0,4200.0
8,7,21,0.0,0.0,0.0,2800.0,6600.0,4200.0
8,7,22,0.0,0.0,0.0,2800.0,6600.0,4200.0
8,7,23,0.0,0.0,0.0,2800.0,6600.0,4200.0
8,8,0,0.0,0.0,0.0,2800.0,6600.0,4200.0
8,8,1,0.0,0.0,0.0,2800.0,6600.0,4200.0
8,8,2,0.0,0.0,0.0,2800.0,6600.0,4200.0
8,8,3,0.0,0.0,0.0,2800.0,6600.0,4200.0
8,8,4,0.0,0.0,0.0,2800.0,6600.0,4200.0
8,8,5,0.0,0.0,0.0,2800.0,6600.0,4200.0
8,8,6,12.626893,9.719356,8.259697000000001,2800.0,6600.0,4200.0
8,8,7,104.158175,79.862431,68.133543,2800.0,6600.0,4200.0
8,8,8,256.01970800000004,196.80483999999998,167.471538,2800.0,6600.0,4200.0
8,8,9,318.249251,245.248353,208.178082,2800.0,6600.0,4200.0
8,8,10,347.220484,267.785854,227.12918900000003,2800.0,6600.0,4200.0
8,8,11,422.974602,326.633804,276.682634,2800.0,6600.0,4200.0
8,8,12,434.889923,336.00241700000004,284.476867,2800.0,6600.0,4200.0
8,8,13,500.546834,387.28051899999997,327.42537300000004,2800.0,6600.0,4200.0
8,8,14,457.888556,353.672463,299.521085,2800.0,6600.0,4200.0
8,8,15,144.691905,111.222386,94.648088,2800.0,6600.0,4200.0
8,8,16,162.79340599999998,125.109805,106.48892,2800.0,6600.0,4200.0
8,8,17,157.090833,120.689696,102.758665,2800.0,6600.0,4200.0
8,8,18,43.86082,33.727065,28.690912,2800.0,6600.0,4200.0
8,8,19,-0.0,-0.0,-0.0,2800.0,6600.0,4200.0
8,8,20,0.0,0.0,0.0,2800.0,6600.0,4200.0
8,8,21,0.0,0.0,0.0,2800.0,6600.0,4200.0
8,8,22,0.0,0.0,0.0,2800.0,6600.0,4200.0
8,8,23,0.0,0.0,0.0,2800.0,6600.0,4200.0
8,9,0,0.0,0.0,0.0,2800.0,6600.0,4200.0
8,9,1,0.0,0.0,0.0,2800.0,6600.0,4200.0
8,9,2,0.0,0.0,0.0,2800.0,6600.0,4200.0
8,9,3,0.0,0.0,0.0,2800.0,6600.0,4200.0
8,9,4,0.0,0.0,0.0,2800.0,6600.0,4200.0
8,9,5,0.0,0.0,0.0,2800.0,6600.0,4200.0
8,9,6,28.884738000000002,22.190069,18.894527999999998,2800.0,6600.0,4200.0
8,9,7,79.253721,60.827478,51.842659,2800.0,6600.0,4200.0
8,9,8,145.414826,111.70930800000001,95.120976,2800.0,6600.0,4200.0
8,9,9,218.70837899999998,168.247944,143.064879,2800.0,6600.0,4200.0
8,9,10,351.31243,271.143207,229.805875,2800.0,6600.0,4200.0
8,9,11,339.78548,262.233048,222.26569,2800.0,6600.0,4200.0
8,9,12,389.576446,301.158538,254.83572099999998,2800.0,6600.0,4200.0
8,9,13,476.418255,369.100887,311.642016,2800.0,6600.0,4200.0
8,9,14,328.70302899999996,253.575545,215.016267,2800.0,6600.0,4200.0
8,9,15,302.409221,232.96628099999998,197.816558,2800.0,6600.0,4200.0
8,9,16,11.250808999999999,8.707514999999999,7.359552,2800.0,6600.0,4200.0
8,9,17,124.981964,96.002735,81.75511999999999,2800.0,6600.0,4200.0
8,9,18,42.703763,32.82206,27.93404,2800.0,6600.0,4200.0
8,9,19,0.559783,0.45476,0.366174,2800.0,6600.0,4200.0
8,9,20,0.0,0.0,0.0,2800.0,6600.0,4200.0
8,9,21,0.0,0.0,0.0,2800.0,6600.0,4200.0
8,9,22,0.0,0.0,0.0,2800.0,6600.0,4200.0
8,9,23,0.0,0.0,0.0,2800.0,6600.0,4200.0
8,10,0,0.0,0.0,0.0,2800.0,6600.0,4200.0
8,10,1,0.0,0.0,0.0,2800.0,6600.0,4200.0
8,10,2,0.0,0.0,0.0,2800.0,6600.0,4200.0
8,10,3,0.0,0.0,0.0,2800.0,6600.0,4200.0
8,10,4,0.0,0.0,0.0,2800.0,6600.0,4200.0
8,10,5,0.0,0.0,0.0,2800.0,6600.0,4200.0
8,10,6,25.482273,19.556183,16.668855,2800.0,6600.0,4200.0
8,10,7,136.400994,104.48083,89.22471,2800.0,6600.0,4200.0
8,10,8,272.37294099999997,209.20920800000002,178.168766,2800.0,6600.0,4200.0
8,10,9,238.70177900000002,183.285699,156.143269,2800.0,6600.0,4200.0
8,10,10,459.880457,355.09490999999997,300.82405900000003,2800.0,6600.0,4200.0
8,10,11,388.200222,299.146141,253.935484,2800.0,6600.0,4200.0
8,10,12,372.631608,287.243418,243.75150299999999,2800.0,6600.0,4200.0
8,10,13,516.094614,399.60279599999996,337.59572499999996,2800.0,6600.0,4200.0
8,10,14,300.576127,231.377266,196.617467,2800.0,6600.0,4200.0
8,10,15,399.517984,308.3217,261.33883199999997,2800.0,6600.0,4200.0
8,10,16,296.79997499999996,228.526663,194.147352,2800.0,6600.0,4200.0
8,10,17,169.469372,130.188785,110.85590499999999,2800.0,6600.0,4200.0
8,10,18,45.653597999999995,35.058283,29.863632000000003,2800.0,6600.0,4200.0
8,10,19,0.253875,0.215845,0.166069,2800.0,6600.0,4200.0
8,10,20,0.0,0.0,0.0,2800.0,6600.0,4200.0
8,10,21,0.0,0.0,0.0,2800.0,6600.0,4200.0
8,10,22,0.0,0.0,0.0,2800.0,6600.0,4200.0
8,10,23,0.0,0.0,0.0,2800.0,6600.0,4200.0
8,11,0,0.0,0.0,0.0,2800.0,6600.0,4200.0
8,11,1,0.0,0.0,0.0,2800.0,6600.0,4200.0
8,11,2,0.0,0.0,0.0,2800.0,6600.0,4200.0
8,11,3,0.0,0.0,0.0,2800.0,6600.0,4200.0
8,11,4,0.0,0.0,0.0,2800.0,6600.0,4200.0
8,11,5,0.0,0.0,0.0,2800.0,5360.429636038867,4200.0
8,11,6,22.068116000000003,16.942213,14.435535,2800.0,5528.8079782263085,4200.0
8,11,7,136.26427900000002,104.392506,89.13528,2275.070137118247,2776.660403569514,2687.090713131788
8,11,8,275.485187,211.445332,180.20459599999998,667.5923777577954,814.7780988382542,788.4949343596008
8,11,9,382.9929,294.740245,250.52919,2020.963642713616,2466.530430083547,2386.964932338916
8,11,10,279.383173,214.689657,182.75440700000001,2800.0,6055.023664834879,4200.0
8,11,11,344.33581699999996,264.939844,225.242226,2800.0,6600.0,4200.0
8,11,12,534.477641,413.42490399999997,349.62071299999997,2800.0,6600.0,4200.0
8,11,13,524.5812659999999,405.589363,343.14714399999997,2800.0,6600.0,4200.0
8,11,14,481.821142,372.029027,315.17623599999996,2800.0,6600.0,4200.0
8,11,15,260.637221,200.279378,170.492017,2800.0,6600.0,4200.0
8,11,16,192.621041,147.80942499999998,126.00023,2800.0,6600.0,4200.0
8,11,17,179.68021,137.83046900000002,117.53517500000001,2800.0,6600.0,4200.0
8,11,18,45.997069,35.268817000000006,30.088309000000002,2800.0,6600.0,4200.0
8,11,19,-0.0,-0.0,-0.0,2800.0,6600.0,4200.0
8,11,20,0.0,0.0,0.0,2800.0,6600.0,4200.0
8,11,21,0.0,0.0,0.0,2800.0,6600.0,4200.0
8,11,22,0.0,0.0,0.0,2800.0,6600.0,4200.0
8,11,23,0.0,0.0,0.0,2800.0,6600.0,4200.0
8,12,0,0.0,0.0,0.0,2800.0,6600.0,4200.0
8,12,1,0.0,0.0,0.0,2800.0,6600.0,4200.0
8,12,2,0.0,0.0,0.0,2800.0,6600.0,4200.0
8,12,3,0.0,0.0,0.0,2800.0,6600.0,4200.0
8,12,4,0.0,0.0,0.0,2800.0,6600.0,4200.0
8,12,5,0.0,0.0,0.0,2800.0,6600.0,4200.0
8,12,6,22.690547,17.397348,14.842689,2800.0,6600.0,4200.0
8,12,7,139.58542,106.84255499999999,91.307756,2800.0,6600.0,4200.0
8,12,8,279.392088,214.537006,182.76023800000002,2800.0,6600.0,4200.0
8,12,9,387.696395,298.484566,253.605913,2800.0,6600.0,4200.0
8,12,10,468.29062,361.413736,306.325443,2800.0,6600.0,4200.0
8,12,11,518.126929,400.701616,338.925134,2800.0,6600.0,4200.0
8,12,12,536.3017580000001,415.326253,350.81393199999997,2800.0,6600.0,4200.0
8,12,13,523.349946,405.26874599999996,342.341694,2800.0,6600.0,4200.0
8,12,14,478.183157,369.951572,312.796501,2800.0,6600.0,4200.0
8,12,15,405.370853,312.84200400000003,265.16740000000004,2800.0,6600.0,4200.0
8,12,16,304.562527,234.54511,199.225111,2800.0,6600.0,4200.0
8,12,17,172.63827600000002,132.642114,112.928797,2800.0,6600.0,4200.0
8,12,18,43.052215,33.045797,28.161974999999998,2800.0,6600.0,4200.0
8,12,19,-0.0,-0.0,-0.0,2800.0,6600.0,4200.0
8,12,20,0.0,0.0,0.0,2800.0,6600.0,4200.0
8,12,21,0.0,0.0,0.0,2800.0,6600.0,4200.0
8,12,22,0.0,0.0,0.0,2800.0,6600.0,4200.0
8,12,23,0.0,0.0,0.0,2800.0,6600.0,4200.0
8,13,0,0.0,0.0,0.0,2800.0,6600.0,4200.0
8,13,1,0.0,0.0,0.0,2800.0,6600.0,4200.0
8,13,2,0.0,0.0,0.0,2800.0,6600.0,4200.0
8,13,3,0.0,0.0,0.0,2800.0,6600.0,4200.0
8,13,4,0.0,0.0,0.0,2800.0,6600.0,4200.0
8,13,5,0.0,0.0,0.0,2800.0,6600.0,4200.0
8,13,6,21.521115,16.522239000000003,14.077722,2800.0,6600.0,4200.0
8,13,7,75.97928,58.286711000000004,49.700732,2800.0,6600.0,4200.0
8,13,8,228.568705,176.128418,149.514867,2800.0,6600.0,4200.0
8,13,9,208.472615,160.579897,136.369304,2800.0,6600.0,4200.0
8,13,10,211.417924,162.89943,138.295935,2800.0,6600.0,4200.0
8,13,11,146.224175,112.512457,95.65039999999999,2800.0,6600.0,4200.0
8,13,12,158.172502,121.704983,103.466223,2800.0,6600.0,4200.0
8,13,13,95.45474800000001,73.415358,62.440324000000004,2800.0,6600.0,4200.0
8,13,14,121.12278599999999,93.202759,79.23069500000001,2800.0,6600.0,4200.0
8,13,15,72.680506,55.885988,47.542887,2800.0,6600.0,4200.0
8,13,16,208.551589,160.600888,136.420964,2800.0,6600.0,4200.0
8,13,17,149.92731700000002,115.230276,98.072756,2800.0,6600.0,4200.0
8,13,18,42.396046999999996,32.568594000000004,27.732752,2800.0,6600.0,4200.0
8,13,19,-0.0,-0.0,-0.0,2800.0,6600.0,4200.0
8,13,20,0.0,0.0,0.0,2800.0,6600.0,4200.0
8,13,21,0.0,0.0,0.0,2800.0,6600.0,4200.0
8,13,22,0.0,0.0,0.0,2800.0,6600.0,4200.0
8,13,23,0.0,0.0,0.0,2800.0,6600.0,4200.0
8,14,0,0.0,0.0,0.0,2800.0,6600.0,4200.0
8,14,1,0.0,0.0,0.0,2800.0,6600.0,4200.0
8,14,2,0.0,0.0,0.0,2800.0,6600.0,4200.0
8,14,3,0.0,0.0,0.0,2800.0,6600.0,4200.0
8,14,4,0.0,0.0,0.0,2800.0,6600.0,4200.0
8,14,5,0.0,0.0,0.0,2800.0,6600.0,4200.0
8,14,6,25.459587,19.527240000000003,16.654016,2800.0,6600.0,4200.0
8,14,7,123.660334,94.73176600000001,80.890594,2800.0,6600.0,4200.0
8,14,8,245.68332800000002,188.73909099999997,160.710147,2800.0,6600.0,4200.0
8,14,9,345.587179,266.51746999999995,226.06078599999998,2800.0,6600.0,4200.0
8,14,10,418.07521299999996,323.54749699999996,273.477771,2800.0,6600.0,4200.0
8,14,11,465.831717,361.424022,304.716988,2800.0,6600.0,4200.0
8,14,12,486.047586,377.451671,317.940902,2800.0,6600.0,4200.0
8,14,13,473.154834,367.140569,309.507298,2800.0,6600.0,4200.0
8,14,14,427.510681,331.36186,279.649844,2800.0,6600.0,4200.0
8,14,15,353.52430699999996,273.482846,231.252742,2800.0,6600.0,4200.0
8,14,16,257.25705,198.443414,168.280927,2800.0,6600.0,4200.0
8,14,17,142.868893,110.01037,93.455591,2800.0,6600.0,4200.0
8,14,18,42.212222000000004,32.507085,27.612506,2800.0,6600.0,4200.0
8,14,19,-0.0,-0.0,-0.0,2800.0,6600.0,4200.0
8,14,20,0.0,0.0,0.0,2800.0,6600.0,4200.0
8,14,21,0.0,0.0,0.0,2800.0,6600.0,4200.0
8,14,22,0.0,0.0,0.0,2800.0,6600.0,4200.0
8,14,23,0.0,0.0,0.0,2800.0,6600.0,4200.0
8,15,0,0.0,0.0,0.0,2800.0,6600.0,4200.0
8,15,1,0.0,0.0,0.0,2800.0,6600.0,4200.0
8,15,2,0.0,0.0,0.0,2800.0,6600.0,4200.0
8,15,3,0.0,0.0,0.0,2800.0,6600.0,4200.0
8,15,4,0.0,0.0,0.0,2800.0,6600.0,4200.0
8,15,5,0.0,0.0,0.0,2800.0,6600.0,4200.0
8,15,6,10.953515,8.435963,7.165081,2800.0,6600.0,4200.0
8,15,7,31.919642,24.520682,20.879766,2800.0,6600.0,4200.0
8,15,8,20.176779,15.552153,13.198343999999999,2800.0,6600.0,4200.0
8,15,9,255.556837,196.623326,167.168758,2800.0,6600.0,4200.0
8,15,10,288.286137,222.064541,188.57815,2800.0,6600.0,4200.0
8,15,11,274.37943,211.392897,179.481281,2800.0,6600.0,4200.0
8,15,12,271.575334,209.329296,177.647023,2800.0,6600.0,4200.0
8,15,13,140.565795,108.245475,91.949054,2800.0,6600.0,4200.0
8,15,14,427.991488,331.216212,279.964357,2800.0,6600.0,4200.0
8,15,15,201.95396100000002,155.606046,132.105223,2800.0,6600.0,4200.0
8,15,16,261.111062,201.278463,170.801973,2800.0,6600.0,4200.0
8,15,17,146.822001,112.976043,96.041459,2800.0,6600.0,4200.0
8,15,18,41.258682,31.768249,26.988761999999998,2800.0,6600.0,4200.0
8,15,19,-0.0,-0.0,-0.0,2800.0,6600.0,4200.0
8,15,20,0.0,0.0,0.0,2800.0,6600.0,4200.0
8,15,21,0.0,0.0,0.0,2800.0,6600.0,4200.0
8,15,22,0.0,0.0,0.0,2800.0,6600.0,4200.0
8,15,23,0.0,0.0,0.0,2800.0,6600.0,4200.0
8,16,0,0.0,0.0,0.0,2800.0,6600.0,4200.0
8,16,1,0.0,0.0,0.0,2800.0,6600.0,4200.0
8,16,2,0.0,0.0,0.0,2800.0,6600.0,4200.0
8,16,3,0.0,0.0,0.0,2800.0,6600.0,4200.0
8,16,4,0.0,0.0,0.0,2800.0,6600.0,4200.0
8,16,5,0.0,0.0,0.0,2800.0,6600.0,4200.0
8,16,6,20.113782999999998,15.436474,13.157136000000001,2800.0,6600.0,4200.0
8,16,7,137.10293299999998,104.959457,89.683873,2800.0,6600.0,4200.0
8,16,8,283.328893,217.248615,185.335441,2800.0,6600.0,4200.0
8,16,9,395.56140600000003,304.040145,258.750694,2800.0,6600.0,4200.0
8,16,10,482.26050799999996,371.420955,315.463641,2800.0,6600.0,4200.0
8,16,11,534.296436,412.374714,349.50218,2800.0,6600.0,4200.0
8,16,12,417.271083,321.429009,272.951761,2800.0,6600.0,4200.0
8,16,13,536.276785,414.77128999999996,350.797596,2800.0,6600.0,4200.0
8,16,14,489.60917099999995,378.37832199999997,320.270661,2800.0,6600.0,4200.0
8,16,15,412.621139,318.32275699999997,269.910068,2800.0,6600.0,4200.0
8,16,16,304.230065,234.006285,199.007637,2800.0,6600.0,4200.0
8,16,17,168.096533,129.02389,109.957883,2800.0,6600.0,4200.0
8,16,18,40.069207,30.74,26.210684,2800.0,6600.0,4200.0
8,16,19,-0.0,-0.0,-0.0,2800.0,6600.0,4200.0
8,16,20,0.0,0.0,0.0,2800.0,6600.0,4200.0
8,16,21,0.0,0.0,0.0,2800.0,6600.0,4200.0
8,16,22,0.0,0.0,0.0,2800.0,6600.0,4200.0
8,16,23,0.0,0.0,0.0,2800.0,6600.0,4200.0
8,17,0,0.0,0.0,0.0,2800.0,6600.0,4200.0
8,17,1,0.0,0.0,0.0,2800.0,6600.0,4200.0
8,17,2,0.0,0.0,0.0,2800.0,6600.0,4200.0
8,17,3,0.0,0.0,0.0,2800.0,6600.0,4200.0
8,17,4,0.0,0.0,0.0,2800.0,6600.0,4200.0
8,17,5,0.0,0.0,0.0,2800.0,6600.0,4200.0
8,17,6,1.0705879999999999,0.837977,0.700309,2800.0,6600.0,4200.0
8,17,7,3.2481590000000002,2.50987,2.1247350000000003,2800.0,6600.0,4200.0
8,17,8,26.898228,20.614473999999998,17.595081999999998,2800.0,6600.0,4200.0
8,17,9,77.798144,59.498664,50.890515,2800.0,6600.0,4200.0
8,17,10,192.183309,147.036032,125.713894,2800.0,6600.0,4200.0
8,17,11,140.449318,107.451917,91.872862,2800.0,6600.0,4200.0
8,17,12,227.394427,174.13478400000002,148.746731,2800.0,6600.0,4200.0
8,17,13,135.21115400000002,103.475544,88.446394,2800.0,6600.0,4200.0
8,17,14,188.02736199999998,143.863706,122.99534200000001,2800.0,6600.0,4200.0
8,17,15,51.667284,39.553101000000005,33.797396,2800.0,6600.0,4200.0
8,17,16,56.873027,43.50804,37.202657,2800.0,6600.0,4200.0
8,17,17,36.465796000000005,27.922981,23.853565999999997,2800.0,6600.0,4200.0
8,17,18,39.662076,30.366504,25.944366000000002,2800.0,6600.0,4200.0
8,17,19,-0.0,-0.0,-0.0,2800.0,6600.0,4200.0
8,17,20,0.0,0.0,0.0,2800.0,6600.0,4200.0
8,17,21,0.0,0.0,0.0,2800.0,6600.0,4200.0
8,17,22,0.0,0.0,0.0,2800.0,6600.0,4200.0
8,17,23,0.0,0.0,0.0,2800.0,6600.0,4200.0
8,18,0,0.0,0.0,0.0,2800.0,6600.0,4200.0
8,18,1,0.0,0.0,0.0,2800.0,6600.0,4200.0
8,18,2,0.0,0.0,0.0,2800.0,6600.0,4200.0
8,18,3,0.0,0.0,0.0,2800.0,6600.0,4200.0
8,18,4,0.0,0.0,0.0,2800.0,6600.0,4200.0
8,18,5,0.0,0.0,0.0,2800.0,6600.0,4200.0
8,18,6,9.577084999999999,7.359272,6.26471,2800.0,6600.0,4200.0
8,18,7,29.387883000000002,22.515922999999997,19.223653,2800.0,6600.0,4200.0
8,18,8,58.199637,44.570698,38.070439,2800.0,6600.0,4200.0
8,18,9,108.266811,82.896748,70.821147,2800.0,6600.0,4200.0
8,18,10,259.58301800000004,199.134743,169.802426,2800.0,6600.0,4200.0
8,18,11,138.039572,105.80081200000001,90.29656200000001,2800.0,6600.0,4200.0
8,18,12,99.513836,76.315234,65.095517,2800.0,6600.0,4200.0
8,18,13,445.865749,343.715466,291.656543,2800.0,6600.0,4200.0
8,18,14,465.26044199999995,358.78855599999997,304.343297,2800.0,6600.0,4200.0
8,18,15,391.909331,301.729154,256.361743,2800.0,6600.0,4200.0
8,18,16,183.019416,140.34221100000002,119.71946799999999,2800.0,6600.0,4200.0
8,18,17,159.567892,122.32515099999999,104.378997,2800.0,6600.0,4200.0
8,18,18,36.636497000000006,28.110558,23.965228,2800.0,6600.0,4200.0
8,18,19,0.0,0.0,0.0,2800.0,6600.0,4200.0
8,18,20,0.0,0.0,0.0,2800.0,6600.0,4200.0
8,18,21,0.0,0.0,0.0,2800.0,6600.0,4200.0
8,18,22,0.0,0.0,0.0,2800.0,6600.0,4200.0
8,18,23,0.0,0.0,0.0,2800.0,6600.0,4200.0
8,19,0,0.0,0.0,0.0,2800.0,6600.0,4200.0
8,19,1,0.0,0.0,0.0,2800.0,6600.0,4200.0
8,19,2,0.0,0.0,0.0,2800.0,6600.0,4200.0
8,19,3,0.0,0.0,0.0,2800.0,6600.0,4200.0
8,19,4,0.0,0.0,0.0,2800.0,6600.0,4200.0
8,19,5,0.0,0.0,0.0,2800.0,5033.998538121269,4200.0
8,19,6,19.706801,15.07949,12.890915000000001,2800.0,6600.0,4200.0
8,19,7,137.824051,105.27579700000001,90.155582,2455.7891050857875,2997.2229235298983,2900.5383130934497
8,19,8,283.75746000000004,217.337374,185.615782,1373.4523042863404,1676.2606863337226,1622.1877609681185
8,19,9,396.152066,304.36646399999995,259.137066,2800.0,3794.137041985159,3671.7455245017663
8,19,10,472.448593,364.226711,309.04532,2800.0,6600.0,4200.0
8,19,11,390.82235,300.812665,255.65071,2800.0,6600.0,4200.0
8,19,12,475.527571,367.04055999999997,311.059389,2800.0,6600.0,4200.0
8,19,13,481.495922,371.58441899999997,314.963498,2800.0,6600.0,4200.0
8,19,14,481.19013900000004,371.158862,314.76347499999997,2800.0,6600.0,4200.0
8,19,15,404.648233,311.384376,264.694709,2800.0,6600.0,4200.0
8,19,16,299.670145,229.94972099999998,196.024832,2800.0,6600.0,4200.0
8,19,17,163.90137,125.444652,107.213678,2800.0,6600.0,4200.0
8,19,18,35.601684999999996,27.266552,23.288321,2800.0,6600.0,4200.0
8,19,19,0.0,0.0,0.0,2800.0,6600.0,4200.0
8,19,20,0.0,0.0,0.0,2800.0,6600.0,4200.0
8,19,21,0.0,0.0,0.0,2800.0,6600.0,4200.0
8,19,22,0.0,0.0,0.0,2800.0,6600.0,4200.0
8,19,23,0.0,0.0,0.0,2800.0,6600.0,4200.0
8,20,0,0.0,0.0,0.0,2800.0,6600.0,4200.0
8,20,1,0.0,0.0,0.0,2800.0,6600.0,4200.0
8,20,2,0.0,0.0,0.0,2800.0,6600.0,4200.0
8,20,3,0.0,0.0,0.0,2800.0,6600.0,4200.0
8,20,4,0.0,0.0,0.0,2800.0,6600.0,4200.0
8,20,5,0.0,0.0,0.0,2800.0,6600.0,4200.0
8,20,6,18.341865000000002,14.040127,11.998062,2800.0,6600.0,4200.0
8,20,7,139.003094,106.283082,90.926836,2800.0,6600.0,4200.0
8,20,8,285.579179,219.043101,186.807433,2800.0,6600.0,4200.0
8,20,9,395.12043800000004,304.14768,258.462241,2800.0,6600.0,4200.0
8,20,10,472.18010100000004,364.874348,308.86969,2800.0,6600.0,4200.0
8,20,11,516.31465,400.20572200000004,337.739658,2800.0,6600.0,4200.0
8,20,12,530.5085409999999,411.91126899999995,347.024384,2800.0,6600.0,4200.0
8,20,13,518.1671240000001,401.94950900000003,338.951427,2800.0,6600.0,4200.0
8,20,14,475.91130699999997,368.284754,311.310404,2800.0,6600.0,4200.0
8,20,15,403.832983,311.55627899999996,264.161425,2800.0,6600.0,4200.0
8,20,16,299.221,229.960986,195.73103,2549.630956168769,3111.754316583931,3011.3751450812238
8,20,17,161.41687100000001,123.703958,105.588479,1003.7965929387176,1225.1060779960724,1185.5865270929733
8,20,18,35.025173,26.845434,22.911203,629.4537376638762,768.2309396685104,743.4492964533971
8,20,19,0.0,0.0,0.0,460.3878697051685,561.8907071204812,543.7652004391754
8,20,20,0.0,0.0,0.0,687.226207839785,838.7406473635172,811.6844974485649
8,20,21,0.0,0.0,0.0,1342.23868718708,1638.1653268818693,1585.3212840792282
8,20,22,0.0,0.0,0.0,2103.4419801044355,2567.192967843996,2484.3802914619314
8,20,23,0.0,0.0,0.0,2800.0,4721.09628485135,4200.0
8,21,0,0.0,0.0,0.0,2800.0,6600.0,4200.0
8,21,1,0.0,0.0,0.0,2800.0,6600.0,4200.0
8,21,2,0.0,0.0,0.0,2800.0,6600.0,4200.0
8,21,3,0.0,0.0,0.0,2800.0,6600.0,4200.0
8,21,4,0.0,0.0,0.0,2800.0,6600.0,4200.0
8,21,5,0.0,0.0,0.0,2800.0,6600.0,4200.0
8,21,6,19.166138999999998,14.686602,12.537249,2800.0,6600.0,4200.0
8,21,7,130.626226,99.969129,85.44722999999999,2800.0,6600.0,4200.0
8,21,8,270.398858,207.42371799999998,176.87744899999998,2800.0,6600.0,4200.0
8,21,9,376.98437199999995,290.23361800000004,246.59879999999998,2800.0,6600.0,4200.0
8,21,10,455.39932799999997,351.515148,297.892793,2800.0,6600.0,4200.0
8,21,11,423.73424200000005,326.724315,277.179542,2800.0,6600.0,4200.0
8,21,12,453.03015500000004,349.83524200000005,296.343034,2800.0,6600.0,4200.0
8,21,13,506.14590899999996,391.51,331.087926,2800.0,6600.0,4200.0
8,21,14,385.94365500000004,297.48404100000005,252.459383,2800.0,6600.0,4200.0
8,21,15,387.59818800000005,298.625258,253.541672,2800.0,6600.0,4200.0
8,21,16,215.760069,165.521116,141.13628599999998,2800.0,6600.0,4200.0
8,21,17,145.86765100000002,111.790364,95.417185,2800.0,6600.0,4200.0
8,21,18,29.568391,22.673634,19.34173,2800.0,6600.0,4200.0
8,21,19,0.0,0.0,0.0,2800.0,6600.0,4200.0
8,21,20,0.0,0.0,0.0,2800.0,6600.0,4200.0
8,21,21,0.0,0.0,0.0,2800.0,6600.0,4200.0
8,21,22,0.0,0.0,0.0,2800.0,6600.0,4200.0
8,21,23,0.0,0.0,0.0,2800.0,6600.0,4200.0
8,22,0,0.0,0.0,0.0,2800.0,6600.0,4200.0
8,22,1,0.0,0.0,0.0,2800.0,6600.0,4200.0
8,22,2,0.0,0.0,0.0,2800.0,6600.0,4200.0
8,22,3,0.0,0.0,0.0,2800.0,6600.0,4200.0
8,22,4,0.0,0.0,0.0,2800.0,6600.0,4200.0
8,22,5,0.0,0.0,0.0,2800.0,6600.0,4200.0
8,22,6,16.405884999999998,12.592868000000001,10.731669,2800.0,6600.0,4200.0
8,22,7,109.48384,83.827796,71.617249,2800.0,6600.0,4200.0
8,22,8,148.055646,113.40763000000001,96.84843,2800.0,6600.0,4200.0
8,22,9,276.346187,212.213903,180.767807,2800.0,6600.0,4200.0
8,22,10,234.34412899999998,179.91793299999998,153.292776,2800.0,6600.0,4200.0
8,22,11,382.687485,294.926575,250.329407,2800.0,6600.0,4200.0
8,22,12,449.54154700000004,347.409672,294.061012,2800.0,6600.0,4200.0
8,22,13,469.14691,363.140924,306.88557299999997,2800.0,6600.0,4200.0
8,22,14,426.20120000000003,329.498072,278.793266,2800.0,6600.0,4200.0
8,22,15,223.032128,171.572429,145.893197,2800.0,6600.0,4200.0
8,22,16,166.71131599999998,128.09017500000002,109.05176300000001,2800.0,6600.0,4200.0
8,22,17,112.326415,86.242883,73.476678,2800.0,5360.429636038867,4200.0
8,22,18,12.429038,9.581399,8.130273,2800.0,6600.0,4200.0
8,22,19,0.0,0.0,0.0,2800.0,6600.0,4200.0
8,22,20,0.0,0.0,0.0,2800.0,6600.0,4200.0
8,22,21,0.0,0.0,0.0,2800.0,6600.0,4200.0
8,22,22,0.0,0.0,0.0,2800.0,6600.0,4200.0
8,22,23,0.0,0.0,0.0,2800.0,6600.0,4200.0
8,23,0,0.0,0.0,0.0,2800.0,6600.0,4200.0
8,23,1,0.0,0.0,0.0,2800.0,6600.0,4200.0
8,23,2,0.0,0.0,0.0,2800.0,6600.0,4200.0
8,23,3,0.0,0.0,0.0,2800.0,6600.0,4200.0
8,23,4,0.0,0.0,0.0,2800.0,6600.0,4200.0
8,23,5,0.0,0.0,0.0,2800.0,6600.0,4200.0
8,23,6,18.418932,14.166563,12.048474,2800.0,6600.0,4200.0
8,23,7,110.96491499999999,85.059844,72.586072,2800.0,6600.0,4200.0
8,23,8,231.040099,177.38533600000002,151.13149299999998,2800.0,6600.0,4200.0
8,23,9,303.557365,233.589686,198.5676,2800.0,6600.0,4200.0
8,23,10,387.83661700000005,299.460583,253.697637,2800.0,6600.0,4200.0
8,23,11,367.43885700000004,283.822576,240.35474100000002,2800.0,6600.0,4200.0
8,23,12,476.275129,369.606404,311.548393,2800.0,6600.0,4200.0
8,23,13,459.58378700000003,356.51644,300.629996,2800.0,6600.0,4200.0
8,23,14,411.30024599999996,318.635317,269.04602500000004,2800.0,6600.0,4200.0
8,23,15,333.987398,258.103802,218.47296,2800.0,6600.0,4200.0
8,23,16,237.74116800000002,183.30610099999998,155.514899,2800.0,6600.0,4200.0
8,23,17,123.035801,94.622687,80.482065,2800.0,6600.0,4200.0
8,23,18,27.850512,21.442489000000002,18.218004,2800.0,6600.0,4200.0
8,23,19,0.0,0.0,0.0,2800.0,6600.0,4200.0
8,23,20,0.0,0.0,0.0,2800.0,6600.0,4200.0
8,23,21,0.0,0.0,0.0,2800.0,6600.0,4200.0
8,23,22,0.0,0.0,0.0,2800.0,6600.0,4200.0
8,23,23,0.0,0.0,0.0,2800.0,6600.0,4200.0
8,24,0,0.0,0.0,0.0,2800.0,6600.0,4200.0
8,24,1,0.0,0.0,0.0,2800.0,6600.0,4200.0
8,24,2,0.0,0.0,0.0,2800.0,6600.0,4200.0
8,24,3,0.0,0.0,0.0,2800.0,6600.0,4200.0
8,24,4,0.0,0.0,0.0,2800.0,6600.0,4200.0
8,24,5,0.0,0.0,0.0,2800.0,6600.0,4200.0
8,24,6,18.565382000000003,14.253456,12.144272,2800.0,6600.0,4200.0
8,24,7,122.048496,93.497926,79.83623399999999,2800.0,6600.0,4200.0
8,24,8,260.468036,200.159058,170.381347,2800.0,6600.0,4200.0
8,24,9,369.33980099999997,284.86238199999997,241.59821599999998,2800.0,6600.0,4200.0
8,24,10,449.359623,347.744927,293.94200900000004,2800.0,6600.0,4200.0
8,24,11,495.000537,384.00329,323.797344,2800.0,6600.0,4200.0
8,24,12,514.376343,399.506091,336.471743,2800.0,6600.0,4200.0
8,24,13,306.741361,236.598536,200.650364,2800.0,6600.0,4200.0
8,24,14,457.08227600000004,354.382788,298.993669,2800.0,6600.0,4200.0
8,24,15,383.356177,296.36037400000004,250.766822,2800.0,6600.0,4200.0
8,24,16,279.96960600000006,215.766751,183.138013,2800.0,6600.0,4200.0
8,24,17,146.882253,112.810727,96.080872,2800.0,6600.0,4200.0
8,24,18,27.873649,21.417816,18.233138999999998,2800.0,6600.0,4200.0
8,24,19,0.0,0.0,0.0,2800.0,6600.0,4200.0
8,24,20,0.0,0.0,0.0,2800.0,6600.0,4200.0
8,24,21,0.0,0.0,0.0,2800.0,6600.0,4200.0
8,24,22,0.0,0.0,0.0,2800.0,6600.0,4200.0
8,24,23,0.0,0.0,0.0,2800.0,6600.0,4200.0
8,25,0,0.0,0.0,0.0,2800.0,6600.0,4200.0
8,25,1,0.0,0.0,0.0,2800.0,6600.0,4200.0
8,25,2,0.0,0.0,0.0,2800.0,6600.0,4200.0
8,25,3,0.0,0.0,0.0,2800.0,6600.0,4200.0
8,25,4,0.0,0.0,0.0,2800.0,6600.0,4200.0
8,25,5,0.0,0.0,0.0,2800.0,6600.0,4200.0
8,25,6,15.491173,11.893411,10.133324,2800.0,6600.0,4200.0
8,25,7,123.432168,94.525148,80.741343,2800.0,6600.0,4200.0
8,25,8,260.96448399999997,200.56557199999997,170.706091,2800.0,6600.0,4200.0
8,25,9,367.79551299999997,283.723681,240.58804199999997,2800.0,6600.0,4200.0
8,25,10,442.34186700000004,342.443896,289.351447,2800.0,6600.0,4200.0
8,25,11,485.80805,377.346725,317.78421299999997,2800.0,6600.0,4200.0
8,25,12,413.915618,320.87042599999995,270.756833,2800.0,6600.0,4200.0
8,25,13,473.108309,368.421237,309.476864,2800.0,6600.0,4200.0
8,25,14,431.74583,335.379032,282.420204,2800.0,6600.0,4200.0
8,25,15,240.834096,185.672872,157.538093,2800.0,6600.0,4200.0
8,25,16,170.63073,131.281665,111.61559,2800.0,6600.0,4200.0
8,25,17,133.409291,102.586488,87.267731,2502.4167786610287,3054.130714113854,2955.610368497278
8,25,18,26.807485,20.627696,17.535723,2455.7891050857875,2997.2229235298983,2900.5383130934497
8,25,19,0.0,0.0,0.0,2455.7891050857875,2997.2229235298983,2900.5383130934497
8,25,20,0.0,0.0,0.0,1536.7967041952045,1875.6180248051708,1815.114217553391
8,25,21,0.0,0.0,0.0,648.3361095823518,791.2763542146813,765.7513105303368
8,25,22,0.0,0.0,0.0,247.56819744046305,302.1501622304864,292.4033828036965
8,25,23,0.0,0.0,0.0,67.56525302384776,82.46152928107404,79.80147994942648
8,26,0,0.0,0.0,0.0,0.8131632647455637,0.9924433546107272,0.9604290528490907
8,26,1,0.0,0.0,0.0,45.26344099058551,55.24278231134452,53.46075707549469
8,26,2,0.0,0.0,0.0,491.4151496175413,599.758647171015,580.4115940364661
8,26,3,0.0,0.0,0.0,1281.237390674447,1563.7149256262935,1513.2725086706066
8,26,4,0.0,0.0,0.0,2364.2786071344885,2885.536882723194,2792.4550477966395
8,26,5,0.0,0.0,0.0,2800.0,3794.137041985159,3671.7455245017663
8,26,6,-0.0,-0.0,-0.0,2800.0,6600.0,4200.0
8,26,7,30.196056000000002,23.159592,19.752307000000002,2800.0,6600.0,4200.0
8,26,8,190.669065,146.15735,124.72337399999999,2800.0,6600.0,4200.0
8,26,9,269.692511,207.175561,176.415402,2800.0,6600.0,4200.0
8,26,10,226.166797,173.881372,147.943694,2800.0,6600.0,4200.0
8,26,11,458.438088,354.69438299999996,299.880554,2800.0,6600.0,4200.0
8,26,12,351.410753,271.12195,229.870192,2800.0,6600.0,4200.0
8,26,13,323.685539,249.617862,211.734149,2800.0,6600.0,4200.0
8,26,14,333.637606,257.449781,218.244148,2800.0,6600.0,4200.0
8,26,15,216.719491,166.772663,141.763878,2800.0,6600.0,4200.0
8,26,16,195.05825399999998,150.010899,127.594497,2800.0,6600.0,4200.0
8,26,17,56.977239999999995,43.778985,37.270826,2800.0,6600.0,4200.0
8,26,18,7.264215,5.61529,4.75178,2800.0,6600.0,4200.0
8,26,19,0.0,0.0,0.0,2800.0,6600.0,4200.0
8,26,20,0.0,0.0,0.0,2800.0,6600.0,4200.0
8,26,21,0.0,0.0,0.0,2800.0,6600.0,4200.0
8,26,22,0.0,0.0,0.0,2800.0,6600.0,4200.0
8,26,23,0.0,0.0,0.0,2800.0,6600.0,4200.0
8,27,0,0.0,0.0,0.0,2800.0,6600.0,4200.0
8,27,1,0.0,0.0,0.0,2800.0,6600.0,4200.0
8,27,2,0.0,0.0,0.0,2800.0,6600.0,4200.0
8,27,3,0.0,0.0,0.0,2800.0,6600.0,4200.0
8,27,4,0.0,0.0,0.0,2800.0,6600.0,4200.0
8,27,5,0.0,0.0,0.0,2800.0,6600.0,4200.0
8,27,6,12.232358,9.405494000000001,8.001618,2800.0,6600.0,4200.0
8,27,7,15.568468000000001,11.975324,10.183885,2800.0,6600.0,4200.0
8,27,8,94.43681600000001,72.401029,61.774459,2800.0,6600.0,4200.0
8,27,9,94.18020600000001,72.277008,61.606601000000005,2800.0,6600.0,4200.0
8,27,10,315.769715,243.366926,206.55613,2800.0,6600.0,4200.0
8,27,11,345.143899,266.149169,225.77082099999998,2800.0,6600.0,4200.0
8,27,12,150.747585,115.802604,98.609322,2800.0,6600.0,4200.0
8,27,13,395.397717,305.326744,258.643619,2800.0,6600.0,4200.0
8,27,14,63.538581,48.820843999999994,41.562830999999996,2800.0,6600.0,4200.0
8,27,15,75.88289,58.288168,49.63768,2800.0,6600.0,4200.0
8,27,16,53.152921,40.831078999999995,34.769203999999995,2800.0,6600.0,4200.0
8,27,17,118.874185,91.21256,77.759805,2800.0,6600.0,4200.0
8,27,18,23.017082,17.6925,15.056287000000001,2800.0,6600.0,4200.0
8,27,19,0.0,0.0,0.0,2800.0,6600.0,4200.0
8,27,20,0.0,0.0,0.0,2800.0,6600.0,4200.0
8,27,21,0.0,0.0,0.0,2800.0,6600.0,4200.0
8,27,22,0.0,0.0,0.0,2800.0,6600.0,4200.0
8,27,23,0.0,0.0,0.0,2800.0,6600.0,4200.0
8,28,0,0.0,0.0,0.0,2800.0,6600.0,4200.0
8,28,1,0.0,0.0,0.0,2800.0,6600.0,4200.0
8,28,2,0.0,0.0,0.0,2800.0,6600.0,4200.0
8,28,3,0.0,0.0,0.0,2800.0,6600.0,4200.0
8,28,4,0.0,0.0,0.0,2800.0,6600.0,4200.0
8,28,5,0.0,0.0,0.0,2800.0,6600.0,4200.0
8,28,6,15.145031000000001,11.642194,9.9069,2800.0,6600.0,4200.0
8,28,7,110.671618,84.80568600000001,72.394217,2800.0,6600.0,4200.0
8,28,8,111.392741,85.44879399999999,72.865928,2800.0,6600.0,4200.0
8,28,9,184.805264,141.931206,120.887654,2800.0,6600.0,4200.0
8,28,10,191.799003,147.40166,125.46250599999999,2800.0,6600.0,4200.0
8,28,11,354.607533,273.58940500000006,231.961318,2800.0,6600.0,4200.0
8,28,12,317.81818599999997,244.916525,207.896106,2800.0,6600.0,4200.0
8,28,13,419.74652000000003,324.290685,274.571032,2800.0,6423.759245222193,4200.0
8,28,14,405.827435,313.357773,265.466066,2800.0,3996.150340809066,3867.242265299096
8,28,15,226.04798399999999,173.724032,147.865975,2694.829168782761,3288.9647335537634,3182.869096987513
8,28,16,237.128275,182.191118,155.11398499999999,2020.963642713616,2466.530430083547,2386.964932338916
8,28,17,120.08958,92.13239200000001,78.554838,1570.9465066065366,1917.296917511915,1855.44862985024
8,28,18,22.293095,17.138125,14.582700999999998,2364.2786071344885,2885.536882723194,2792.4550477966395
8,28,19,0.0,0.0,0.0,2645.8334855800563,3229.1668524795964,3125.000179818964
8,28,20,0.0,0.0,0.0,1901.3333359069868,2320.524937524275,2245.6692943783305
8,28,21,0.0,0.0,0.0,1222.1129067458091,1491.5551224063024,1443.4404410383572
8,28,22,0.0,0.0,0.0,1469.9890187508342,1794.0810858770024,1736.2075024616151
8,28,23,0.0,0.0,0.0,2188.134369840437,2670.5576954745493,2584.4106730398867
8,29,0,0.0,0.0,0.0,2800.0,3928.035620383037,3801.324793919068
8,29,1,0.0,0.0,0.0,2800.0,5700.675903358588,4200.0
8,29,2,0.0,0.0,0.0,2800.0,6600.0,4200.0
8,29,3,0.0,0.0,0.0,2800.0,6600.0,4200.0
8,29,4,0.0,0.0,0.0,2800.0,6600.0,4200.0
8,29,5,0.0,0.0,0.0,2800.0,6600.0,4200.0
8,29,6,13.451174000000002,10.351244000000001,8.798888999999999,2800.0,6600.0,4200.0
8,29,7,107.01539100000001,82.036496,70.002549,2800.0,6600.0,4200.0
8,29,8,132.183573,101.423236,86.465947,2800.0,6600.0,4200.0
8,29,9,331.57263900000004,255.243661,216.893381,2800.0,6600.0,4200.0
8,29,10,348.792999,268.768186,228.157827,2800.0,6600.0,4200.0
8,29,11,444.713425,343.68099800000005,290.902767,2800.0,6600.0,4200.0
8,29,12,458.986059,355.07669,300.239001,2800.0,6600.0,4200.0
8,29,13,351.487288,271.18637,229.920256,2800.0,6600.0,4200.0
8,29,14,342.34093099999996,264.15096,223.93730100000002,2800.0,6600.0,4200.0
8,29,15,323.919753,249.959021,211.88735699999998,2800.0,6600.0,4200.0
8,29,16,118.187733,90.873909,77.310773,2800.0,6600.0,4200.0
8,29,17,111.84236999999999,85.976943,73.16004600000001,2800.0,6600.0,4200.0
8,29,18,18.920716,14.581826,12.376709,2800.0,6600.0,4200.0
8,29,19,0.0,0.0,0.0,2800.0,6600.0,4200.0
8,29,20,0.0,0.0,0.0,2800.0,6600.0,4200.0
8,29,21,0.0,0.0,0.0,2800.0,6600.0,4200.0
8,29,22,0.0,0.0,0.0,2800.0,6600.0,4200.0
8,29,23,0.0,0.0,0.0,2800.0,6600.0,4200.0
8,30,0,0.0,0.0,0.0,2800.0,6600.0,4200.0
8,30,1,0.0,0.0,0.0,2800.0,6600.0,4200.0
8,30,2,0.0,0.0,0.0,2800.0,6600.0,4200.0
8,30,3,0.0,0.0,0.0,2800.0,6600.0,4200.0
8,30,4,0.0,0.0,0.0,2800.0,6600.0,4200.0
8,30,5,0.0,0.0,0.0,2800.0,6600.0,4200.0
8,30,6,12.786061,9.834776,8.363815,2800.0,6600.0,4200.0
8,30,7,46.795338,35.893884,30.610484,2800.0,6600.0,4200.0
8,30,8,146.429903,112.324073,95.784974,2800.0,6600.0,4200.0
8,30,9,241.591017,185.686035,158.033222,2800.0,6600.0,4200.0
8,30,10,304.12471,234.347441,198.93872,2800.0,6600.0,4200.0
8,30,11,451.436426,350.045856,295.30051899999995,2800.0,6600.0,4200.0
8,30,12,461.249793,358.400619,301.719789,2800.0,6600.0,4200.0
8,30,13,424.023717,329.39518699999996,277.368898,2800.0,6600.0,4200.0
8,30,14,380.575355,295.087191,248.947789,2800.0,6600.0,4200.0
8,30,15,306.93617800000004,237.327514,200.777801,2800.0,6600.0,4200.0
8,30,16,220.45124299999998,169.886434,144.204948,2800.0,6600.0,4200.0
8,30,17,108.578334,83.494007,71.024925,2800.0,6600.0,4200.0
8,30,18,16.859942999999998,13.000399999999999,11.028685,2800.0,6600.0,4200.0
8,30,19,0.0,0.0,0.0,2800.0,6600.0,4200.0
8,30,20,0.0,0.0,0.0,2800.0,6600.0,4200.0
8,30,21,0.0,0.0,0.0,2800.0,6600.0,4200.0
8,30,22,0.0,0.0,0.0,2800.0,6600.0,4200.0
8,30,23,0.0,0.0,0.0,2800.0,6600.0,4200.0
8,31,0,0.0,0.0,0.0,2800.0,6600.0,4200.0
8,31,1,0.0,0.0,0.0,2800.0,6600.0,4200.0
8,31,2,0.0,0.0,0.0,2800.0,6600.0,4200.0
8,31,3,0.0,0.0,0.0,2800.0,6600.0,4200.0
8,31,4,0.0,0.0,0.0,2800.0,6600.0,4200.0
8,31,5,0.0,0.0,0.0,2800.0,6600.0,4200.0
8,31,6,12.332445,9.500684,8.067088,2800.0,6600.0,4200.0
8,31,7,113.499398,87.06123600000001,74.243967,2800.0,6600.0,4200.0
8,31,8,250.90998199999999,192.88667900000002,164.129086,2800.0,6600.0,4200.0
8,31,9,361.43388799999997,278.60296600000004,236.426679,2800.0,6600.0,4200.0
8,31,10,431.841576,333.691297,282.482836,2800.0,6600.0,4200.0
8,31,11,482.389099,373.542722,315.547756,2800.0,6600.0,4200.0
8,31,12,501.837882,389.094553,328.26989299999997,2800.0,6600.0,4200.0
8,31,13,487.39372499999996,377.78299499999997,318.82145899999995,2800.0,6600.0,4200.0
8,31,14,440.98311700000005,341.477223,288.46264,2800.0,6600.0,4200.0
8,31,15,363.04490899999996,280.602268,237.480504,2800.0,6518.224790706034,4200.0
8,31,16,254.170911,195.93741699999998,166.26217499999998,2800.0,4798.06917736812,4200.0
8,31,17,123.28271099999999,94.79411900000001,80.64357799999999,2800.0,3663.3164546975977,3545.1449561589657
8,31,18,18.407102,14.188814,12.040736,2800.0,6600.0,4200.0
8,31,19,0.0,0.0,0.0,2800.0,6600.0,4200.0
8,31,20,0.0,0.0,0.0,2800.0,6600.0,4200.0
8,31,21,0.0,0.0,0.0,2800.0,6600.0,4200.0
8,31,22,0.0,0.0,0.0,2800.0,6600.0,4200.0
8,31,23,0.0,0.0,0.0,2800.0,6600.0,4200.0
9,1,0,0.0,0.0,0.0,2800.0,6600.0,4200.0
9,1,1,0.0,0.0,0.0,2800.0,6600.0,4200.0
9,1,2,0.0,0.0,0.0,2800.0,6600.0,4200.0
9,1,3,0.0,0.0,0.0,2800.0,6600.0,4200.0
9,1,4,0.0,0.0,0.0,2800.0,6600.0,4200.0
9,1,5,0.0,0.0,0.0,2800.0,6600.0,4200.0
9,1,6,11.967224,9.172011000000001,7.828184,2800.0,6600.0,4200.0
9,1,7,122.12285,93.399007,79.884872,2800.0,6600.0,4200.0
9,1,8,262.309185,201.579252,171.58570699999999,2800.0,6600.0,4200.0
9,1,9,366.627208,283.21257099999997,239.823813,2800.0,6600.0,4200.0
9,1,10,440.596131,342.035732,288.209499,2800.0,6600.0,4200.0
9,1,11,481.02076400000004,374.609788,314.65268,2800.0,6600.0,4200.0
9,1,12,493.689112,385.09416100000004,322.939495,2800.0,6600.0,4200.0
9,1,13,481.202747,375.041066,314.771722,2800.0,6600.0,4200.0
9,1,14,439.09367599999996,341.574745,287.22669,2800.0,6600.0,4200.0
9,1,15,370.38353,286.600113,242.280956,2800.0,6600.0,4200.0
9,1,16,268.86778000000004,207.14100200000001,175.875916,2800.0,6600.0,4200.0
9,1,17,131.376941,100.833621,85.9383,2800.0,6600.0,4200.0
9,1,18,17.168174999999998,13.195225,11.23031,2800.0,6600.0,4200.0
9,1,19,0.0,0.0,0.0,2800.0,6600.0,4200.0
9,1,20,0.0,0.0,0.0,2800.0,6600.0,4200.0
9,1,21,0.0,0.0,0.0,2800.0,6600.0,4200.0
9,1,22,0.0,0.0,0.0,2800.0,6600.0,4200.0
9,1,23,0.0,0.0,0.0,2800.0,6600.0,4200.0
9,2,0,0.0,0.0,0.0,2800.0,6600.0,4200.0
9,2,1,0.0,0.0,0.0,2800.0,6600.0,4200.0
9,2,2,0.0,0.0,0.0,2800.0,6600.0,4200.0
9,2,3,0.0,0.0,0.0,2800.0,6600.0,4200.0
9,2,4,0.0,0.0,0.0,2800.0,6600.0,4200.0
9,2,5,0.0,0.0,0.0,2800.0,6600.0,4200.0
9,2,6,10.648772000000001,8.169563,6.965738,2800.0,6600.0,4200.0
9,2,7,120.748875,92.35834,78.986106,2800.0,6600.0,4200.0
9,2,8,263.74284600000004,202.39819699999998,172.523516,2800.0,6600.0,4200.0
9,2,9,372.281767,286.874083,243.522659,2800.0,6600.0,4200.0
9,2,10,452.09437199999996,349.502029,295.730905,2800.0,6600.0,4200.0
9,2,11,499.09716,386.70281300000005,326.477089,2800.0,6600.0,4200.0
9,2,12,513.541462,398.408967,335.92561800000004,2800.0,6600.0,4200.0
9,2,13,491.642157,381.448807,321.60050900000005,2800.0,6600.0,4200.0
9,2,14,446.076175,345.65159600000004,291.794189,2800.0,6600.0,4200.0
9,2,15,369.48323,285.346065,241.692038,2800.0,6600.0,4200.0
9,2,16,266.58934700000003,205.121677,174.385513,2800.0,6600.0,4200.0
9,2,17,127.73686500000001,97.99423399999999,83.557198,2800.0,6600.0,4200.0
9,2,18,15.376007,11.821633,10.05799,2800.0,6600.0,4200.0
9,2,19,0.0,0.0,0.0,2800.0,6600.0,4200.0
9,2,20,0.0,0.0,0.0,2800.0,6600.0,4200.0
9,2,21,0.0,0.0,0.0,2800.0,6600.0,4200.0
9,2,22,0.0,0.0,0.0,2800.0,6600.0,4200.0
9,2,23,0.0,0.0,0.0,2800.0,6600.0,4200.0
9,3,0,0.0,0.0,0.0,2800.0,6600.0,4200.0
9,3,1,0.0,0.0,0.0,2800.0,6600.0,4200.0
9,3,2,0.0,0.0,0.0,2800.0,6600.0,4200.0
9,3,3,0.0,0.0,0.0,2800.0,6600.0,4200.0
9,3,4,0.0,0.0,0.0,2800.0,6600.0,4200.0
9,3,5,0.0,0.0,0.0,2800.0,6600.0,4200.0
9,3,6,9.570658,7.3447510000000005,6.260506,2800.0,6600.0,4200.0
9,3,7,117.818973,90.14440300000001,77.06955400000001,2800.0,6600.0,4200.0
9,3,8,259.294301,199.04455900000002,169.613565,2800.0,6600.0,4200.0
9,3,9,364.715548,281.375387,238.573328,2800.0,6600.0,4200.0
9,3,10,441.33973599999996,341.799486,288.695917,2800.0,6600.0,4200.0
9,3,11,485.67204300000003,377.182171,317.695246,2800.0,6600.0,4200.0
9,3,12,493.74007,384.45711800000004,322.972828,2800.0,6600.0,4200.0
9,3,13,472.21524800000003,368.163752,308.892681,2800.0,6600.0,4200.0
9,3,14,424.84949200000005,330.69923,277.909066,2800.0,6600.0,4200.0
9,3,15,354.579475,274.759931,231.942965,2800.0,6600.0,4200.0
9,3,16,255.40194699999998,197.00851699999998,167.067439,2800.0,6600.0,4200.0
9,3,17,121.469633,93.340935,79.457579,2800.0,6600.0,4200.0
9,3,18,14.080975,10.844942999999999,9.210863,2800.0,6600.0,4200.0
9,3,19,0.0,0.0,0.0,2800.0,6600.0,4200.0
9,3,20,0.0,0.0,0.0,2800.0,6600.0,4200.0
9,3,21,0.0,0.0,0.0,2800.0,6600.0,4200.0
9,3,22,0.0,0.0,0.0,2800.0,6600.0,4200.0
9,3,23,0.0,0.0,0.0,2800.0,6600.0,4200.0
9,4,0,0.0,0.0,0.0,2800.0,6600.0,4200.0
9,4,1,0.0,0.0,0.0,2800.0,6600.0,4200.0
9,4,2,0.0,0.0,0.0,2800.0,6600.0,4200.0
9,4,3,0.0,0.0,0.0,2800.0,6600.0,4200.0
9,4,4,0.0,0.0,0.0,2800.0,6600.0,4200.0
9,4,5,0.0,0.0,0.0,2800.0,6600.0,4200.0
9,4,6,8.893889999999999,6.832341,5.817808,2800.0,6600.0,4200.0
9,4,7,113.998105,87.24747,74.570189,2800.0,6600.0,4200.0
9,4,8,250.24406,192.307893,163.69348300000001,2800.0,6600.0,4200.0
9,4,9,354.755711,273.951831,232.058247,2800.0,6600.0,4200.0
9,4,10,430.657926,333.858724,281.708568,2800.0,6600.0,4200.0
9,4,11,475.130969,369.402359,310.799957,2800.0,6600.0,4200.0
9,4,12,360.95350199999996,279.38068300000003,236.112441,2800.0,6600.0,4200.0
9,4,13,475.203373,369.549622,310.847319,2800.0,6600.0,4200.0
9,4,14,430.834572,334.19240399999995,281.824119,2800.0,6600.0,4200.0
9,4,15,355.19370299999997,274.65423499999997,232.344753,2800.0,6600.0,4200.0
9,4,16,250.790989,193.20795,164.051249,2800.0,6600.0,4200.0
9,4,17,117.01037099999999,89.878041,76.540619,2800.0,6600.0,4200.0
9,4,18,12.570032,9.684940000000001,8.222502,2800.0,6600.0,4200.0
9,4,19,0.0,0.0,0.0,2800.0,6600.0,4200.0
9,4,20,0.0,0.0,0.0,2800.0,6600.0,4200.0
9,4,21,0.0,0.0,0.0,2800.0,6600.0,4200.0
9,4,22,0.0,0.0,0.0,2800.0,6600.0,4200.0
9,4,23,0.0,0.0,0.0,2800.0,6600.0,4200.0
9,5,0,0.0,0.0,0.0,2800.0,6600.0,4200.0
9,5,1,0.0,0.0,0.0,2800.0,6600.0,4200.0
9,5,2,0.0,0.0,0.0,2800.0,6600.0,4200.0
9,5,3,0.0,0.0,0.0,2800.0,6600.0,4200.0
9,5,4,0.0,0.0,0.0,2800.0,6600.0,4200.0
9,5,5,0.0,0.0,0.0,2800.0,6600.0,4200.0
9,5,6,7.708868000000001,5.929996,5.042643,2800.0,6600.0,4200.0
9,5,7,109.323139,83.737658,71.51212799999999,2800.0,6600.0,4200.0
9,5,8,245.911579,188.989118,160.859454,2800.0,6600.0,4200.0
9,5,9,353.071489,272.514566,230.956538,2800.0,6600.0,4200.0
9,5,10,432.895102,335.362607,283.171984,2800.0,6600.0,4200.0
9,5,11,476.976734,370.63575699999996,312.007338,2800.0,6600.0,4200.0
9,5,12,492.461094,382.959147,322.136205,2800.0,6600.0,4200.0
9,5,13,478.00322600000004,371.451817,312.678802,2800.0,6600.0,4200.0
9,5,14,431.75910200000004,334.801782,282.428886,2800.0,6600.0,4200.0
9,5,15,356.76115899999996,275.737207,233.370081,2800.0,6600.0,4200.0
9,5,16,251.206905,193.46047099999998,164.323314,2800.0,6600.0,4200.0
9,5,17,115.110939,88.417912,75.298133,2800.0,6600.0,4200.0
9,5,18,10.407247,8.025143,6.807747999999999,2800.0,6600.0,4200.0
9,5,19,0.0,0.0,0.0,2800.0,6600.0,4200.0
9,5,20,0.0,0.0,0.0,2800.0,6600.0,4200.0
9,5,21,0.0,0.0,0.0,2800.0,6600.0,4200.0
9,5,22,0.0,0.0,0.0,2800.0,6600.0,4200.0
9,5,23,0.0,0.0,0.0,2800.0,6600.0,4200.0
9,6,0,0.0,0.0,0.0,2800.0,6600.0,4200.0
9,6,1,0.0,0.0,0.0,2800.0,6600.0,4200.0
9,6,2,0.0,0.0,0.0,2800.0,6600.0,4200.0
9,6,3,0.0,0.0,0.0,2800.0,6600.0,4200.0
9,6,4,0.0,0.0,0.0,2800.0,6600.0,4200.0
9,6,5,0.0,0.0,0.0,2800.0,6600.0,4200.0
9,6,6,5.783412,4.454096,3.783134,2800.0,6600.0,4200.0
9,6,7,82.137005,62.901081,53.728718,2800.0,6600.0,4200.0
9,6,8,123.30136,94.51589999999999,80.655777,2800.0,6600.0,4200.0
9,6,9,290.638482,223.700799,190.116902,2800.0,6600.0,4200.0
9,6,10,436.72537800000003,337.807545,285.677503,2800.0,6600.0,4200.0
9,6,11,484.02538699999997,375.211291,316.61811,2800.0,6600.0,4200.0
9,6,12,334.003516,257.782165,218.48350299999998,2800.0,6600.0,4200.0
9,6,13,396.385182,306.453569,259.289555,2800.0,6600.0,4200.0
9,6,14,370.945407,286.544086,242.64849900000002,2800.0,6600.0,4200.0
9,6,15,288.094357,221.892822,188.45270000000002,2800.0,6600.0,4200.0
9,6,16,201.63478099999998,154.968083,131.896436,2800.0,6600.0,4200.0
9,6,17,19.060364,14.669856,12.468058000000001,2800.0,6600.0,4200.0
9,6,18,0.271021,0.22905799999999998,0.177284,2800.0,6600.0,4200.0
9,6,19,0.0,0.0,0.0,2800.0,6600.0,4200.0
9,6,20,0.0,0.0,0.0,2800.0,6600.0,4200.0
9,6,21,0.0,0.0,0.0,2800.0,6600.0,4200.0
9,6,22,0.0,0.0,0.0,2800.0,6600.0,4200.0
9,6,23,0.0,0.0,0.0,2800.0,6600.0,4200.0
9,7,0,0.0,0.0,0.0,2800.0,6600.0,4200.0
9,7,1,0.0,0.0,0.0,2800.0,6600.0,4200.0
9,7,2,0.0,0.0,0.0,2800.0,6600.0,4200.0
9,7,3,0.0,0.0,0.0,2800.0,6600.0,4200.0
9,7,4,0.0,0.0,0.0,2800.0,6600.0,4200.0
9,7,5,0.0,0.0,0.0,2800.0,6600.0,4200.0
9,7,6,-0.0,-0.0,-0.0,2800.0,6600.0,4200.0
9,7,7,11.936164000000002,9.184089,7.807867,2800.0,6600.0,4200.0
9,7,8,140.20525,107.443577,91.713209,2800.0,6600.0,4200.0
9,7,9,210.592887,161.723875,137.75625,2800.0,6600.0,4200.0
9,7,10,331.614686,255.585295,216.920885,2800.0,6600.0,4200.0
9,7,11,321.997882,248.258482,210.630193,2800.0,6600.0,4200.0
9,7,12,110.94836500000001,85.184709,72.57524599999999,2800.0,6600.0,4200.0
9,7,13,207.880552,159.78475,135.98201500000002,2800.0,6600.0,4200.0
9,7,14,187.526976,144.099043,122.668022,2800.0,6600.0,4200.0
9,7,15,83.810424,64.322206,54.82336,2800.0,6600.0,4200.0
9,7,16,26.324813,20.239854,17.219990000000003,2800.0,6600.0,4200.0
9,7,17,56.331307,43.217509,36.848299,2800.0,6600.0,4200.0
9,7,18,2.0654920000000003,1.611228,1.3511110000000002,2800.0,6600.0,4200.0
9,7,19,0.0,0.0,0.0,2800.0,6600.0,4200.0
9,7,20,0.0,0.0,0.0,2800.0,6600.0,4200.0
9,7,21,0.0,0.0,0.0,2800.0,6600.0,4200.0
9,7,22,0.0,0.0,0.0,2800.0,6600.0,4200.0
9,7,23,0.0,0.0,0.0,2800.0,6600.0,4200.0
9,8,0,0.0,0.0,0.0,2800.0,6600.0,4200.0
9,8,1,0.0,0.0,0.0,2800.0,6600.0,4200.0
9,8,2,0.0,0.0,0.0,2800.0,6600.0,4200.0
9,8,3,0.0,0.0,0.0,2800.0,6600.0,4200.0
9,8,4,0.0,0.0,0.0,2800.0,6600.0,4200.0
9,8,5,0.0,0.0,0.0,2800.0,6600.0,4200.0
9,8,6,-0.0,-0.0,-0.0,2800.0,6600.0,4200.0
9,8,7,27.458296999999998,21.066034,17.961441999999998,2800.0,6600.0,4200.0
9,8,8,14.373968999999999,11.065429,9.402521,2800.0,6600.0,4200.0
9,8,9,11.042107,8.515945,7.223032,2800.0,6600.0,4200.0
9,8,10,81.86474000000001,62.797995,53.550619,2800.0,6600.0,4200.0
9,8,11,96.911613,74.367058,63.393311000000004,2800.0,6600.0,4200.0
9,8,12,170.39461,130.848486,111.461136,2800.0,6600.0,4200.0
9,8,13,133.028087,102.074586,87.018372,2800.0,6600.0,4200.0
9,8,14,243.421277,187.028872,159.230459,2800.0,6600.0,4200.0
9,8,15,160.04529399999998,122.850104,104.691282,2800.0,6600.0,4200.0
9,8,16,155.835742,119.57958,101.937666,2800.0,6600.0,4200.0
9,8,17,75.993048,58.300917999999996,49.709737999999994,2800.0,6600.0,4200.0
9,8,18,4.48012,3.468085,2.930605,2800.0,6600.0,4200.0
9,8,19,0.0,0.0,0.0,2800.0,6600.0,4200.0
9,8,20,0.0,0.0,0.0,2800.0,6600.0,4200.0
9,8,21,0.0,0.0,0.0,2800.0,6600.0,4200.0
9,8,22,0.0,0.0,0.0,2800.0,6600.0,4200.0
9,8,23,0.0,0.0,0.0,2800.0,6600.0,4200.0
9,9,0,0.0,0.0,0.0,2800.0,6600.0,4200.0
9,9,1,0.0,0.0,0.0,2800.0,6600.0,4200.0
9,9,2,0.0,0.0,0.0,2800.0,6600.0,4200.0
9,9,3,0.0,0.0,0.0,2800.0,6600.0,4200.0
9,9,4,0.0,0.0,0.0,2800.0,6600.0,4200.0
9,9,5,0.0,0.0,0.0,2800.0,6600.0,4200.0
9,9,6,4.490048,3.468857,2.9370990000000003,2800.0,6600.0,4200.0
9,9,7,98.14383000000001,75.17403599999999,64.199347,2800.0,6600.0,4200.0
9,9,8,229.898104,176.488827,150.38447399999998,2800.0,6600.0,4200.0
9,9,9,338.590481,260.707292,221.483999,2800.0,6600.0,4200.0
9,9,10,300.442386,231.234823,196.529982,2800.0,6600.0,4200.0
9,9,11,350.077973,269.898348,228.998373,2800.0,6600.0,4200.0
9,9,12,402.556125,310.76265500000005,263.326187,2800.0,6600.0,4200.0
9,9,13,376.63476299999996,290.711619,246.37010800000002,2800.0,6600.0,4200.0
9,9,14,276.333217,212.78319399999998,180.759322,2800.0,6600.0,4200.0
9,9,15,256.92872,197.660334,168.066155,2800.0,6600.0,4200.0
9,9,16,171.800127,131.952956,112.380534,2800.0,6600.0,4200.0
9,9,17,93.36369400000001,71.67123299999999,61.072492,2800.0,6600.0,4200.0
9,9,18,4.408346,3.41627,2.883655,2800.0,6600.0,4200.0
9,9,19,0.0,0.0,0.0,2800.0,6600.0,4200.0
9,9,20,0.0,0.0,0.0,2800.0,6600.0,4200.0
9,9,21,0.0,0.0,0.0,2800.0,6600.0,4200.0
9,9,22,0.0,0.0,0.0,2800.0,6600.0,4200.0
9,9,23,0.0,0.0,0.0,2800.0,6600.0,4200.0
9,10,0,0.0,0.0,0.0,2800.0,6600.0,4200.0
9,10,1,0.0,0.0,0.0,2800.0,6600.0,4200.0
9,10,2,0.0,0.0,0.0,2800.0,6600.0,4200.0
9,10,3,0.0,0.0,0.0,2800.0,6600.0,4200.0
9,10,4,0.0,0.0,0.0,2800.0,6600.0,4200.0
9,10,5,0.0,0.0,0.0,2800.0,6600.0,4200.0
9,10,6,4.125863000000001,3.189281,2.698873,2800.0,6600.0,4200.0
9,10,7,103.502875,79.285239,67.70488800000001,2800.0,6600.0,4200.0
9,10,8,93.075959,71.376873,60.884274,2800.0,6600.0,4200.0
9,10,9,346.48757900000004,267.255753,226.64977,2800.0,6600.0,4200.0
9,10,10,422.703268,327.083691,276.505146,2800.0,6600.0,4200.0
9,10,11,469.42645699999997,364.02878999999996,307.068434,2800.0,5528.8079782263085,4200.0
9,10,12,73.226577,56.292989999999996,47.900091999999994,2800.0,4205.209912886971,4069.5579802131983
9,10,13,466.653886,361.742489,305.254798,2800.0,3599.0492231594667,3482.9508611220645
9,10,14,224.995709,173.092555,147.177644,2800.0,4276.483153260508,4138.532083800491
9,10,15,110.8901,85.185231,72.537133,2800.0,4569.628998473504,4200.0
9,10,16,229.74377600000003,176.68904,150.28352299999997,2800.0,4205.209912886971,4069.5579802131983
9,10,17,71.896709,55.197328999999996,47.030178,2645.8334855800563,3229.1668524795964,3125.000179818964
9,10,18,3.1175970000000004,2.423352,2.039331,2800.0,6600.0,4200.0
9,10,19,0.0,0.0,0.0,2800.0,6600.0,4200.0
9,10,20,0.0,0.0,0.0,2800.0,6600.0,4200.0
9,10,21,0.0,0.0,0.0,2800.0,6600.0,4200.0
9,10,22,0.0,0.0,0.0,2800.0,6600.0,4200.0
9,10,23,0.0,0.0,0.0,2800.0,6600.0,4200.0
9,11,0,0.0,0.0,0.0,2800.0,4495.12565696385,4200.0
9,11,1,0.0,0.0,0.0,2800.0,4134.733013236745,4001.3545289387857
9,11,2,0.0,0.0,0.0,2800.0,3860.699345383164,3736.160656822416
9,11,3,0.0,0.0,0.0,2231.3199984618277,2723.264565051836,2635.417321017906
9,11,4,0.0,0.0,0.0,1437.3238044186396,1754.214092007001,1697.6265406519365
9,11,5,0.0,0.0,0.0,610.9415963527902,745.6373813754526,721.5845626214057
9,11,6,3.444831,2.666854,2.253386,85.90327597997313,104.84258092043964,101.4605621810706
9,11,7,96.885601,74.283528,63.376296,575.0133429544752,701.7879382515248,679.149617662766
9,11,8,229.433599,176.218052,150.080625,1901.3333359069868,2320.524937524275,2245.6692943783305
9,11,9,340.094239,261.878036,222.46766,1786.5196926460033,2180.398050079768,2110.0626291094527
9,11,10,414.67663799999997,320.108021,271.254643,1570.9465066065366,1917.296917511915,1855.44862985024
9,11,11,460.267935,356.157907,301.077521,2103.4419801044355,2567.192967843996,2484.3802914619314
9,11,12,472.46423300000004,366.094082,309.055551,2800.0,4954.515830178791,4200.0
9,11,13,457.425907,354.009607,299.21845,2800.0,6600.0,4200.0
9,11,14,211.195966,162.309391,138.150745,2800.0,6600.0,4200.0
9,11,15,327.715615,252.333304,214.370365,2800.0,6600.0,4200.0
9,11,16,214.84206700000001,164.929426,140.535788,2800.0,4495.12565696385,4200.0
9,11,17,82.231197,63.039927000000006,53.790332,1824.2618316438895,2226.4612905889994,2154.639958634516
9,11,18,3.1437150000000003,2.4378339999999996,2.056415,1605.5985030100696,1959.588724146148,1896.3761846575624
9,11,19,0.0,0.0,0.0,2145.5095856044995,2618.5353210133653,2534.066439690353
9,11,20,0.0,0.0,0.0,2800.0,4569.628998473504,4200.0
9,11,21,0.0,0.0,0.0,2800.0,6237.575082367505,4200.0
9,11,22,0.0,0.0,0.0,2800.0,6600.0,4200.0
9,11,23,0.0,0.0,0.0,2800.0,6600.0,4200.0
9,12,0,0.0,0.0,0.0,2800.0,6600.0,4200.0
9,12,1,0.0,0.0,0.0,2800.0,6600.0,4200.0
9,12,2,0.0,0.0,0.0,2800.0,6600.0,4200.0
9,12,3,0.0,0.0,0.0,2800.0,6600.0,4200.0
9,12,4,0.0,0.0,0.0,2800.0,6600.0,4200.0
9,12,5,0.0,0.0,0.0,2800.0,6600.0,4200.0
9,12,6,3.8078440000000002,2.933447,2.4908449999999998,2800.0,6600.0,4200.0
9,12,7,110.682131,84.60774400000001,72.401094,2800.0,6600.0,4200.0
9,12,8,257.259343,197.236762,168.28242699999998,2800.0,6600.0,4200.0
9,12,9,371.97173599999996,286.121058,243.31985699999998,2800.0,6600.0,4200.0
9,12,10,452.27430499999997,349.197086,295.848606,2800.0,6600.0,4200.0
9,12,11,491.436234,380.89305099999996,321.465807,2800.0,6600.0,4200.0
9,12,12,495.118008,385.059411,323.874186,2800.0,6600.0,4200.0
9,12,13,474.839073,369.53751400000004,310.609017,2800.0,6600.0,4200.0
9,12,14,432.267122,335.348407,282.76120000000003,2800.0,6600.0,4200.0
9,12,15,355.217714,274.353971,232.36046,2800.0,6600.0,4200.0
9,12,16,245.859513,189.093578,160.825396,2800.0,6600.0,4200.0
9,12,17,103.46220600000001,79.29719,67.678285,2800.0,6600.0,4200.0
9,12,18,2.331091,1.810809,1.524849,2800.0,6600.0,4200.0
9,12,19,0.0,0.0,0.0,2800.0,6600.0,4200.0
9,12,20,0.0,0.0,0.0,2800.0,6600.0,4200.0
9,12,21,0.0,0.0,0.0,2800.0,6600.0,4200.0
9,12,22,0.0,0.0,0.0,2800.0,6600.0,4200.0
9,12,23,0.0,0.0,0.0,2800.0,6600.0,4200.0
9,13,0,0.0,0.0,0.0,2800.0,6600.0,4200.0
9,13,1,0.0,0.0,0.0,2800.0,6600.0,4200.0
9,13,2,0.0,0.0,0.0,2800.0,6600.0,4200.0
9,13,3,0.0,0.0,0.0,2800.0,6600.0,4200.0
9,13,4,0.0,0.0,0.0,2800.0,6600.0,4200.0
9,13,5,0.0,0.0,0.0,2800.0,6600.0,4200.0
9,13,6,3.19643,2.464887,2.090898,2800.0,6600.0,4200.0
9,13,7,103.731641,79.29368799999999,67.854532,2800.0,6600.0,4200.0
9,13,8,240.114048,184.234475,157.067084,2800.0,6600.0,4200.0
9,13,9,345.554843,266.234293,226.03963399999998,2800.0,6600.0,4200.0
9,13,10,369.439316,285.123684,241.66331200000002,2800.0,6600.0,4200.0
9,13,11,370.541509,286.228939,242.384295,2800.0,6600.0,4200.0
9,13,12,346.64261300000004,267.63392,226.751183,2800.0,6600.0,4200.0
9,13,13,409.938512,317.002044,268.155267,2800.0,6600.0,4200.0
9,13,14,410.32016100000004,317.05167700000004,268.404917,2800.0,6600.0,4200.0
9,13,15,274.28693400000003,211.047112,179.42077600000002,2800.0,6600.0,4200.0
9,13,16,222.807285,171.242598,145.746119,2800.0,6600.0,4200.0
9,13,17,89.395369,68.622141,58.47667,2800.0,6600.0,4200.0
9,13,18,1.999331,1.562502,1.307833,2800.0,6600.0,4200.0
9,13,19,0.0,0.0,0.0,2800.0,6600.0,4200.0
9,13,20,0.0,0.0,0.0,2800.0,6600.0,4200.0
9,13,21,0.0,0.0,0.0,2800.0,6600.0,4200.0
9,13,22,0.0,0.0,0.0,2800.0,6600.0,4200.0
9,13,23,0.0,0.0,0.0,2800.0,6600.0,4200.0
9,14,0,0.0,0.0,0.0,2800.0,5277.537873988738,4200.0
9,14,1,0.0,0.0,0.0,2800.0,3599.0492231594667,3482.9508611220645
9,14,2,0.0,0.0,0.0,2794.6277004301824,3410.766091076207,3300.741378460845
9,14,3,0.0,0.0,0.0,2800.0,3928.035620383037,3801.324793919068
9,14,4,0.0,0.0,0.0,2800.0,5195.505086201954,4200.0
9,14,5,0.0,0.0,0.0,2800.0,6600.0,4200.0
9,14,6,2.711321,2.097901,1.773571,2800.0,6600.0,4200.0
9,14,7,99.069812,75.843799,64.805065,2800.0,6600.0,4200.0
9,14,8,235.549752,180.73164000000003,154.081417,2645.8334855800563,3229.1668524795964,3125.000179818964
9,14,9,344.13696600000003,265.06218800000005,225.11214999999999,1676.4237403920558,2046.0289744942413,1980.0280398331363
9,14,10,424.275803,327.608025,277.533796,1251.4423799619176,1527.350936173994,1478.0815511361232
9,14,11,476.621691,368.65840299999996,311.77509100000003,835.542666361563,1019.7567975278918,986.8614169624758
9,14,12,495.77211700000004,383.878939,324.302061,575.0133429544752,701.7879382515248,679.149617662766
9,14,13,472.73420400000003,365.720076,309.232148,402.3068740231014,491.0044525478796,475.1655992398835
9,14,14,422.041968,326.023504,276.072566,445.37642374118406,543.569651022705,526.0351461510048
9,14,15,339.467491,261.712607,222.057682,769.610460224766,939.288356967234,908.9887325489362
9,14,16,223.46310699999998,171.867808,146.17511499999998,1193.2453053765432,1456.323010498931,1409.344848869933
9,14,17,87.298629,67.034363,57.105118000000004,2645.8334855800563,3229.1668524795964,3125.000179818964
9,14,18,1.2727819999999999,1.004729,0.832572,2800.0,6600.0,4200.0
9,14,19,0.0,0.0,0.0,2800.0,6600.0,4200.0
9,14,20,0.0,0.0,0.0,2800.0,6600.0,4200.0
9,14,21,0.0,0.0,0.0,2800.0,6600.0,4200.0
9,14,22,0.0,0.0,0.0,2800.0,6600.0,4200.0
9,14,23,0.0,0.0,0.0,2800.0,6600.0,4200.0
9,15,0,0.0,0.0,0.0,2800.0,6600.0,4200.0
9,15,1,0.0,0.0,0.0,2800.0,6600.0,4200.0
9,15,2,0.0,0.0,0.0,2800.0,6600.0,4200.0
9,15,3,0.0,0.0,0.0,2800.0,6600.0,4200.0
9,15,4,0.0,0.0,0.0,2800.0,6600.0,4200.0
9,15,5,0.0,0.0,0.0,2800.0,6600.0,4200.0
9,15,6,1.334636,1.042723,0.873032,2800.0,6600.0,4200.0
9,15,7,83.744143,64.086215,54.780004,2800.0,6600.0,4200.0
9,15,8,187.25854999999999,143.54555499999998,122.492435,2800.0,6600.0,4200.0
9,15,9,239.49939999999998,184.052732,156.665021,2800.0,6600.0,4200.0
9,15,10,238.60318900000001,183.43304,156.078778,2800.0,4798.06917736812,4200.0
9,15,11,366.772999,282.977986,239.91917999999998,2800.0,4644.951049827907,4200.0
9,15,12,413.789119,319.89858399999997,270.67408500000005,2800.0,4798.06917736812,4200.0
9,15,13,404.5345,312.59344,264.62031199999996,2800.0,4276.483153260508,4138.532083800491
9,15,14,188.797734,145.147038,123.49927000000001,2800.0,3472.7785151730586,3360.753401780379
9,15,15,334.765152,257.90145,218.98171599999998,2145.5095856044995,2618.5353210133653,2534.066439690353
9,15,16,221.992962,170.50727799999999,145.213441,1469.9890187508342,1794.0810858770024,1736.2075024616151
9,15,17,67.852356,52.065473,44.384624,2061.927887690667,2516.5261621421523,2435.347898847244
9,15,18,0.5772419999999999,0.466569,0.377595,2800.0,5787.929644089762,4200.0
9,15,19,0.0,0.0,0.0,2800.0,6600.0,4200.0
9,15,20,0.0,0.0,0.0,2800.0,6600.0,4200.0
9,15,21,0.0,0.0,0.0,2800.0,6600.0,4200.0
9,15,22,0.0,0.0,0.0,2800.0,6600.0,4200.0
9,15,23,0.0,0.0,0.0,2800.0,6600.0,4200.0
9,16,0,0.0,0.0,0.0,2800.0,6600.0,4200.0
9,16,1,0.0,0.0,0.0,2800.0,6600.0,4200.0
9,16,2,0.0,0.0,0.0,2800.0,6600.0,4200.0
9,16,3,0.0,0.0,0.0,2800.0,5614.303506012198,4200.0
9,16,4,0.0,0.0,0.0,2800.0,4569.628998473504,4200.0
9,16,5,0.0,0.0,0.0,2800.0,3663.3164546975977,3545.1449561589657
9,16,6,2.791436,2.149429,1.8259770000000002,2188.134369840437,2670.5576954745493,2584.4106730398867
9,16,7,108.699564,82.953446,71.104226,2597.435303258585,3170.098204764415,3067.83697235266
9,16,8,260.673918,199.302228,170.516022,2231.3199984618277,2723.264565051836,2635.417321017906
9,16,9,380.793582,291.905735,249.090538,1570.9465066065366,1917.296917511915,1855.44862985024
9,16,10,465.414738,357.931101,304.444227,2645.8334855800563,3229.1668524795964,3125.000179818964
9,16,11,515.012552,396.966173,336.88791,2800.0,5614.303506012198,4200.0
9,16,12,530.595633,409.217995,347.081354,2800.0,6600.0,4200.0
9,16,13,505.763021,390.08232,330.837465,2800.0,3996.150340809066,3867.242265299096
9,16,14,453.92904200000004,349.605927,296.93102799999997,1373.4523042863404,1676.2606863337226,1622.1877609681185
9,16,15,366.35765299999997,281.431727,239.64748699999998,1281.237390674447,1563.7149256262935,1513.2725086706066
9,16,16,244.49787400000002,187.34072700000002,159.934699,1373.4523042863404,1676.2606863337226,1622.1877609681185
9,16,17,94.727329,72.44869899999999,61.964493000000004,2800.0,3535.5380679260493,3421.48845283166
9,16,18,0.7155069999999999,0.563462,0.468039,2800.0,4276.483153260508,4138.532083800491
9,16,19,0.0,0.0,0.0,2188.134369840437,2670.5576954745493,2584.4106730398867
9,16,20,0.0,0.0,0.0,1437.3238044186396,1754.214092007001,1697.6265406519365
9,16,21,0.0,0.0,0.0,2061.927887690667,2516.5261621421523,2435.347898847244
9,16,22,0.0,0.0,0.0,2597.435303258585,3170.098204764415,3067.83697235266
9,16,23,0.0,0.0,0.0,2409.744269793466,2941.0264710077745,2846.1546493623623
9,17,0,0.0,0.0,0.0,1676.4237403920558,2046.0289744942413,1980.0280398331363
9,17,1,0.0,0.0,0.0,2364.2786071344885,2885.536882723194,2792.4550477966395
9,17,2,0.0,0.0,0.0,2800.0,4875.874201202505,4200.0
9,17,3,0.0,0.0,0.0,2800.0,6600.0,4200.0
9,17,4,0.0,0.0,0.0,2800.0,6600.0,4200.0
9,17,5,0.0,0.0,0.0,2800.0,6600.0,4200.0
9,17,6,2.340111,1.8039049999999999,1.530749,2800.0,6600.0,4200.0
9,17,7,105.392636,80.46615399999999,68.94104700000001,2800.0,4348.55720818164,4200.0
9,17,8,252.97917999999999,193.749932,165.482622,1251.4423799619176,1527.350936173994,1478.0815511361232
9,17,9,367.705354,282.72691399999997,240.529066,1222.1129067458091,1491.5551224063024,1443.4404410383572
9,17,10,367.699851,282.992032,240.525466,2800.0,3599.0492231594667,3482.9508611220645
9,17,11,384.10085300000003,296.172484,251.253941,2800.0,6600.0,4200.0
9,17,12,500.467881,388.338168,327.37372700000003,2800.0,6600.0,4200.0
9,17,13,477.055848,370.393706,312.059089,2800.0,6600.0,4200.0
9,17,14,427.175206,331.29654100000005,279.43039799999997,2800.0,6600.0,4200.0
9,17,15,346.642064,267.937068,226.750824,2800.0,6600.0,4200.0
9,17,16,235.046998,180.82815,153.752547,2800.0,6600.0,4200.0
9,17,17,90.916998,69.721962,59.472021,2800.0,6600.0,4200.0
9,17,18,-0.0,-0.0,-0.0,2800.0,6600.0,4200.0
9,17,19,0.0,0.0,0.0,2800.0,6600.0,4200.0
9,17,20,0.0,0.0,0.0,2800.0,6600.0,4200.0
9,17,21,0.0,0.0,0.0,2800.0,6600.0,4200.0
9,17,22,0.0,0.0,0.0,2800.0,6600.0,4200.0
9,17,23,0.0,0.0,0.0,2800.0,6600.0,4200.0
9,18,0,0.0,0.0,0.0,2800.0,6600.0,4200.0
9,18,1,0.0,0.0,0.0,2800.0,6600.0,4200.0
9,18,2,0.0,0.0,0.0,2800.0,6600.0,4200.0
9,18,3,0.0,0.0,0.0,2800.0,6600.0,4200.0
9,18,4,0.0,0.0,0.0,2800.0,6600.0,4200.0
9,18,5,0.0,0.0,0.0,2800.0,6600.0,4200.0
9,18,6,2.01185,1.550335,1.316022,2800.0,6600.0,4200.0
9,18,7,98.692931,75.349307,64.558534,2800.0,6600.0,4200.0
9,18,8,237.603522,181.88303299999998,155.42486,2800.0,6600.0,4200.0
9,18,9,348.21103000000005,267.551768,227.77714,2800.0,6600.0,4200.0
9,18,10,141.24303,108.291458,92.392057,2800.0,6600.0,4200.0
9,18,11,154.879725,118.829972,101.312302,2800.0,6600.0,4200.0
9,18,12,491.03614,379.855956,321.204092,2800.0,6600.0,4200.0
9,18,13,469.939113,363.08486800000003,307.40378100000004,2800.0,6600.0,4200.0
9,18,14,423.201473,326.14719,276.831039,2800.0,6600.0,4200.0
9,18,15,342.95051,263.54247100000003,224.336048,2800.0,6600.0,4200.0
9,18,16,114.066503,87.361779,74.614931,2800.0,6600.0,4200.0
9,18,17,86.269026,66.024653,56.431618,2800.0,6600.0,4200.0
9,18,18,-0.0,-0.0,-0.0,2800.0,6600.0,4200.0
9,18,19,0.0,0.0,0.0,2800.0,6600.0,4200.0
9,18,20,0.0,0.0,0.0,2800.0,6600.0,4200.0
9,18,21,0.0,0.0,0.0,2800.0,6600.0,4200.0
9,18,22,0.0,0.0,0.0,2800.0,5876.06920203001,4200.0
9,18,23,0.0,0.0,0.0,2800.0,3472.7785151730586,3360.753401780379
9,19,0,0.0,0.0,0.0,1311.5016045329749,1600.651564587489,1549.017643149183
9,19,1,0.0,0.0,0.0,312.8020973326286,381.76633926423176,369.45129606215977
9,19,2,0.0,0.0,0.0,3.563011389929472,4.34855720818164,4.208281169208038
9,19,3,0.0,0.0,0.0,96.20130752809575,117.41104462090426,113.62359156861704
9,19,4,0.0,0.0,0.0,953.6162939806846,1163.862406039418,1126.3184574575014
9,19,5,0.0,0.0,0.0,2800.0,4495.12565696385,4200.0
9,19,6,1.778109,1.367415,1.163124,2800.0,6600.0,4200.0
9,19,7,111.910806,85.35171799999999,73.204813,2800.0,6600.0,4200.0
9,19,8,268.059149,205.07199799999998,175.346962,2800.0,6600.0,4200.0
9,19,9,384.618783,295.48268099999996,251.59273800000003,2800.0,6600.0,4200.0
9,19,10,463.211598,357.108997,303.003076,2800.0,6600.0,4200.0
9,19,11,506.430494,391.61936599999996,331.274082,2800.0,6600.0,4200.0
9,19,12,518.5278030000001,401.424016,339.18736,2800.0,6600.0,4200.0
9,19,13,500.535864,387.120258,327.41819699999996,2800.0,6600.0,4200.0
9,19,14,446.391306,344.64624200000003,292.00032799999997,2800.0,6600.0,4200.0
9,19,15,362.946292,279.268561,237.415996,2800.0,6600.0,4200.0
9,19,16,239.586496,183.794274,156.721994,2800.0,5114.326798854228,4200.0
9,19,17,88.743016,67.933013,58.049943,2800.0,5114.326798854228,4200.0
9,19,18,-0.0,-0.0,-0.0,2800.0,5965.099051003621,4200.0
9,19,19,0.0,0.0,0.0,2800.0,6330.21083371745,4200.0
9,19,20,0.0,0.0,0.0,2800.0,6423.759245222193,4200.0
9,19,21,0.0,0.0,0.0,2800.0,5360.429636038867,4200.0
9,19,22,0.0,0.0,0.0,2409.744269793466,2941.0264710077745,2846.1546493623623
9,19,23,0.0,0.0,0.0,905.1368564268978,1104.694588552513,1069.0592792443674
9,20,0,0.0,0.0,0.0,592.796019999516,723.4912055112203,700.1527795269874
9,20,1,0.0,0.0,0.0,1281.237390674447,1563.7149256262935,1513.2725086706066
9,20,2,0.0,0.0,0.0,2800.0,3472.7785151730586,3360.753401780379
9,20,3,0.0,0.0,0.0,2800.0,6055.023664834879,4200.0
9,20,4,0.0,0.0,0.0,2800.0,6600.0,4200.0
9,20,5,0.0,0.0,0.0,2800.0,6600.0,4200.0
9,20,6,0.376065,0.298345,0.245998,2800.0,6600.0,4200.0
9,20,7,62.791348,47.986424,41.074040000000004,2800.0,6600.0,4200.0
9,20,8,256.311939,196.34997399999997,167.66269699999998,2800.0,6600.0,4200.0
9,20,9,369.47374099999996,284.305206,241.685831,2800.0,6600.0,4200.0
9,20,10,356.383055,274.35375400000004,233.12275,2800.0,6600.0,4200.0
9,20,11,358.24434,275.97226,234.340283,2800.0,6600.0,4200.0
9,20,12,380.818747,293.680917,249.107,2800.0,6600.0,4200.0
9,20,13,329.857489,253.97923,215.77144,2800.0,6600.0,4200.0
9,20,14,361.346341,278.405065,236.36941099999999,2800.0,6600.0,4200.0
9,20,15,311.460666,239.68093,203.73742800000002,2800.0,6600.0,4200.0
9,20,16,165.84501699999998,127.239809,108.485086,2800.0,6600.0,4200.0
9,20,17,49.573961000000004,38.011476,32.42808,2800.0,6600.0,4200.0
9,20,18,-0.0,-0.0,-0.0,2800.0,6600.0,4200.0
9,20,19,0.0,0.0,0.0,2800.0,6600.0,4200.0
9,20,20,0.0,0.0,0.0,2800.0,6600.0,4200.0
9,20,21,0.0,0.0,0.0,2800.0,6600.0,4200.0
9,20,22,0.0,0.0,0.0,2800.0,6600.0,4200.0
9,20,23,0.0,0.0,0.0,2800.0,6600.0,4200.0
9,21,0,0.0,0.0,0.0,2800.0,6600.0,4200.0
9,21,1,0.0,0.0,0.0,2800.0,6600.0,4200.0
9,21,2,0.0,0.0,0.0,2800.0,6600.0,4200.0
9,21,3,0.0,0.0,0.0,2800.0,6600.0,4200.0
9,21,4,0.0,0.0,0.0,2800.0,6600.0,4200.0
9,21,5,0.0,0.0,0.0,2800.0,6600.0,4200.0
9,21,6,-0.0,-0.0,-0.0,2800.0,6600.0,4200.0
9,21,7,13.371808999999999,10.289321,8.746973,2800.0,6600.0,4200.0
9,21,8,92.966943,71.17311199999999,60.812963,2800.0,5444.184846176627,4200.0
9,21,9,40.203208,30.84285,26.298339,2800.0,5965.099051003621,4200.0
9,21,10,21.705753,16.703492999999998,14.1985,2800.0,3928.035620383037,3801.324793919068
9,21,11,180.077448,138.14179199999998,117.795023,2800.0,4721.09628485135,4200.0
9,21,12,117.63902,90.236793,76.95183999999999,2800.0,5614.303506012198,4200.0
9,21,13,127.66172999999999,97.930514,83.508049,2800.0,5360.429636038867,4200.0
9,21,14,184.379179,141.494086,120.60893700000001,2800.0,4205.209912886971,4069.5579802131983
9,21,15,135.31300099999999,103.822192,88.51301600000001,2800.0,3535.5380679260493,3421.48845283166
9,21,16,31.70774,24.373432,20.741152999999997,2800.0,3928.035620383037,3801.324793919068
9,21,17,-0.0,-0.0,-0.0,2800.0,6600.0,4200.0
9,21,18,-0.0,-0.0,-0.0,2800.0,6600.0,4200.0
9,21,19,0.0,0.0,0.0,2800.0,6600.0,4200.0
9,21,20,0.0,0.0,0.0,2800.0,6600.0,4200.0
9,21,21,0.0,0.0,0.0,2800.0,6600.0,4200.0
9,21,22,0.0,0.0,0.0,2800.0,6600.0,4200.0
9,21,23,0.0,0.0,0.0,2800.0,6600.0,4200.0
9,22,0,0.0,0.0,0.0,2800.0,6600.0,4200.0
9,22,1,0.0,0.0,0.0,2800.0,6600.0,4200.0
9,22,2,0.0,0.0,0.0,2800.0,6600.0,4200.0
9,22,3,0.0,0.0,0.0,2800.0,6600.0,4200.0
9,22,4,0.0,0.0,0.0,2800.0,6600.0,4200.0
9,22,5,0.0,0.0,0.0,2800.0,6600.0,4200.0
9,22,6,-0.0,-0.0,-0.0,2800.0,6600.0,4200.0
9,22,7,18.59294,14.292064,12.162299,2800.0,6600.0,4200.0
9,22,8,66.80345799999999,51.243914,43.698502999999995,2800.0,6600.0,4200.0
9,22,9,81.812491,62.805772,53.516442000000005,2800.0,6600.0,4200.0
9,22,10,103.311836,79.333262,67.57992200000001,2800.0,6600.0,4200.0
9,22,11,164.245501,126.20622900000001,107.438786,2800.0,6600.0,4200.0
9,22,12,217.249633,167.03572599999998,142.11066200000002,2800.0,6600.0,4200.0
9,22,13,336.305385,259.359257,219.989237,2800.0,6600.0,4200.0
9,22,14,124.369663,95.546924,81.35459200000001,2800.0,6600.0,4200.0
9,22,15,233.51778,179.65001999999998,152.752232,2800.0,6600.0,4200.0
9,22,16,135.14389000000003,103.80927199999999,88.402394,2800.0,6600.0,4200.0
9,22,17,44.69629,34.357712,29.237423,2800.0,6600.0,4200.0
9,22,18,0.0,0.0,0.0,2800.0,6600.0,4200.0
9,22,19,0.0,0.0,0.0,2800.0,6600.0,4200.0
9,22,20,0.0,0.0,0.0,2800.0,6600.0,4200.0
9,22,21,0.0,0.0,0.0,2800.0,6600.0,4200.0
9,22,22,0.0,0.0,0.0,2800.0,6600.0,4200.0
9,22,23,0.0,0.0,0.0,2800.0,6600.0,4200.0
9,23,0,0.0,0.0,0.0,2800.0,6600.0,4200.0
9,23,1,0.0,0.0,0.0,2800.0,6600.0,4200.0
9,23,2,0.0,0.0,0.0,2800.0,6600.0,4200.0
9,23,3,0.0,0.0,0.0,2800.0,6600.0,4200.0
9,23,4,0.0,0.0,0.0,2800.0,6600.0,4200.0
9,23,5,0.0,0.0,0.0,2800.0,6600.0,4200.0
9,23,6,-0.0,-0.0,-0.0,2800.0,6600.0,4200.0
9,23,7,44.483416,34.107986,29.098174,2800.0,6600.0,4200.0
9,23,8,142.051199,108.907996,92.920709,2800.0,6600.0,4200.0
9,23,9,207.782994,159.46589799999998,135.918199,2800.0,6600.0,4200.0
9,23,10,270.171851,207.76158900000001,176.72895499999998,2800.0,6600.0,4200.0
9,23,11,257.960794,198.427479,168.741271,2800.0,6600.0,4200.0
9,23,12,182.917581,140.558819,119.652854,2800.0,6600.0,4200.0
9,23,13,278.149969,214.07063699999998,181.947724,2800.0,6600.0,4200.0
9,23,14,30.13933,23.213504,19.715201,2800.0,6600.0,4200.0
9,23,15,89.15662699999999,68.469337,58.32050099999999,2800.0,6600.0,4200.0
9,23,16,113.27493399999999,86.954791,74.097137,2800.0,6600.0,4200.0
9,23,17,38.694194,29.738017,25.31124,2800.0,6600.0,4200.0
9,23,18,0.0,0.0,0.0,2800.0,6600.0,4200.0
9,23,19,0.0,0.0,0.0,2800.0,6600.0,4200.0
9,23,20,0.0,0.0,0.0,2800.0,6600.0,4200.0
9,23,21,0.0,0.0,0.0,2800.0,6600.0,4200.0
9,23,22,0.0,0.0,0.0,2800.0,6600.0,4200.0
9,23,23,0.0,0.0,0.0,2800.0,6600.0,4200.0
9,24,0,0.0,0.0,0.0,2800.0,6600.0,4200.0
9,24,1,0.0,0.0,0.0,2800.0,6600.0,4200.0
9,24,2,0.0,0.0,0.0,2800.0,6600.0,4200.0
9,24,3,0.0,0.0,0.0,2800.0,6600.0,4200.0
9,24,4,0.0,0.0,0.0,2800.0,6600.0,4200.0
9,24,5,0.0,0.0,0.0,2800.0,6600.0,4200.0
9,24,6,-0.0,-0.0,-0.0,2800.0,6600.0,4200.0
9,24,7,23.930431000000002,18.334669,15.653739999999999,2800.0,6600.0,4200.0
9,24,8,178.340021,136.437997,116.65850999999999,2800.0,6600.0,4200.0
9,24,9,299.89443,230.07544000000001,196.17154399999998,2800.0,6600.0,4200.0
9,24,10,361.242928,277.854787,236.30176500000002,2800.0,6600.0,4200.0
9,24,11,305.42878,234.884636,199.79175800000002,2800.0,6600.0,4200.0
9,24,12,229.401346,176.071283,150.059527,2800.0,6600.0,4200.0
9,24,13,266.625653,204.754087,174.40926199999998,2800.0,6600.0,4200.0
9,24,14,154.349537,118.30680899999999,100.965487,2800.0,6600.0,4200.0
9,24,15,194.056428,148.82005900000001,126.939167,2800.0,6600.0,4200.0
9,24,16,88.3792,67.708818,57.811958,2800.0,6600.0,4200.0
9,24,17,20.820580999999997,15.979398,13.619477999999999,2800.0,6600.0,4200.0
9,24,18,0.0,0.0,0.0,2800.0,6600.0,4200.0
9,24,19,0.0,0.0,0.0,2800.0,6600.0,4200.0
9,24,20,0.0,0.0,0.0,2800.0,6600.0,4200.0
9,24,21,0.0,0.0,0.0,2800.0,6600.0,4200.0
9,24,22,0.0,0.0,0.0,2800.0,6600.0,4200.0
9,24,23,0.0,0.0,0.0,2800.0,6600.0,4200.0
9,25,0,0.0,0.0,0.0,2800.0,6600.0,4200.0
9,25,1,0.0,0.0,0.0,2800.0,6600.0,4200.0
9,25,2,0.0,0.0,0.0,2800.0,6600.0,4200.0
9,25,3,0.0,0.0,0.0,2800.0,6600.0,4200.0
9,25,4,0.0,0.0,0.0,2800.0,6600.0,4200.0
9,25,5,0.0,0.0,0.0,2800.0,6600.0,4200.0
9,25,6,-0.0,-0.0,-0.0,2800.0,6600.0,4200.0
9,25,7,80.778791,61.701800000000006,52.840262,2800.0,6600.0,4200.0
9,25,8,161.108371,123.202517,105.386679,2800.0,6600.0,4200.0
9,25,9,305.686436,234.376826,199.9603,2800.0,6600.0,4200.0
9,25,10,351.63356400000004,269.997086,230.01594,2800.0,6600.0,4200.0
9,25,11,390.120206,299.976178,255.191413,2800.0,6600.0,4200.0
9,25,12,394.769258,303.78233500000005,258.232522,2800.0,6600.0,4200.0
9,25,13,366.833822,282.13826400000005,239.95896599999998,2800.0,6600.0,4200.0
9,25,14,186.848569,143.22072500000002,122.22425199999999,2800.0,6600.0,4200.0
9,25,15,119.81736199999999,91.76313499999999,78.37677000000001,2800.0,6600.0,4200.0
9,25,16,204.494577,156.619104,133.76712899999998,2800.0,4954.515830178791,4200.0
9,25,17,58.238826,44.602811,38.096074,2800.0,5033.998538121269,4200.0
9,25,18,0.0,0.0,0.0,2800.0,6600.0,4200.0
9,25,19,0.0,0.0,0.0,2800.0,6600.0,4200.0
9,25,20,0.0,0.0,0.0,2800.0,6600.0,4200.0
9,25,21,0.0,0.0,0.0,2800.0,6600.0,4200.0
9,25,22,0.0,0.0,0.0,2800.0,6600.0,4200.0
9,25,23,0.0,0.0,0.0,2800.0,6600.0,4200.0
9,26,0,0.0,0.0,0.0,2800.0,6600.0,4200.0
9,26,1,0.0,0.0,0.0,2800.0,6600.0,4200.0
9,26,2,0.0,0.0,0.0,2800.0,6600.0,4200.0
9,26,3,0.0,0.0,0.0,2800.0,6600.0,4200.0
9,26,4,0.0,0.0,0.0,2800.0,6600.0,4200.0
9,26,5,0.0,0.0,0.0,2800.0,6600.0,4200.0
9,26,6,-0.0,-0.0,-0.0,2800.0,6600.0,4200.0
9,26,7,2.643379,2.048195,1.7291269999999999,2800.0,6600.0,4200.0
9,26,8,12.013089,9.236103,7.858186,2800.0,6600.0,4200.0
9,26,9,95.232664,72.907329,62.295051,2800.0,6600.0,4200.0
9,26,10,49.339843,37.805448,32.274935,2800.0,6600.0,4200.0
9,26,11,52.886916,40.520354,34.595201,2800.0,6600.0,4200.0
9,26,12,122.73747900000001,93.991379,80.286923,2800.0,6600.0,4200.0
9,26,13,79.354484,60.777542999999994,51.908572,2800.0,6600.0,4200.0
9,26,14,50.210305,38.499736,32.844335,2800.0,6600.0,4200.0
9,26,15,146.929391,112.666135,96.111707,2800.0,6600.0,4200.0
9,26,16,98.84031900000001,75.74391499999999,64.65494600000001,2800.0,6600.0,4200.0
9,26,17,50.954321,39.058475,33.331022,2800.0,6600.0,4200.0
9,26,18,0.0,0.0,0.0,2800.0,6600.0,4200.0
9,26,19,0.0,0.0,0.0,2800.0,6600.0,4200.0
9,26,20,0.0,0.0,0.0,2800.0,6600.0,4200.0
9,26,21,0.0,0.0,0.0,2800.0,6600.0,4200.0
9,26,22,0.0,0.0,0.0,2800.0,6600.0,4200.0
9,26,23,0.0,0.0,0.0,2800.0,6600.0,4200.0
9,27,0,0.0,0.0,0.0,2800.0,6600.0,4200.0
9,27,1,0.0,0.0,0.0,2800.0,6600.0,4200.0
9,27,2,0.0,0.0,0.0,2800.0,6600.0,4200.0
9,27,3,0.0,0.0,0.0,2800.0,6600.0,4200.0
9,27,4,0.0,0.0,0.0,2800.0,6600.0,4200.0
9,27,5,0.0,0.0,0.0,2800.0,6600.0,4200.0
9,27,6,-0.0,-0.0,-0.0,2800.0,6600.0,4200.0
9,27,7,21.230787,16.261562,13.887808000000001,2800.0,6600.0,4200.0
9,27,8,103.004446,78.76028,67.378848,2800.0,6600.0,4200.0
9,27,9,340.936863,261.684625,223.01885000000001,2800.0,6600.0,4200.0
9,27,10,284.947834,218.635453,186.394448,2800.0,6600.0,4200.0
9,27,11,479.319252,369.57270500000004,313.539661,2800.0,6600.0,4200.0
9,27,12,399.739957,307.681942,261.484032,2800.0,6600.0,4200.0
9,27,13,380.062419,292.36663500000003,248.612259,2800.0,6600.0,4200.0
9,27,14,415.651777,320.147544,271.892516,2800.0,6600.0,4200.0
9,27,15,180.156382,138.108719,117.846656,2800.0,6600.0,4200.0
9,27,16,200.645346,153.82639600000002,131.249211,2800.0,6600.0,4200.0
9,27,17,59.223474,45.366225,38.740167,2800.0,6600.0,4200.0
9,27,18,0.0,0.0,0.0,2800.0,6600.0,4200.0
9,27,19,0.0,0.0,0.0,2800.0,6600.0,4200.0
9,27,20,0.0,0.0,0.0,2800.0,6600.0,4200.0
9,27,21,0.0,0.0,0.0,2800.0,6600.0,4200.0
9,27,22,0.0,0.0,0.0,2800.0,6600.0,4200.0
9,27,23,0.0,0.0,0.0,2800.0,6600.0,4200.0
9,28,0,0.0,0.0,0.0,2800.0,6600.0,4200.0
9,28,1,0.0,0.0,0.0,2800.0,6600.0,4200.0
9,28,2,0.0,0.0,0.0,2800.0,6600.0,4200.0
9,28,3,0.0,0.0,0.0,2800.0,6600.0,4200.0
9,28,4,0.0,0.0,0.0,2800.0,6600.0,4200.0
9,28,5,0.0,0.0,0.0,2800.0,6600.0,4200.0
9,28,6,-0.0,-0.0,-0.0,2800.0,6600.0,4200.0
9,28,7,44.511924,33.966355,29.116823,2800.0,6600.0,4200.0
9,28,8,53.780048,41.042316,35.17943,2800.0,6600.0,4200.0
9,28,9,38.89139,29.716167000000002,25.440233,2800.0,6600.0,4200.0
9,28,10,113.977721,86.884185,74.556855,2800.0,6600.0,4200.0
9,28,11,15.784085999999999,12.082251,10.324928,2800.0,6600.0,4200.0
9,28,12,42.697875,32.618042,27.930189,2800.0,6600.0,4200.0
9,28,13,52.576192999999996,40.1669,34.391946000000004,2800.0,6600.0,4200.0
9,28,14,80.004371,61.074557999999996,52.333686,2800.0,6600.0,4200.0
9,28,15,54.755362999999996,41.829223,35.817417999999996,2800.0,6600.0,4200.0
9,28,16,3.307879,2.5498890000000003,2.163801,2800.0,6600.0,4200.0
9,28,17,21.392469000000002,16.36168,13.99357,2800.0,6600.0,4200.0
9,28,18,0.0,0.0,0.0,2800.0,6600.0,4200.0
9,28,19,0.0,0.0,0.0,2800.0,6600.0,4200.0
9,28,20,0.0,0.0,0.0,2800.0,6600.0,4200.0
9,28,21,0.0,0.0,0.0,2800.0,6600.0,4200.0
9,28,22,0.0,0.0,0.0,2800.0,6600.0,4200.0
9,28,23,0.0,0.0,0.0,2800.0,6600.0,4200.0
9,29,0,0.0,0.0,0.0,2800.0,6600.0,4200.0
9,29,1,0.0,0.0,0.0,2800.0,6600.0,4200.0
9,29,2,0.0,0.0,0.0,2800.0,6600.0,4200.0
9,29,3,0.0,0.0,0.0,2800.0,6600.0,4200.0
9,29,4,0.0,0.0,0.0,2800.0,6600.0,4200.0
9,29,5,0.0,0.0,0.0,2800.0,6600.0,4200.0
9,29,6,-0.0,-0.0,-0.0,2800.0,6600.0,4200.0
9,29,7,24.471049999999998,18.699811,16.007379,2800.0,6600.0,4200.0
9,29,8,107.734579,82.105538,70.472995,2800.0,6600.0,4200.0
9,29,9,50.364411999999994,38.444576,32.94514100000001,2800.0,6600.0,4200.0
9,29,10,154.083072,117.54068099999999,100.791182,2800.0,6600.0,4200.0
9,29,11,228.80554999999998,174.62981299999998,149.669796,2800.0,4205.209912886971,4069.5579802131983
9,29,12,66.483686,50.778969,43.489328,1940.6700324713545,2368.5342915988967,2292.129959611836
9,29,13,57.559387,43.974991,37.651629,953.6162939806846,1163.862406039418,1126.3184574575014
9,29,14,40.04183999999999,30.61518,26.192783,592.796019999516,723.4912055112203,700.1527795269874
9,29,15,94.65290300000001,72.26862200000001,61.915809,929.1658003530496,1134.0212523993912,1097.4399216768302
9,29,16,197.72084,150.93245800000003,129.336189,1136.8810555802274,1387.531996967994,1342.7729002916071
9,29,17,17.358234,13.285251,11.354634,2145.5095856044995,2618.5353210133653,2534.066439690353
9,29,18,0.0,0.0,0.0,2800.0,4348.55720818164,4200.0
9,29,19,0.0,0.0,0.0,2800.0,5195.505086201954,4200.0
9,29,20,0.0,0.0,0.0,2800.0,5965.099051003621,4200.0
9,29,21,0.0,0.0,0.0,2800.0,6600.0,4200.0
9,29,22,0.0,0.0,0.0,2800.0,6600.0,4200.0
9,29,23,0.0,0.0,0.0,2800.0,6600.0,4200.0
9,30,0,0.0,0.0,0.0,2800.0,6600.0,4200.0
9,30,1,0.0,0.0,0.0,2800.0,6600.0,4200.0
9,30,2,0.0,0.0,0.0,2800.0,6330.21083371745,4200.0
9,30,3,0.0,0.0,0.0,2800.0,6423.759245222193,4200.0
9,30,4,0.0,0.0,0.0,2800.0,6055.023664834879,4200.0
9,30,5,0.0,0.0,0.0,2800.0,4875.874201202505,4200.0
9,30,6,-0.0,-0.0,-0.0,2800.0,4569.628998473504,4200.0
9,30,7,23.256888,17.725472,15.213152000000001,2800.0,5787.929644089762,4200.0
9,30,8,58.925004,44.88197,38.544928,2800.0,3996.150340809066,3867.242265299096
9,30,9,144.869776,110.344272,94.76444000000001,2364.2786071344885,2885.536882723194,2792.4550477966395
9,30,10,207.001319,157.84225099999998,135.406878,2103.4419801044355,2567.192967843996,2484.3802914619314
9,30,11,339.13435999999996,259.295755,221.839769,2319.3884514592746,2830.7496848518704,2739.435178888906
9,30,12,537.887124,413.39093199999996,351.850976,1640.756359055384,2002.4979185321613,1937.9012114827367
9,30,13,512.774241,394.044803,335.423752,1082.3203053763452,1320.942104986878,1278.3310693421402
9,30,14,451.654738,346.527088,295.443325,1437.3238044186396,1754.214092007001,1697.6265406519365
9,30,15,356.99328,273.19233,233.52192000000002,2800.0,3599.0492231594667,3482.9508611220645
9,30,16,218.998562,167.158883,143.254698,2319.3884514592746,2830.7496848518704,2739.435178888906
9,30,17,60.800347,46.355501,39.771654999999996,2800.0,4495.12565696385,4200.0
9,30,18,0.0,0.0,0.0,2800.0,6055.023664834879,4200.0
9,30,19,0.0,0.0,0.0,2800.0,6145.847517348083,4200.0
9,30,20,0.0,0.0,0.0,2800.0,5528.8079782263085,4200.0
9,30,21,0.0,0.0,0.0,2800.0,4495.12565696385,4200.0
9,30,22,0.0,0.0,0.0,1786.5196926460033,2180.398050079768,2110.0626291094527
9,30,23,0.0,0.0,0.0,247.56819744046305,302.1501622304864,292.4033828036965
10,1,0,0.0,0.0,0.0,2.502416778661029,3.0541307141138545,2.9556103684972785
10,1,1,0.0,0.0,0.0,5.6579301238231885,6.905347788918065,6.682594634436836
10,1,2,0.0,0.0,0.0,26.194120943625872,31.96920272647252,30.93793812239276
10,1,3,0.0,0.0,0.0,76.36769954409877,93.20467267193158,90.19807032767572
10,1,4,0.0,0.0,0.0,160.15467383430587,195.4643657032867,189.15906358382583
10,1,5,0.0,0.0,0.0,402.3068740231014,491.0044525478796,475.1655992398835
10,1,6,0.0,0.0,0.0,1003.7965929387176,1225.1060779960724,1185.5865270929733
10,1,7,92.29852199999999,70.35149700000001,60.375724999999996,2597.435303258585,3170.098204764415,3067.83697235266
10,1,8,171.616918,130.913611,112.26069100000001,2800.0,6330.21083371745,4200.0
10,1,9,368.151048,281.806328,240.82061,2800.0,6600.0,4200.0
10,1,10,219.29003,167.5288,143.445358,2800.0,6600.0,4200.0
10,1,11,441.53641700000003,338.644601,288.824573,2800.0,6600.0,4200.0
10,1,12,447.57878999999997,343.337174,292.777103,2800.0,6600.0,4200.0
10,1,13,295.513239,226.04055499999998,193.305652,2800.0,4205.209912886971,4069.5579802131983
10,1,14,147.127617,112.34356100000001,96.241374,1901.3333359069868,2320.524937524275,2245.6692943783305
10,1,15,228.13550700000002,174.321004,149.231497,1193.2453053765432,1456.323010498931,1409.344848869933
10,1,16,144.898674,110.603553,94.78334299999999,648.3361095823518,791.2763542146813,765.7513105303368
10,1,17,27.829896,21.268552,18.204518,610.9415963527902,745.6373813754526,721.5845626214057
10,1,18,0.0,0.0,0.0,402.3068740231014,491.0044525478796,475.1655992398835
10,1,19,0.0,0.0,0.0,402.3068740231014,491.0044525478796,475.1655992398835
10,1,20,0.0,0.0,0.0,575.0133429544752,701.7879382515248,679.149617662766
10,1,21,0.0,0.0,0.0,881.5257965526516,1075.877940674496,1041.1722006527382
10,1,22,0.0,0.0,0.0,953.6162939806846,1163.862406039418,1126.3184574575014
10,1,23,0.0,0.0,0.0,707.2412654778989,863.1684736147585,835.3243293046049
10,2,0,0.0,0.0,0.0,523.8060511729734,639.2908498567786,618.6685643775277
10,2,1,0.0,0.0,0.0,336.8536460978451,411.1205916942204,397.8586371234391
10,2,2,0.0,0.0,0.0,160.15467383430587,195.4643657032867,189.15906358382583
10,2,3,0.0,0.0,0.0,48.57413350122129,59.283391281018105,57.3710238203401
10,2,4,0.0,0.0,0.0,14.900254593448198,18.18535009436591,17.59872589777346
10,2,5,0.0,0.0,0.0,21.955408148130225,26.795970574489644,25.93158442692546
10,2,6,0.0,0.0,0.0,21.955408148130225,26.795970574489644,25.93158442692546
10,2,7,95.13807000000001,72.33519100000001,62.233174,21.955408148130225,26.795970574489644,25.93158442692546
10,2,8,259.07101,197.257476,169.467503,268.18869820056244,327.31691512667066,316.7583049612942
10,2,9,385.7286,294.53874,252.31870800000002,1503.1454301264964,1834.5475722016292,1775.3686182596414
10,2,10,472.411007,361.74116100000003,309.020734,1901.3333359069868,2320.524937524275,2245.6692943783305
10,2,11,522.27214,400.690249,341.636663,1824.2618316438895,2226.4612905889994,2154.639958634516
10,2,12,533.566825,409.69444599999997,349.02491499999996,1342.23868718708,1638.1653268818693,1585.3212840792282
10,2,13,308.552918,235.89147599999998,201.835367,835.542666361563,1019.7567975278918,986.8614169624758
10,2,14,260.146415,198.74794599999998,170.170963,667.5923777577954,814.7780988382542,788.4949343596008
10,2,15,127.681961,97.418737,83.521283,791.1870845831577,965.6220323652713,934.4729345470366
10,2,16,54.994955000000004,41.977341,35.974144,1311.5016045329749,1600.651564587489,1549.017643149183
10,2,17,10.34568,7.918842,6.767475,2800.0,6055.023664834879,4200.0
10,2,18,0.0,0.0,0.0,2800.0,6600.0,4200.0
10,2,19,0.0,0.0,0.0,2800.0,6600.0,4200.0
10,2,20,0.0,0.0,0.0,2800.0,6600.0,4200.0
10,2,21,0.0,0.0,0.0,2800.0,6600.0,4200.0
10,2,22,0.0,0.0,0.0,2800.0,6600.0,4200.0
10,2,23,0.0,0.0,0.0,2800.0,6600.0,4200.0
10,3,0,0.0,0.0,0.0,2800.0,6600.0,4200.0
10,3,1,0.0,0.0,0.0,2800.0,6600.0,4200.0
10,3,2,0.0,0.0,0.0,2800.0,6600.0,4200.0
10,3,3,0.0,0.0,0.0,2800.0,6600.0,4200.0
10,3,4,0.0,0.0,0.0,2800.0,6600.0,4200.0
10,3,5,0.0,0.0,0.0,2800.0,6600.0,4200.0
10,3,6,0.0,0.0,0.0,2800.0,3860.699345383164,3736.160656822416
10,3,7,87.537761,66.636078,57.261542999999996,2800.0,4421.436551474658,4200.0
10,3,8,247.30177600000002,188.61626199999998,161.768831,2800.0,3794.137041985159,3671.7455245017663
10,3,9,372.867374,285.32743,243.905726,2800.0,6600.0,4200.0
10,3,10,453.301419,347.875222,296.520477,2800.0,6600.0,4200.0
10,3,11,435.288424,334.17665600000004,284.73753999999997,2800.0,6600.0,4200.0
10,3,12,409.271652,314.08543199999997,267.719051,2800.0,6600.0,4200.0
10,3,13,311.881881,238.829934,204.012959,2800.0,6600.0,4200.0
10,3,14,139.956423,106.870542,91.55044199999999,2800.0,6600.0,4200.0
10,3,15,97.14954300000001,74.18718799999999,63.548949,2800.0,6600.0,4200.0
10,3,16,34.47312,26.350299,22.550086,2800.0,6600.0,4200.0
10,3,17,10.098897999999998,7.737263,6.606046,2800.0,6600.0,4200.0
10,3,18,0.0,0.0,0.0,2800.0,6600.0,4200.0
10,3,19,0.0,0.0,0.0,2800.0,6600.0,4200.0
10,3,20,0.0,0.0,0.0,2800.0,6600.0,4200.0
10,3,21,0.0,0.0,0.0,2800.0,6600.0,4200.0
10,3,22,0.0,0.0,0.0,2800.0,6600.0,4200.0
10,3,23,0.0,0.0,0.0,2800.0,6600.0,4200.0
10,4,0,0.0,0.0,0.0,2800.0,6600.0,4200.0
10,4,1,0.0,0.0,0.0,2800.0,6600.0,4200.0
10,4,2,0.0,0.0,0.0,2800.0,6600.0,4200.0
10,4,3,0.0,0.0,0.0,2800.0,6600.0,4200.0
10,4,4,0.0,0.0,0.0,2800.0,6600.0,4200.0
10,4,5,0.0,0.0,0.0,2800.0,6600.0,4200.0
10,4,6,0.0,0.0,0.0,2800.0,6600.0,4200.0
10,4,7,14.352938,10.977482,9.388763999999998,2800.0,6600.0,4200.0
10,4,8,20.120905999999998,15.382192,13.161795,2800.0,6600.0,4200.0
10,4,9,54.621852,41.681442000000004,35.730083,2800.0,6600.0,4200.0
10,4,10,67.64318899999999,51.604879999999994,44.247800000000005,2800.0,6600.0,4200.0
10,4,11,68.48063,52.241536,44.7956,2800.0,6600.0,4200.0
10,4,12,144.613628,110.311408,94.596884,2800.0,6600.0,4200.0
10,4,13,163.983843,125.14415600000001,107.26762699999999,2800.0,6600.0,4200.0
10,4,14,75.37989200000001,57.535104,49.308651,2800.0,6600.0,4200.0
10,4,15,7.9941379999999995,6.135613,5.229247999999999,2800.0,6600.0,4200.0
10,4,16,64.908186,49.553773,42.458738,2800.0,6600.0,4200.0
10,4,17,26.217484,20.03266,17.149783,2800.0,6600.0,4200.0
10,4,18,0.0,0.0,0.0,2800.0,6600.0,4200.0
10,4,19,0.0,0.0,0.0,2800.0,6600.0,4200.0
10,4,20,0.0,0.0,0.0,2800.0,6600.0,4200.0
10,4,21,0.0,0.0,0.0,2800.0,6600.0,4200.0
10,4,22,0.0,0.0,0.0,2800.0,6600.0,4200.0
10,4,23,0.0,0.0,0.0,2800.0,6600.0,4200.0
10,5,0,0.0,0.0,0.0,2800.0,6600.0,4200.0
10,5,1,0.0,0.0,0.0,2800.0,6600.0,4200.0
10,5,2,0.0,0.0,0.0,2800.0,6600.0,4200.0
10,5,3,0.0,0.0,0.0,2800.0,6600.0,4200.0
10,5,4,0.0,0.0,0.0,2800.0,6600.0,4200.0
10,5,5,0.0,0.0,0.0,2800.0,6600.0,4200.0
10,5,6,0.0,0.0,0.0,2800.0,6600.0,4200.0
10,5,7,87.264726,66.421667,57.082941,2800.0,6600.0,4200.0
10,5,8,243.436735,185.761824,159.240571,2800.0,6600.0,4200.0
10,5,9,362.002348,277.50975400000004,236.798528,2800.0,6600.0,4200.0
10,5,10,442.717895,340.6329,289.59742,2800.0,6600.0,4200.0
10,5,11,492.372664,379.381734,322.078359,2800.0,6600.0,4200.0
10,5,12,507.957948,391.351345,332.27324400000003,2800.0,6600.0,4200.0
10,5,13,486.858695,374.668957,318.471477,2800.0,6600.0,4200.0
10,5,14,428.94241600000004,329.400065,280.586392,2800.0,6600.0,4200.0
10,5,15,334.142274,255.956536,218.574269,2800.0,6600.0,4200.0
10,5,16,200.085821,152.902858,130.883206,2800.0,6600.0,4200.0
10,5,17,46.57302,35.567769999999996,30.465058000000003,2800.0,6600.0,4200.0
10,5,18,0.0,0.0,0.0,2800.0,6600.0,4200.0
10,5,19,0.0,0.0,0.0,2800.0,6600.0,4200.0
10,5,20,0.0,0.0,0.0,2800.0,6600.0,4200.0
10,5,21,0.0,0.0,0.0,2800.0,6600.0,4200.0
10,5,22,0.0,0.0,0.0,2800.0,6600.0,4200.0
10,5,23,0.0,0.0,0.0,2800.0,6600.0,4200.0
10,6,0,0.0,0.0,0.0,2800.0,6600.0,4200.0
10,6,1,0.0,0.0,0.0,2800.0,6600.0,4200.0
10,6,2,0.0,0.0,0.0,2800.0,6600.0,4200.0
10,6,3,0.0,0.0,0.0,2800.0,6600.0,4200.0
10,6,4,0.0,0.0,0.0,2800.0,6600.0,4200.0
10,6,5,0.0,0.0,0.0,2800.0,6600.0,4200.0
10,6,6,0.0,0.0,0.0,2800.0,6600.0,4200.0
10,6,7,53.143136,40.503105000000005,34.762803,2800.0,6600.0,4200.0
10,6,8,171.686039,130.893522,112.305905,2800.0,6600.0,4200.0
10,6,9,172.22698,131.46420999999998,112.659754,2800.0,6600.0,4200.0
10,6,10,399.227005,305.95205300000003,261.148492,2800.0,6600.0,4200.0
10,6,11,444.057429,340.931527,290.473657,2800.0,6600.0,4200.0
10,6,12,417.858793,320.904737,273.33620299999995,2800.0,6600.0,4200.0
10,6,13,315.270729,241.836802,206.229725,2800.0,6600.0,4200.0
10,6,14,273.173625,209.510377,178.692522,2800.0,6600.0,4200.0
10,6,15,300.695073,230.776636,196.695273,2800.0,6600.0,4200.0
10,6,16,147.028213,112.61222000000001,96.17635,2800.0,6600.0,4200.0
10,6,17,36.520036999999995,27.984818999999998,23.889046999999998,2800.0,6600.0,4200.0
10,6,18,0.0,0.0,0.0,2800.0,6600.0,4200.0
10,6,19,0.0,0.0,0.0,2800.0,6600.0,4200.0
10,6,20,0.0,0.0,0.0,2800.0,6600.0,4200.0
10,6,21,0.0,0.0,0.0,2800.0,6600.0,4200.0
10,6,22,0.0,0.0,0.0,2800.0,6600.0,4200.0
10,6,23,0.0,0.0,0.0,2800.0,6600.0,4200.0
10,7,0,0.0,0.0,0.0,2800.0,6600.0,4200.0
10,7,1,0.0,0.0,0.0,2800.0,6600.0,4200.0
10,7,2,0.0,0.0,0.0,2800.0,6600.0,4200.0
10,7,3,0.0,0.0,0.0,2800.0,6600.0,4200.0
10,7,4,0.0,0.0,0.0,2800.0,6600.0,4200.0
10,7,5,0.0,0.0,0.0,2800.0,6600.0,4200.0
10,7,6,0.0,0.0,0.0,2800.0,6600.0,4200.0
10,7,7,11.360190000000001,8.716925,7.431102,2800.0,6600.0,4200.0
10,7,8,78.840864,60.263708,51.572595,2800.0,6600.0,4200.0
10,7,9,321.7484,246.420242,210.466998,2800.0,6600.0,4200.0
10,7,10,449.261638,344.883661,293.877914,2800.0,6600.0,4200.0
10,7,11,479.341573,368.30121,313.554262,2800.0,6600.0,4200.0
10,7,12,479.894766,368.83199099999996,313.916125,2800.0,6600.0,4200.0
10,7,13,487.44147399999997,374.76442599999996,318.85269400000004,2800.0,6600.0,4200.0
10,7,14,424.53280099999995,326.046628,277.701907,2800.0,6600.0,4200.0
10,7,15,326.166109,250.05337400000002,213.356778,2800.0,6600.0,4200.0
10,7,16,189.79138500000002,145.219593,124.14925199999999,2800.0,6600.0,4200.0
10,7,17,38.96529,29.829152999999998,25.488573,2800.0,6600.0,4200.0
10,7,18,0.0,0.0,0.0,2800.0,6600.0,4200.0
10,7,19,0.0,0.0,0.0,2800.0,6600.0,4200.0
10,7,20,0.0,0.0,0.0,2800.0,6600.0,4200.0
10,7,21,0.0,0.0,0.0,2800.0,6600.0,4200.0
10,7,22,0.0,0.0,0.0,2800.0,6600.0,4200.0
10,7,23,0.0,0.0,0.0,2800.0,6600.0,4200.0
10,8,0,0.0,0.0,0.0,2800.0,6600.0,4200.0
10,8,1,0.0,0.0,0.0,2800.0,6600.0,4200.0
10,8,2,0.0,0.0,0.0,2800.0,6600.0,4200.0
10,8,3,0.0,0.0,0.0,2800.0,6600.0,4200.0
10,8,4,0.0,0.0,0.0,2800.0,6600.0,4200.0
10,8,5,0.0,0.0,0.0,2800.0,6600.0,4200.0
10,8,6,0.0,0.0,0.0,2800.0,6600.0,4200.0
10,8,7,82.977619,63.249164,54.278593,2800.0,6600.0,4200.0
10,8,8,237.476258,181.433316,155.341612,2800.0,6600.0,4200.0
10,8,9,357.139564,273.783346,233.61760999999998,2800.0,6600.0,4200.0
10,8,10,439.835913,338.134636,287.71221399999996,2800.0,6600.0,4200.0
10,8,11,486.787149,374.94592700000004,318.424676,2800.0,6600.0,4200.0
10,8,12,409.235217,314.681711,267.695217,2800.0,6600.0,4200.0
10,8,13,347.16367599999995,266.642376,227.092029,2800.0,6600.0,4200.0
10,8,14,337.171303,258.930394,220.55566399999998,2800.0,6600.0,4200.0
10,8,15,279.026514,214.014422,182.521103,2800.0,6600.0,4200.0
10,8,16,184.245535,141.096732,120.521515,2800.0,6600.0,4200.0
10,8,17,35.554953000000005,27.218525000000003,23.257751,2800.0,6600.0,4200.0
10,8,18,0.0,0.0,0.0,2800.0,6600.0,4200.0
10,8,19,0.0,0.0,0.0,2800.0,6600.0,4200.0
10,8,20,0.0,0.0,0.0,2800.0,6600.0,4200.0
10,8,21,0.0,0.0,0.0,2800.0,6600.0,4200.0
10,8,22,0.0,0.0,0.0,2800.0,6600.0,4200.0
10,8,23,0.0,0.0,0.0,2800.0,6600.0,4200.0
10,9,0,0.0,0.0,0.0,2800.0,6600.0,4200.0
10,9,1,0.0,0.0,0.0,2800.0,6600.0,4200.0
10,9,2,0.0,0.0,0.0,2800.0,6600.0,4200.0
10,9,3,0.0,0.0,0.0,2800.0,6600.0,4200.0
10,9,4,0.0,0.0,0.0,2800.0,6600.0,4200.0
10,9,5,0.0,0.0,0.0,2800.0,6600.0,4200.0
10,9,6,0.0,0.0,0.0,2800.0,6600.0,4200.0
10,9,7,65.965557,50.327346,43.150402,2800.0,6600.0,4200.0
10,9,8,206.777785,157.990976,135.26065599999998,2800.0,6600.0,4200.0
10,9,9,324.53373700000003,248.647592,212.288986,2800.0,6600.0,4200.0
10,9,10,407.492094,313.04086,266.554979,2800.0,6600.0,4200.0
10,9,11,457.618311,352.235913,299.344309,2800.0,6600.0,4200.0
10,9,12,472.956723,364.477239,309.377706,2800.0,6600.0,4200.0
10,9,13,452.333848,348.604084,295.887554,2800.0,6600.0,4200.0
10,9,14,392.20851799999997,301.96818,256.557452,2800.0,6600.0,4200.0
10,9,15,294.975484,226.695805,192.953888,2800.0,6600.0,4200.0
10,9,16,161.92641,124.18644400000001,105.921787,2800.0,6600.0,4200.0
10,9,17,23.512857,18.076781999999998,15.380591,2800.0,6600.0,4200.0
10,9,18,0.0,0.0,0.0,2800.0,6600.0,4200.0
10,9,19,0.0,0.0,0.0,2800.0,6600.0,4200.0
10,9,20,0.0,0.0,0.0,2800.0,6600.0,4200.0
10,9,21,0.0,0.0,0.0,2800.0,6600.0,4200.0
10,9,22,0.0,0.0,0.0,2800.0,6600.0,4200.0
10,9,23,0.0,0.0,0.0,2800.0,6600.0,4200.0
10,10,0,0.0,0.0,0.0,2800.0,6600.0,4200.0
10,10,1,0.0,0.0,0.0,2800.0,6600.0,4200.0
10,10,2,0.0,0.0,0.0,2800.0,6600.0,4200.0
10,10,3,0.0,0.0,0.0,2800.0,6600.0,4200.0
10,10,4,0.0,0.0,0.0,2800.0,6600.0,4200.0
10,10,5,0.0,0.0,0.0,2800.0,6600.0,4200.0
10,10,6,0.0,0.0,0.0,2800.0,6600.0,4200.0
10,10,7,54.939163,42.024482000000006,35.937648,2800.0,6600.0,4200.0
10,10,8,181.54756700000002,138.86560500000002,118.756679,2800.0,6600.0,4200.0
10,10,9,296.243932,227.094731,193.783625,2800.0,6600.0,4200.0
10,10,10,340.06156699999997,261.137089,222.44628899999998,2800.0,6600.0,4200.0
10,10,11,205.968237,158.026709,134.731103,2800.0,6600.0,4200.0
10,10,12,384.560276,295.994952,251.554466,2800.0,6600.0,4200.0
10,10,13,107.928665,82.849215,70.599954,2800.0,6600.0,4200.0
10,10,14,108.894906,83.582943,71.232006,2800.0,6600.0,4200.0
10,10,15,104.615716,80.274372,68.432837,2800.0,6600.0,4200.0
10,10,16,125.556827,96.270499,82.131157,2800.0,6600.0,4200.0
10,10,17,18.25788,14.035174999999999,11.943124,2800.0,6600.0,4200.0
10,10,18,0.0,0.0,0.0,2800.0,6600.0,4200.0
10,10,19,0.0,0.0,0.0,2800.0,6600.0,4200.0
10,10,20,0.0,0.0,0.0,2800.0,6600.0,4200.0
10,10,21,0.0,0.0,0.0,2800.0,6600.0,4200.0
10,10,22,0.0,0.0,0.0,2800.0,6600.0,4200.0
10,10,23,0.0,0.0,0.0,2800.0,6600.0,4200.0
10,11,0,0.0,0.0,0.0,2800.0,6600.0,4200.0
10,11,1,0.0,0.0,0.0,2800.0,6600.0,4200.0
10,11,2,0.0,0.0,0.0,2800.0,6600.0,4200.0
10,11,3,0.0,0.0,0.0,2800.0,6600.0,4200.0
10,11,4,0.0,0.0,0.0,2800.0,6600.0,4200.0
10,11,5,0.0,0.0,0.0,2800.0,6237.575082367505,4200.0
10,11,6,0.0,0.0,0.0,2800.0,4644.951049827907,4200.0
10,11,7,72.126838,54.974487,47.180713000000004,2800.0,6600.0,4200.0
10,11,8,224.252628,171.10331200000002,146.691569,2800.0,6600.0,4200.0
10,11,9,335.49289600000003,256.667141,219.45775899999998,2800.0,6600.0,4200.0
10,11,10,430.37784999999997,330.296711,281.525361,2800.0,6600.0,4200.0
10,11,11,475.789123,365.93542599999995,311.230479,2800.0,6600.0,4200.0
10,11,12,484.65009299999997,373.171164,317.02675300000004,2800.0,6600.0,4200.0
10,11,13,427.628697,328.940028,279.72704200000004,2800.0,6600.0,4200.0
10,11,14,393.37369,302.383392,257.319632,2800.0,6600.0,4200.0
10,11,15,295.817095,226.887927,193.504416,2800.0,6600.0,4200.0
10,11,16,158.673157,121.434737,103.793719,1503.1454301264964,1834.5475722016292,1775.3686182596414
10,11,17,19.483825,14.941014,12.745058,2645.8334855800563,3229.1668524795964,3125.000179818964
10,11,18,0.0,0.0,0.0,2800.0,3728.344236364732,3608.075067449741
10,11,19,0.0,0.0,0.0,2800.0,5528.8079782263085,4200.0
10,11,20,0.0,0.0,0.0,2800.0,6600.0,4200.0
10,11,21,0.0,0.0,0.0,2800.0,6600.0,4200.0
10,11,22,0.0,0.0,0.0,2800.0,6600.0,4200.0
10,11,23,0.0,0.0,0.0,2800.0,6600.0,4200.0
10,12,0,0.0,0.0,0.0,2800.0,6600.0,4200.0
10,12,1,0.0,0.0,0.0,2800.0,3860.699345383164,3736.160656822416
10,12,2,0.0,0.0,0.0,2645.8334855800563,3229.1668524795964,3125.000179818964
10,12,3,0.0,0.0,0.0,2800.0,6600.0,4200.0
10,12,4,0.0,0.0,0.0,2800.0,6600.0,4200.0
10,12,5,0.0,0.0,0.0,2800.0,6600.0,4200.0
10,12,6,0.0,0.0,0.0,2800.0,6600.0,4200.0
10,12,7,65.017533,49.688408,42.530266000000005,2800.0,6600.0,4200.0
10,12,8,51.374997,39.307634,33.606201,2800.0,6600.0,4200.0
10,12,9,140.555486,107.509699,91.94230999999999,2800.0,6600.0,4200.0
10,12,10,58.590447,44.892235,38.326082,2800.0,6600.0,4200.0
10,12,11,100.61541700000001,77.067116,65.8161,2800.0,6600.0,4200.0
10,12,12,166.53147099999998,127.58802,108.93412,2800.0,6600.0,4200.0
10,12,13,161.717396,123.916391,105.785064,2800.0,6600.0,4200.0
10,12,14,51.031602,39.154696,33.381574,2800.0,6600.0,4200.0
10,12,15,19.571817,15.059198,12.802617,2800.0,6600.0,4200.0
10,12,16,104.583861,80.123404,68.412,2800.0,6600.0,4200.0
10,12,17,12.884868,9.921505999999999,8.428447,2800.0,6600.0,4200.0
10,12,18,0.0,0.0,0.0,2800.0,6600.0,4200.0
10,12,19,0.0,0.0,0.0,2800.0,6600.0,4200.0
10,12,20,0.0,0.0,0.0,2800.0,6600.0,4200.0
10,12,21,0.0,0.0,0.0,2800.0,6600.0,4200.0
10,12,22,0.0,0.0,0.0,2800.0,6600.0,4200.0
10,12,23,0.0,0.0,0.0,2800.0,6600.0,4200.0
10,13,0,0.0,0.0,0.0,2800.0,6600.0,4200.0
10,13,1,0.0,0.0,0.0,2800.0,6600.0,4200.0
10,13,2,0.0,0.0,0.0,2800.0,6600.0,4200.0
10,13,3,0.0,0.0,0.0,2800.0,6600.0,4200.0
10,13,4,0.0,0.0,0.0,2800.0,6600.0,4200.0
10,13,5,0.0,0.0,0.0,2800.0,6600.0,4200.0
10,13,6,0.0,0.0,0.0,2800.0,6600.0,4200.0
10,13,7,77.876823,59.33903,50.941982,2800.0,6600.0,4200.0
10,13,8,235.823866,180.10838,154.26072399999998,2800.0,6600.0,4200.0
10,13,9,356.70417599999996,273.58144699999997,233.332807,2800.0,6600.0,4200.0
10,13,10,436.366343,335.780488,285.442646,2800.0,6600.0,4200.0
10,13,11,476.65763699999997,367.380719,311.798605,2800.0,6600.0,4200.0
10,13,12,398.08810700000004,306.10965999999996,260.403499,2800.0,6600.0,4200.0
10,13,13,443.651545,341.438325,290.208153,2800.0,6600.0,4200.0
10,13,14,362.72698599999995,278.528441,237.27254000000002,2800.0,6600.0,4200.0
10,13,15,274.21274900000003,210.21692800000002,179.372249,2800.0,6600.0,4200.0
10,13,16,136.80324299999998,104.664437,89.487836,2800.0,6600.0,4200.0
10,13,17,8.634577,6.636761000000001,5.648181999999999,2800.0,6600.0,4200.0
10,13,18,0.0,0.0,0.0,2800.0,6600.0,4200.0
10,13,19,0.0,0.0,0.0,2800.0,6600.0,4200.0
10,13,20,0.0,0.0,0.0,2800.0,6600.0,4200.0
10,13,21,0.0,0.0,0.0,2800.0,6600.0,4200.0
10,13,22,0.0,0.0,0.0,2800.0,6600.0,4200.0
10,13,23,0.0,0.0,0.0,2800.0,6600.0,4200.0
10,14,0,0.0,0.0,0.0,2800.0,6600.0,4200.0
10,14,1,0.0,0.0,0.0,2800.0,6600.0,4200.0
10,14,2,0.0,0.0,0.0,2800.0,6600.0,4200.0
10,14,3,0.0,0.0,0.0,2800.0,6600.0,4200.0
10,14,4,0.0,0.0,0.0,2800.0,6600.0,4200.0
10,14,5,0.0,0.0,0.0,2800.0,6600.0,4200.0
10,14,6,0.0,0.0,0.0,2800.0,6600.0,4200.0
10,14,7,38.217134,29.143528999999997,24.999178,2800.0,6600.0,4200.0
10,14,8,127.101659,96.927028,83.141687,2800.0,6600.0,4200.0
10,14,9,165.17137100000002,126.092575,108.044431,2800.0,6600.0,4200.0
10,14,10,221.792091,169.52769,145.082044,2800.0,6600.0,4200.0
10,14,11,184.698228,141.13195100000002,120.817638,2800.0,6600.0,4200.0
10,14,12,87.426297,66.790842,57.188629999999996,2800.0,6600.0,4200.0
10,14,13,88.324892,67.475024,57.776433,2800.0,6600.0,4200.0
10,14,14,190.567228,145.586329,124.656758,2800.0,6600.0,4200.0
10,14,15,60.124156,45.948741,39.329335,2800.0,6600.0,4200.0
10,14,16,24.052624,18.420503,15.733672,2800.0,6600.0,4200.0
10,14,17,1.9426569999999999,1.506364,1.270761,2800.0,6600.0,4200.0
10,14,18,0.0,0.0,0.0,2800.0,6600.0,4200.0
10,14,19,0.0,0.0,0.0,2800.0,6600.0,4200.0
10,14,20,0.0,0.0,0.0,2800.0,6600.0,4200.0
10,14,21,0.0,0.0,0.0,2800.0,6600.0,4200.0
10,14,22,0.0,0.0,0.0,2800.0,6600.0,4200.0
10,14,23,0.0,0.0,0.0,2800.0,6600.0,4200.0
10,15,0,0.0,0.0,0.0,2800.0,6600.0,4200.0
10,15,1,0.0,0.0,0.0,2800.0,6600.0,4200.0
10,15,2,0.0,0.0,0.0,2800.0,6600.0,4200.0
10,15,3,0.0,0.0,0.0,2800.0,6600.0,4200.0
10,15,4,0.0,0.0,0.0,2800.0,6600.0,4200.0
10,15,5,0.0,0.0,0.0,2800.0,6600.0,4200.0
10,15,6,0.0,0.0,0.0,2800.0,6600.0,4200.0
10,15,7,5.545027,4.261932,3.627198,2800.0,6600.0,4200.0
10,15,8,11.767002,9.019304,7.697212,2800.0,6600.0,4200.0
10,15,9,3.2942289999999996,2.537897,2.1548719999999997,2800.0,6600.0,4200.0
10,15,10,6.374419,4.894531,4.169733,2800.0,6600.0,4200.0
10,15,11,21.274071,16.270169,13.916122,2800.0,6600.0,4200.0
10,15,12,22.327642,17.074092,14.6053,2800.0,6600.0,4200.0
10,15,13,28.354202,21.671386,18.547486,2800.0,6600.0,4200.0
10,15,14,18.178871,13.908807000000001,11.891442,2800.0,6600.0,4200.0
10,15,15,14.01852,10.730938,9.170009,2800.0,6600.0,4200.0
10,15,16,16.74982,12.811134,10.956648999999999,2800.0,6600.0,4200.0
10,15,17,1.6931910000000001,1.306084,1.1075760000000001,2800.0,6600.0,4200.0
10,15,18,0.0,0.0,0.0,2800.0,6600.0,4200.0
10,15,19,0.0,0.0,0.0,2800.0,6600.0,4200.0
10,15,20,0.0,0.0,0.0,2800.0,6600.0,4200.0
10,15,21,0.0,0.0,0.0,2800.0,6600.0,4200.0
10,15,22,0.0,0.0,0.0,2800.0,6600.0,4200.0
10,15,23,0.0,0.0,0.0,2800.0,6600.0,4200.0
10,16,0,0.0,0.0,0.0,2800.0,6600.0,4200.0
10,16,1,0.0,0.0,0.0,2800.0,6600.0,4200.0
10,16,2,0.0,0.0,0.0,2800.0,6600.0,4200.0
10,16,3,0.0,0.0,0.0,2800.0,6600.0,4200.0
10,16,4,0.0,0.0,0.0,2800.0,6600.0,4200.0
10,16,5,0.0,0.0,0.0,2800.0,6600.0,4200.0
10,16,6,0.0,0.0,0.0,2800.0,6600.0,4200.0
10,16,7,74.047054,56.269683,48.436795,2800.0,6600.0,4200.0
10,16,8,236.849027,180.338174,154.931319,2800.0,6600.0,4200.0
10,16,9,365.921719,279.431757,239.36232800000002,2800.0,6600.0,4200.0
10,16,10,450.70570000000004,344.94568300000003,294.82252600000004,2800.0,6600.0,4200.0
10,16,11,501.595928,384.47520199999997,328.11162199999995,2800.0,6600.0,4200.0
10,16,12,372.06971000000004,284.504778,243.383946,2800.0,6600.0,4200.0
10,16,13,391.80132000000003,299.675607,256.291089,2800.0,6600.0,4200.0
10,16,14,351.06912,268.34688,229.646718,2800.0,6600.0,4200.0
10,16,15,233.027948,177.83342000000002,152.431816,2800.0,6600.0,4200.0
10,16,16,72.88558599999999,55.579485999999996,47.677038,2800.0,6600.0,4200.0
10,16,17,6.810128,5.213578,4.454745,2800.0,6600.0,4200.0
10,16,18,0.0,0.0,0.0,2800.0,6600.0,4200.0
10,16,19,0.0,0.0,0.0,2800.0,6600.0,4200.0
10,16,20,0.0,0.0,0.0,2800.0,6600.0,4200.0
10,16,21,0.0,0.0,0.0,2800.0,6600.0,4200.0
10,16,22,0.0,0.0,0.0,2800.0,6600.0,4200.0
10,16,23,0.0,0.0,0.0,2800.0,6600.0,4200.0
10,17,0,0.0,0.0,0.0,2800.0,6600.0,4200.0
10,17,1,0.0,0.0,0.0,2800.0,6600.0,4200.0
10,17,2,0.0,0.0,0.0,2800.0,6600.0,4200.0
10,17,3,0.0,0.0,0.0,2800.0,6600.0,4200.0
10,17,4,0.0,0.0,0.0,2800.0,6600.0,4200.0
10,17,5,0.0,0.0,0.0,2800.0,6600.0,4200.0
10,17,6,0.0,0.0,0.0,2800.0,6600.0,4200.0
10,17,7,66.32244800000001,50.410154000000006,43.383857000000006,2800.0,6600.0,4200.0
10,17,8,225.458771,171.611232,147.480549,2800.0,4348.55720818164,4200.0
10,17,9,354.750854,270.891863,232.05507,2800.0,6600.0,4200.0
10,17,10,435.14218800000003,333.235928,284.64188299999995,2800.0,6600.0,4200.0
10,17,11,457.618209,351.020337,299.344242,2800.0,6600.0,4200.0
10,17,12,408.37815,313.03204,267.13457900000003,2800.0,6600.0,4200.0
10,17,13,452.46874099999997,347.174811,295.975793,2800.0,6600.0,4200.0
10,17,14,236.162927,180.419144,154.482516,2800.0,6600.0,4200.0
10,17,15,37.727038,28.829019,24.678589,2800.0,6600.0,4200.0
10,17,16,32.456472000000005,24.7956,21.230925,2800.0,3794.137041985159,3671.7455245017663
10,17,17,1.08677,0.842881,0.7108949999999999,2645.8334855800563,3229.1668524795964,3125.000179818964
10,17,18,0.0,0.0,0.0,1437.3238044186396,1754.214092007001,1697.6265406519365
10,17,19,0.0,0.0,0.0,1164.8359102045422,1421.650126627591,1375.790445123475
10,17,20,0.0,0.0,0.0,2319.3884514592746,2830.7496848518704,2739.435178888906
10,17,21,0.0,0.0,0.0,2800.0,6600.0,4200.0
10,17,22,0.0,0.0,0.0,2800.0,6600.0,4200.0
10,17,23,0.0,0.0,0.0,2800.0,6600.0,4200.0
10,18,0,0.0,0.0,0.0,2800.0,6600.0,4200.0
10,18,1,0.0,0.0,0.0,2800.0,6600.0,4200.0
10,18,2,0.0,0.0,0.0,2800.0,6600.0,4200.0
10,18,3,0.0,0.0,0.0,2800.0,6600.0,4200.0
10,18,4,0.0,0.0,0.0,2800.0,6600.0,4200.0
10,18,5,0.0,0.0,0.0,2800.0,6600.0,4200.0
10,18,6,0.0,0.0,0.0,2800.0,6600.0,4200.0
10,18,7,7.572018,5.798145000000001,4.953125,2800.0,6600.0,4200.0
10,18,8,19.180549,14.650624,12.546674999999999,2800.0,6600.0,4200.0
10,18,9,43.098499000000004,32.877644999999994,28.192251,2800.0,6600.0,4200.0
10,18,10,46.770377,35.708892,30.594155999999998,2800.0,6600.0,4200.0
10,18,11,163.280215,124.604027,106.80735899999999,2800.0,6600.0,4200.0
10,18,12,224.007223,171.038713,146.531041,2800.0,6600.0,4200.0
10,18,13,152.757665,116.606568,99.924187,2800.0,6600.0,4200.0
10,18,14,154.781399,118.20270500000001,101.24798299999999,2800.0,6600.0,4200.0
10,18,15,20.218351,15.496227999999999,13.225538,2800.0,6600.0,4200.0
10,18,16,19.648359,15.047056000000001,12.852686,2800.0,6600.0,4200.0
10,18,17,-0.0,-0.0,-0.0,2800.0,6600.0,4200.0
10,18,18,0.0,0.0,0.0,2800.0,6600.0,4200.0
10,18,19,0.0,0.0,0.0,2800.0,6600.0,4200.0
10,18,20,0.0,0.0,0.0,2800.0,6600.0,4200.0
10,18,21,0.0,0.0,0.0,2800.0,6600.0,4200.0
10,18,22,0.0,0.0,0.0,2800.0,6600.0,4200.0
10,18,23,0.0,0.0,0.0,2800.0,6600.0,4200.0
10,19,0,0.0,0.0,0.0,2800.0,6600.0,4200.0
10,19,1,0.0,0.0,0.0,2800.0,6600.0,4200.0
10,19,2,0.0,0.0,0.0,2800.0,6600.0,4200.0
10,19,3,0.0,0.0,0.0,2800.0,6600.0,4200.0
10,19,4,0.0,0.0,0.0,2800.0,6600.0,4200.0
10,19,5,0.0,0.0,0.0,2800.0,6600.0,4200.0
10,19,6,0.0,0.0,0.0,2800.0,6600.0,4200.0
10,19,7,3.6035120000000003,2.756326,2.357185,2800.0,6600.0,4200.0
10,19,8,50.949387,38.800688,33.327794999999995,2800.0,6600.0,4200.0
10,19,9,36.016027,27.449302,23.559356,2800.0,6600.0,4200.0
10,19,10,26.709829000000003,20.377597,17.471843,2800.0,6600.0,4200.0
10,19,11,42.493429,32.406697,27.796453,2800.0,6600.0,4200.0
10,19,12,5.926883,4.5419279999999995,3.8769839999999998,2800.0,6600.0,4200.0
10,19,13,25.311245,19.332651000000002,16.55698,2800.0,6600.0,4200.0
10,19,14,47.602099,36.324388,31.138215,2800.0,6600.0,4200.0
10,19,15,52.346446,39.935288,34.24166,2800.0,6600.0,4200.0
10,19,16,13.514635,10.334476,8.840399999999999,2800.0,6600.0,4200.0
10,19,17,-0.0,-0.0,-0.0,2800.0,6600.0,4200.0
10,19,18,0.0,0.0,0.0,2800.0,6600.0,4200.0
10,19,19,0.0,0.0,0.0,2800.0,6600.0,4200.0
10,19,20,0.0,0.0,0.0,2800.0,6600.0,4200.0
10,19,21,0.0,0.0,0.0,2800.0,6600.0,4200.0
10,19,22,0.0,0.0,0.0,2800.0,6600.0,4200.0
10,19,23,0.0,0.0,0.0,2800.0,6600.0,4200.0
10,20,0,0.0,0.0,0.0,2800.0,6600.0,4200.0
10,20,1,0.0,0.0,0.0,2800.0,6600.0,4200.0
10,20,2,0.0,0.0,0.0,2800.0,6600.0,4200.0
10,20,3,0.0,0.0,0.0,2800.0,6600.0,4200.0
10,20,4,0.0,0.0,0.0,2800.0,6600.0,4200.0
10,20,5,0.0,0.0,0.0,2800.0,6600.0,4200.0
10,20,6,0.0,0.0,0.0,2800.0,6600.0,4200.0
10,20,7,45.471794,34.606941,29.744708,2800.0,6600.0,4200.0
10,20,8,172.584047,131.38484,112.89332399999999,2800.0,6600.0,4200.0
10,20,9,255.14112899999998,194.567496,166.896829,2800.0,6600.0,4200.0
10,20,10,316.670029,241.945404,207.145056,2800.0,6600.0,4200.0
10,20,11,257.554661,196.719595,168.475605,2800.0,6600.0,4200.0
10,20,12,299.34547499999996,228.924623,195.812453,2800.0,6600.0,4200.0
10,20,13,289.539588,221.402414,189.398077,2800.0,6600.0,4200.0
10,20,14,215.297393,164.402959,140.833633,2800.0,6600.0,4200.0
10,20,15,95.98453599999999,73.22067,62.786877,2800.0,6600.0,4200.0
10,20,16,64.289943,49.041366000000004,42.054324,2800.0,6600.0,4200.0
10,20,17,0.403317,0.316724,0.263824,2800.0,6600.0,4200.0
10,20,18,0.0,0.0,0.0,2800.0,6600.0,4200.0
10,20,19,0.0,0.0,0.0,2800.0,6600.0,4200.0
10,20,20,0.0,0.0,0.0,2800.0,6600.0,4200.0
10,20,21,0.0,0.0,0.0,2800.0,6600.0,4200.0
10,20,22,0.0,0.0,0.0,2800.0,6600.0,4200.0
10,20,23,0.0,0.0,0.0,2800.0,6600.0,4200.0
10,21,0,0.0,0.0,0.0,2800.0,6600.0,4200.0
10,21,1,0.0,0.0,0.0,2800.0,6600.0,4200.0
10,21,2,0.0,0.0,0.0,2800.0,6600.0,4200.0
10,21,3,0.0,0.0,0.0,2800.0,6600.0,4200.0
10,21,4,0.0,0.0,0.0,2800.0,6600.0,4200.0
10,21,5,0.0,0.0,0.0,2800.0,6600.0,4200.0
10,21,6,0.0,0.0,0.0,2800.0,6600.0,4200.0
10,21,7,7.665178,5.881049,5.014064,2800.0,6600.0,4200.0
10,21,8,36.268388,27.711344,23.724434000000002,2800.0,6600.0,4200.0
10,21,9,94.62205100000001,72.205785,61.895627,2800.0,6600.0,4200.0
10,21,10,89.77475,68.532202,58.724836,2800.0,6600.0,4200.0
10,21,11,155.575858,118.78171499999999,101.76766599999999,2800.0,6600.0,4200.0
10,21,12,308.684665,236.157457,201.921548,2800.0,6600.0,4200.0
10,21,13,292.644545,223.985812,191.429138,2800.0,6600.0,4200.0
10,21,14,262.18661599999996,200.681555,171.505531,2800.0,6600.0,4200.0
10,21,15,138.01611799999998,105.486778,90.28122,2800.0,6600.0,4200.0
10,21,16,83.60146499999999,63.872648999999996,54.686672,2800.0,6600.0,4200.0
10,21,17,1.274577,0.986818,0.833746,2800.0,6600.0,4200.0
10,21,18,0.0,0.0,0.0,2800.0,6600.0,4200.0
10,21,19,0.0,0.0,0.0,2800.0,6600.0,4200.0
10,21,20,0.0,0.0,0.0,2800.0,6600.0,4200.0
10,21,21,0.0,0.0,0.0,2800.0,6600.0,4200.0
10,21,22,0.0,0.0,0.0,2800.0,6600.0,4200.0
10,21,23,0.0,0.0,0.0,2800.0,6600.0,4200.0
10,22,0,0.0,0.0,0.0,2800.0,6600.0,4200.0
10,22,1,0.0,0.0,0.0,2800.0,6600.0,4200.0
10,22,2,0.0,0.0,0.0,2800.0,6600.0,4200.0
10,22,3,0.0,0.0,0.0,2800.0,6600.0,4200.0
10,22,4,0.0,0.0,0.0,2800.0,6600.0,4200.0
10,22,5,0.0,0.0,0.0,2800.0,6600.0,4200.0
10,22,6,0.0,0.0,0.0,2800.0,6600.0,4200.0
10,22,7,1.408024,1.085318,0.921038,2800.0,6600.0,4200.0
10,22,8,47.919497,36.545545,31.345837,2800.0,6600.0,4200.0
10,22,9,12.975921,9.929351,8.488009,2800.0,6600.0,4200.0
10,22,10,43.472231,33.189955999999995,28.436722000000003,2800.0,6600.0,4200.0
10,22,11,60.802899,46.417687,39.773325,2800.0,6600.0,4200.0
10,22,12,81.396246,62.161631,53.244161,2800.0,6600.0,4200.0
10,22,13,95.37202400000001,72.881263,62.386211,2800.0,6600.0,4200.0
10,22,14,68.311071,52.256423999999996,44.684684999999995,2800.0,6600.0,4200.0
10,22,15,108.22952599999999,82.799786,70.796757,2800.0,6600.0,4200.0
10,22,16,118.555501,90.698881,77.55134299999999,2800.0,6600.0,4200.0
10,22,17,2.893796,2.2369749999999997,1.892934,2800.0,6600.0,4200.0
10,22,18,0.0,0.0,0.0,2800.0,6600.0,4200.0
10,22,19,0.0,0.0,0.0,2800.0,6600.0,4200.0
10,22,20,0.0,0.0,0.0,2800.0,4721.09628485135,4200.0
10,22,21,0.0,0.0,0.0,2502.4167786610287,3054.130714113854,2955.610368497278
10,22,22,0.0,0.0,0.0,1712.6043126696648,2090.186365856677,2022.7609992161392
10,22,23,0.0,0.0,0.0,1136.8810555802274,1387.531996967994,1342.7729002916071
10,23,0,0.0,0.0,0.0,592.796019999516,723.4912055112203,700.1527795269874
10,23,1,0.0,0.0,0.0,200.6998128762587,244.94859051826847,237.0470230821953
10,23,2,0.0,0.0,0.0,336.8536460978451,411.1205916942204,397.8586371234391
10,23,3,0.0,0.0,0.0,1164.8359102045422,1421.650126627591,1375.790445123475
10,23,4,0.0,0.0,0.0,2409.744269793466,2941.0264710077745,2846.1546493623623
10,23,5,0.0,0.0,0.0,2103.4419801044355,2567.192967843996,2484.3802914619314
10,23,6,0.0,0.0,0.0,2800.0,4495.12565696385,4200.0
10,23,7,44.645326000000004,34.1855,29.204085,2800.0,6600.0,4200.0
10,23,8,189.787473,145.22344099999998,124.146693,2800.0,6600.0,4200.0
10,23,9,310.651085,238.219679,203.207852,2800.0,6600.0,4200.0
10,23,10,390.232556,299.864418,255.264905,2800.0,6600.0,4200.0
10,23,11,302.91455099999996,232.569861,198.147112,2800.0,6600.0,4200.0
10,23,12,317.015153,243.525041,207.37081400000002,2800.0,6600.0,4200.0
10,23,13,260.927777,200.271933,170.68207999999998,2800.0,6600.0,4200.0
10,23,14,81.863994,62.787228999999996,53.550132,2800.0,6600.0,4200.0
10,23,15,13.325224,10.268504,8.7165,2800.0,6600.0,4200.0
10,23,16,21.563963,16.559762,14.10575,2800.0,6600.0,4200.0
10,23,17,-0.0,-0.0,-0.0,2800.0,6600.0,4200.0
10,23,18,0.0,0.0,0.0,2800.0,6600.0,4200.0
10,23,19,0.0,0.0,0.0,2800.0,6600.0,4200.0
10,23,20,0.0,0.0,0.0,2800.0,6600.0,4200.0
10,23,21,0.0,0.0,0.0,2800.0,6600.0,4200.0
10,23,22,0.0,0.0,0.0,2800.0,6600.0,4200.0
10,23,23,0.0,0.0,0.0,2800.0,6600.0,4200.0
10,24,0,0.0,0.0,0.0,2800.0,6600.0,4200.0
10,24,1,0.0,0.0,0.0,2800.0,6600.0,4200.0
10,24,2,0.0,0.0,0.0,2800.0,6600.0,4200.0
10,24,3,0.0,0.0,0.0,2800.0,6600.0,4200.0
10,24,4,0.0,0.0,0.0,2800.0,6600.0,4200.0
10,24,5,0.0,0.0,0.0,2800.0,6600.0,4200.0
10,24,6,0.0,0.0,0.0,2800.0,6600.0,4200.0
10,24,7,45.15401,34.325739,29.536834,2800.0,6600.0,4200.0
10,24,8,112.518331,85.504549,73.602216,2800.0,6600.0,4200.0
10,24,9,108.271271,82.337928,70.82406399999999,2800.0,6600.0,4200.0
10,24,10,426.445804,326.059403,278.95327000000003,2800.0,6600.0,4200.0
10,24,11,463.38711,355.05044300000003,303.117884,2800.0,6600.0,4200.0
10,24,12,477.689955,366.455705,312.47388,2800.0,6600.0,4200.0
10,24,13,397.17583399999995,304.214693,259.806749,2800.0,6600.0,4200.0
10,24,14,350.50795899999997,268.204863,229.279642,2800.0,6600.0,4200.0
10,24,15,209.802921,160.047861,137.239505,2800.0,6600.0,4200.0
10,24,16,114.047583,86.876164,74.602554,2800.0,6600.0,4200.0
10,24,17,-0.0,-0.0,-0.0,2800.0,6600.0,4200.0
10,24,18,0.0,0.0,0.0,2800.0,6600.0,4200.0
10,24,19,0.0,0.0,0.0,2800.0,6600.0,4200.0
10,24,20,0.0,0.0,0.0,2800.0,6600.0,4200.0
10,24,21,0.0,0.0,0.0,2800.0,6600.0,4200.0
10,24,22,0.0,0.0,0.0,2800.0,6600.0,4200.0
10,24,23,0.0,0.0,0.0,2800.0,6600.0,4200.0
10,25,0,0.0,0.0,0.0,2800.0,6600.0,4200.0
10,25,1,0.0,0.0,0.0,2800.0,6600.0,4200.0
10,25,2,0.0,0.0,0.0,2800.0,6600.0,4200.0
10,25,3,0.0,0.0,0.0,2800.0,6600.0,4200.0
10,25,4,0.0,0.0,0.0,2800.0,6600.0,4200.0
10,25,5,0.0,0.0,0.0,2800.0,6600.0,4200.0
10,25,6,0.0,0.0,0.0,2800.0,6600.0,4200.0
10,25,7,4.409888,3.366346,2.8846640000000003,2800.0,6600.0,4200.0
10,25,8,8.912896,6.805559000000001,5.83024,2800.0,6600.0,4200.0
10,25,9,15.41239,11.765443999999999,10.081789,2800.0,6600.0,4200.0
10,25,10,60.945871,46.43513,39.866848,2800.0,6600.0,4200.0
10,25,11,37.006026,28.232788,24.20695,2800.0,6600.0,4200.0
10,25,12,140.660821,107.223917,92.01121400000001,2800.0,6600.0,4200.0
10,25,13,129.789559,98.930035,84.89993700000001,2800.0,6600.0,4200.0
10,25,14,129.306334,98.542366,84.583842,2800.0,6600.0,4200.0
10,25,15,58.901872000000004,44.89991199999999,38.529796000000005,2800.0,6600.0,4200.0
10,25,16,26.34513,20.102619999999998,17.233280999999998,2800.0,6600.0,4200.0
10,25,17,-0.0,-0.0,-0.0,2800.0,6600.0,4200.0
10,25,18,0.0,0.0,0.0,2800.0,6600.0,4200.0
10,25,19,0.0,0.0,0.0,2800.0,6600.0,4200.0
10,25,20,0.0,0.0,0.0,2800.0,6600.0,4200.0
10,25,21,0.0,0.0,0.0,2800.0,6600.0,4200.0
10,25,22,0.0,0.0,0.0,2800.0,6600.0,4200.0
10,25,23,0.0,0.0,0.0,2800.0,6600.0,4200.0
10,26,0,0.0,0.0,0.0,2800.0,6600.0,4200.0
10,26,1,0.0,0.0,0.0,2800.0,6600.0,4200.0
10,26,2,0.0,0.0,0.0,2800.0,6600.0,4200.0
10,26,3,0.0,0.0,0.0,2800.0,6600.0,4200.0
10,26,4,0.0,0.0,0.0,2800.0,6600.0,4200.0
10,26,5,0.0,0.0,0.0,2800.0,6600.0,4200.0
10,26,6,0.0,0.0,0.0,2800.0,6600.0,4200.0
10,26,7,2.763969,2.1156550000000003,1.80801,2800.0,6600.0,4200.0
10,26,8,26.986331999999997,20.568521,17.652713,2800.0,6600.0,4200.0
10,26,9,59.571816,45.372086,38.96803,2800.0,6600.0,4200.0
10,26,10,55.894224,42.592400000000005,36.562387,2800.0,6600.0,4200.0
10,26,11,51.256978000000004,39.071521000000004,33.529,2800.0,6600.0,4200.0
10,26,12,109.27213499999999,83.240258,71.478765,2800.0,6600.0,4200.0
10,26,13,29.956903999999998,22.856814999999997,19.595869999999998,2800.0,6600.0,4200.0
10,26,14,70.235019,53.497715,45.943208,2800.0,6600.0,4200.0
10,26,15,29.430894,22.438869,19.251788,2800.0,6600.0,4200.0
10,26,16,8.718543,6.660331,5.703107,2800.0,6600.0,4200.0
10,26,17,-0.0,-0.0,-0.0,2800.0,6600.0,4200.0
10,26,18,0.0,0.0,0.0,2800.0,6600.0,4200.0
10,26,19,0.0,0.0,0.0,2800.0,6600.0,4200.0
10,26,20,0.0,0.0,0.0,2800.0,6600.0,4200.0
10,26,21,0.0,0.0,0.0,2800.0,6600.0,4200.0
10,26,22,0.0,0.0,0.0,2800.0,6600.0,4200.0
10,26,23,0.0,0.0,0.0,2800.0,6600.0,4200.0
10,27,0,0.0,0.0,0.0,2800.0,6600.0,4200.0
10,27,1,0.0,0.0,0.0,2800.0,6600.0,4200.0
10,27,2,0.0,0.0,0.0,2800.0,6600.0,4200.0
10,27,3,0.0,0.0,0.0,2800.0,6600.0,4200.0
10,27,4,0.0,0.0,0.0,2800.0,6600.0,4200.0
10,27,5,0.0,0.0,0.0,2800.0,6600.0,4200.0
10,27,6,0.0,0.0,0.0,2800.0,6600.0,4200.0
10,27,7,31.947336,24.298429,20.897882000000003,2800.0,6600.0,4200.0
10,27,8,29.107577000000003,22.161932,19.040294999999997,2800.0,6600.0,4200.0
10,27,9,35.733582000000006,27.21641,23.374599,2800.0,6600.0,4200.0
10,27,10,32.583437,24.827556,21.313978,2800.0,6600.0,4200.0
10,27,11,25.174332999999997,19.192781999999998,16.467420999999998,2800.0,6600.0,4200.0
10,27,12,17.425601999999998,13.295234,11.398702,2800.0,6600.0,4200.0
10,27,13,36.981945,28.171829000000002,24.191197,2800.0,6600.0,4200.0
10,27,14,15.422951,11.76645,10.088697,2800.0,6600.0,4200.0
10,27,15,10.030708,7.657196,6.561440999999999,2800.0,6600.0,4200.0
10,27,16,7.14471,5.4554030000000004,4.673607,2800.0,6600.0,4200.0
10,27,17,-0.0,-0.0,-0.0,2800.0,6600.0,4200.0
10,27,18,0.0,0.0,0.0,2800.0,6600.0,4200.0
10,27,19,0.0,0.0,0.0,2800.0,6600.0,4200.0
10,27,20,0.0,0.0,0.0,2800.0,6600.0,4200.0
10,27,21,0.0,0.0,0.0,2800.0,6600.0,4200.0
10,27,22,0.0,0.0,0.0,2800.0,6600.0,4200.0
10,27,23,0.0,0.0,0.0,2800.0,6600.0,4200.0
10,28,0,0.0,0.0,0.0,2800.0,6600.0,4200.0
10,28,1,0.0,0.0,0.0,2800.0,6600.0,4200.0
10,28,2,0.0,0.0,0.0,2800.0,6600.0,4200.0
10,28,3,0.0,0.0,0.0,2800.0,6600.0,4200.0
10,28,4,0.0,0.0,0.0,2800.0,6600.0,4200.0
10,28,5,0.0,0.0,0.0,2800.0,6600.0,4200.0
10,28,6,0.0,0.0,0.0,2800.0,6600.0,4200.0
10,28,7,31.007869,23.582569,20.283343000000002,2800.0,6600.0,4200.0
10,28,8,199.885383,151.92480600000002,130.752093,2800.0,6600.0,4200.0
10,28,9,340.332164,259.293991,222.623295,2800.0,6600.0,4200.0
10,28,10,428.356945,327.162867,280.203415,2800.0,6600.0,4200.0
10,28,11,476.09625900000003,364.345061,311.43138799999997,2800.0,6600.0,4200.0
10,28,12,483.601119,370.49603499999995,316.340582,2800.0,6600.0,4200.0
10,28,13,412.04389100000003,315.406293,269.53247,2800.0,6600.0,4200.0
10,28,14,322.785185,246.706773,211.145196,2800.0,6600.0,4200.0
10,28,15,224.448427,171.300352,146.81964799999997,2800.0,6600.0,4200.0
10,28,16,65.014902,49.566207000000006,42.528545,2800.0,6600.0,4200.0
10,28,17,-0.0,-0.0,-0.0,2800.0,6600.0,4200.0
10,28,18,0.0,0.0,0.0,2800.0,6600.0,4200.0
10,28,19,0.0,0.0,0.0,2800.0,6600.0,4200.0
10,28,20,0.0,0.0,0.0,2800.0,6600.0,4200.0
10,28,21,0.0,0.0,0.0,2800.0,6600.0,4200.0
10,28,22,0.0,0.0,0.0,2800.0,6600.0,4200.0
10,28,23,0.0,0.0,0.0,2800.0,6600.0,4200.0
10,29,0,0.0,0.0,0.0,2800.0,6600.0,4200.0
10,29,1,0.0,0.0,0.0,2800.0,6600.0,4200.0
10,29,2,0.0,0.0,0.0,2800.0,6600.0,4200.0
10,29,3,0.0,0.0,0.0,2800.0,6600.0,4200.0
10,29,4,0.0,0.0,0.0,2800.0,6600.0,4200.0
10,29,5,0.0,0.0,0.0,2800.0,6600.0,4200.0
10,29,6,0.0,0.0,0.0,2800.0,6600.0,4200.0
10,29,7,0.38929899999999995,0.299076,0.254654,2800.0,6600.0,4200.0
10,29,8,12.188051,9.299995999999998,7.972635,2800.0,6600.0,4200.0
10,29,9,37.021558,28.217829000000002,24.217109,2800.0,6600.0,4200.0
10,29,10,74.518253,56.788279,48.745023,2800.0,6600.0,4200.0
10,29,11,239.743082,182.856215,156.824422,2800.0,6600.0,4200.0
10,29,12,109.61828,83.54663599999999,71.705191,2800.0,6600.0,4200.0
10,29,13,25.970328000000002,19.834234000000002,16.988109,2800.0,6600.0,4200.0
10,29,14,25.614166,19.552604,16.755131000000002,2800.0,6600.0,4200.0
10,29,15,15.705047,11.993832000000001,10.273226000000001,2800.0,6600.0,4200.0
10,29,16,12.410695,9.476185,8.118274,2800.0,6600.0,4200.0
10,29,17,0.0,0.0,0.0,2800.0,6600.0,4200.0
10,29,18,0.0,0.0,0.0,2800.0,6600.0,4200.0
10,29,19,0.0,0.0,0.0,2800.0,6600.0,4200.0
10,29,20,0.0,0.0,0.0,2800.0,6600.0,4200.0
10,29,21,0.0,0.0,0.0,2800.0,6600.0,4200.0
10,29,22,0.0,0.0,0.0,2800.0,6600.0,4200.0
10,29,23,0.0,0.0,0.0,2800.0,6600.0,4200.0
10,30,0,0.0,0.0,0.0,2800.0,6600.0,4200.0
10,30,1,0.0,0.0,0.0,2800.0,6600.0,4200.0
10,30,2,0.0,0.0,0.0,2800.0,6600.0,4200.0
10,30,3,0.0,0.0,0.0,2800.0,6600.0,4200.0
10,30,4,0.0,0.0,0.0,2800.0,6600.0,4200.0
10,30,5,0.0,0.0,0.0,2800.0,6600.0,4200.0
10,30,6,0.0,0.0,0.0,2800.0,6600.0,4200.0
10,30,7,-0.0,-0.0,-0.0,2800.0,6600.0,4200.0
10,30,8,14.637154,11.142601,9.57468,2800.0,6600.0,4200.0
10,30,9,69.42807499999999,52.753987,45.415358,2800.0,6600.0,4200.0
10,30,10,85.189694,64.746453,55.725589,2800.0,6600.0,4200.0
10,30,11,66.823617,50.807163,43.711689,2800.0,6600.0,4200.0
10,30,12,75.177492,57.148841,49.176254,2800.0,6600.0,4200.0
10,30,13,67.168303,51.058263,43.937161,2800.0,6600.0,4200.0
10,30,14,37.709168,28.684386999999997,24.666899,2800.0,6600.0,4200.0
10,30,15,12.400074,9.447493,8.111326,2800.0,6600.0,4200.0
10,30,16,10.490972,7.989449,6.862515,2800.0,6600.0,4200.0
10,30,17,0.0,0.0,0.0,2800.0,6600.0,4200.0
10,30,18,0.0,0.0,0.0,2800.0,6600.0,4200.0
10,30,19,0.0,0.0,0.0,2800.0,6600.0,4200.0
10,30,20,0.0,0.0,0.0,2800.0,6600.0,4200.0
10,30,21,0.0,0.0,0.0,2800.0,6600.0,4200.0
10,30,22,0.0,0.0,0.0,2800.0,6600.0,4200.0
10,30,23,0.0,0.0,0.0,2800.0,6600.0,4200.0
10,31,0,0.0,0.0,0.0,2800.0,6600.0,4200.0
10,31,1,0.0,0.0,0.0,2800.0,6600.0,4200.0
10,31,2,0.0,0.0,0.0,2800.0,5614.303506012198,4200.0
10,31,3,0.0,0.0,0.0,2800.0,4495.12565696385,4200.0
10,31,4,0.0,0.0,0.0,2800.0,5360.429636038867,4200.0
10,31,5,0.0,0.0,0.0,2800.0,6600.0,4200.0
10,31,6,0.0,0.0,0.0,2800.0,6600.0,4200.0
10,31,7,30.62565,23.260818999999998,20.03332,2800.0,6600.0,4200.0
10,31,8,202.237561,153.71772099999998,132.29073499999998,2800.0,6600.0,4200.0
10,31,9,341.06568300000004,259.841798,223.103116,2800.0,6600.0,4200.0
10,31,10,431.108236,329.102794,282.003132,2800.0,6600.0,4200.0
10,31,11,479.415695,366.468885,313.602748,2800.0,6600.0,4200.0
10,31,12,488.94592,373.97265899999996,319.83680499999997,2800.0,6600.0,4200.0
10,31,13,456.499018,349.031276,298.612139,2800.0,6600.0,4200.0
10,31,14,383.268468,292.68,250.709449,2800.0,6600.0,4200.0
10,31,15,271.893597,207.293793,177.85521,2800.0,6600.0,4200.0
10,31,16,115.991052,88.299965,75.873846,2800.0,6600.0,4200.0
10,31,17,0.0,0.0,0.0,2800.0,6600.0,4200.0
10,31,18,0.0,0.0,0.0,2800.0,6600.0,4200.0
10,31,19,0.0,0.0,0.0,2800.0,6600.0,4200.0
10,31,20,0.0,0.0,0.0,2800.0,6600.0,4200.0
10,31,21,0.0,0.0,0.0,2800.0,6600.0,4200.0
10,31,22,0.0,0.0,0.0,2800.0,6600.0,4200.0
10,31,23,0.0,0.0,0.0,2800.0,6600.0,4200.0
11,1,0,0.0,0.0,0.0,2800.0,6600.0,4200.0
11,1,1,0.0,0.0,0.0,2800.0,6600.0,4200.0
11,1,2,0.0,0.0,0.0,2800.0,6600.0,4200.0
11,1,3,0.0,0.0,0.0,2800.0,6600.0,4200.0
11,1,4,0.0,0.0,0.0,2800.0,6600.0,4200.0
11,1,5,0.0,0.0,0.0,2800.0,6600.0,4200.0
11,1,6,0.0,0.0,0.0,2800.0,6600.0,4200.0
11,1,7,23.187114,17.618525,15.16751,2800.0,6600.0,4200.0
11,1,8,190.023014,144.312654,124.300769,2800.0,6600.0,4200.0
11,1,9,323.786637,246.597919,211.80028099999998,2800.0,6600.0,4200.0
11,1,10,413.464248,315.40253,270.461576,2800.0,6600.0,4200.0
11,1,11,463.82533,354.295178,303.404539,2800.0,6600.0,4200.0
11,1,12,354.319192,270.207026,231.77270499999997,2800.0,6600.0,4200.0
11,1,13,360.225445,274.718102,235.636193,2800.0,6600.0,4200.0
11,1,14,217.119129,165.189545,142.025295,2800.0,6600.0,4200.0
11,1,15,123.16997900000001,93.62292699999999,80.569836,2800.0,6600.0,4200.0
11,1,16,45.077486,34.28093,29.486776000000003,2800.0,6600.0,4200.0
11,1,17,0.0,0.0,0.0,2800.0,6600.0,4200.0
11,1,18,0.0,0.0,0.0,2800.0,6600.0,4200.0
11,1,19,0.0,0.0,0.0,2800.0,6600.0,4200.0
11,1,20,0.0,0.0,0.0,2800.0,6600.0,4200.0
11,1,21,0.0,0.0,0.0,2800.0,6600.0,4200.0
11,1,22,0.0,0.0,0.0,2800.0,6600.0,4200.0
11,1,23,0.0,0.0,0.0,2800.0,6600.0,4200.0
11,2,0,0.0,0.0,0.0,2800.0,6600.0,4200.0
11,2,1,0.0,0.0,0.0,2800.0,6600.0,4200.0
11,2,2,0.0,0.0,0.0,2800.0,6600.0,4200.0
11,2,3,0.0,0.0,0.0,2800.0,6600.0,4200.0
11,2,4,0.0,0.0,0.0,2800.0,6600.0,4200.0
11,2,5,0.0,0.0,0.0,2800.0,6600.0,4200.0
11,2,6,0.0,0.0,0.0,2800.0,6600.0,4200.0
11,2,7,1.55396,1.17984,1.0165,2800.0,6600.0,4200.0
11,2,8,41.556079,31.542991,27.183298999999998,2800.0,6600.0,4200.0
11,2,9,152.43307199999998,115.649512,99.71185899999999,2800.0,6600.0,4200.0
11,2,10,140.846665,106.89859,92.13278100000001,2800.0,6600.0,4200.0
11,2,11,102.014964,77.425796,66.73159299999999,2800.0,6600.0,4200.0
11,2,12,226.10825200000002,171.684392,147.905398,2800.0,6600.0,4200.0
11,2,13,103.87951600000001,78.838,67.951262,2800.0,6600.0,4200.0
11,2,14,47.722369,36.248352,31.216887999999997,2800.0,6600.0,4200.0
11,2,15,35.822678,27.208097000000002,23.432879,2800.0,6600.0,4200.0
11,2,16,99.481285,75.441793,65.074224,2800.0,6600.0,4200.0
11,2,17,0.0,0.0,0.0,2800.0,6600.0,4200.0
11,2,18,0.0,0.0,0.0,2800.0,6600.0,4200.0
11,2,19,0.0,0.0,0.0,2800.0,6600.0,4200.0
11,2,20,0.0,0.0,0.0,2800.0,6600.0,4200.0
11,2,21,0.0,0.0,0.0,2800.0,6600.0,4200.0
11,2,22,0.0,0.0,0.0,2800.0,6600.0,4200.0
11,2,23,0.0,0.0,0.0,2800.0,6600.0,4200.0
11,3,0,0.0,0.0,0.0,2800.0,6600.0,4200.0
11,3,1,0.0,0.0,0.0,2800.0,6600.0,4200.0
11,3,2,0.0,0.0,0.0,2800.0,6600.0,4200.0
11,3,3,0.0,0.0,0.0,2800.0,6600.0,4200.0
11,3,4,0.0,0.0,0.0,2800.0,6600.0,4200.0
11,3,5,0.0,0.0,0.0,2800.0,6600.0,4200.0
11,3,6,0.0,0.0,0.0,2800.0,6600.0,4200.0
11,3,7,2.30997,1.753505,1.5110329999999998,2800.0,6600.0,4200.0
11,3,8,56.078919,42.551479,36.683203,2800.0,6600.0,4200.0
11,3,9,199.141168,151.07510200000002,130.265275,2800.0,6600.0,4200.0
11,3,10,185.367936,140.660971,121.255717,2800.0,6600.0,4200.0
11,3,11,120.84967900000001,91.721861,79.052046,2800.0,6600.0,4200.0
11,3,12,133.874035,101.60774400000001,87.571737,2800.0,6600.0,4200.0
11,3,13,105.037214,79.724386,68.708553,2800.0,6600.0,4200.0
11,3,14,104.303237,79.16973399999999,68.22843300000001,2800.0,6600.0,4200.0
11,3,15,31.332838,23.817138,20.495917000000002,2800.0,6600.0,4200.0
11,3,16,61.791028,46.911955999999996,40.419695,2800.0,6600.0,4200.0
11,3,17,0.0,0.0,0.0,2800.0,6600.0,4200.0
11,3,18,0.0,0.0,0.0,2800.0,6600.0,4200.0
11,3,19,0.0,0.0,0.0,2800.0,6600.0,4200.0
11,3,20,0.0,0.0,0.0,2800.0,6600.0,4200.0
11,3,21,0.0,0.0,0.0,2800.0,6600.0,4200.0
11,3,22,0.0,0.0,0.0,2800.0,6600.0,4200.0
11,3,23,0.0,0.0,0.0,2800.0,6600.0,4200.0
11,4,0,0.0,0.0,0.0,2800.0,6600.0,4200.0
11,4,1,0.0,0.0,0.0,2800.0,6600.0,4200.0
11,4,2,0.0,0.0,0.0,2800.0,6600.0,4200.0
11,4,3,0.0,0.0,0.0,2800.0,5277.537873988738,4200.0
11,4,4,0.0,0.0,0.0,2800.0,3928.035620383037,3801.324793919068
11,4,5,0.0,0.0,0.0,2645.8334855800563,3229.1668524795964,3125.000179818964
11,4,6,0.0,0.0,0.0,2275.070137118247,2776.660403569514,2687.090713131788
11,4,7,0.826765,0.62589,0.5408160000000001,1536.7967041952045,1875.6180248051708,1815.114217553391
11,4,8,34.270338,26.022928,22.417438999999998,2794.6277004301824,3410.766091076207,3300.741378460845
11,4,9,212.283908,161.21178,138.862406,1749.3017415377876,2134.9745664437564,2066.104419139119
11,4,10,275.838551,209.798343,180.435744,1503.1454301264964,1834.5475722016292,1775.3686182596414
11,4,11,270.86776299999997,206.071957,177.184176,1712.6043126696648,2090.186365856677,2022.7609992161392
11,4,12,266.930721,203.14373999999998,174.60881700000002,1862.5318241810248,2273.168761795739,2199.840737221683
11,4,13,277.769715,211.43269800000002,181.698986,2145.5095856044995,2618.5353210133653,2534.066439690353
11,4,14,282.962146,215.45723900000002,185.095539,2409.744269793466,2941.0264710077745,2846.1546493623623
11,4,15,81.03850100000001,61.597429,53.010146999999996,1311.5016045329749,1600.651564587489,1549.017643149183
11,4,16,15.899949000000001,12.107756,10.400718999999999,813.163264745564,992.4433546107276,960.4290528490912
11,4,17,0.0,0.0,0.0,791.1870845831577,965.6220323652713,934.4729345470366
11,4,18,0.0,0.0,0.0,1342.23868718708,1638.1653268818693,1585.3212840792282
11,4,19,0.0,0.0,0.0,2744.426018516277,3349.496321811205,3241.448053365682
11,4,20,0.0,0.0,0.0,2800.0,5965.099051003621,4200.0
11,4,21,0.0,0.0,0.0,2800.0,6600.0,4200.0
11,4,22,0.0,0.0,0.0,2800.0,6600.0,4200.0
11,4,23,0.0,0.0,0.0,2800.0,6600.0,4200.0
11,5,0,0.0,0.0,0.0,2800.0,6330.21083371745,4200.0
11,5,1,0.0,0.0,0.0,2800.0,5700.675903358588,4200.0
11,5,2,0.0,0.0,0.0,2800.0,6600.0,4200.0
11,5,3,0.0,0.0,0.0,2800.0,6600.0,4200.0
11,5,4,0.0,0.0,0.0,2800.0,6600.0,4200.0
11,5,5,0.0,0.0,0.0,2800.0,6600.0,4200.0
11,5,6,0.0,0.0,0.0,2800.0,6600.0,4200.0
11,5,7,0.5271359999999999,0.40015300000000004,0.34481799999999996,2800.0,6600.0,4200.0
11,5,8,89.639478,68.092065,58.63635,2800.0,6600.0,4200.0
11,5,9,286.659777,218.32472700000002,187.51429000000002,2145.5095856044995,2618.5353210133653,2534.066439690353
11,5,10,378.294587,289.043254,247.455858,1862.5318241810248,2273.168761795739,2199.840737221683
11,5,11,428.44888000000003,328.03788000000003,280.263553,2800.0,6600.0,4200.0
11,5,12,441.38050599999997,338.18455900000004,288.72258600000004,2800.0,6600.0,4200.0
11,5,13,409.110634,313.42920799999996,267.613723,2800.0,6600.0,4200.0
11,5,14,341.26077899999996,261.115026,223.23073499999998,2800.0,6600.0,4200.0
11,5,15,231.808377,177.05127900000002,151.634051,2364.2786071344885,2885.536882723194,2792.4550477966395
11,5,16,87.41581500000001,66.606904,57.181774,1749.3017415377876,2134.9745664437564,2066.104419139119
11,5,17,0.0,0.0,0.0,2800.0,3472.7785151730586,3360.753401780379
11,5,18,0.0,0.0,0.0,2800.0,6600.0,4200.0
11,5,19,0.0,0.0,0.0,2800.0,6600.0,4200.0
11,5,20,0.0,0.0,0.0,2800.0,6600.0,4200.0
11,5,21,0.0,0.0,0.0,2800.0,6600.0,4200.0
11,5,22,0.0,0.0,0.0,2800.0,6600.0,4200.0
11,5,23,0.0,0.0,0.0,2800.0,6600.0,4200.0
11,6,0,0.0,0.0,0.0,2800.0,6600.0,4200.0
11,6,1,0.0,0.0,0.0,2800.0,6600.0,4200.0
11,6,2,0.0,0.0,0.0,2800.0,6600.0,4200.0
11,6,3,0.0,0.0,0.0,2800.0,6600.0,4200.0
11,6,4,0.0,0.0,0.0,2800.0,6600.0,4200.0
11,6,5,0.0,0.0,0.0,2800.0,6600.0,4200.0
11,6,6,0.0,0.0,0.0,2800.0,6600.0,4200.0
11,6,7,1.190367,0.912643,0.7786609999999999,2800.0,6600.0,4200.0
11,6,8,139.095834,105.825583,90.9875,2800.0,6600.0,4200.0
11,6,9,211.440818,161.100478,138.310911,2800.0,6600.0,4200.0
11,6,10,382.396117,292.448918,250.13881400000002,2800.0,6600.0,4200.0
11,6,11,431.131032,330.436491,282.018044,2800.0,6600.0,4200.0
11,6,12,440.59560700000003,337.818024,288.209156,2800.0,6600.0,4200.0
11,6,13,322.28807900000004,246.536752,210.820022,2800.0,6600.0,4200.0
11,6,14,260.859793,199.37959400000003,170.637609,2800.0,6600.0,4200.0
11,6,15,78.51401700000001,59.943703,51.358793,2800.0,6600.0,4200.0
11,6,16,62.520869,47.685995999999996,40.89711,2800.0,6600.0,4200.0
11,6,17,0.0,0.0,0.0,2800.0,6600.0,4200.0
11,6,18,0.0,0.0,0.0,2800.0,6600.0,4200.0
11,6,19,0.0,0.0,0.0,2800.0,6600.0,4200.0
11,6,20,0.0,0.0,0.0,2800.0,6600.0,4200.0
11,6,21,0.0,0.0,0.0,2800.0,6600.0,4200.0
11,6,22,0.0,0.0,0.0,2800.0,6600.0,4200.0
11,6,23,0.0,0.0,0.0,2800.0,6600.0,4200.0
11,7,0,0.0,0.0,0.0,2800.0,6600.0,4200.0
11,7,1,0.0,0.0,0.0,2800.0,6600.0,4200.0
11,7,2,0.0,0.0,0.0,2800.0,6600.0,4200.0
11,7,3,0.0,0.0,0.0,2800.0,6600.0,4200.0
11,7,4,0.0,0.0,0.0,2800.0,6600.0,4200.0
11,7,5,0.0,0.0,0.0,2800.0,6600.0,4200.0
11,7,6,0.0,0.0,0.0,2800.0,6600.0,4200.0
11,7,7,-0.0,-0.0,-0.0,2800.0,6600.0,4200.0
11,7,8,15.291839,11.67281,10.002932000000001,2800.0,6600.0,4200.0
11,7,9,6.112628,4.679425,3.9984859999999998,2800.0,6600.0,4200.0
11,7,10,7.67782,5.874004,5.022333,2800.0,6600.0,4200.0
11,7,11,11.409012,8.719909,7.463037999999999,2800.0,6600.0,4200.0
11,7,12,62.517063,47.620811,40.89462,2800.0,6600.0,4200.0
11,7,13,91.570025,69.731337,59.899189,2800.0,6600.0,4200.0
11,7,14,3.9264270000000003,3.012661,2.568415,2800.0,6600.0,4200.0
11,7,15,44.914956,34.238182,29.38046,2800.0,6600.0,4200.0
11,7,16,75.625388,57.635324999999995,49.469239,2800.0,6600.0,4200.0
11,7,17,0.0,0.0,0.0,2800.0,6600.0,4200.0
11,7,18,0.0,0.0,0.0,2800.0,6600.0,4200.0
11,7,19,0.0,0.0,0.0,2800.0,6600.0,4200.0
11,7,20,0.0,0.0,0.0,2800.0,6600.0,4200.0
11,7,21,0.0,0.0,0.0,2800.0,6600.0,4200.0
11,7,22,0.0,0.0,0.0,2800.0,6600.0,4200.0
11,7,23,0.0,0.0,0.0,2800.0,6600.0,4200.0
11,8,0,0.0,0.0,0.0,2800.0,6600.0,4200.0
11,8,1,0.0,0.0,0.0,2800.0,6600.0,4200.0
11,8,2,0.0,0.0,0.0,2800.0,6600.0,4200.0
11,8,3,0.0,0.0,0.0,2800.0,6600.0,4200.0
11,8,4,0.0,0.0,0.0,2800.0,6600.0,4200.0
11,8,5,0.0,0.0,0.0,2800.0,6600.0,4200.0
11,8,6,0.0,0.0,0.0,2800.0,6600.0,4200.0
11,8,7,-0.0,-0.0,-0.0,2800.0,6600.0,4200.0
11,8,8,34.96580599999999,26.642979,22.872369,2800.0,6600.0,4200.0
11,8,9,76.376218,58.210394,49.960383,2800.0,6600.0,4200.0
11,8,10,83.182395,63.451997000000006,54.412544000000004,2800.0,6600.0,4200.0
11,8,11,98.35199300000001,75.054681,64.335515,2800.0,6600.0,4200.0
11,8,12,79.98415399999999,61.062682,52.320462,2800.0,6600.0,4200.0
11,8,13,139.874169,106.78620699999999,91.496637,2800.0,6600.0,4200.0
11,8,14,111.388596,85.066512,72.863217,2800.0,6600.0,4200.0
11,8,15,37.30309,28.507266,24.401269,2800.0,6600.0,4200.0
11,8,16,83.903047,64.015919,54.883948,2800.0,6600.0,4200.0
11,8,17,0.0,0.0,0.0,2800.0,6600.0,4200.0
11,8,18,0.0,0.0,0.0,2800.0,6600.0,4200.0
11,8,19,0.0,0.0,0.0,2800.0,6600.0,4200.0
11,8,20,0.0,0.0,0.0,2800.0,6600.0,4200.0
11,8,21,0.0,0.0,0.0,2800.0,6600.0,4200.0
11,8,22,0.0,0.0,0.0,2800.0,6600.0,4200.0
11,8,23,0.0,0.0,0.0,2800.0,6600.0,4200.0
11,9,0,0.0,0.0,0.0,2800.0,6600.0,4200.0
11,9,1,0.0,0.0,0.0,2800.0,6600.0,4200.0
11,9,2,0.0,0.0,0.0,2800.0,6600.0,4200.0
11,9,3,0.0,0.0,0.0,2800.0,6600.0,4200.0
11,9,4,0.0,0.0,0.0,2800.0,6600.0,4200.0
11,9,5,0.0,0.0,0.0,2800.0,6600.0,4200.0
11,9,6,0.0,0.0,0.0,2800.0,6600.0,4200.0
11,9,7,7.129445,5.45143,4.663622,2800.0,6600.0,4200.0
11,9,8,47.885540999999996,36.485549,31.323624,2800.0,6600.0,4200.0
11,9,9,279.270288,213.04110699999998,182.680564,2800.0,6600.0,4200.0
11,9,10,353.295231,270.04737,231.102895,2800.0,6600.0,4200.0
11,9,11,405.801659,310.963858,265.449205,2800.0,6600.0,4200.0
11,9,12,421.519425,323.48325300000005,275.730751,2800.0,6600.0,4200.0
11,9,13,379.168634,290.93924499999997,248.027603,2800.0,6600.0,4200.0
11,9,14,324.830246,249.058205,212.482943,2800.0,6600.0,4200.0
11,9,15,228.461649,174.835389,149.44483799999998,2800.0,6600.0,4200.0
11,9,16,85.186937,65.05802,55.723786,2800.0,6600.0,4200.0
11,9,17,0.0,0.0,0.0,2800.0,6600.0,4200.0
11,9,18,0.0,0.0,0.0,2800.0,6600.0,4200.0
11,9,19,0.0,0.0,0.0,2800.0,6600.0,4200.0
11,9,20,0.0,0.0,0.0,2800.0,6600.0,4200.0
11,9,21,0.0,0.0,0.0,2800.0,6600.0,4200.0
11,9,22,0.0,0.0,0.0,2800.0,6600.0,4200.0
11,9,23,0.0,0.0,0.0,2800.0,6600.0,4200.0
11,10,0,0.0,0.0,0.0,2800.0,6600.0,4200.0
11,10,1,0.0,0.0,0.0,2800.0,6600.0,4200.0
11,10,2,0.0,0.0,0.0,2800.0,6600.0,4200.0
11,10,3,0.0,0.0,0.0,2800.0,6600.0,4200.0
11,10,4,0.0,0.0,0.0,2800.0,6600.0,4200.0
11,10,5,0.0,0.0,0.0,2800.0,6600.0,4200.0
11,10,6,0.0,0.0,0.0,2800.0,6600.0,4200.0
11,10,7,1.613431,1.230494,1.055402,2800.0,6600.0,4200.0
11,10,8,101.364946,77.04771000000001,66.306393,2800.0,6600.0,4200.0
11,10,9,285.81095799999997,217.75417000000002,186.959047,2800.0,6600.0,4200.0
11,10,10,270.340837,206.019726,176.839495,2800.0,6600.0,4200.0
11,10,11,290.88042099999996,221.885403,190.275163,2800.0,6600.0,4200.0
11,10,12,323.524589,247.069935,211.62886600000002,2800.0,6600.0,4200.0
11,10,13,400.11162,306.191484,261.72715,2800.0,6600.0,4200.0
11,10,14,253.702225,193.532576,165.955591,2800.0,6600.0,4200.0
11,10,15,185.830715,141.53087,121.558438,2800.0,6600.0,4200.0
11,10,16,0.658008,0.5085810000000001,0.430426,2800.0,6600.0,4200.0
11,10,17,0.0,0.0,0.0,2800.0,6600.0,4200.0
11,10,18,0.0,0.0,0.0,2800.0,6600.0,4200.0
11,10,19,0.0,0.0,0.0,2800.0,6600.0,4200.0
11,10,20,0.0,0.0,0.0,2800.0,6600.0,4200.0
11,10,21,0.0,0.0,0.0,2800.0,6600.0,4200.0
11,10,22,0.0,0.0,0.0,2800.0,6600.0,4200.0
11,10,23,0.0,0.0,0.0,2800.0,6600.0,4200.0
11,11,0,0.0,0.0,0.0,2800.0,6600.0,4200.0
11,11,1,0.0,0.0,0.0,2800.0,6600.0,4200.0
11,11,2,0.0,0.0,0.0,2800.0,6600.0,4200.0
11,11,3,0.0,0.0,0.0,2800.0,6600.0,4200.0
11,11,4,0.0,0.0,0.0,2800.0,6600.0,4200.0
11,11,5,0.0,0.0,0.0,2800.0,6600.0,4200.0
11,11,6,0.0,0.0,0.0,2800.0,6600.0,4200.0
11,11,7,-0.0,-0.0,-0.0,2800.0,6600.0,4200.0
11,11,8,-0.0,-0.0,-0.0,2800.0,6600.0,4200.0
11,11,9,16.278727,12.400577,10.648491,2800.0,6600.0,4200.0
11,11,10,29.061725,22.125799,19.010301,2800.0,6600.0,4200.0
11,11,11,44.299137,33.70112,28.977631000000002,2800.0,6600.0,4200.0
11,11,12,61.209491,46.541528,40.039291,2800.0,6600.0,4200.0
11,11,13,17.735918,13.516191999999998,11.601691,2800.0,6600.0,4200.0
11,11,14,35.420252999999995,26.956350999999998,23.169639,2800.0,6600.0,4200.0
11,11,15,19.642747,14.957840000000001,12.849015,2800.0,6600.0,4200.0
11,11,16,56.183215,42.685017,36.751426,2800.0,6600.0,4200.0
11,11,17,0.0,0.0,0.0,2800.0,6600.0,4200.0
11,11,18,0.0,0.0,0.0,2800.0,6600.0,4200.0
11,11,19,0.0,0.0,0.0,2800.0,6600.0,4200.0
11,11,20,0.0,0.0,0.0,2800.0,6600.0,4200.0
11,11,21,0.0,0.0,0.0,2800.0,6600.0,4200.0
11,11,22,0.0,0.0,0.0,2800.0,6600.0,4200.0
11,11,23,0.0,0.0,0.0,2800.0,6600.0,4200.0
11,12,0,0.0,0.0,0.0,2800.0,6600.0,4200.0
11,12,1,0.0,0.0,0.0,2800.0,6600.0,4200.0
11,12,2,0.0,0.0,0.0,2800.0,6600.0,4200.0
11,12,3,0.0,0.0,0.0,2800.0,6600.0,4200.0
11,12,4,0.0,0.0,0.0,2800.0,6600.0,4200.0
11,12,5,0.0,0.0,0.0,2800.0,6600.0,4200.0
11,12,6,0.0,0.0,0.0,2800.0,6600.0,4200.0
11,12,7,-0.0,-0.0,-0.0,2800.0,6600.0,4200.0
11,12,8,32.719858,24.872237000000002,21.403215,2800.0,6600.0,4200.0
11,12,9,117.328064,89.134518,76.748433,2800.0,6600.0,4200.0
11,12,10,76.300743,58.005707,49.911013,2800.0,6600.0,4200.0
11,12,11,89.724443,68.243382,58.691928999999995,2800.0,6600.0,4200.0
11,12,12,168.76017199999998,128.487193,110.391992,2800.0,6600.0,4200.0
11,12,13,291.62388400000003,222.55120000000002,190.761488,2800.0,6600.0,4200.0
11,12,14,248.21028,189.307592,162.36311600000002,2800.0,6600.0,4200.0
11,12,15,240.591322,183.47021900000001,157.37928599999998,2800.0,6600.0,4200.0
11,12,16,88.49019,67.323303,57.884561000000005,2800.0,6600.0,4200.0
11,12,17,0.0,0.0,0.0,2800.0,6600.0,4200.0
11,12,18,0.0,0.0,0.0,2800.0,6600.0,4200.0
11,12,19,0.0,0.0,0.0,2800.0,6600.0,4200.0
11,12,20,0.0,0.0,0.0,2800.0,6600.0,4200.0
11,12,21,0.0,0.0,0.0,2800.0,6600.0,4200.0
11,12,22,0.0,0.0,0.0,2800.0,6600.0,4200.0
11,12,23,0.0,0.0,0.0,2800.0,6600.0,4200.0
11,13,0,0.0,0.0,0.0,2800.0,6600.0,4200.0
11,13,1,0.0,0.0,0.0,2800.0,6600.0,4200.0
11,13,2,0.0,0.0,0.0,2800.0,6600.0,4200.0
11,13,3,0.0,0.0,0.0,2800.0,6600.0,4200.0
11,13,4,0.0,0.0,0.0,2800.0,6600.0,4200.0
11,13,5,0.0,0.0,0.0,2800.0,6600.0,4200.0
11,13,6,0.0,0.0,0.0,2800.0,6600.0,4200.0
11,13,7,-0.0,-0.0,-0.0,2800.0,6600.0,4200.0
11,13,8,-0.0,-0.0,-0.0,2800.0,6600.0,4200.0
11,13,9,38.016349999999996,28.892249,24.867838,2800.0,6600.0,4200.0
11,13,10,51.848574,39.405457000000006,33.915983999999995,2800.0,6600.0,4200.0
11,13,11,40.97179,31.163994,26.801096,2800.0,6600.0,4200.0
11,13,12,57.085737,43.399795,37.341798000000004,2800.0,6600.0,4200.0
11,13,13,38.008786,28.92919,24.86289,2800.0,6600.0,4200.0
11,13,14,86.066012,65.446967,56.29882,2800.0,6600.0,4200.0
11,13,15,35.720862999999994,27.179903999999997,23.366279,2800.0,6600.0,4200.0
11,13,16,-0.0,-0.0,-0.0,2800.0,6600.0,4200.0
11,13,17,0.0,0.0,0.0,2800.0,6600.0,4200.0
11,13,18,0.0,0.0,0.0,2800.0,6600.0,4200.0
11,13,19,0.0,0.0,0.0,2800.0,6600.0,4200.0
11,13,20,0.0,0.0,0.0,2800.0,6600.0,4200.0
11,13,21,0.0,0.0,0.0,2800.0,6600.0,4200.0
11,13,22,0.0,0.0,0.0,2800.0,6600.0,4200.0
11,13,23,0.0,0.0,0.0,2800.0,6600.0,4200.0
11,14,0,0.0,0.0,0.0,2800.0,6600.0,4200.0
11,14,1,0.0,0.0,0.0,2800.0,6600.0,4200.0
11,14,2,0.0,0.0,0.0,2800.0,6600.0,4200.0
11,14,3,0.0,0.0,0.0,2800.0,6600.0,4200.0
11,14,4,0.0,0.0,0.0,2800.0,6600.0,4200.0
11,14,5,0.0,0.0,0.0,2800.0,6600.0,4200.0
11,14,6,0.0,0.0,0.0,2800.0,6600.0,4200.0
11,14,7,-0.0,-0.0,-0.0,2800.0,3996.150340809066,3867.242265299096
11,14,8,11.635095999999999,8.860378,7.6109279999999995,1003.7965929387176,1225.1060779960724,1185.5865270929733
11,14,9,13.985379,10.660455,9.148331,1222.1129067458091,1491.5551224063024,1443.4404410383572
11,14,10,53.540779,40.763428999999995,35.022915,2645.8334855800563,3229.1668524795964,3125.000179818964
11,14,11,214.88437100000002,164.033188,140.56346100000002,2800.0,6600.0,4200.0
11,14,12,167.637868,127.83778,109.657854,2800.0,6600.0,4200.0
11,14,13,20.276244,15.471629,13.263408,2800.0,6600.0,4200.0
11,14,14,15.486893,11.815913,10.130524,2800.0,6600.0,4200.0
11,14,15,25.649031,19.540722000000002,16.777938,2800.0,6600.0,4200.0
11,14,16,23.838429,18.155496,15.593558999999999,2800.0,6600.0,4200.0
11,14,17,0.0,0.0,0.0,2800.0,6600.0,4200.0
11,14,18,0.0,0.0,0.0,2800.0,6600.0,4200.0
11,14,19,0.0,0.0,0.0,2800.0,6600.0,4200.0
11,14,20,0.0,0.0,0.0,2800.0,6600.0,4200.0
11,14,21,0.0,0.0,0.0,2800.0,6600.0,4200.0
11,14,22,0.0,0.0,0.0,2800.0,6600.0,4200.0
11,14,23,0.0,0.0,0.0,2800.0,6600.0,4200.0
11,15,0,0.0,0.0,0.0,2800.0,6600.0,4200.0
11,15,1,0.0,0.0,0.0,2800.0,6600.0,4200.0
11,15,2,0.0,0.0,0.0,2800.0,6600.0,4200.0
11,15,3,0.0,0.0,0.0,2800.0,6600.0,4200.0
11,15,4,0.0,0.0,0.0,2800.0,6600.0,4200.0
11,15,5,0.0,0.0,0.0,2800.0,6600.0,4200.0
11,15,6,0.0,0.0,0.0,2800.0,6600.0,4200.0
11,15,7,-0.0,-0.0,-0.0,2800.0,6600.0,4200.0
11,15,8,70.22169899999999,53.374425,45.934495000000005,2800.0,6600.0,4200.0
11,15,9,134.362019,102.25021000000001,87.890945,2800.0,6600.0,4200.0
11,15,10,186.3429,141.936823,121.89347599999999,2800.0,6600.0,4200.0
11,15,11,194.3716,148.124074,127.145332,2800.0,6600.0,4200.0
11,15,12,177.366729,135.190381,116.021845,2800.0,6600.0,4200.0
11,15,13,133.926044,102.036066,87.60575800000001,2800.0,6600.0,4200.0
11,15,14,66.706701,50.809712,43.63521,2800.0,6600.0,4200.0
11,15,15,28.46564,21.700983,18.620381000000002,2800.0,6600.0,4200.0
11,15,16,2.036413,1.5609000000000002,1.33209,2800.0,6600.0,4200.0
11,15,17,0.0,0.0,0.0,2800.0,6600.0,4200.0
11,15,18,0.0,0.0,0.0,2800.0,6600.0,4200.0
11,15,19,0.0,0.0,0.0,2800.0,6600.0,4200.0
11,15,20,0.0,0.0,0.0,2800.0,6600.0,4200.0
11,15,21,0.0,0.0,0.0,2800.0,6600.0,4200.0
11,15,22,0.0,0.0,0.0,2800.0,6600.0,4200.0
11,15,23,0.0,0.0,0.0,2800.0,6600.0,4200.0
11,16,0,0.0,0.0,0.0,2800.0,6600.0,4200.0
11,16,1,0.0,0.0,0.0,2800.0,6600.0,4200.0
11,16,2,0.0,0.0,0.0,2800.0,6600.0,4200.0
11,16,3,0.0,0.0,0.0,2800.0,6600.0,4200.0
11,16,4,0.0,0.0,0.0,2800.0,6600.0,4200.0
11,16,5,0.0,0.0,0.0,2800.0,6600.0,4200.0
11,16,6,0.0,0.0,0.0,2800.0,6600.0,4200.0
11,16,7,-0.0,-0.0,-0.0,2800.0,6600.0,4200.0
11,16,8,1.315917,1.008434,0.8607870000000001,2800.0,6600.0,4200.0
11,16,9,6.237371,4.763310000000001,4.080085,2800.0,6600.0,4200.0
11,16,10,11.630758,8.876703,7.60809,2800.0,6600.0,4200.0
11,16,11,15.984693,12.191447,10.456153,2800.0,6600.0,4200.0
11,16,12,6.12816,4.683713,4.008646000000001,2800.0,6600.0,4200.0
11,16,13,82.470112,62.687421,53.946615,2800.0,6600.0,4200.0
11,16,14,25.745403999999997,19.606321,16.840978,2800.0,6600.0,4200.0
11,16,15,0.883171,0.6762250000000001,0.5777129999999999,2800.0,6600.0,4200.0
11,16,16,9.615161,7.32724,6.289616,2800.0,6600.0,4200.0
11,16,17,0.0,0.0,0.0,2800.0,6600.0,4200.0
11,16,18,0.0,0.0,0.0,2800.0,6600.0,4200.0
11,16,19,0.0,0.0,0.0,2800.0,6600.0,4200.0
11,16,20,0.0,0.0,0.0,2800.0,6600.0,4200.0
11,16,21,0.0,0.0,0.0,2800.0,6600.0,4200.0
11,16,22,0.0,0.0,0.0,2800.0,6600.0,4200.0
11,16,23,0.0,0.0,0.0,2800.0,6600.0,4200.0
11,17,0,0.0,0.0,0.0,2800.0,6600.0,4200.0
11,17,1,0.0,0.0,0.0,2800.0,6600.0,4200.0
11,17,2,0.0,0.0,0.0,2800.0,6600.0,4200.0
11,17,3,0.0,0.0,0.0,2800.0,6600.0,4200.0
11,17,4,0.0,0.0,0.0,2800.0,6600.0,4200.0
11,17,5,0.0,0.0,0.0,2800.0,6600.0,4200.0
11,17,6,0.0,0.0,0.0,2800.0,6600.0,4200.0
11,17,7,-0.0,-0.0,-0.0,2800.0,6600.0,4200.0
11,17,8,1.384354,1.053923,0.905555,2800.0,6600.0,4200.0
11,17,9,23.843227,18.130948,15.596697,2800.0,6600.0,4200.0
11,17,10,58.536366,44.471016000000006,38.290706,2800.0,6600.0,4200.0
11,17,11,98.400872,74.755658,64.367488,2800.0,6600.0,4200.0
11,17,12,101.456539,77.115965,66.366307,2800.0,6600.0,4200.0
11,17,13,164.27045800000002,124.874589,107.455112,2800.0,6600.0,4200.0
11,17,14,60.548680999999995,46.049989000000004,39.607032,2800.0,6600.0,4200.0
11,17,15,216.844095,164.937781,141.84538500000002,2800.0,6600.0,4200.0
11,17,16,6.473554,4.936755,4.23458,2800.0,6600.0,4200.0
11,17,17,0.0,0.0,0.0,2800.0,6600.0,4200.0
11,17,18,0.0,0.0,0.0,2800.0,6600.0,4200.0
11,17,19,0.0,0.0,0.0,2800.0,6600.0,4200.0
11,17,20,0.0,0.0,0.0,2800.0,6600.0,4200.0
11,17,21,0.0,0.0,0.0,2800.0,6600.0,4200.0
11,17,22,0.0,0.0,0.0,2800.0,6600.0,4200.0
11,17,23,0.0,0.0,0.0,2800.0,6600.0,4200.0
11,18,0,0.0,0.0,0.0,2800.0,6600.0,4200.0
11,18,1,0.0,0.0,0.0,2800.0,6600.0,4200.0
11,18,2,0.0,0.0,0.0,2800.0,6600.0,4200.0
11,18,3,0.0,0.0,0.0,2800.0,6600.0,4200.0
11,18,4,0.0,0.0,0.0,2800.0,6600.0,4200.0
11,18,5,0.0,0.0,0.0,2800.0,6600.0,4200.0
11,18,6,0.0,0.0,0.0,2800.0,6600.0,4200.0
11,18,7,-0.0,-0.0,-0.0,2800.0,6600.0,4200.0
11,18,8,19.040112,14.488098,12.45481,2800.0,6600.0,4200.0
11,18,9,47.488684,36.126447,31.064026000000002,2800.0,6600.0,4200.0
11,18,10,88.602901,67.420642,57.95828899999999,2800.0,6600.0,4200.0
11,18,11,86.71805,65.99376,56.725341,2800.0,6600.0,4200.0
11,18,12,59.553088,45.346553,38.955779,2800.0,6600.0,4200.0
11,18,13,65.022692,49.502610999999995,42.533641,2800.0,6600.0,4200.0
11,18,14,184.054807,140.198274,120.396753,2800.0,6600.0,4200.0
11,18,15,47.146933,35.882462,30.840474999999998,2800.0,6600.0,4200.0
11,18,16,8.823722,6.730678,5.771908000000001,2800.0,6600.0,4200.0
11,18,17,0.0,0.0,0.0,2800.0,6600.0,4200.0
11,18,18,0.0,0.0,0.0,2800.0,6600.0,4200.0
11,18,19,0.0,0.0,0.0,2800.0,6600.0,4200.0
11,18,20,0.0,0.0,0.0,2800.0,6600.0,4200.0
11,18,21,0.0,0.0,0.0,2800.0,6600.0,4200.0
11,18,22,0.0,0.0,0.0,2800.0,6600.0,4200.0
11,18,23,0.0,0.0,0.0,2800.0,6600.0,4200.0
11,19,0,0.0,0.0,0.0,2800.0,6600.0,4200.0
11,19,1,0.0,0.0,0.0,2800.0,6600.0,4200.0
11,19,2,0.0,0.0,0.0,2800.0,6600.0,4200.0
11,19,3,0.0,0.0,0.0,2800.0,6600.0,4200.0
11,19,4,0.0,0.0,0.0,2800.0,6600.0,4200.0
11,19,5,0.0,0.0,0.0,2800.0,6600.0,4200.0
11,19,6,0.0,0.0,0.0,2800.0,6600.0,4200.0
11,19,7,-0.0,-0.0,-0.0,2800.0,6600.0,4200.0
11,19,8,21.189024,16.10813,13.86049,2800.0,6600.0,4200.0
11,19,9,40.929476,31.09778,26.773417000000002,2800.0,6600.0,4200.0
11,19,10,44.887958,34.100216,29.3628,2800.0,6600.0,4200.0
11,19,11,54.061726,41.078493,35.363686,2800.0,6600.0,4200.0
11,19,12,50.226760999999996,38.16814299999999,32.8551,2800.0,6600.0,4200.0
11,19,13,82.700368,62.807665,54.097233,2800.0,6600.0,4200.0
11,19,14,16.332387,12.434674999999999,10.683592,2800.0,6600.0,4200.0
11,19,15,19.20558,14.609952999999999,12.563049000000001,2800.0,6600.0,4200.0
11,19,16,59.598866,45.241194,38.985724000000005,2800.0,6600.0,4200.0
11,19,17,0.0,0.0,0.0,2800.0,6600.0,4200.0
11,19,18,0.0,0.0,0.0,2800.0,6600.0,4200.0
11,19,19,0.0,0.0,0.0,2800.0,6600.0,4200.0
11,19,20,0.0,0.0,0.0,2800.0,6600.0,4200.0
11,19,21,0.0,0.0,0.0,2800.0,6600.0,4200.0
11,19,22,0.0,0.0,0.0,2800.0,6600.0,4200.0
11,19,23,0.0,0.0,0.0,2800.0,6600.0,4200.0
11,20,0,0.0,0.0,0.0,2800.0,6600.0,4200.0
11,20,1,0.0,0.0,0.0,2800.0,6600.0,4200.0
11,20,2,0.0,0.0,0.0,2800.0,6600.0,4200.0
11,20,3,0.0,0.0,0.0,2800.0,6600.0,4200.0
11,20,4,0.0,0.0,0.0,2800.0,6600.0,4200.0
11,20,5,0.0,0.0,0.0,2800.0,6600.0,4200.0
11,20,6,0.0,0.0,0.0,2800.0,6600.0,4200.0
11,20,7,0.0,0.0,0.0,2800.0,6600.0,4200.0
11,20,8,135.091195,102.44921000000001,88.367925,2800.0,6600.0,4200.0
11,20,9,281.019947,213.56887400000002,183.82507800000002,2800.0,6600.0,4200.0
11,20,10,368.268058,280.63498599999997,240.897151,2800.0,6600.0,4200.0
11,20,11,419.192744,320.100275,274.208788,2800.0,6600.0,4200.0
11,20,12,429.411997,328.26544,280.893562,2800.0,6600.0,4200.0
11,20,13,402.253079,307.334539,263.12795400000005,2800.0,6600.0,4200.0
11,20,14,74.424418,56.584540999999994,48.683642,2800.0,6600.0,4200.0
11,20,15,38.16731,29.027038,24.966586,2800.0,6600.0,4200.0
11,20,16,6.745939,5.137006,4.412757,2800.0,6600.0,4200.0
11,20,17,0.0,0.0,0.0,2800.0,6600.0,4200.0
11,20,18,0.0,0.0,0.0,2800.0,6600.0,4200.0
11,20,19,0.0,0.0,0.0,2800.0,6600.0,4200.0
11,20,20,0.0,0.0,0.0,2800.0,6600.0,4200.0
11,20,21,0.0,0.0,0.0,2800.0,6600.0,4200.0
11,20,22,0.0,0.0,0.0,2800.0,6600.0,4200.0
11,20,23,0.0,0.0,0.0,2800.0,6600.0,4200.0
11,21,0,0.0,0.0,0.0,2800.0,6600.0,4200.0
11,21,1,0.0,0.0,0.0,2800.0,6600.0,4200.0
11,21,2,0.0,0.0,0.0,2800.0,6600.0,4200.0
11,21,3,0.0,0.0,0.0,2800.0,6600.0,4200.0
11,21,4,0.0,0.0,0.0,2800.0,6600.0,4200.0
11,21,5,0.0,0.0,0.0,2800.0,6600.0,4200.0
11,21,6,0.0,0.0,0.0,2800.0,6600.0,4200.0
11,21,7,0.0,0.0,0.0,2800.0,6600.0,4200.0
11,21,8,116.05570200000001,88.04934,75.916136,2800.0,6600.0,4200.0
11,21,9,267.420435,203.21962200000002,174.929157,2800.0,6600.0,4200.0
11,21,10,363.297483,276.664675,237.645722,2800.0,6600.0,4200.0
11,21,11,304.483566,231.72907,199.173461,2800.0,6600.0,4200.0
11,21,12,426.276338,325.281949,278.842416,2800.0,6600.0,4200.0
11,21,13,315.37739799999997,240.21734899999998,206.299501,2800.0,6600.0,4200.0
11,21,14,249.405609,189.823014,163.14502199999998,2800.0,6600.0,4200.0
11,21,15,124.88345600000001,94.88429099999999,81.690682,2800.0,6600.0,4200.0
11,21,16,30.415486,23.115665,19.895845,2800.0,6600.0,4200.0
11,21,17,0.0,0.0,0.0,2800.0,6600.0,4200.0
11,21,18,0.0,0.0,0.0,2800.0,6600.0,4200.0
11,21,19,0.0,0.0,0.0,2800.0,6600.0,4200.0
11,21,20,0.0,0.0,0.0,2800.0,6600.0,4200.0
11,21,21,0.0,0.0,0.0,2800.0,6600.0,4200.0
11,21,22,0.0,0.0,0.0,2800.0,6600.0,4200.0
11,21,23,0.0,0.0,0.0,2800.0,6600.0,4200.0
11,22,0,0.0,0.0,0.0,2800.0,6600.0,4200.0
11,22,1,0.0,0.0,0.0,2800.0,6600.0,4200.0
11,22,2,0.0,0.0,0.0,2800.0,6600.0,4200.0
11,22,3,0.0,0.0,0.0,2800.0,6600.0,4200.0
11,22,4,0.0,0.0,0.0,2800.0,6600.0,4200.0
11,22,5,0.0,0.0,0.0,2800.0,6600.0,4200.0
11,22,6,0.0,0.0,0.0,2800.0,6600.0,4200.0
11,22,7,0.0,0.0,0.0,2800.0,6600.0,4200.0
11,22,8,125.21541599999999,95.09816000000001,81.90782899999999,2800.0,6600.0,4200.0
11,22,9,269.12226899999996,204.935408,176.042386,2800.0,6600.0,4200.0
11,22,10,362.366722,276.547277,237.036878,2800.0,6600.0,4200.0
11,22,11,416.55302,318.38825199999997,272.48205099999996,2800.0,6600.0,4200.0
11,22,12,428.377591,327.69332,280.21692099999996,2800.0,6600.0,4200.0
11,22,13,399.829566,306.017765,261.542649,2800.0,6600.0,4200.0
11,22,14,229.429795,175.00399,150.078137,2800.0,6600.0,4200.0
11,22,15,218.769319,166.905029,143.104742,2800.0,6600.0,4200.0
11,22,16,64.947839,49.414598,42.484676,2800.0,6600.0,4200.0
11,22,17,0.0,0.0,0.0,2800.0,6600.0,4200.0
11,22,18,0.0,0.0,0.0,2800.0,6600.0,4200.0
11,22,19,0.0,0.0,0.0,2800.0,6600.0,4200.0
11,22,20,0.0,0.0,0.0,2800.0,6600.0,4200.0
11,22,21,0.0,0.0,0.0,2800.0,6600.0,4200.0
11,22,22,0.0,0.0,0.0,2800.0,6600.0,4200.0
11,22,23,0.0,0.0,0.0,2800.0,6600.0,4200.0
11,23,0,0.0,0.0,0.0,2800.0,6600.0,4200.0
11,23,1,0.0,0.0,0.0,2800.0,6600.0,4200.0
11,23,2,0.0,0.0,0.0,2800.0,6600.0,4200.0
11,23,3,0.0,0.0,0.0,2800.0,6600.0,4200.0
11,23,4,0.0,0.0,0.0,2800.0,6600.0,4200.0
11,23,5,0.0,0.0,0.0,2800.0,6600.0,4200.0
11,23,6,0.0,0.0,0.0,2800.0,6600.0,4200.0
11,23,7,0.0,0.0,0.0,2800.0,6600.0,4200.0
11,23,8,117.560504,89.236922,76.90048,2800.0,6600.0,4200.0
11,23,9,262.698592,199.89557000000002,171.840432,2800.0,6600.0,4200.0
11,23,10,360.456749,275.231366,235.787497,2800.0,6600.0,4200.0
11,23,11,413.053624,316.20642,270.192972,2800.0,6600.0,4200.0
11,23,12,423.37799,324.65279,276.946505,2800.0,6600.0,4200.0
11,23,13,392.937929,301.186691,257.034585,2800.0,6600.0,4200.0
11,23,14,326.685625,250.012845,213.696612,2800.0,6600.0,4200.0
11,23,15,215.88881,164.756992,141.2205,2800.0,6600.0,4200.0
11,23,16,61.636221,46.917524,40.31843,2800.0,6600.0,4200.0
11,23,17,0.0,0.0,0.0,2800.0,6600.0,4200.0
11,23,18,0.0,0.0,0.0,2800.0,6600.0,4200.0
11,23,19,0.0,0.0,0.0,2800.0,6600.0,4200.0
11,23,20,0.0,0.0,0.0,2800.0,6600.0,4200.0
11,23,21,0.0,0.0,0.0,2800.0,6600.0,4200.0
11,23,22,0.0,0.0,0.0,2800.0,6600.0,4200.0
11,23,23,0.0,0.0,0.0,2800.0,6600.0,4200.0
11,24,0,0.0,0.0,0.0,2800.0,6600.0,4200.0
11,24,1,0.0,0.0,0.0,2800.0,6600.0,4200.0
11,24,2,0.0,0.0,0.0,2800.0,6600.0,4200.0
11,24,3,0.0,0.0,0.0,2800.0,6600.0,4200.0
11,24,4,0.0,0.0,0.0,2800.0,6600.0,4200.0
11,24,5,0.0,0.0,0.0,2800.0,6600.0,4200.0
11,24,6,0.0,0.0,0.0,2800.0,6600.0,4200.0
11,24,7,0.0,0.0,0.0,2800.0,6600.0,4200.0
11,24,8,29.850541,22.697467,19.526294,2800.0,6600.0,4200.0
11,24,9,75.44182,57.355875999999995,49.349161,2800.0,6600.0,4200.0
11,24,10,132.509065,100.835034,86.678862,2800.0,6600.0,4200.0
11,24,11,197.292842,150.337468,129.05622,2800.0,6600.0,4200.0
11,24,12,426.72565399999996,326.638532,279.13633000000004,2800.0,6600.0,4200.0
11,24,13,399.537504,305.728642,261.3516,2800.0,6600.0,4200.0
11,24,14,332.074185,253.663562,217.22145999999998,2800.0,6600.0,4200.0
11,24,15,218.74776699999998,166.709682,143.090645,2800.0,6600.0,4200.0
11,24,16,61.518311000000004,46.787532,40.241301,2800.0,6600.0,4200.0
11,24,17,0.0,0.0,0.0,2800.0,6600.0,4200.0
11,24,18,0.0,0.0,0.0,2800.0,6600.0,4200.0
11,24,19,0.0,0.0,0.0,2800.0,6600.0,4200.0
11,24,20,0.0,0.0,0.0,2800.0,6600.0,4200.0
11,24,21,0.0,0.0,0.0,2800.0,6600.0,4200.0
11,24,22,0.0,0.0,0.0,2800.0,6600.0,4200.0
11,24,23,0.0,0.0,0.0,2800.0,6600.0,4200.0
11,25,0,0.0,0.0,0.0,2800.0,5444.184846176627,4200.0
11,25,1,0.0,0.0,0.0,1901.3333359069868,2320.524937524275,2245.6692943783305
11,25,2,0.0,0.0,0.0,460.3878697051685,561.8907071204812,543.7652004391754
11,25,3,0.0,0.0,0.0,152.76411334322614,186.4443903007878,180.43005512979465
11,25,4,0.0,0.0,0.0,687.226207839785,838.7406473635172,811.6844974485649
11,25,5,0.0,0.0,0.0,2744.426018516277,3349.496321811205,3241.448053365682
11,25,6,0.0,0.0,0.0,2800.0,6145.847517348083,4200.0
11,25,7,0.0,0.0,0.0,2800.0,6600.0,4200.0
11,25,8,112.326869,85.29023600000001,73.47697500000001,2800.0,6600.0,4200.0
11,25,9,199.845676,151.958977,130.726119,2800.0,6600.0,4200.0
11,25,10,303.519035,231.361337,198.542527,2800.0,6600.0,4200.0
11,25,11,292.312975,222.970407,191.212247,2800.0,6600.0,4200.0
11,25,12,276.11371,210.66437599999998,180.61573499999997,2800.0,6600.0,4200.0
11,25,13,246.20835300000002,187.877823,161.053584,2800.0,6600.0,4200.0
11,25,14,188.363658,143.69129999999998,123.21532499999999,1082.3203053763452,1320.942104986878,1278.3310693421402
11,25,15,123.53417200000001,94.17234699999999,80.808067,192.09958802440056,234.45225310064637,226.88927719417387
11,25,16,25.380241,19.367574,16.602113000000003,71.8766678693094,87.7234922814406,84.89370220784575
11,25,17,0.0,0.0,0.0,491.4151496175413,599.758647171015,580.4115940364661
11,25,18,0.0,0.0,0.0,2694.829168782761,3288.9647335537634,3182.869096987513
11,25,19,0.0,0.0,0.0,2800.0,6237.575082367505,4200.0
11,25,20,0.0,0.0,0.0,2800.0,6600.0,4200.0
11,25,21,0.0,0.0,0.0,2800.0,6600.0,4200.0
11,25,22,0.0,0.0,0.0,2800.0,6600.0,4200.0
11,25,23,0.0,0.0,0.0,2800.0,6600.0,4200.0
11,26,0,0.0,0.0,0.0,2800.0,6600.0,4200.0
11,26,1,0.0,0.0,0.0,2800.0,6600.0,4200.0
11,26,2,0.0,0.0,0.0,2800.0,6600.0,4200.0
11,26,3,0.0,0.0,0.0,2800.0,4798.06917736812,4200.0
11,26,4,0.0,0.0,0.0,2800.0,3535.5380679260493,3421.48845283166
11,26,5,0.0,0.0,0.0,2800.0,4798.06917736812,4200.0
11,26,6,0.0,0.0,0.0,2800.0,6600.0,4200.0
11,26,7,0.0,0.0,0.0,2800.0,6600.0,4200.0
11,26,8,47.56189,36.226834000000004,31.111913,2800.0,6600.0,4200.0
11,26,9,104.954135,79.918921,68.654208,2800.0,6600.0,4200.0
11,26,10,245.79769,187.504435,160.784955,2800.0,6600.0,4200.0
11,26,11,300.25389,229.38070800000003,196.40668,2800.0,6600.0,4200.0
11,26,12,290.098956,221.71502600000002,189.763979,2800.0,6600.0,4200.0
11,26,13,285.325303,218.17703899999998,186.641364,2800.0,6600.0,4200.0
11,26,14,216.199355,165.134014,141.423638,2800.0,6600.0,4200.0
11,26,15,58.690065000000004,44.78953,38.391245000000005,2800.0,6600.0,4200.0
11,26,16,6.48936,4.975274000000001,4.2449200000000005,2800.0,6600.0,4200.0
11,26,17,0.0,0.0,0.0,2800.0,6600.0,4200.0
11,26,18,0.0,0.0,0.0,2800.0,6600.0,4200.0
11,26,19,0.0,0.0,0.0,2800.0,6600.0,4200.0
11,26,20,0.0,0.0,0.0,2800.0,6600.0,4200.0
11,26,21,0.0,0.0,0.0,2800.0,6600.0,4200.0
11,26,22,0.0,0.0,0.0,2800.0,6600.0,4200.0
11,26,23,0.0,0.0,0.0,2800.0,6600.0,4200.0
11,27,0,0.0,0.0,0.0,2800.0,6600.0,4200.0
11,27,1,0.0,0.0,0.0,2800.0,6600.0,4200.0
11,27,2,0.0,0.0,0.0,2800.0,6600.0,4200.0
11,27,3,0.0,0.0,0.0,2800.0,6600.0,4200.0
11,27,4,0.0,0.0,0.0,2800.0,6600.0,4200.0
11,27,5,0.0,0.0,0.0,2800.0,6600.0,4200.0
11,27,6,0.0,0.0,0.0,2800.0,6600.0,4200.0
11,27,7,0.0,0.0,0.0,2800.0,6600.0,4200.0
11,27,8,15.604721,11.925418,10.207599,2800.0,6600.0,4200.0
11,27,9,122.032887,93.004593,79.826024,2800.0,6600.0,4200.0
11,27,10,196.036926,149.464935,128.234681,2800.0,6600.0,4200.0
11,27,11,272.861883,208.43495800000002,178.48860000000002,2800.0,6600.0,4200.0
11,27,12,274.16528600000004,209.529693,179.34120199999998,2800.0,6600.0,4200.0
11,27,13,235.214337,179.753372,153.86201,2800.0,6600.0,4200.0
11,27,14,220.50346900000002,168.426037,144.239111,2800.0,6600.0,4200.0
11,27,15,101.01906600000001,77.079646,66.080141,2800.0,6600.0,4200.0
11,27,16,11.768788,9.012604,7.69838,2800.0,6600.0,4200.0
11,27,17,0.0,0.0,0.0,2800.0,6600.0,4200.0
11,27,18,0.0,0.0,0.0,2800.0,6600.0,4200.0
11,27,19,0.0,0.0,0.0,2800.0,6600.0,4200.0
11,27,20,0.0,0.0,0.0,2800.0,6600.0,4200.0
11,27,21,0.0,0.0,0.0,2800.0,6600.0,4200.0
11,27,22,0.0,0.0,0.0,2800.0,6600.0,4200.0
11,27,23,0.0,0.0,0.0,2800.0,6600.0,4200.0
11,28,0,0.0,0.0,0.0,2800.0,6600.0,4200.0
11,28,1,0.0,0.0,0.0,2800.0,6600.0,4200.0
11,28,2,0.0,0.0,0.0,2800.0,6600.0,4200.0
11,28,3,0.0,0.0,0.0,2800.0,6600.0,4200.0
11,28,4,0.0,0.0,0.0,2800.0,6600.0,4200.0
11,28,5,0.0,0.0,0.0,2800.0,6600.0,4200.0
11,28,6,0.0,0.0,0.0,2800.0,6600.0,4200.0
11,28,7,0.0,0.0,0.0,2800.0,6600.0,4200.0
11,28,8,78.177658,59.538253,51.138769,2800.0,6600.0,4200.0
11,28,9,177.454573,135.201539,116.079307,2800.0,6600.0,4200.0
11,28,10,242.50050099999999,185.056921,158.62814799999998,2800.0,6600.0,4200.0
11,28,11,236.04935200000003,180.19412400000002,154.408223,2800.0,6600.0,4200.0
11,28,12,388.730114,297.596682,254.282105,2800.0,6600.0,4200.0
11,28,13,351.840785,269.273476,230.15149100000002,2800.0,6600.0,4200.0
11,28,14,287.536429,219.863282,188.087739,2800.0,6600.0,4200.0
11,28,15,180.97616200000002,138.182957,118.382903,2800.0,6600.0,4200.0
11,28,16,36.768352,28.079554,24.051478,2800.0,6600.0,4200.0
11,28,17,0.0,0.0,0.0,2800.0,6600.0,4200.0
11,28,18,0.0,0.0,0.0,2800.0,6600.0,4200.0
11,28,19,0.0,0.0,0.0,2800.0,6600.0,4200.0
11,28,20,0.0,0.0,0.0,2800.0,6600.0,4200.0
11,28,21,0.0,0.0,0.0,2800.0,6600.0,4200.0
11,28,22,0.0,0.0,0.0,2800.0,6600.0,4200.0
11,28,23,0.0,0.0,0.0,2800.0,6600.0,4200.0
11,29,0,0.0,0.0,0.0,2800.0,6600.0,4200.0
11,29,1,0.0,0.0,0.0,2800.0,6600.0,4200.0
11,29,2,0.0,0.0,0.0,2800.0,6600.0,4200.0
11,29,3,0.0,0.0,0.0,2800.0,6600.0,4200.0
11,29,4,0.0,0.0,0.0,2800.0,6600.0,4200.0
11,29,5,0.0,0.0,0.0,2800.0,6600.0,4200.0
11,29,6,0.0,0.0,0.0,2800.0,6600.0,4200.0
11,29,7,0.0,0.0,0.0,2800.0,6600.0,4200.0
11,29,8,81.5961,62.250432,53.37489299999999,2800.0,6600.0,4200.0
11,29,9,27.723444,21.203936000000002,18.134884999999997,2800.0,6600.0,4200.0
11,29,10,31.849700000000002,24.364742999999997,20.834014,2800.0,6600.0,4200.0
11,29,11,18.001364000000002,13.800718000000002,11.775328,2800.0,6600.0,4200.0
11,29,12,49.636469,37.972485999999996,32.468969,2800.0,6600.0,4200.0
11,29,13,39.667144,30.378111,25.947681,2800.0,6600.0,4200.0
11,29,14,45.856292,35.106141,29.996221000000002,2800.0,6600.0,4200.0
11,29,15,20.575645,15.777451,13.459256,2800.0,6600.0,4200.0
11,29,16,1.357259,1.058066,0.887831,2800.0,6600.0,4200.0
11,29,17,0.0,0.0,0.0,2800.0,6600.0,4200.0
11,29,18,0.0,0.0,0.0,2800.0,6600.0,4200.0
11,29,19,0.0,0.0,0.0,2800.0,6600.0,4200.0
11,29,20,0.0,0.0,0.0,2800.0,6600.0,4200.0
11,29,21,0.0,0.0,0.0,2800.0,6600.0,4200.0
11,29,22,0.0,0.0,0.0,2800.0,6600.0,4200.0
11,29,23,0.0,0.0,0.0,2800.0,6600.0,4200.0
11,30,0,0.0,0.0,0.0,2800.0,6600.0,4200.0
11,30,1,0.0,0.0,0.0,2800.0,6600.0,4200.0
11,30,2,0.0,0.0,0.0,2800.0,6600.0,4200.0
11,30,3,0.0,0.0,0.0,2800.0,6600.0,4200.0
11,30,4,0.0,0.0,0.0,2800.0,6600.0,4200.0
11,30,5,0.0,0.0,0.0,2800.0,6600.0,4200.0
11,30,6,0.0,0.0,0.0,2800.0,6600.0,4200.0
11,30,7,0.0,0.0,0.0,2800.0,6600.0,4200.0
11,30,8,1.106919,0.855491,0.724075,2800.0,6600.0,4200.0
11,30,9,9.876280000000001,7.551209,6.460424,2800.0,6600.0,4200.0
11,30,10,19.352042,14.763062,12.658854999999999,2800.0,6600.0,4200.0
11,30,11,29.635585,22.562306,19.385684,2800.0,6600.0,4200.0
11,30,12,17.299769,13.176848,11.31639,2800.0,6600.0,4200.0
11,30,13,8.486668,6.468265000000001,5.55143,2800.0,6600.0,4200.0
11,30,14,17.002553,12.935901,11.121971,2800.0,6600.0,4200.0
11,30,15,30.336168,23.045451,19.843958999999998,2800.0,6600.0,4200.0
11,30,16,2.3598359999999996,1.797409,1.543652,2800.0,6600.0,4200.0
11,30,17,0.0,0.0,0.0,2800.0,6600.0,4200.0
11,30,18,0.0,0.0,0.0,2800.0,6600.0,4200.0
11,30,19,0.0,0.0,0.0,2800.0,6600.0,4200.0
11,30,20,0.0,0.0,0.0,2800.0,6600.0,4200.0
11,30,21,0.0,0.0,0.0,2800.0,6600.0,4200.0
11,30,22,0.0,0.0,0.0,2800.0,6600.0,4200.0
11,30,23,0.0,0.0,0.0,2800.0,6600.0,4200.0
12,1,0,0.0,0.0,0.0,2800.0,6600.0,4200.0
12,1,1,0.0,0.0,0.0,2800.0,6600.0,4200.0
12,1,2,0.0,0.0,0.0,2800.0,5033.998538121269,4200.0
12,1,3,0.0,0.0,0.0,707.2412654778989,863.1684736147585,835.3243293046049
12,1,4,0.0,0.0,0.0,4.190448409383788,5.114326798854229,4.949348515020222
12,1,5,0.0,0.0,0.0,192.09958802440056,234.45225310064637,226.88927719417387
12,1,6,0.0,0.0,0.0,1536.7967041952045,1875.6180248051708,1815.114217553391
12,1,7,0.0,0.0,0.0,2800.0,5360.429636038867,4200.0
12,1,8,97.50252499999999,73.870682,63.779847000000004,2800.0,4875.874201202505,4200.0
12,1,9,243.111327,184.544527,159.02770999999998,2800.0,6145.847517348083,4200.0
12,1,10,339.65504200000004,258.31206099999997,222.18036600000002,2800.0,6600.0,4200.0
12,1,11,397.36179200000004,302.623398,259.928391,2800.0,6600.0,4200.0
12,1,12,416.923212,317.77350900000005,272.724206,2800.0,6600.0,4200.0
12,1,13,396.57893800000005,302.32197499999995,259.416298,2800.0,6600.0,4200.0
12,1,14,325.845506,248.149283,213.14706,2800.0,6600.0,4200.0
12,1,15,209.397779,159.175775,136.97448699999998,2800.0,5700.675903358588,4200.0
12,1,16,42.469812,32.24742,27.781005,2800.0,4798.06917736812,4200.0
12,1,17,0.0,0.0,0.0,2800.0,3928.035620383037,3801.324793919068
12,1,18,0.0,0.0,0.0,2800.0,3663.3164546975977,3545.1449561589657
12,1,19,0.0,0.0,0.0,2800.0,4276.483153260508,4138.532083800491
12,1,20,0.0,0.0,0.0,2800.0,3794.137041985159,3671.7455245017663
12,1,21,0.0,0.0,0.0,2231.3199984618277,2723.264565051836,2635.417321017906
12,1,22,0.0,0.0,0.0,1373.4523042863404,1676.2606863337226,1622.1877609681185
12,1,23,0.0,0.0,0.0,953.6162939806846,1163.862406039418,1126.3184574575014
12,2,0,0.0,0.0,0.0,1251.4423799619176,1527.350936173994,1478.0815511361232
12,2,1,0.0,0.0,0.0,2800.0,3663.3164546975977,3545.1449561589657
12,2,2,0.0,0.0,0.0,2800.0,6600.0,4200.0
12,2,3,0.0,0.0,0.0,2800.0,6600.0,4200.0
12,2,4,0.0,0.0,0.0,2800.0,6600.0,4200.0
12,2,5,0.0,0.0,0.0,2800.0,6600.0,4200.0
12,2,6,0.0,0.0,0.0,2800.0,6600.0,4200.0
12,2,7,0.0,0.0,0.0,2800.0,6600.0,4200.0
12,2,8,46.844125999999996,35.534862999999994,30.642398,2800.0,6600.0,4200.0
12,2,9,242.45225399999998,184.020572,158.596587,2800.0,6600.0,4200.0
12,2,10,360.868605,274.384105,236.056907,2800.0,6600.0,4200.0
12,2,11,426.559352,324.855003,279.027546,2800.0,6600.0,4200.0
12,2,12,438.80426400000005,334.615003,287.037375,2800.0,6600.0,4200.0
12,2,13,412.61717200000004,314.656054,269.907473,2800.0,6600.0,4200.0
12,2,14,340.117849,259.17785399999997,222.48310500000002,2800.0,6600.0,4200.0
12,2,15,222.256465,169.029955,145.385808,2800.0,6600.0,4200.0
12,2,16,48.59506,36.909876,31.787746,2800.0,6600.0,4200.0
12,2,17,0.0,0.0,0.0,2800.0,6600.0,4200.0
12,2,18,0.0,0.0,0.0,2800.0,6600.0,4200.0
12,2,19,0.0,0.0,0.0,2800.0,6600.0,4200.0
12,2,20,0.0,0.0,0.0,2800.0,6600.0,4200.0
12,2,21,0.0,0.0,0.0,2800.0,6600.0,4200.0
12,2,22,0.0,0.0,0.0,2800.0,6600.0,4200.0
12,2,23,0.0,0.0,0.0,2800.0,6600.0,4200.0
12,3,0,0.0,0.0,0.0,2800.0,6600.0,4200.0
12,3,1,0.0,0.0,0.0,2800.0,6600.0,4200.0
12,3,2,0.0,0.0,0.0,2800.0,6600.0,4200.0
12,3,3,0.0,0.0,0.0,2800.0,6600.0,4200.0
12,3,4,0.0,0.0,0.0,2800.0,6600.0,4200.0
12,3,5,0.0,0.0,0.0,2800.0,6600.0,4200.0
12,3,6,0.0,0.0,0.0,2800.0,6600.0,4200.0
12,3,7,0.0,0.0,0.0,2800.0,6600.0,4200.0
12,3,8,64.27514,48.785771999999994,42.044641000000006,2800.0,6600.0,4200.0
12,3,9,45.51621,34.560198,29.773761,2800.0,6600.0,4200.0
12,3,10,47.983988,36.448971,31.388022,2800.0,3728.344236364732,3608.075067449741
12,3,11,15.154755999999999,11.539890999999999,9.913261,2800.0,5277.537873988738,4200.0
12,3,12,42.376584,32.229248,27.720021,2800.0,6600.0,4200.0
12,3,13,33.757567,25.684465,22.082017,2800.0,6600.0,4200.0
12,3,14,258.166602,196.45493100000002,168.87589799999998,2800.0,6600.0,4200.0
12,3,15,26.679115000000003,20.308392,17.451752,2800.0,6600.0,4200.0
12,3,16,1.2543810000000002,0.9598690000000001,0.820535,2800.0,6600.0,4200.0
12,3,17,0.0,0.0,0.0,2800.0,6600.0,4200.0
12,3,18,0.0,0.0,0.0,2800.0,6600.0,4200.0
12,3,19,0.0,0.0,0.0,2800.0,6600.0,4200.0
12,3,20,0.0,0.0,0.0,2800.0,6600.0,4200.0
12,3,21,0.0,0.0,0.0,2800.0,6600.0,4200.0
12,3,22,0.0,0.0,0.0,2800.0,6600.0,4200.0
12,3,23,0.0,0.0,0.0,2800.0,6600.0,4200.0
12,4,0,0.0,0.0,0.0,2800.0,6600.0,4200.0
12,4,1,0.0,0.0,0.0,2800.0,6600.0,4200.0
12,4,2,0.0,0.0,0.0,2800.0,6600.0,4200.0
12,4,3,0.0,0.0,0.0,2800.0,6600.0,4200.0
12,4,4,0.0,0.0,0.0,2800.0,6600.0,4200.0
12,4,5,0.0,0.0,0.0,2800.0,6600.0,4200.0
12,4,6,0.0,0.0,0.0,2800.0,6600.0,4200.0
12,4,7,0.0,0.0,0.0,2800.0,6600.0,4200.0
12,4,8,9.666531,7.3757340000000005,6.32322,2800.0,6600.0,4200.0
12,4,9,6.168749,4.714625,4.035197,2800.0,6600.0,4200.0
12,4,10,12.221218,9.326379999999999,7.99433,2800.0,6600.0,4200.0
12,4,11,25.46111,19.410556,16.655012,2800.0,6600.0,4200.0
12,4,12,85.478316,65.060669,55.914387000000005,2800.0,6600.0,4200.0
12,4,13,15.352205,11.724206,10.04242,2800.0,6600.0,4200.0
12,4,14,18.173664000000002,13.873628,11.888036,2800.0,6600.0,4200.0
12,4,15,44.601214,33.984691,29.17523,2800.0,6600.0,4200.0
12,4,16,3.278927,2.5149160000000004,2.1448620000000003,2800.0,6600.0,4200.0
12,4,17,0.0,0.0,0.0,2800.0,6600.0,4200.0
12,4,18,0.0,0.0,0.0,2800.0,6600.0,4200.0
12,4,19,0.0,0.0,0.0,2800.0,6600.0,4200.0
12,4,20,0.0,0.0,0.0,2800.0,6600.0,4200.0
12,4,21,0.0,0.0,0.0,2800.0,6600.0,4200.0
12,4,22,0.0,0.0,0.0,2800.0,6600.0,4200.0
12,4,23,0.0,0.0,0.0,2800.0,6600.0,4200.0
12,5,0,0.0,0.0,0.0,2800.0,6600.0,4200.0
12,5,1,0.0,0.0,0.0,2800.0,3728.344236364732,3608.075067449741
12,5,2,0.0,0.0,0.0,881.5257965526516,1075.877940674496,1041.1722006527382
12,5,3,0.0,0.0,0.0,228.03272895548625,278.3076613236249,269.32999482931444
12,5,4,0.0,0.0,0.0,101.6454080931955,124.05541932634095,120.0536316061364
12,5,5,0.0,0.0,0.0,76.36769954409877,93.20467267193158,90.19807032767572
12,5,6,0.0,0.0,0.0,42.10670576223064,51.39007396177755,49.73232964042989
12,5,7,0.0,0.0,0.0,3.0015560628812588,3.663316454697599,3.5451449561589667
12,5,8,3.10984,2.371298,2.034257,10.73790949749664,13.105322615054956,12.682570272633829
12,5,9,9.634027,7.3371580000000005,6.301958,101.6454080931955,124.05541932634095,120.0536316061364
12,5,10,14.155231,10.773899,9.259437,402.3068740231014,491.0044525478796,475.1655992398835
12,5,11,34.053351,25.880962,22.2755,1940.6700324713545,2368.5342915988967,2292.129959611836
12,5,12,40.357173,30.663414,26.399053,2800.0,6600.0,4200.0
12,5,13,35.811588,27.214523,23.425625,2800.0,6600.0,4200.0
12,5,14,28.551938999999997,21.694141,18.676831999999997,2800.0,6600.0,4200.0
12,5,15,16.377713,12.455017,10.713241,2800.0,6600.0,4200.0
12,5,16,0.120851,0.08887099999999999,0.079053,2800.0,6600.0,4200.0
12,5,17,0.0,0.0,0.0,2800.0,6600.0,4200.0
12,5,18,0.0,0.0,0.0,2800.0,6600.0,4200.0
12,5,19,0.0,0.0,0.0,2800.0,6600.0,4200.0
12,5,20,0.0,0.0,0.0,2800.0,6600.0,4200.0
12,5,21,0.0,0.0,0.0,2800.0,6600.0,4200.0
12,5,22,0.0,0.0,0.0,2800.0,6600.0,4200.0
12,5,23,0.0,0.0,0.0,2800.0,6600.0,4200.0
12,6,0,0.0,0.0,0.0,2800.0,6600.0,4200.0
12,6,1,0.0,0.0,0.0,2800.0,6600.0,4200.0
12,6,2,0.0,0.0,0.0,2800.0,6600.0,4200.0
12,6,3,0.0,0.0,0.0,2800.0,6600.0,4200.0
12,6,4,0.0,0.0,0.0,2800.0,6600.0,4200.0
12,6,5,0.0,0.0,0.0,2800.0,6600.0,4200.0
12,6,6,0.0,0.0,0.0,2800.0,6600.0,4200.0
12,6,7,0.0,0.0,0.0,2800.0,6600.0,4200.0
12,6,8,74.392132,56.435283000000005,48.662521999999996,2800.0,6600.0,4200.0
12,6,9,224.902937,170.68290900000002,147.116959,2800.0,6600.0,4200.0
12,6,10,98.820479,74.981067,64.641967,2800.0,6600.0,4200.0
12,6,11,174.795396,132.730116,114.33984600000001,2800.0,6600.0,4200.0
12,6,12,209.564734,159.28728,137.083698,2800.0,6600.0,4200.0
12,6,13,160.604127,122.029218,105.056835,2800.0,6600.0,4200.0
12,6,14,135.70493100000002,103.096617,88.769391,2800.0,6600.0,4200.0
12,6,15,39.105216,29.719506000000003,25.580102999999998,2800.0,6600.0,4200.0
12,6,16,30.266061,22.98932,19.798099999999998,2800.0,6600.0,4200.0
12,6,17,0.0,0.0,0.0,2800.0,6600.0,4200.0
12,6,18,0.0,0.0,0.0,2800.0,6600.0,4200.0
12,6,19,0.0,0.0,0.0,2800.0,6600.0,4200.0
12,6,20,0.0,0.0,0.0,2800.0,6600.0,4200.0
12,6,21,0.0,0.0,0.0,2800.0,6600.0,4200.0
12,6,22,0.0,0.0,0.0,2800.0,6600.0,4200.0
12,6,23,0.0,0.0,0.0,2800.0,6600.0,4200.0
12,7,0,0.0,0.0,0.0,2800.0,6600.0,4200.0
12,7,1,0.0,0.0,0.0,2800.0,6600.0,4200.0
12,7,2,0.0,0.0,0.0,2800.0,6600.0,4200.0
12,7,3,0.0,0.0,0.0,2800.0,6600.0,4200.0
12,7,4,0.0,0.0,0.0,2800.0,6600.0,4200.0
12,7,5,0.0,0.0,0.0,2800.0,6600.0,4200.0
12,7,6,0.0,0.0,0.0,2800.0,6600.0,4200.0
12,7,7,0.0,0.0,0.0,2800.0,6600.0,4200.0
12,7,8,88.50776300000001,67.10800900000001,57.896055,2800.0,6600.0,4200.0
12,7,9,240.12115599999998,182.425672,157.071734,2800.0,6600.0,4200.0
12,7,10,345.60451,262.90846799999997,226.072123,2800.0,6600.0,4200.0
12,7,11,264.81294199999996,201.127335,173.223503,2800.0,6600.0,4200.0
12,7,12,180.84284,137.255106,118.295693,2800.0,6600.0,4200.0
12,7,13,390.59479200000004,297.220803,255.501856,2800.0,6600.0,4200.0
12,7,14,323.903427,246.194002,211.87667800000003,2800.0,5360.429636038867,4200.0
12,7,15,210.022076,159.384904,137.382862,1940.6700324713545,2368.5342915988967,2292.129959611836
12,7,16,40.039623,30.383775,26.191332,2694.829168782761,3288.9647335537634,3182.869096987513
12,7,17,0.0,0.0,0.0,2800.0,6600.0,4200.0
12,7,18,0.0,0.0,0.0,2800.0,6600.0,4200.0
12,7,19,0.0,0.0,0.0,2800.0,6600.0,4200.0
12,7,20,0.0,0.0,0.0,2800.0,6600.0,4200.0
12,7,21,0.0,0.0,0.0,2800.0,6600.0,4200.0
12,7,22,0.0,0.0,0.0,2800.0,6600.0,4200.0
12,7,23,0.0,0.0,0.0,2800.0,6600.0,4200.0
12,8,0,0.0,0.0,0.0,2800.0,6600.0,4200.0
12,8,1,0.0,0.0,0.0,2800.0,6600.0,4200.0
12,8,2,0.0,0.0,0.0,2800.0,6600.0,4200.0
12,8,3,0.0,0.0,0.0,2800.0,6600.0,4200.0
12,8,4,0.0,0.0,0.0,2800.0,6600.0,4200.0
12,8,5,0.0,0.0,0.0,2800.0,6600.0,4200.0
12,8,6,0.0,0.0,0.0,2800.0,6600.0,4200.0
12,8,7,0.0,0.0,0.0,2800.0,6600.0,4200.0
12,8,8,82.944454,62.853792,54.256899,2800.0,6600.0,4200.0
12,8,9,240.58991,182.528997,157.37836199999998,2800.0,6600.0,4200.0
12,8,10,135.95900899999998,103.074733,88.935592,2800.0,6600.0,4200.0
12,8,11,407.79291600000005,310.09822499999996,266.751757,2800.0,6600.0,4200.0
12,8,12,315.40331,239.657901,206.316451,2800.0,6600.0,4200.0
12,8,13,399.434097,303.86312599999997,261.28395800000004,2800.0,6600.0,4200.0
12,8,14,327.243827,248.755629,214.061751,2800.0,6600.0,4200.0
12,8,15,103.757824,78.727749,67.87166,2800.0,6600.0,4200.0
12,8,16,33.775028,25.647761,22.093439,2800.0,6600.0,4200.0
12,8,17,0.0,0.0,0.0,2800.0,6600.0,4200.0
12,8,18,0.0,0.0,0.0,2800.0,6600.0,4200.0
12,8,19,0.0,0.0,0.0,2800.0,6600.0,4200.0
12,8,20,0.0,0.0,0.0,2800.0,6600.0,4200.0
12,8,21,0.0,0.0,0.0,2800.0,6600.0,4200.0
12,8,22,0.0,0.0,0.0,2800.0,6600.0,4200.0
12,8,23,0.0,0.0,0.0,2800.0,6600.0,4200.0
12,9,0,0.0,0.0,0.0,2800.0,6600.0,4200.0
12,9,1,0.0,0.0,0.0,2800.0,6600.0,4200.0
12,9,2,0.0,0.0,0.0,2800.0,6600.0,4200.0
12,9,3,0.0,0.0,0.0,2800.0,6600.0,4200.0
12,9,4,0.0,0.0,0.0,2800.0,6600.0,4200.0
12,9,5,0.0,0.0,0.0,2800.0,6600.0,4200.0
12,9,6,0.0,0.0,0.0,2800.0,6600.0,4200.0
12,9,7,0.0,0.0,0.0,2800.0,6600.0,4200.0
12,9,8,8.03815,6.115149000000001,5.258038,2800.0,6600.0,4200.0
12,9,9,44.040737,33.428423,28.808602,2800.0,6600.0,4200.0
12,9,10,75.279296,57.104133000000004,49.242847000000005,2800.0,6600.0,4200.0
12,9,11,96.593399,73.255425,63.185156,2800.0,6600.0,4200.0
12,9,12,239.256337,181.569847,156.506025,2800.0,6600.0,4200.0
12,9,13,222.77423000000002,169.015513,145.724497,2800.0,6600.0,4200.0
12,9,14,97.37446899999999,73.84040300000001,63.696081,2800.0,6600.0,4200.0
12,9,15,195.563585,148.283365,127.925052,2800.0,6600.0,4200.0
12,9,16,34.177783000000005,25.937656999999998,22.356895,2800.0,6600.0,4200.0
12,9,17,0.0,0.0,0.0,2800.0,6600.0,4200.0
12,9,18,0.0,0.0,0.0,2800.0,6600.0,4200.0
12,9,19,0.0,0.0,0.0,2800.0,6600.0,4200.0
12,9,20,0.0,0.0,0.0,2800.0,6600.0,4200.0
12,9,21,0.0,0.0,0.0,2800.0,6600.0,4200.0
12,9,22,0.0,0.0,0.0,2800.0,6600.0,4200.0
12,9,23,0.0,0.0,0.0,2800.0,6600.0,4200.0
12,10,0,0.0,0.0,0.0,2800.0,6600.0,4200.0
12,10,1,0.0,0.0,0.0,2800.0,6600.0,4200.0
12,10,2,0.0,0.0,0.0,2800.0,6600.0,4200.0
12,10,3,0.0,0.0,0.0,2800.0,6600.0,4200.0
12,10,4,0.0,0.0,0.0,2800.0,6600.0,4200.0
12,10,5,0.0,0.0,0.0,2800.0,6600.0,4200.0
12,10,6,0.0,0.0,0.0,2800.0,6600.0,4200.0
12,10,7,0.0,0.0,0.0,2800.0,6600.0,4200.0
12,10,8,85.51561500000001,64.703914,55.938786,2800.0,6600.0,4200.0
12,10,9,254.106646,192.508147,166.220137,2800.0,6600.0,4200.0
12,10,10,369.582114,280.58272999999997,241.756721,2800.0,6600.0,4200.0
12,10,11,433.681968,329.667259,283.686701,2800.0,6600.0,4200.0
12,10,12,451.354528,343.348885,295.246947,2800.0,6600.0,4200.0
12,10,13,418.378803,318.105041,273.67636,2800.0,6600.0,4200.0
12,10,14,347.15090299999997,263.694415,227.083674,2800.0,6600.0,4200.0
12,10,15,227.26110699999998,172.41464000000002,148.659521,2800.0,6600.0,4200.0
12,10,16,45.534231,34.515044,29.785549,2800.0,6600.0,4200.0
12,10,17,0.0,0.0,0.0,2800.0,6600.0,4200.0
12,10,18,0.0,0.0,0.0,2800.0,6600.0,4200.0
12,10,19,0.0,0.0,0.0,2800.0,6600.0,4200.0
12,10,20,0.0,0.0,0.0,2800.0,6600.0,4200.0
12,10,21,0.0,0.0,0.0,2800.0,6600.0,4200.0
12,10,22,0.0,0.0,0.0,2800.0,6600.0,4200.0
12,10,23,0.0,0.0,0.0,2800.0,6600.0,4200.0
12,11,0,0.0,0.0,0.0,2800.0,6600.0,4200.0
12,11,1,0.0,0.0,0.0,2800.0,6600.0,4200.0
12,11,2,0.0,0.0,0.0,2800.0,6600.0,4200.0
12,11,3,0.0,0.0,0.0,2800.0,6600.0,4200.0
12,11,4,0.0,0.0,0.0,2800.0,6600.0,4200.0
12,11,5,0.0,0.0,0.0,2800.0,6600.0,4200.0
12,11,6,0.0,0.0,0.0,2800.0,6600.0,4200.0
12,11,7,0.0,0.0,0.0,2800.0,6600.0,4200.0
12,11,8,70.02114200000001,52.992101999999996,45.803303,2800.0,6600.0,4200.0
12,11,9,233.055579,176.552119,152.44989,2800.0,6600.0,4200.0
12,11,10,337.40975699999996,256.07266599999997,220.71164499999998,2800.0,6600.0,4200.0
12,11,11,403.885488,306.914735,264.19577000000004,2800.0,6600.0,4200.0
12,11,12,423.863652,322.218163,277.26419400000003,2800.0,6600.0,4200.0
12,11,13,394.404633,299.903603,257.994008,2800.0,6600.0,4200.0
12,11,14,320.38210200000003,243.426399,209.57325500000002,2800.0,6600.0,4200.0
12,11,15,197.89875099999998,150.14488500000002,129.452567,2800.0,6600.0,4200.0
12,11,16,31.782018,24.135402,20.789741000000003,2800.0,6600.0,4200.0
12,11,17,0.0,0.0,0.0,2800.0,6600.0,4200.0
12,11,18,0.0,0.0,0.0,2800.0,6600.0,4200.0
12,11,19,0.0,0.0,0.0,2800.0,6600.0,4200.0
12,11,20,0.0,0.0,0.0,2800.0,6600.0,4200.0
12,11,21,0.0,0.0,0.0,2800.0,6600.0,4200.0
12,11,22,0.0,0.0,0.0,2800.0,6600.0,4200.0
12,11,23,0.0,0.0,0.0,2800.0,6600.0,4200.0
12,12,0,0.0,0.0,0.0,2800.0,6600.0,4200.0
12,12,1,0.0,0.0,0.0,2800.0,6600.0,4200.0
12,12,2,0.0,0.0,0.0,2800.0,6600.0,4200.0
12,12,3,0.0,0.0,0.0,2800.0,6600.0,4200.0
12,12,4,0.0,0.0,0.0,2800.0,6600.0,4200.0
12,12,5,0.0,0.0,0.0,2800.0,6600.0,4200.0
12,12,6,0.0,0.0,0.0,2800.0,6600.0,4200.0
12,12,7,0.0,0.0,0.0,2800.0,6600.0,4200.0
12,12,8,63.475485,48.081056,41.521558,2800.0,6600.0,4200.0
12,12,9,224.61333199999999,170.414482,146.92751800000002,2800.0,6600.0,4200.0
12,12,10,335.536878,255.352345,219.48652900000002,2800.0,6600.0,4200.0
12,12,11,398.562112,303.928419,260.713562,2800.0,6600.0,4200.0
12,12,12,415.082194,316.98101,271.519932,2800.0,6600.0,4200.0
12,12,13,376.41361,287.331087,246.22544399999998,2800.0,6600.0,4200.0
12,12,14,306.38685399999997,233.505395,200.418468,2800.0,6600.0,4200.0
12,12,15,189.425991,143.98233100000002,123.910235,2800.0,6600.0,4200.0
12,12,16,31.262652,23.747241000000002,20.450005,2800.0,6600.0,4200.0
12,12,17,0.0,0.0,0.0,2800.0,6600.0,4200.0
12,12,18,0.0,0.0,0.0,2800.0,6600.0,4200.0
12,12,19,0.0,0.0,0.0,2800.0,6600.0,4200.0
12,12,20,0.0,0.0,0.0,2800.0,6600.0,4200.0
12,12,21,0.0,0.0,0.0,2800.0,6600.0,4200.0
12,12,22,0.0,0.0,0.0,2800.0,6600.0,4200.0
12,12,23,0.0,0.0,0.0,2800.0,6600.0,4200.0
12,13,0,0.0,0.0,0.0,2800.0,6600.0,4200.0
12,13,1,0.0,0.0,0.0,2800.0,6600.0,4200.0
12,13,2,0.0,0.0,0.0,2800.0,6600.0,4200.0
12,13,3,0.0,0.0,0.0,2800.0,6600.0,4200.0
12,13,4,0.0,0.0,0.0,2800.0,6600.0,4200.0
12,13,5,0.0,0.0,0.0,2800.0,6600.0,4200.0
12,13,6,0.0,0.0,0.0,2800.0,6600.0,4200.0
12,13,7,0.0,0.0,0.0,2800.0,6600.0,4200.0
12,13,8,5.386859,4.096495,3.5237350000000003,2800.0,6600.0,4200.0
12,13,9,23.287625,17.694860000000002,15.233258,2800.0,6600.0,4200.0
12,13,10,185.783122,141.144735,121.527305,2800.0,6600.0,4200.0
12,13,11,108.327448,82.279982,70.86081200000001,2800.0,6600.0,4200.0
12,13,12,228.46379199999998,173.839944,149.44624,2800.0,6600.0,4200.0
12,13,13,175.575399,133.508978,114.85007300000001,2800.0,6600.0,4200.0
12,13,14,102.683154,78.049352,67.16868,2800.0,6600.0,4200.0
12,13,15,22.451135999999998,17.079888,14.686081,2800.0,6600.0,4200.0
12,13,16,0.8376269999999999,0.635668,0.547922,2800.0,6600.0,4200.0
12,13,17,0.0,0.0,0.0,2800.0,6600.0,4200.0
12,13,18,0.0,0.0,0.0,2800.0,6600.0,4200.0
12,13,19,0.0,0.0,0.0,2800.0,6600.0,4200.0
12,13,20,0.0,0.0,0.0,2800.0,6600.0,4200.0
12,13,21,0.0,0.0,0.0,2800.0,6600.0,4200.0
12,13,22,0.0,0.0,0.0,2800.0,6600.0,4200.0
12,13,23,0.0,0.0,0.0,2800.0,6600.0,4200.0
12,14,0,0.0,0.0,0.0,2800.0,6600.0,4200.0
12,14,1,0.0,0.0,0.0,2800.0,6600.0,4200.0
12,14,2,0.0,0.0,0.0,2800.0,6600.0,4200.0
12,14,3,0.0,0.0,0.0,2800.0,6600.0,4200.0
12,14,4,0.0,0.0,0.0,2800.0,6600.0,4200.0
12,14,5,0.0,0.0,0.0,2800.0,6600.0,4200.0
12,14,6,0.0,0.0,0.0,2800.0,6600.0,4200.0
12,14,7,0.0,0.0,0.0,2800.0,6600.0,4200.0
12,14,8,-0.0,-0.0,-0.0,2800.0,6600.0,4200.0
12,14,9,3.60458,2.745628,2.3578829999999997,2800.0,6600.0,4200.0
12,14,10,6.905430999999999,5.261325,4.517086,2800.0,6600.0,4200.0
12,14,11,39.325283999999996,29.881953000000003,25.724058,2800.0,6600.0,4200.0
12,14,12,29.309358,22.293461999999998,19.172287,2800.0,6600.0,4200.0
12,14,13,36.235764,27.552549,23.703093,2800.0,6600.0,4200.0
12,14,14,11.240557,8.569125,7.3528459999999995,2800.0,6600.0,4200.0
12,14,15,13.840408,10.553171,9.0535,2800.0,6600.0,4200.0
12,14,16,-0.0,-0.0,-0.0,2800.0,6600.0,4200.0
12,14,17,0.0,0.0,0.0,2800.0,6600.0,4200.0
12,14,18,0.0,0.0,0.0,2800.0,6600.0,4200.0
12,14,19,0.0,0.0,0.0,2800.0,6600.0,4200.0
12,14,20,0.0,0.0,0.0,2800.0,6600.0,4200.0
12,14,21,0.0,0.0,0.0,2800.0,6600.0,4200.0
12,14,22,0.0,0.0,0.0,2800.0,6600.0,4200.0
12,14,23,0.0,0.0,0.0,2800.0,6600.0,4200.0
12,15,0,0.0,0.0,0.0,2800.0,6600.0,4200.0
12,15,1,0.0,0.0,0.0,2800.0,6600.0,4200.0
12,15,2,0.0,0.0,0.0,2800.0,6600.0,4200.0
12,15,3,0.0,0.0,0.0,2800.0,6600.0,4200.0
12,15,4,0.0,0.0,0.0,2800.0,6600.0,4200.0
12,15,5,0.0,0.0,0.0,2800.0,6600.0,4200.0
12,15,6,0.0,0.0,0.0,2800.0,6600.0,4200.0
12,15,7,0.0,0.0,0.0,2800.0,6600.0,4200.0
12,15,8,11.413686,8.728594,7.466095,2800.0,6600.0,4200.0
12,15,9,79.962188,60.929459,52.306093000000004,2800.0,6600.0,4200.0
12,15,10,2.320603,1.78873,1.517989,2800.0,6600.0,4200.0
12,15,11,20.616462,15.760531,13.485956,2800.0,6600.0,4200.0
12,15,12,286.152517,218.075639,187.182473,2800.0,6600.0,4200.0
12,15,13,258.891637,197.155274,169.350168,2800.0,6600.0,4200.0
12,15,14,42.235428,32.180986000000004,27.627686,2800.0,6600.0,4200.0
12,15,15,177.104013,134.69196,115.84999400000001,2800.0,6600.0,4200.0
12,15,16,28.803438999999997,21.930053,18.841347000000003,2800.0,6600.0,4200.0
12,15,17,0.0,0.0,0.0,2800.0,6600.0,4200.0
12,15,18,0.0,0.0,0.0,2800.0,6600.0,4200.0
12,15,19,0.0,0.0,0.0,2800.0,6600.0,4200.0
12,15,20,0.0,0.0,0.0,2800.0,6600.0,4200.0
12,15,21,0.0,0.0,0.0,2800.0,6600.0,4200.0
12,15,22,0.0,0.0,0.0,2800.0,6600.0,4200.0
12,15,23,0.0,0.0,0.0,2800.0,4065.047980485539,3933.917400469876
12,16,0,0.0,0.0,0.0,978.4920029593812,1194.2225232968824,1155.6992160937573
12,16,1,0.0,0.0,0.0,592.796019999516,723.4912055112203,700.1527795269874
12,16,2,0.0,0.0,0.0,2800.0,3472.7785151730586,3360.753401780379
12,16,3,0.0,0.0,0.0,2800.0,6600.0,4200.0
12,16,4,0.0,0.0,0.0,2800.0,6600.0,4200.0
12,16,5,0.0,0.0,0.0,2800.0,6600.0,4200.0
12,16,6,0.0,0.0,0.0,2800.0,6600.0,4200.0
12,16,7,0.0,0.0,0.0,2800.0,6600.0,4200.0
12,16,8,23.964863,18.197203000000002,15.676264,2800.0,6600.0,4200.0
12,16,9,151.26611300000002,114.75285400000001,98.94851,2800.0,6600.0,4200.0
12,16,10,184.51696299999998,140.018027,120.699066,2800.0,6600.0,4200.0
12,16,11,136.733317,103.728993,89.442095,2800.0,6600.0,4200.0
12,16,12,66.33089,50.324529000000005,43.389379,2800.0,6600.0,4200.0
12,16,13,57.571493000000004,43.683154,37.659548,2800.0,6600.0,4200.0
12,16,14,40.956856,31.08985,26.791327000000003,2800.0,6600.0,4200.0
12,16,15,14.744312,11.209007,9.644776,2800.0,6600.0,4200.0
12,16,16,0.253249,0.18992900000000001,0.165659,2800.0,6600.0,4200.0
12,16,17,0.0,0.0,0.0,2800.0,6600.0,4200.0
12,16,18,0.0,0.0,0.0,2800.0,6600.0,4200.0
12,16,19,0.0,0.0,0.0,2800.0,6600.0,4200.0
12,16,20,0.0,0.0,0.0,2800.0,6600.0,4200.0
12,16,21,0.0,0.0,0.0,2800.0,6600.0,4200.0
12,16,22,0.0,0.0,0.0,2800.0,6600.0,4200.0
12,16,23,0.0,0.0,0.0,2800.0,6600.0,4200.0
12,17,0,0.0,0.0,0.0,2800.0,6600.0,4200.0
12,17,1,0.0,0.0,0.0,2800.0,6600.0,4200.0
12,17,2,0.0,0.0,0.0,2800.0,6600.0,4200.0
12,17,3,0.0,0.0,0.0,2800.0,6600.0,4200.0
12,17,4,0.0,0.0,0.0,2800.0,6600.0,4200.0
12,17,5,0.0,0.0,0.0,2800.0,6600.0,4200.0
12,17,6,0.0,0.0,0.0,2800.0,6600.0,4200.0
12,17,7,0.0,0.0,0.0,2800.0,6600.0,4200.0
12,17,8,7.133706,5.420357,4.666409,2800.0,6600.0,4200.0
12,17,9,92.520436,70.142241,60.520887,2800.0,6600.0,4200.0
12,17,10,86.44088,65.544923,56.544033999999996,2800.0,6600.0,4200.0
12,17,11,211.08250099999998,160.335498,138.07652299999998,2800.0,6600.0,4200.0
12,17,12,169.667279,128.794102,110.98536299999999,2800.0,6600.0,4200.0
12,17,13,144.100811,109.352521,94.26143300000001,2800.0,6600.0,4200.0
12,17,14,102.92784,78.113181,67.32873699999999,2800.0,6600.0,4200.0
12,17,15,86.483214,65.63944000000001,56.571726000000005,2800.0,6600.0,4200.0
12,17,16,9.913789000000001,7.5327020000000005,6.48496,2800.0,6600.0,4200.0
12,17,17,0.0,0.0,0.0,2800.0,6600.0,4200.0
12,17,18,0.0,0.0,0.0,2800.0,6600.0,4200.0
12,17,19,0.0,0.0,0.0,2800.0,6600.0,4200.0
12,17,20,0.0,0.0,0.0,2800.0,6600.0,4200.0
12,17,21,0.0,0.0,0.0,2800.0,6600.0,4200.0
12,17,22,0.0,0.0,0.0,2800.0,6600.0,4200.0
12,17,23,0.0,0.0,0.0,2800.0,6600.0,4200.0
12,18,0,0.0,0.0,0.0,2800.0,6600.0,4200.0
12,18,1,0.0,0.0,0.0,2800.0,6600.0,4200.0
12,18,2,0.0,0.0,0.0,2800.0,6600.0,4200.0
12,18,3,0.0,0.0,0.0,2800.0,6600.0,4200.0
12,18,4,0.0,0.0,0.0,2800.0,6600.0,4200.0
12,18,5,0.0,0.0,0.0,2800.0,6600.0,4200.0
12,18,6,0.0,0.0,0.0,2800.0,6600.0,4200.0
12,18,7,0.0,0.0,0.0,2800.0,6600.0,4200.0
12,18,8,-0.0,-0.0,-0.0,2800.0,6600.0,4200.0
12,18,9,11.933295,9.074408,7.8059899999999995,2800.0,6600.0,4200.0
12,18,10,52.167876,39.589400000000005,34.124851,2800.0,6600.0,4200.0
12,18,11,80.820326,61.308339999999994,52.867430999999996,2800.0,6600.0,4200.0
12,18,12,65.44196,49.673738,42.807899,2800.0,6600.0,4200.0
12,18,13,167.195653,126.896118,109.36858500000001,2800.0,6600.0,4200.0
12,18,14,104.679682,79.433041,68.47467900000001,2800.0,6600.0,4200.0
12,18,15,78.411733,59.487026,51.291885,2800.0,6600.0,4200.0
12,18,16,7.318541,5.5682920000000005,4.787317,2800.0,6600.0,4200.0
12,18,17,0.0,0.0,0.0,2800.0,6600.0,4200.0
12,18,18,0.0,0.0,0.0,2800.0,6600.0,4200.0
12,18,19,0.0,0.0,0.0,2800.0,6600.0,4200.0
12,18,20,0.0,0.0,0.0,2800.0,6600.0,4200.0
12,18,21,0.0,0.0,0.0,2800.0,6600.0,4200.0
12,18,22,0.0,0.0,0.0,2800.0,6600.0,4200.0
12,18,23,0.0,0.0,0.0,2800.0,6600.0,4200.0
12,19,0,0.0,0.0,0.0,2800.0,6600.0,4200.0
12,19,1,0.0,0.0,0.0,2800.0,6600.0,4200.0
12,19,2,0.0,0.0,0.0,2800.0,6600.0,4200.0
12,19,3,0.0,0.0,0.0,2800.0,6600.0,4200.0
12,19,4,0.0,0.0,0.0,2800.0,6600.0,4200.0
12,19,5,0.0,0.0,0.0,2800.0,6600.0,4200.0
12,19,6,0.0,0.0,0.0,2800.0,6600.0,4200.0
12,19,7,0.0,0.0,0.0,2800.0,6600.0,4200.0
12,19,8,32.359231,24.593826,21.167317,2800.0,6600.0,4200.0
12,19,9,174.28752400000002,132.32038699999998,114.007628,2800.0,6600.0,4200.0
12,19,10,280.276127,213.091573,183.338519,2800.0,6600.0,4200.0
12,19,11,345.95819,263.418687,226.30347700000002,2800.0,6600.0,4200.0
12,19,12,371.27281400000004,283.014632,242.862668,2800.0,6600.0,4200.0
12,19,13,77.642297,59.090564,50.78857,2800.0,6600.0,4200.0
12,19,14,19.451023,14.831457,12.723602000000001,2800.0,6600.0,4200.0
12,19,15,24.776349999999997,18.863303,16.207086,2800.0,6600.0,4200.0
12,19,16,1.5826790000000002,1.2087670000000001,1.0352860000000002,2800.0,6600.0,4200.0
12,19,17,0.0,0.0,0.0,2800.0,6600.0,4200.0
12,19,18,0.0,0.0,0.0,2800.0,6600.0,4200.0
12,19,19,0.0,0.0,0.0,2800.0,6600.0,4200.0
12,19,20,0.0,0.0,0.0,2800.0,6600.0,4200.0
12,19,21,0.0,0.0,0.0,2800.0,6600.0,4200.0
12,19,22,0.0,0.0,0.0,2800.0,6600.0,4200.0
12,19,23,0.0,0.0,0.0,2800.0,6600.0,4200.0
12,20,0,0.0,0.0,0.0,2800.0,6600.0,4200.0
12,20,1,0.0,0.0,0.0,2800.0,6600.0,4200.0
12,20,2,0.0,0.0,0.0,2800.0,6600.0,4200.0
12,20,3,0.0,0.0,0.0,2800.0,6600.0,4200.0
12,20,4,0.0,0.0,0.0,2800.0,6600.0,4200.0
12,20,5,0.0,0.0,0.0,2800.0,6600.0,4200.0
12,20,6,0.0,0.0,0.0,2800.0,6600.0,4200.0
12,20,7,0.0,0.0,0.0,2800.0,6600.0,4200.0
12,20,8,5.742899,4.370051,3.756633,2800.0,6600.0,4200.0
12,20,9,101.766115,77.18392600000001,66.56881200000001,2800.0,6600.0,4200.0
12,20,10,215.462223,163.547056,140.941454,2800.0,6600.0,4200.0
12,20,11,134.694517,102.19177499999999,88.108444,2800.0,6600.0,4200.0
12,20,12,166.652201,126.49322000000001,109.013094,2800.0,6600.0,4200.0
12,20,13,120.773185,91.651815,79.002008,2800.0,6600.0,4200.0
12,20,14,64.285112,48.793607,42.051163,2744.426018516277,3349.496321811205,3241.448053365682
12,20,15,23.890832,18.153929,15.627837,507.4383148650858,619.3144787723488,599.3365923603375
12,20,16,1.7317690000000001,1.3172190000000001,1.132811,209.55296754900695,255.75362181178016,247.5035049791421
12,20,17,0.0,0.0,0.0,929.1658003530496,1134.0212523993912,1097.4399216768302
12,20,18,0.0,0.0,0.0,2597.435303258585,3170.098204764415,3067.83697235266
12,20,19,0.0,0.0,0.0,2800.0,5528.8079782263085,4200.0
12,20,20,0.0,0.0,0.0,2800.0,6600.0,4200.0
12,20,21,0.0,0.0,0.0,2800.0,6600.0,4200.0
12,20,22,0.0,0.0,0.0,2800.0,6600.0,4200.0
12,20,23,0.0,0.0,0.0,2800.0,6600.0,4200.0
12,21,0,0.0,0.0,0.0,2800.0,6600.0,4200.0
12,21,1,0.0,0.0,0.0,2800.0,6600.0,4200.0
12,21,2,0.0,0.0,0.0,2800.0,6600.0,4200.0
12,21,3,0.0,0.0,0.0,2800.0,6600.0,4200.0
12,21,4,0.0,0.0,0.0,2800.0,6600.0,4200.0
12,21,5,0.0,0.0,0.0,2800.0,6600.0,4200.0
12,21,6,0.0,0.0,0.0,2800.0,6600.0,4200.0
12,21,7,0.0,0.0,0.0,2800.0,6600.0,4200.0
12,21,8,27.261133,20.73423,17.83247,2800.0,6600.0,4200.0
12,21,9,2.998122,2.288624,1.961177,2800.0,6600.0,4200.0
12,21,10,2.482805,1.897819,1.6240899999999998,2800.0,6600.0,4200.0
12,21,11,12.78683,9.753408,8.364317,2800.0,6600.0,4200.0
12,21,12,12.778428,9.746084999999999,8.358822,2800.0,6600.0,4200.0
12,21,13,167.397005,127.34902000000001,109.500296,2800.0,6600.0,4200.0
12,21,14,9.523788,7.267339,6.229845999999999,2800.0,6600.0,4200.0
12,21,15,2.983151,2.279219,1.951385,2800.0,6600.0,4200.0
12,21,16,26.277355,19.989863,17.188947,2800.0,6600.0,4200.0
12,21,17,0.0,0.0,0.0,2800.0,6600.0,4200.0
12,21,18,0.0,0.0,0.0,2800.0,6600.0,4200.0
12,21,19,0.0,0.0,0.0,2800.0,6600.0,4200.0
12,21,20,0.0,0.0,0.0,2800.0,6600.0,4200.0
12,21,21,0.0,0.0,0.0,2800.0,6600.0,4200.0
12,21,22,0.0,0.0,0.0,2800.0,6600.0,4200.0
12,21,23,0.0,0.0,0.0,2800.0,6600.0,4200.0
12,22,0,0.0,0.0,0.0,2800.0,6600.0,4200.0
12,22,1,0.0,0.0,0.0,2800.0,6600.0,4200.0
12,22,2,0.0,0.0,0.0,2800.0,6600.0,4200.0
12,22,3,0.0,0.0,0.0,2800.0,6600.0,4200.0
12,22,4,0.0,0.0,0.0,2800.0,6600.0,4200.0
12,22,5,0.0,0.0,0.0,2800.0,6600.0,4200.0
12,22,6,0.0,0.0,0.0,2800.0,6600.0,4200.0
12,22,7,0.0,0.0,0.0,2800.0,6600.0,4200.0
12,22,8,6.532731,4.974695,4.27329,2800.0,6600.0,4200.0
12,22,9,16.823452,12.80278,11.004814,2800.0,6600.0,4200.0
12,22,10,50.177237,38.144108,32.822703999999995,2800.0,6600.0,4200.0
12,22,11,71.25354899999999,54.150338000000005,46.60946499999999,2800.0,6600.0,4200.0
12,22,12,135.23431200000002,102.854746,88.461542,2800.0,6600.0,4200.0
12,22,13,74.644985,56.774949,48.827923000000006,2800.0,6600.0,4200.0
12,22,14,45.321671,34.469319000000006,29.646507,2800.0,6600.0,4200.0
12,22,15,22.465466,17.091666,14.695454999999999,2800.0,6600.0,4200.0
12,22,16,1.888038,1.438143,1.2350329999999998,2800.0,6600.0,4200.0
12,22,17,0.0,0.0,0.0,2800.0,6600.0,4200.0
12,22,18,0.0,0.0,0.0,2800.0,6600.0,4200.0
12,22,19,0.0,0.0,0.0,2800.0,6600.0,4200.0
12,22,20,0.0,0.0,0.0,2800.0,6600.0,4200.0
12,22,21,0.0,0.0,0.0,2800.0,6600.0,4200.0
12,22,22,0.0,0.0,0.0,2800.0,6600.0,4200.0
12,22,23,0.0,0.0,0.0,2800.0,6600.0,4200.0
12,23,0,0.0,0.0,0.0,2800.0,6600.0,4200.0
12,23,1,0.0,0.0,0.0,2800.0,6600.0,4200.0
12,23,2,0.0,0.0,0.0,2800.0,6600.0,4200.0
12,23,3,0.0,0.0,0.0,2800.0,6600.0,4200.0
12,23,4,0.0,0.0,0.0,2800.0,6600.0,4200.0
12,23,5,0.0,0.0,0.0,2800.0,6600.0,4200.0
12,23,6,0.0,0.0,0.0,2800.0,6600.0,4200.0
12,23,7,0.0,0.0,0.0,2800.0,6600.0,4200.0
12,23,8,50.21031,38.032639,32.844338,2800.0,6600.0,4200.0
12,23,9,234.812716,178.076883,153.599296,2800.0,6600.0,4200.0
12,23,10,351.535955,267.211401,229.952091,2800.0,6600.0,4200.0
12,23,11,414.269388,315.384945,270.988246,2800.0,6600.0,4200.0
12,23,12,155.469633,117.970992,101.69818099999999,2800.0,6600.0,4200.0
12,23,13,142.879871,108.435344,93.462773,2800.0,6600.0,4200.0
12,23,14,113.795375,86.368552,74.437576,2020.963642713616,2466.530430083547,2386.964932338916
12,23,15,68.185667,51.741730000000004,44.602654,1281.237390674447,1563.7149256262935,1513.2725086706066
12,23,16,9.735457,7.397430999999999,6.368307,727.6412163217148,888.0660514162661,859.4187594350961
12,23,17,0.0,0.0,0.0,523.8060511729734,639.2908498567786,618.6685643775277
12,23,18,0.0,0.0,0.0,402.3068740231014,491.0044525478796,475.1655992398835
12,23,19,0.0,0.0,0.0,301.21803372418333,367.6283088759718,355.7693311702953
12,23,20,0.0,0.0,0.0,268.18869820056244,327.31691512667066,316.7583049612942
12,23,21,0.0,0.0,0.0,610.9415963527902,745.6373813754526,721.5845626214057
12,23,22,0.0,0.0,0.0,375.1945078601572,457.9145568371997,443.1431195198707
12,23,23,0.0,0.0,0.0,48.57413350122129,59.283391281018105,57.3710238203401
12,24,0,0.0,0.0,0.0,12.02516344101197,14.676380577613031,14.202948946077129
12,24,1,0.0,0.0,0.0,0.445376423741184,0.5435696510227049,0.5260351461510048
12,24,2,0.0,0.0,0.0,107.29111938509163,130.9458543676315,126.72179454932082
12,24,3,0.0,0.0,0.0,507.4383148650858,619.3144787723488,599.3365923603375
12,24,4,0.0,0.0,0.0,1940.6700324713545,2368.5342915988967,2292.129959611836
12,24,5,0.0,0.0,0.0,2800.0,6055.023664834879,4200.0
12,24,6,0.0,0.0,0.0,2800.0,6600.0,4200.0
12,24,7,0.0,0.0,0.0,2800.0,6600.0,4200.0
12,24,8,36.658508999999995,27.810637999999997,23.979626,2800.0,6600.0,4200.0
12,24,9,205.23144399999998,155.84275599999998,134.24914,2800.0,6600.0,4200.0
12,24,10,141.83927799999998,107.620585,92.782084,2800.0,6600.0,4200.0
12,24,11,392.629091,298.957187,256.832563,2800.0,6600.0,4200.0
12,24,12,116.992572,88.776507,76.528975,2800.0,6600.0,4200.0
12,24,13,71.96543799999999,54.617384,47.075136,2800.0,6600.0,4200.0
12,24,14,44.628106,33.888248,29.192821,2800.0,6600.0,4200.0
12,24,15,18.177443,13.814499,11.890508,2800.0,6600.0,4200.0
12,24,16,1.634844,1.2432059999999998,1.069409,2800.0,6600.0,4200.0
12,24,17,0.0,0.0,0.0,2800.0,6600.0,4200.0
12,24,18,0.0,0.0,0.0,2800.0,6600.0,4200.0
12,24,19,0.0,0.0,0.0,2800.0,6600.0,4200.0
12,24,20,0.0,0.0,0.0,2800.0,6600.0,4200.0
12,24,21,0.0,0.0,0.0,2800.0,6600.0,4200.0
12,24,22,0.0,0.0,0.0,2800.0,6600.0,4200.0
12,24,23,0.0,0.0,0.0,2800.0,6600.0,4200.0
12,25,0,0.0,0.0,0.0,2800.0,6600.0,4200.0
12,25,1,0.0,0.0,0.0,2800.0,6600.0,4200.0
12,25,2,0.0,0.0,0.0,2800.0,6600.0,4200.0
12,25,3,0.0,0.0,0.0,2800.0,6600.0,4200.0
12,25,4,0.0,0.0,0.0,2800.0,6600.0,4200.0
12,25,5,0.0,0.0,0.0,2800.0,6600.0,4200.0
12,25,6,0.0,0.0,0.0,2800.0,6600.0,4200.0
12,25,7,0.0,0.0,0.0,2800.0,6600.0,4200.0
12,25,8,2.998199,2.281464,1.961228,2800.0,6600.0,4200.0
12,25,9,142.79106,108.257875,93.404679,2800.0,6600.0,4200.0
12,25,10,236.96581099999997,179.902141,155.007711,2800.0,6600.0,4200.0
12,25,11,394.43653600000005,300.130116,258.014877,2800.0,6600.0,4200.0
12,25,12,169.869734,129.020924,111.117796,2800.0,6600.0,4200.0
12,25,13,149.532707,113.569932,97.814628,2800.0,6600.0,4200.0
12,25,14,32.350098,24.599202000000002,21.161343000000002,2800.0,6600.0,4200.0
12,25,15,19.727497,15.005927999999999,12.904453,2800.0,6600.0,4200.0
12,25,16,2.141051,1.6306969999999998,1.4005370000000001,2800.0,6600.0,4200.0
12,25,17,0.0,0.0,0.0,2800.0,6600.0,4200.0
12,25,18,0.0,0.0,0.0,2800.0,6600.0,4200.0
12,25,19,0.0,0.0,0.0,2800.0,6600.0,4200.0
12,25,20,0.0,0.0,0.0,2800.0,6600.0,4200.0
12,25,21,0.0,0.0,0.0,2800.0,6600.0,4200.0
12,25,22,0.0,0.0,0.0,2800.0,6600.0,4200.0
12,25,23,0.0,0.0,0.0,2800.0,6600.0,4200.0
12,26,0,0.0,0.0,0.0,2800.0,6600.0,4200.0
12,26,1,0.0,0.0,0.0,2800.0,6600.0,4200.0
12,26,2,0.0,0.0,0.0,2800.0,6600.0,4200.0
12,26,3,0.0,0.0,0.0,2800.0,6600.0,4200.0
12,26,4,0.0,0.0,0.0,2800.0,6600.0,4200.0
12,26,5,0.0,0.0,0.0,2800.0,6600.0,4200.0
12,26,6,0.0,0.0,0.0,2800.0,6600.0,4200.0
12,26,7,0.0,0.0,0.0,2800.0,6600.0,4200.0
12,26,8,40.735783000000005,30.914064999999997,26.646715,2800.0,6600.0,4200.0
12,26,9,213.428399,162.020932,139.61105799999999,2800.0,6600.0,4200.0
12,26,10,327.466475,249.121444,214.20739300000002,2800.0,6600.0,4200.0
12,26,11,396.098212,301.669409,259.101838,2800.0,6600.0,4200.0
12,26,12,417.740581,318.289148,273.258876,2800.0,6600.0,4200.0
12,26,13,398.78200799999996,303.67141499999997,260.85740400000003,2800.0,5876.06920203001,4200.0
12,26,14,334.78216399999997,254.743517,218.99284400000002,1940.6700324713545,2368.5342915988967,2292.129959611836
12,26,15,223.911869,170.160055,146.46866599999998,2800.0,3860.699345383164,3736.160656822416
12,26,16,68.935741,52.330982000000006,45.093303999999996,2800.0,6330.21083371745,4200.0
12,26,17,0.0,0.0,0.0,2800.0,6600.0,4200.0
12,26,18,0.0,0.0,0.0,2800.0,6600.0,4200.0
12,26,19,0.0,0.0,0.0,2800.0,6600.0,4200.0
12,26,20,0.0,0.0,0.0,2800.0,6330.21083371745,4200.0
12,26,21,0.0,0.0,0.0,2800.0,6600.0,4200.0
12,26,22,0.0,0.0,0.0,2800.0,6330.21083371745,4200.0
12,26,23,0.0,0.0,0.0,107.29111938509163,130.9458543676315,126.72179454932082
12,27,0,0.0,0.0,0.0,2103.4419801044355,2567.192967843996,2484.3802914619314
12,27,1,0.0,0.0,0.0,2800.0,6600.0,4200.0
12,27,2,0.0,0.0,0.0,2800.0,6600.0,4200.0
12,27,3,0.0,0.0,0.0,2800.0,6600.0,4200.0
12,27,4,0.0,0.0,0.0,2800.0,6600.0,4200.0
12,27,5,0.0,0.0,0.0,2800.0,6600.0,4200.0
12,27,6,0.0,0.0,0.0,2800.0,6600.0,4200.0
12,27,7,0.0,0.0,0.0,2800.0,6600.0,4200.0
12,27,8,3.089473,2.351168,2.020934,2800.0,6600.0,4200.0
12,27,9,8.184082,6.226169,5.353497,2800.0,6600.0,4200.0
12,27,10,19.199600999999998,14.592239,12.559138,2800.0,6600.0,4200.0
12,27,11,62.844402,47.711014999999996,41.108744,2800.0,6600.0,4200.0
12,27,12,99.508024,75.59435400000001,65.091715,2800.0,6600.0,4200.0
12,27,13,142.823179,108.473283,93.425688,2800.0,6600.0,4200.0
12,27,14,113.494364,86.100242,74.240674,2800.0,6600.0,4200.0
12,27,15,21.433258000000002,16.285542,14.020251,2800.0,6600.0,4200.0
12,27,16,2.8698110000000003,2.1838290000000002,1.8772449999999998,2800.0,6600.0,4200.0
12,27,17,0.0,0.0,0.0,2800.0,6600.0,4200.0
12,27,18,0.0,0.0,0.0,2800.0,6600.0,4200.0
12,27,19,0.0,0.0,0.0,2800.0,6600.0,4200.0
12,27,20,0.0,0.0,0.0,2800.0,6600.0,4200.0
12,27,21,0.0,0.0,0.0,2800.0,6600.0,4200.0
12,27,22,0.0,0.0,0.0,2800.0,6600.0,4200.0
12,27,23,0.0,0.0,0.0,2800.0,6600.0,4200.0
12,28,0,0.0,0.0,0.0,2800.0,6600.0,4200.0
12,28,1,0.0,0.0,0.0,2800.0,6600.0,4200.0
12,28,2,0.0,0.0,0.0,2800.0,6600.0,4200.0
12,28,3,0.0,0.0,0.0,2800.0,6600.0,4200.0
12,28,4,0.0,0.0,0.0,2800.0,6600.0,4200.0
12,28,5,0.0,0.0,0.0,2800.0,6600.0,4200.0
12,28,6,0.0,0.0,0.0,2800.0,6600.0,4200.0
12,28,7,0.0,0.0,0.0,2800.0,6600.0,4200.0
12,28,8,13.605754999999998,10.308022999999999,8.900004999999998,2800.0,6600.0,4200.0
12,28,9,98.82114299999999,74.76154799999999,64.642402,2800.0,6600.0,4200.0
12,28,10,198.980983,150.579455,130.160492,2800.0,6600.0,4200.0
12,28,11,224.306736,169.87631299999998,146.72696299999998,2800.0,6600.0,4200.0
12,28,12,270.531623,205.008864,176.96429500000002,2800.0,6055.023664834879,4200.0
12,28,13,415.38313400000004,315.65581,271.716787,2188.134369840437,2670.5576954745493,2584.4106730398867
12,28,14,352.652869,267.792583,230.682704,507.4383148650858,619.3144787723488,599.3365923603375
12,28,15,240.958406,182.676039,157.619408,125.47457411733969,153.13825974950905,148.19831588662166
12,28,16,79.849232,60.456132,52.232205,430.6948862392302,525.6512391108714,508.6947475266498
12,28,17,0.0,0.0,0.0,1676.4237403920558,2046.0289744942413,1980.0280398331363
12,28,18,0.0,0.0,0.0,2800.0,6600.0,4200.0
12,28,19,0.0,0.0,0.0,2800.0,6600.0,4200.0
12,28,20,0.0,0.0,0.0,2800.0,6600.0,4200.0
12,28,21,0.0,0.0,0.0,2800.0,6600.0,4200.0
12,28,22,0.0,0.0,0.0,2800.0,6600.0,4200.0
12,28,23,0.0,0.0,0.0,2800.0,6600.0,4200.0
12,29,0,0.0,0.0,0.0,2800.0,6600.0,4200.0
12,29,1,0.0,0.0,0.0,2800.0,6600.0,4200.0
12,29,2,0.0,0.0,0.0,2800.0,6600.0,4200.0
12,29,3,0.0,0.0,0.0,2800.0,6600.0,4200.0
12,29,4,0.0,0.0,0.0,2800.0,6600.0,4200.0
12,29,5,0.0,0.0,0.0,2800.0,6600.0,4200.0
12,29,6,0.0,0.0,0.0,2800.0,6600.0,4200.0
12,29,7,0.0,0.0,0.0,2800.0,6600.0,4200.0
12,29,8,-0.0,-0.0,-0.0,2800.0,6600.0,4200.0
12,29,9,31.238895,23.72024,20.434465,2800.0,6600.0,4200.0
12,29,10,111.457796,84.511757,72.90848299999999,2800.0,6600.0,4200.0
12,29,11,136.275004,103.32496400000001,89.142296,2800.0,6600.0,4200.0
12,29,12,72.219322,54.776635999999996,47.241211,2800.0,6600.0,4200.0
12,29,13,123.65245900000001,93.76710700000001,80.885443,2800.0,6600.0,4200.0
12,29,14,19.136941,14.550303,12.51815,2800.0,6600.0,4200.0
12,29,15,0.984389,0.7489600000000001,0.6439239999999999,2800.0,6600.0,4200.0
12,29,16,58.986624000000006,44.763405,38.585235,2800.0,6600.0,4200.0
12,29,17,0.0,0.0,0.0,2800.0,6600.0,4200.0
12,29,18,0.0,0.0,0.0,2800.0,6600.0,4200.0
12,29,19,0.0,0.0,0.0,2800.0,6600.0,4200.0
12,29,20,0.0,0.0,0.0,2800.0,6600.0,4200.0
12,29,21,0.0,0.0,0.0,2800.0,6600.0,4200.0
12,29,22,0.0,0.0,0.0,2800.0,6600.0,4200.0
12,29,23,0.0,0.0,0.0,2800.0,6600.0,4200.0
12,30,0,0.0,0.0,0.0,2800.0,6600.0,4200.0
12,30,1,0.0,0.0,0.0,2800.0,6600.0,4200.0
12,30,2,0.0,0.0,0.0,2800.0,6600.0,4200.0
12,30,3,0.0,0.0,0.0,2800.0,6600.0,4200.0
12,30,4,0.0,0.0,0.0,2800.0,6600.0,4200.0
12,30,5,0.0,0.0,0.0,2800.0,6600.0,4200.0
12,30,6,0.0,0.0,0.0,2800.0,6600.0,4200.0
12,30,7,0.0,0.0,0.0,2800.0,6600.0,4200.0
12,30,8,0.449031,0.33927300000000005,0.29372699999999996,2800.0,6600.0,4200.0
12,30,9,35.478860999999995,26.940361,23.207977,2800.0,6600.0,4200.0
12,30,10,7.541265,5.737456,4.933008,2800.0,6600.0,4200.0
12,30,11,51.419666,39.044697,33.635421,2800.0,6600.0,4200.0
12,30,12,48.557345999999995,36.873688,31.763076,2800.0,6600.0,4200.0
12,30,13,24.404656,18.549977,15.963948,2800.0,6600.0,4200.0
12,30,14,5.79969,4.41981,3.793782,2800.0,6600.0,4200.0
12,30,15,-0.0,-0.0,-0.0,2800.0,6600.0,4200.0
12,30,16,-0.0,-0.0,-0.0,2800.0,6600.0,4200.0
12,30,17,0.0,0.0,0.0,2800.0,6600.0,4200.0
12,30,18,0.0,0.0,0.0,2800.0,6145.847517348083,4200.0
12,30,19,0.0,0.0,0.0,2800.0,6600.0,4200.0
12,30,20,0.0,0.0,0.0,2800.0,6600.0,4200.0
12,30,21,0.0,0.0,0.0,2800.0,6600.0,4200.0
12,30,22,0.0,0.0,0.0,2800.0,6600.0,4200.0
12,30,23,0.0,0.0,0.0,2800.0,6600.0,4200.0
12,31,0,0.0,0.0,0.0,2800.0,6600.0,4200.0
12,31,1,0.0,0.0,0.0,2800.0,6600.0,4200.0
12,31,2,0.0,0.0,0.0,2800.0,6600.0,4200.0
12,31,3,0.0,0.0,0.0,2800.0,6600.0,4200.0
12,31,4,0.0,0.0,0.0,2800.0,6600.0,4200.0
12,31,5,0.0,0.0,0.0,2800.0,6600.0,4200.0
12,31,6,0.0,0.0,0.0,2800.0,6600.0,4200.0
12,31,7,0.0,0.0,0.0,2800.0,6600.0,4200.0
12,31,8,13.131938,9.984324,8.590065000000001,2800.0,6600.0,4200.0
12,31,9,146.576055,111.215415,95.880577,2800.0,6600.0,4200.0
12,31,10,260.64077199999997,197.98615700000002,170.494339,2800.0,6600.0,4200.0
12,31,11,17.502758999999998,13.317493,11.449173,2800.0,6600.0,4200.0
12,31,12,20.289005,15.434505999999999,13.271754999999999,2800.0,6600.0,4200.0
12,31,13,19.0812,14.52599,12.481686999999999,2800.0,6600.0,4200.0
12,31,14,14.701870999999999,11.190842,9.617013,1055.7070784976213,1288.4613950167818,1246.8981242097886
12,31,15,203.606975,154.82487899999998,133.186518,81.04201369779398,98.90954427683516,95.7189138162921
12,31,16,66.070021,50.159998,43.218735,388.5930680097703,474.2671302481448,458.9681905627208
12,31,17,0.0,0.0,0.0,1786.5196926460033,2180.398050079768,2110.0626291094527
12,31,18,0.0,0.0,0.0,2800.0,5787.929644089762,4200.0
12,31,19,0.0,0.0,0.0,2800.0,6600.0,4200.0
12,31,20,0.0,0.0,0.0,2800.0,6600.0,4200.0
12,31,21,0.0,0.0,0.0,2800.0,6600.0,4200.0
12,31,22,0.0,0.0,0.0,2800.0,6600.0,4200.0
12,31,23,0.0,0.0,0.0,2800.0,6600.0,4200.0
